2026-09-15 15:53:49 +0100 INF Unix-like Artifacts Collector 3.3.0
2026-09-15 15:53:49 +0100 INF UAC directory: /root/uac-3.3.0
2026-09-15 15:53:49 +0100 INF Command line: ./uac -p full /root/uac_output
2026-09-15 15:53:49 +0100 INF Operating system: linux
2026-09-15 15:53:49 +0100 INF System architecture: x86_64
2026-09-15 15:53:49 +0100 INF CPU: AMD EPYC 7302P 16-Core Processor @ 2994 Mhz (Cores: 2)
2026-09-15 15:53:49 +0100 INF Memory size: 4008 MB
2026-09-15 15:53:49 +0100 INF Hostname: LT-TAinsworth
2026-09-15 15:53:49 +0100 INF Time zone: Europe/London
2026-09-15 15:53:49 +0100 INF Mount point: /
2026-09-15 15:53:49 +0100 INF Running as: Tom
2026-09-15 15:53:49 +0100 INF Temp directory: /root/uac_output/uac-data.tmp
2026-09-15 15:53:49 +0100 INF Output format: tar
2026-09-15 15:53:49 +0100 INF Current PID: 1811
2026-09-15 15:53:49 +0100 INF PATH: /root/uac-3.3.0/bin/esxi_linux/x86_64:/root/uac-3.3.0/bin/esxi_linux:/root/uac-3.3.0/bin/linux/x86_64:/root/uac-3.3.0/bin/linux:/root/uac-3.3.0/bin:/usr/xpg4/bin:/usr/xpg6/bin:/bin:/sbin:/usr/bin:/usr/sbin:/usr/local/bin:/usr/local/sbin:/usr/ucb:/usr/ccs/bin:/opt/bin:/opt/sbin:/opt/local/bin:/snap/bin:/netscaler:/opt/homebrew/bin:/opt/vyatta/bin:/usr/local/bin:/usr/bin:/bin:/usr/local/games:/usr/games
2026-09-15 15:53:49 +0100 INF Loading configuration file(s)
2026-09-15 15:53:49 +0100 INF Exclude path pattern: 
2026-09-15 15:53:49 +0100 INF Exclude name pattern: 
2026-09-15 15:53:49 +0100 INF Exclude mount point size: 0
2026-09-15 15:53:49 +0100 INF Hash algorithm: md5|sha1
2026-09-15 15:53:49 +0100 INF Max depth: 0
2026-09-15 15:53:49 +0100 INF Enable find mtime: true
2026-09-15 15:53:49 +0100 INF Enable find atime: false
2026-09-15 15:53:49 +0100 INF Enable find ctime: true
2026-09-15 15:53:49 +0100 INF find operators support: true
2026-09-15 15:53:49 +0100 INF find -atime support: true
2026-09-15 15:53:49 +0100 INF find -ctime support: true
2026-09-15 15:53:49 +0100 INF find -maxdepth support: true
2026-09-15 15:53:49 +0100 INF find -mtime support: true
2026-09-15 15:53:49 +0100 INF find -nogroup support: true
2026-09-15 15:53:49 +0100 INF find -nouser support: true
2026-09-15 15:53:49 +0100 INF find -path support: true
2026-09-15 15:53:49 +0100 INF find -perm support: true
2026-09-15 15:53:49 +0100 INF find -print0 support: true
2026-09-15 15:53:49 +0100 INF find -prune support: true
2026-09-15 15:53:49 +0100 INF find -size support: true
2026-09-15 15:53:49 +0100 INF find -type support: true
2026-09-15 15:53:49 +0100 INF tar command exists: true
2026-09-15 15:53:49 +0100 INF tar load from file support: true
2026-09-15 15:53:49 +0100 INF gzip command exists: true
2026-09-15 15:53:49 +0100 INF zip command exists: true
2026-09-15 15:53:49 +0100 INF perl command exists: true
2026-09-15 15:53:49 +0100 INF xargs -0 support: true
2026-09-15 15:53:49 +0100 INF MD5 hashing tool: md5sum
2026-09-15 15:53:49 +0100 INF SHA1 hashing tool: sha1sum
2026-09-15 15:53:49 +0100 INF SHA256 hashing tool: sha256sum
2026-09-15 15:53:49 +0100 INF stat tool: statx
2026-09-15 15:53:49 +0100 INF Temp directory symlink creation support: true
2026-09-15 15:53:49 +0100 INF Exclude file systems: 9p|afs|autofs|cifs|davfs|fuse|kernfs|nfs|nfs4|rpc_pipefs|smbfs|sysfs
2026-09-15 15:53:49 +0100 INF Exclude mount points: /sys|/proc/sys/fs/binfmt_misc
2026-09-15 15:53:49 +0100 INF Building artifact list
2026-09-15 15:53:49 +0100 INF Enable modifiers: false
2026-09-15 15:53:50 +0100 INF 269 artifact(s) selected
2026-09-15 15:53:50 +0100 INF Artifacts collection started...
2026-09-15 15:53:50 +0100 INF Parsing live_response/process/ps.yaml
2026-09-15 15:53:50 +0100 CMD ps
2026-09-15 15:53:50 +0100 CMD ps auxwww
2026-09-15 15:53:50 +0100 CMD ps auxwwwf
2026-09-15 15:53:50 +0100 CMD ps -deaf
2026-09-15 15:53:50 +0100 CMD ps -ef
2026-09-15 15:53:50 +0100 CMD ps -efl
2026-09-15 15:53:50 +0100 CMD ps -axo pid,user,etime,args
2026-09-15 15:53:50 +0100 CMD date
2026-09-15 15:53:50 +0100 CMD ps -axo pid,user,etime,args
2026-09-15 15:53:50 +0100 CMD ps -axo pid,user,lstart,args
2026-09-15 15:53:50 +0100 CMD date
2026-09-15 15:53:50 +0100 CMD ps -axo pid,user,lstart,args
2026-09-15 15:53:50 +0100 CMD ps -axo pid,user,cgroup
2026-09-15 15:53:50 +0100 INF Parsing live_response/process/lsof.yaml
2026-09-15 15:53:50 +0100 CMD command_exists "lsof"
2026-09-15 15:53:50 +0100 CMD lsof -nPl
2026-09-15 15:53:50 +0100 INF Parsing live_response/process/top.yaml
2026-09-15 15:53:50 +0100 CMD command_exists "top"
2026-09-15 15:53:51 +0100 CMD top -b -n1
2026-09-15 15:53:51 +0100 INF Parsing live_response/process/procfs_information.yaml
2026-09-15 15:53:51 +0100 CMD ls -l /proc/[0-9]* 2> ls: cannot read symbolic link '/proc/10/exe': No such file or directory/nls: cannot read symbolic link '/proc/11/exe': No such file or directory/nls: cannot read symbolic link '/proc/110/exe': No such file or directory/nls: cannot read symbolic link '/proc/12/exe': No such file or directory/nls: cannot read symbolic link '/proc/1271/exe': No such file or directory/nls: cannot read symbolic link '/proc/1294/exe': No such file or directory/nls: cannot read symbolic link '/proc/13/exe': No such file or directory/nls: cannot read symbolic link '/proc/137/exe': No such file or directory/nls: cannot read symbolic link '/proc/138/exe': No such file or directory/nls: cannot read symbolic link '/proc/139/exe': No such file or directory/nls: cannot read symbolic link '/proc/14/exe': No such file or directory/nls: cannot read symbolic link '/proc/141/exe': No such file or directory/nls: cannot read symbolic link '/proc/143/exe': No such file or directory/nls: cannot read symbolic link '/proc/144/exe': No such file or directory/nls: cannot read symbolic link '/proc/145/exe': No such file or directory/nls: cannot read symbolic link '/proc/146/exe': No such file or directory/nls: cannot read symbolic link '/proc/15/exe': No such file or directory/nls: cannot read symbolic link '/proc/1519/exe': No such file or directory/nls: cannot read symbolic link '/proc/153/exe': No such file or directory/nls: cannot read symbolic link '/proc/1548/exe': No such file or directory/nls: cannot read symbolic link '/proc/1553/exe': No such file or directory/nls: cannot read symbolic link '/proc/1554/exe': No such file or directory/nls: cannot read symbolic link '/proc/16/exe': No such file or directory/nls: cannot read symbolic link '/proc/1624/exe': No such file or directory/nls: cannot read symbolic link '/proc/1627/exe': No such file or directory/nls: cannot read symbolic link '/proc/18/exe': No such file or directory/nls: cannot read symbolic link '/proc/183/exe': No such file or directory/nls: cannot read symbolic link '/proc/184/exe': No such file or directory/nls: cannot read symbolic link '/proc/19/exe': No such file or directory/nls: cannot read symbolic link '/proc/2/exe': No such file or directory/nls: cannot read symbolic link '/proc/20/exe': No such file or directory/nls: cannot read symbolic link '/proc/21/exe': No such file or directory/nls: cannot read symbolic link '/proc/23/exe': No such file or directory/nls: cannot read symbolic link '/proc/26/exe': No such file or directory/nls: cannot read symbolic link '/proc/27/exe': No such file or directory/nls: cannot read symbolic link '/proc/28/exe': No such file or directory/nls: cannot read symbolic link '/proc/288/exe': No such file or directory/nls: cannot read symbolic link '/proc/289/exe': No such file or directory/nls: cannot read symbolic link '/proc/29/exe': No such file or directory/nls: cannot read symbolic link '/proc/294/exe': No such file or directory/nls: cannot read symbolic link '/proc/297/exe': No such file or directory/nls: cannot read symbolic link '/proc/3/exe': No such file or directory/nls: cannot read symbolic link '/proc/30/exe': No such file or directory/nls: cannot read symbolic link '/proc/32/exe': No such file or directory/nls: cannot read symbolic link '/proc/33/exe': No such file or directory/nls: cannot read symbolic link '/proc/34/exe': No such file or directory/nls: cannot read symbolic link '/proc/344/exe': No such file or directory/nls: cannot read symbolic link '/proc/36/exe': No such file or directory/nls: cannot read symbolic link '/proc/37/exe': No such file or directory/nls: cannot read symbolic link '/proc/38/exe': No such file or directory/nls: cannot read symbolic link '/proc/39/exe': No such file or directory/nls: cannot read symbolic link '/proc/4/exe': No such file or directory/nls: cannot read symbolic link '/proc/40/exe': No such file or directory/nls: cannot read symbolic link '/proc/41/exe': No such file or directory/nls: cannot read symbolic link '/proc/42/exe': No such file or directory/nls: cannot read symbolic link '/proc/43/exe': No such file or directory/nls: cannot read symbolic link '/proc/44/exe': No such file or directory/nls: cannot read symbolic link '/proc/5/exe': No such file or directory/nls: cannot read symbolic link '/proc/50/exe': No such file or directory/nls: cannot read symbolic link '/proc/52/exe': No such file or directory/nls: cannot read symbolic link '/proc/54/exe': No such file or directory/nls: cannot read symbolic link '/proc/55/exe': No such file or directory/nls: cannot read symbolic link '/proc/6/exe': No such file or directory/nls: cannot read symbolic link '/proc/60/exe': No such file or directory/nls: cannot read symbolic link '/proc/65/exe': No such file or directory/nls: cannot read symbolic link '/proc/66/exe': No such file or directory
2026-09-15 15:53:51 +0100 CMD cat /proc/modules
2026-09-15 15:53:51 +0100 CMD ls -l /proc/[0-9]*/exe 2> ls: cannot read symbolic link '/proc/10/exe': No such file or directory/nls: cannot read symbolic link '/proc/11/exe': No such file or directory/nls: cannot read symbolic link '/proc/110/exe': No such file or directory/nls: cannot read symbolic link '/proc/12/exe': No such file or directory/nls: cannot read symbolic link '/proc/1271/exe': No such file or directory/nls: cannot read symbolic link '/proc/1294/exe': No such file or directory/nls: cannot read symbolic link '/proc/13/exe': No such file or directory/nls: cannot read symbolic link '/proc/137/exe': No such file or directory/nls: cannot read symbolic link '/proc/138/exe': No such file or directory/nls: cannot read symbolic link '/proc/139/exe': No such file or directory/nls: cannot read symbolic link '/proc/14/exe': No such file or directory/nls: cannot read symbolic link '/proc/141/exe': No such file or directory/nls: cannot read symbolic link '/proc/143/exe': No such file or directory/nls: cannot read symbolic link '/proc/144/exe': No such file or directory/nls: cannot read symbolic link '/proc/145/exe': No such file or directory/nls: cannot read symbolic link '/proc/146/exe': No such file or directory/nls: cannot read symbolic link '/proc/15/exe': No such file or directory/nls: cannot read symbolic link '/proc/1519/exe': No such file or directory/nls: cannot read symbolic link '/proc/153/exe': No such file or directory/nls: cannot read symbolic link '/proc/1548/exe': No such file or directory/nls: cannot read symbolic link '/proc/1553/exe': No such file or directory/nls: cannot read symbolic link '/proc/1554/exe': No such file or directory/nls: cannot read symbolic link '/proc/16/exe': No such file or directory/nls: cannot read symbolic link '/proc/1624/exe': No such file or directory/nls: cannot read symbolic link '/proc/1627/exe': No such file or directory/nls: cannot read symbolic link '/proc/18/exe': No such file or directory/nls: cannot read symbolic link '/proc/183/exe': No such file or directory/nls: cannot read symbolic link '/proc/184/exe': No such file or directory/nls: cannot read symbolic link '/proc/19/exe': No such file or directory/nls: cannot read symbolic link '/proc/2/exe': No such file or directory/nls: cannot read symbolic link '/proc/20/exe': No such file or directory/nls: cannot read symbolic link '/proc/21/exe': No such file or directory/nls: cannot read symbolic link '/proc/23/exe': No such file or directory/nls: cannot read symbolic link '/proc/26/exe': No such file or directory/nls: cannot read symbolic link '/proc/27/exe': No such file or directory/nls: cannot read symbolic link '/proc/28/exe': No such file or directory/nls: cannot read symbolic link '/proc/288/exe': No such file or directory/nls: cannot read symbolic link '/proc/289/exe': No such file or directory/nls: cannot read symbolic link '/proc/29/exe': No such file or directory/nls: cannot read symbolic link '/proc/294/exe': No such file or directory/nls: cannot read symbolic link '/proc/297/exe': No such file or directory/nls: cannot read symbolic link '/proc/3/exe': No such file or directory/nls: cannot read symbolic link '/proc/30/exe': No such file or directory/nls: cannot read symbolic link '/proc/32/exe': No such file or directory/nls: cannot read symbolic link '/proc/33/exe': No such file or directory/nls: cannot read symbolic link '/proc/34/exe': No such file or directory/nls: cannot read symbolic link '/proc/344/exe': No such file or directory/nls: cannot read symbolic link '/proc/36/exe': No such file or directory/nls: cannot read symbolic link '/proc/37/exe': No such file or directory/nls: cannot read symbolic link '/proc/38/exe': No such file or directory/nls: cannot read symbolic link '/proc/39/exe': No such file or directory/nls: cannot read symbolic link '/proc/4/exe': No such file or directory/nls: cannot read symbolic link '/proc/40/exe': No such file or directory/nls: cannot read symbolic link '/proc/41/exe': No such file or directory/nls: cannot read symbolic link '/proc/42/exe': No such file or directory/nls: cannot read symbolic link '/proc/43/exe': No such file or directory/nls: cannot read symbolic link '/proc/44/exe': No such file or directory/nls: cannot read symbolic link '/proc/5/exe': No such file or directory/nls: cannot read symbolic link '/proc/50/exe': No such file or directory/nls: cannot read symbolic link '/proc/52/exe': No such file or directory/nls: cannot read symbolic link '/proc/54/exe': No such file or directory/nls: cannot read symbolic link '/proc/55/exe': No such file or directory/nls: cannot read symbolic link '/proc/6/exe': No such file or directory/nls: cannot read symbolic link '/proc/60/exe': No such file or directory/nls: cannot read symbolic link '/proc/65/exe': No such file or directory/nls: cannot read symbolic link '/proc/66/exe': No such file or directory
2026-09-15 15:53:51 +0100 CMD ls -l /proc/[0-9]*/cwd
2026-09-15 15:53:51 +0100 CMD for pid in /proc/[0-9]*; do echo ${pid} | sed -e 's:/proc/::'; done
2026-09-15 15:53:51 +0100 CMD ls -la /proc/"1"/fd
2026-09-15 15:53:51 +0100 CMD ls -la /proc/"10"/fd
2026-09-15 15:53:51 +0100 CMD ls -la /proc/"11"/fd
2026-09-15 15:53:51 +0100 CMD ls -la /proc/"110"/fd
2026-09-15 15:53:51 +0100 CMD ls -la /proc/"12"/fd
2026-09-15 15:53:51 +0100 CMD ls -la /proc/"1271"/fd
2026-09-15 15:53:51 +0100 CMD ls -la /proc/"1294"/fd
2026-09-15 15:53:51 +0100 CMD ls -la /proc/"13"/fd
2026-09-15 15:53:51 +0100 CMD ls -la /proc/"137"/fd
2026-09-15 15:53:51 +0100 CMD ls -la /proc/"138"/fd
2026-09-15 15:53:51 +0100 CMD ls -la /proc/"139"/fd
2026-09-15 15:53:51 +0100 CMD ls -la /proc/"14"/fd
2026-09-15 15:53:51 +0100 CMD ls -la /proc/"141"/fd
2026-09-15 15:53:52 +0100 CMD ls -la /proc/"143"/fd
2026-09-15 15:53:52 +0100 CMD ls -la /proc/"144"/fd
2026-09-15 15:53:52 +0100 CMD ls -la /proc/"145"/fd
2026-09-15 15:53:52 +0100 CMD ls -la /proc/"146"/fd
2026-09-15 15:53:52 +0100 CMD ls -la /proc/"15"/fd
2026-09-15 15:53:52 +0100 CMD ls -la /proc/"1514"/fd
2026-09-15 15:53:52 +0100 CMD ls -la /proc/"1519"/fd
2026-09-15 15:53:52 +0100 CMD ls -la /proc/"153"/fd
2026-09-15 15:53:52 +0100 CMD ls -la /proc/"1548"/fd
2026-09-15 15:53:52 +0100 CMD ls -la /proc/"1553"/fd
2026-09-15 15:53:52 +0100 CMD ls -la /proc/"1554"/fd
2026-09-15 15:53:52 +0100 CMD ls -la /proc/"1557"/fd
2026-09-15 15:53:52 +0100 CMD ls -la /proc/"1558"/fd
2026-09-15 15:53:52 +0100 CMD ls -la /proc/"16"/fd
2026-09-15 15:53:52 +0100 CMD ls -la /proc/"1624"/fd
2026-09-15 15:53:52 +0100 CMD ls -la /proc/"1627"/fd
2026-09-15 15:53:52 +0100 CMD ls -la /proc/"18"/fd
2026-09-15 15:53:52 +0100 CMD ls -la /proc/"1811"/fd
2026-09-15 15:53:52 +0100 CMD ls -la /proc/"183"/fd
2026-09-15 15:53:52 +0100 CMD ls -la /proc/"184"/fd
2026-09-15 15:53:52 +0100 CMD ls -la /proc/"19"/fd
2026-09-15 15:53:52 +0100 CMD ls -la /proc/"2"/fd
2026-09-15 15:53:52 +0100 CMD ls -la /proc/"20"/fd
2026-09-15 15:53:52 +0100 CMD ls -la /proc/"21"/fd
2026-09-15 15:53:52 +0100 CMD ls -la /proc/"226"/fd
2026-09-15 15:53:52 +0100 CMD ls -la /proc/"2290"/fd
2026-09-15 15:53:52 +0100 CMD ls -la /proc/"23"/fd
2026-09-15 15:53:52 +0100 CMD ls -la /proc/"250"/fd
2026-09-15 15:53:52 +0100 CMD ls -la /proc/"26"/fd
2026-09-15 15:53:52 +0100 CMD ls -la /proc/"27"/fd
2026-09-15 15:53:52 +0100 CMD ls -la /proc/"28"/fd
2026-09-15 15:53:52 +0100 CMD ls -la /proc/"288"/fd
2026-09-15 15:53:52 +0100 CMD ls -la /proc/"289"/fd
2026-09-15 15:53:52 +0100 CMD ls -la /proc/"29"/fd
2026-09-15 15:53:52 +0100 CMD ls -la /proc/"294"/fd
2026-09-15 15:53:52 +0100 CMD ls -la /proc/"297"/fd
2026-09-15 15:53:52 +0100 CMD ls -la /proc/"3"/fd
2026-09-15 15:53:52 +0100 CMD ls -la /proc/"30"/fd
2026-09-15 15:53:52 +0100 CMD ls -la /proc/"32"/fd
2026-09-15 15:53:52 +0100 CMD ls -la /proc/"33"/fd
2026-09-15 15:53:52 +0100 CMD ls -la /proc/"34"/fd
2026-09-15 15:53:52 +0100 CMD ls -la /proc/"344"/fd
2026-09-15 15:53:52 +0100 CMD ls -la /proc/"36"/fd
2026-09-15 15:53:52 +0100 CMD ls -la /proc/"37"/fd
2026-09-15 15:53:52 +0100 CMD ls -la /proc/"3735"/fd
2026-09-15 15:53:52 +0100 CMD ls -la /proc/"38"/fd
2026-09-15 15:53:52 +0100 CMD ls -la /proc/"39"/fd
2026-09-15 15:53:52 +0100 CMD ls -la /proc/"4"/fd
2026-09-15 15:53:52 +0100 CMD ls -la /proc/"40"/fd
2026-09-15 15:53:52 +0100 CMD ls -la /proc/"41"/fd
2026-09-15 15:53:52 +0100 CMD ls -la /proc/"42"/fd
2026-09-15 15:53:52 +0100 CMD ls -la /proc/"43"/fd
2026-09-15 15:53:52 +0100 CMD ls -la /proc/"4317"/fd 2> ls: cannot access '/proc/4317/fd': No such file or directory
2026-09-15 15:53:52 +0100 CMD ls -la /proc/"44"/fd
2026-09-15 15:53:52 +0100 CMD ls -la /proc/"467"/fd
2026-09-15 15:53:52 +0100 CMD ls -la /proc/"470"/fd
2026-09-15 15:53:52 +0100 CMD ls -la /proc/"474"/fd
2026-09-15 15:53:52 +0100 CMD ls -la /proc/"475"/fd
2026-09-15 15:53:52 +0100 CMD ls -la /proc/"5"/fd
2026-09-15 15:53:53 +0100 CMD ls -la /proc/"50"/fd
2026-09-15 15:53:53 +0100 CMD ls -la /proc/"515"/fd
2026-09-15 15:53:53 +0100 CMD ls -la /proc/"516"/fd
2026-09-15 15:53:53 +0100 CMD ls -la /proc/"52"/fd
2026-09-15 15:53:53 +0100 CMD ls -la /proc/"521"/fd
2026-09-15 15:53:53 +0100 CMD ls -la /proc/"54"/fd
2026-09-15 15:53:53 +0100 CMD ls -la /proc/"55"/fd
2026-09-15 15:53:53 +0100 CMD ls -la /proc/"6"/fd
2026-09-15 15:53:53 +0100 CMD ls -la /proc/"60"/fd
2026-09-15 15:53:53 +0100 CMD ls -la /proc/"612"/fd
2026-09-15 15:53:53 +0100 CMD ls -la /proc/"629"/fd
2026-09-15 15:53:53 +0100 CMD ls -la /proc/"65"/fd
2026-09-15 15:53:53 +0100 CMD ls -la /proc/"66"/fd
2026-09-15 15:53:53 +0100 CMD ls -la /proc/"763"/fd
2026-09-15 15:53:53 +0100 CMD ls -la /proc/"764"/fd
2026-09-15 15:53:53 +0100 CMD ls -la /proc/"770"/fd
2026-09-15 15:53:53 +0100 CMD for pid in /proc/[0-9]*; do echo ${pid} | sed -e 's:/proc/::'; done
2026-09-15 15:53:53 +0100 CMD ls -la /proc/"1"/map_files
2026-09-15 15:53:53 +0100 CMD ls -la /proc/"10"/map_files
2026-09-15 15:53:53 +0100 CMD ls -la /proc/"11"/map_files
2026-09-15 15:53:53 +0100 CMD ls -la /proc/"110"/map_files
2026-09-15 15:53:53 +0100 CMD ls -la /proc/"12"/map_files
2026-09-15 15:53:53 +0100 CMD ls -la /proc/"1271"/map_files
2026-09-15 15:53:53 +0100 CMD ls -la /proc/"1294"/map_files
2026-09-15 15:53:53 +0100 CMD ls -la /proc/"13"/map_files
2026-09-15 15:53:53 +0100 CMD ls -la /proc/"137"/map_files
2026-09-15 15:53:53 +0100 CMD ls -la /proc/"138"/map_files
2026-09-15 15:53:53 +0100 CMD ls -la /proc/"139"/map_files
2026-09-15 15:53:53 +0100 CMD ls -la /proc/"14"/map_files
2026-09-15 15:53:53 +0100 CMD ls -la /proc/"141"/map_files
2026-09-15 15:53:53 +0100 CMD ls -la /proc/"143"/map_files
2026-09-15 15:53:53 +0100 CMD ls -la /proc/"144"/map_files
2026-09-15 15:53:53 +0100 CMD ls -la /proc/"145"/map_files
2026-09-15 15:53:53 +0100 CMD ls -la /proc/"146"/map_files
2026-09-15 15:53:53 +0100 CMD ls -la /proc/"15"/map_files
2026-09-15 15:53:53 +0100 CMD ls -la /proc/"1514"/map_files
2026-09-15 15:53:53 +0100 CMD ls -la /proc/"1519"/map_files
2026-09-15 15:53:53 +0100 CMD ls -la /proc/"153"/map_files
2026-09-15 15:53:53 +0100 CMD ls -la /proc/"1548"/map_files
2026-09-15 15:53:53 +0100 CMD ls -la /proc/"1553"/map_files
2026-09-15 15:53:53 +0100 CMD ls -la /proc/"1554"/map_files
2026-09-15 15:53:53 +0100 CMD ls -la /proc/"1557"/map_files
2026-09-15 15:53:53 +0100 CMD ls -la /proc/"1558"/map_files
2026-09-15 15:53:53 +0100 CMD ls -la /proc/"16"/map_files
2026-09-15 15:53:53 +0100 CMD ls -la /proc/"1624"/map_files
2026-09-15 15:53:53 +0100 CMD ls -la /proc/"1627"/map_files
2026-09-15 15:53:53 +0100 CMD ls -la /proc/"18"/map_files
2026-09-15 15:53:53 +0100 CMD ls -la /proc/"1811"/map_files
2026-09-15 15:53:53 +0100 CMD ls -la /proc/"183"/map_files
2026-09-15 15:53:53 +0100 CMD ls -la /proc/"184"/map_files
2026-09-15 15:53:53 +0100 CMD ls -la /proc/"19"/map_files
2026-09-15 15:53:53 +0100 CMD ls -la /proc/"2"/map_files
2026-09-15 15:53:54 +0100 CMD ls -la /proc/"20"/map_files
2026-09-15 15:53:54 +0100 CMD ls -la /proc/"21"/map_files
2026-09-15 15:53:54 +0100 CMD ls -la /proc/"226"/map_files
2026-09-15 15:53:54 +0100 CMD ls -la /proc/"2290"/map_files
2026-09-15 15:53:54 +0100 CMD ls -la /proc/"23"/map_files
2026-09-15 15:53:54 +0100 CMD ls -la /proc/"250"/map_files
2026-09-15 15:53:54 +0100 CMD ls -la /proc/"26"/map_files
2026-09-15 15:53:54 +0100 CMD ls -la /proc/"27"/map_files
2026-09-15 15:53:54 +0100 CMD ls -la /proc/"28"/map_files
2026-09-15 15:53:54 +0100 CMD ls -la /proc/"288"/map_files
2026-09-15 15:53:54 +0100 CMD ls -la /proc/"289"/map_files
2026-09-15 15:53:54 +0100 CMD ls -la /proc/"29"/map_files
2026-09-15 15:53:54 +0100 CMD ls -la /proc/"294"/map_files
2026-09-15 15:53:54 +0100 CMD ls -la /proc/"297"/map_files
2026-09-15 15:53:54 +0100 CMD ls -la /proc/"3"/map_files
2026-09-15 15:53:54 +0100 CMD ls -la /proc/"30"/map_files
2026-09-15 15:53:54 +0100 CMD ls -la /proc/"32"/map_files
2026-09-15 15:53:54 +0100 CMD ls -la /proc/"33"/map_files
2026-09-15 15:53:54 +0100 CMD ls -la /proc/"34"/map_files
2026-09-15 15:53:54 +0100 CMD ls -la /proc/"344"/map_files
2026-09-15 15:53:54 +0100 CMD ls -la /proc/"36"/map_files
2026-09-15 15:53:54 +0100 CMD ls -la /proc/"37"/map_files
2026-09-15 15:53:54 +0100 CMD ls -la /proc/"3735"/map_files
2026-09-15 15:53:54 +0100 CMD ls -la /proc/"38"/map_files
2026-09-15 15:53:54 +0100 CMD ls -la /proc/"39"/map_files
2026-09-15 15:53:54 +0100 CMD ls -la /proc/"4"/map_files
2026-09-15 15:53:54 +0100 CMD ls -la /proc/"40"/map_files
2026-09-15 15:53:54 +0100 CMD ls -la /proc/"41"/map_files
2026-09-15 15:53:54 +0100 CMD ls -la /proc/"42"/map_files
2026-09-15 15:53:54 +0100 CMD ls -la /proc/"43"/map_files
2026-09-15 15:53:54 +0100 CMD ls -la /proc/"44"/map_files
2026-09-15 15:53:54 +0100 CMD ls -la /proc/"467"/map_files
2026-09-15 15:53:54 +0100 CMD ls -la /proc/"470"/map_files
2026-09-15 15:53:54 +0100 CMD ls -la /proc/"474"/map_files
2026-09-15 15:53:54 +0100 CMD ls -la /proc/"475"/map_files
2026-09-15 15:53:54 +0100 CMD ls -la /proc/"5"/map_files
2026-09-15 15:53:54 +0100 CMD ls -la /proc/"50"/map_files
2026-09-15 15:53:54 +0100 CMD ls -la /proc/"515"/map_files
2026-09-15 15:53:54 +0100 CMD ls -la /proc/"516"/map_files
2026-09-15 15:53:54 +0100 CMD ls -la /proc/"52"/map_files
2026-09-15 15:53:54 +0100 CMD ls -la /proc/"521"/map_files
2026-09-15 15:53:54 +0100 CMD ls -la /proc/"54"/map_files
2026-09-15 15:53:54 +0100 CMD ls -la /proc/"55"/map_files
2026-09-15 15:53:54 +0100 CMD ls -la /proc/"6"/map_files
2026-09-15 15:53:54 +0100 CMD ls -la /proc/"60"/map_files
2026-09-15 15:53:54 +0100 CMD ls -la /proc/"612"/map_files
2026-09-15 15:53:54 +0100 CMD ls -la /proc/"629"/map_files
2026-09-15 15:53:54 +0100 CMD ls -la /proc/"65"/map_files
2026-09-15 15:53:54 +0100 CMD ls -la /proc/"66"/map_files
2026-09-15 15:53:54 +0100 CMD ls -la /proc/"7015"/map_files 2> ls: cannot access '/proc/7015/map_files': No such file or directory
2026-09-15 15:53:54 +0100 CMD ls -la /proc/"763"/map_files
2026-09-15 15:53:54 +0100 CMD ls -la /proc/"764"/map_files
2026-09-15 15:53:54 +0100 CMD ls -la /proc/"770"/map_files
2026-09-15 15:53:55 +0100 CMD for pid in /proc/[0-9]*; do echo ${pid} | sed -e 's:/proc/::'; done
2026-09-15 15:53:55 +0100 CMD cat /proc/"1"/task/"1"/children
2026-09-15 15:53:55 +0100 CMD cat /proc/"10"/task/"10"/children
2026-09-15 15:53:55 +0100 CMD cat /proc/"11"/task/"11"/children
2026-09-15 15:53:55 +0100 CMD cat /proc/"110"/task/"110"/children
2026-09-15 15:53:55 +0100 CMD cat /proc/"12"/task/"12"/children
2026-09-15 15:53:55 +0100 CMD cat /proc/"1271"/task/"1271"/children
2026-09-15 15:53:55 +0100 CMD cat /proc/"1294"/task/"1294"/children
2026-09-15 15:53:55 +0100 CMD cat /proc/"13"/task/"13"/children
2026-09-15 15:53:55 +0100 CMD cat /proc/"137"/task/"137"/children
2026-09-15 15:53:55 +0100 CMD cat /proc/"138"/task/"138"/children
2026-09-15 15:53:55 +0100 CMD cat /proc/"139"/task/"139"/children
2026-09-15 15:53:55 +0100 CMD cat /proc/"14"/task/"14"/children
2026-09-15 15:53:55 +0100 CMD cat /proc/"141"/task/"141"/children
2026-09-15 15:53:55 +0100 CMD cat /proc/"143"/task/"143"/children
2026-09-15 15:53:55 +0100 CMD cat /proc/"144"/task/"144"/children
2026-09-15 15:53:55 +0100 CMD cat /proc/"145"/task/"145"/children
2026-09-15 15:53:55 +0100 CMD cat /proc/"146"/task/"146"/children
2026-09-15 15:53:55 +0100 CMD cat /proc/"15"/task/"15"/children
2026-09-15 15:53:55 +0100 CMD cat /proc/"1514"/task/"1514"/children
2026-09-15 15:53:55 +0100 CMD cat /proc/"1519"/task/"1519"/children
2026-09-15 15:53:55 +0100 CMD cat /proc/"153"/task/"153"/children
2026-09-15 15:53:55 +0100 CMD cat /proc/"1548"/task/"1548"/children
2026-09-15 15:53:55 +0100 CMD cat /proc/"1553"/task/"1553"/children
2026-09-15 15:53:55 +0100 CMD cat /proc/"1554"/task/"1554"/children
2026-09-15 15:53:55 +0100 CMD cat /proc/"1557"/task/"1557"/children
2026-09-15 15:53:55 +0100 CMD cat /proc/"1558"/task/"1558"/children
2026-09-15 15:53:55 +0100 CMD cat /proc/"16"/task/"16"/children
2026-09-15 15:53:55 +0100 CMD cat /proc/"1624"/task/"1624"/children
2026-09-15 15:53:55 +0100 CMD cat /proc/"1627"/task/"1627"/children
2026-09-15 15:53:55 +0100 CMD cat /proc/"18"/task/"18"/children
2026-09-15 15:53:55 +0100 CMD cat /proc/"1811"/task/"1811"/children
2026-09-15 15:53:55 +0100 CMD cat /proc/"183"/task/"183"/children
2026-09-15 15:53:55 +0100 CMD cat /proc/"184"/task/"184"/children
2026-09-15 15:53:55 +0100 CMD cat /proc/"19"/task/"19"/children
2026-09-15 15:53:55 +0100 CMD cat /proc/"2"/task/"2"/children
2026-09-15 15:53:55 +0100 CMD cat /proc/"20"/task/"20"/children
2026-09-15 15:53:55 +0100 CMD cat /proc/"21"/task/"21"/children
2026-09-15 15:53:55 +0100 CMD cat /proc/"226"/task/"226"/children
2026-09-15 15:53:55 +0100 CMD cat /proc/"2290"/task/"2290"/children
2026-09-15 15:53:55 +0100 CMD cat /proc/"23"/task/"23"/children
2026-09-15 15:53:55 +0100 CMD cat /proc/"250"/task/"250"/children
2026-09-15 15:53:55 +0100 CMD cat /proc/"26"/task/"26"/children
2026-09-15 15:53:55 +0100 CMD cat /proc/"27"/task/"27"/children
2026-09-15 15:53:55 +0100 CMD cat /proc/"28"/task/"28"/children
2026-09-15 15:53:55 +0100 CMD cat /proc/"288"/task/"288"/children
2026-09-15 15:53:55 +0100 CMD cat /proc/"289"/task/"289"/children
2026-09-15 15:53:55 +0100 CMD cat /proc/"29"/task/"29"/children
2026-09-15 15:53:55 +0100 CMD cat /proc/"294"/task/"294"/children
2026-09-15 15:53:55 +0100 CMD cat /proc/"297"/task/"297"/children
2026-09-15 15:53:55 +0100 CMD cat /proc/"3"/task/"3"/children
2026-09-15 15:53:55 +0100 CMD cat /proc/"30"/task/"30"/children
2026-09-15 15:53:55 +0100 CMD cat /proc/"32"/task/"32"/children
2026-09-15 15:53:55 +0100 CMD cat /proc/"33"/task/"33"/children
2026-09-15 15:53:55 +0100 CMD cat /proc/"34"/task/"34"/children
2026-09-15 15:53:55 +0100 CMD cat /proc/"344"/task/"344"/children
2026-09-15 15:53:55 +0100 CMD cat /proc/"36"/task/"36"/children
2026-09-15 15:53:55 +0100 CMD cat /proc/"37"/task/"37"/children
2026-09-15 15:53:55 +0100 CMD cat /proc/"3735"/task/"3735"/children
2026-09-15 15:53:55 +0100 CMD cat /proc/"38"/task/"38"/children
2026-09-15 15:53:55 +0100 CMD cat /proc/"39"/task/"39"/children
2026-09-15 15:53:56 +0100 CMD cat /proc/"4"/task/"4"/children
2026-09-15 15:53:56 +0100 CMD cat /proc/"40"/task/"40"/children
2026-09-15 15:53:56 +0100 CMD cat /proc/"41"/task/"41"/children
2026-09-15 15:53:56 +0100 CMD cat /proc/"42"/task/"42"/children
2026-09-15 15:53:56 +0100 CMD cat /proc/"43"/task/"43"/children
2026-09-15 15:53:56 +0100 CMD cat /proc/"44"/task/"44"/children
2026-09-15 15:53:56 +0100 CMD cat /proc/"467"/task/"467"/children
2026-09-15 15:53:56 +0100 CMD cat /proc/"470"/task/"470"/children
2026-09-15 15:53:56 +0100 CMD cat /proc/"474"/task/"474"/children
2026-09-15 15:53:56 +0100 CMD cat /proc/"475"/task/"475"/children
2026-09-15 15:53:56 +0100 CMD cat /proc/"5"/task/"5"/children
2026-09-15 15:53:56 +0100 CMD cat /proc/"50"/task/"50"/children
2026-09-15 15:53:56 +0100 CMD cat /proc/"515"/task/"515"/children
2026-09-15 15:53:56 +0100 CMD cat /proc/"516"/task/"516"/children
2026-09-15 15:53:56 +0100 CMD cat /proc/"52"/task/"52"/children
2026-09-15 15:53:56 +0100 CMD cat /proc/"521"/task/"521"/children
2026-09-15 15:53:56 +0100 CMD cat /proc/"54"/task/"54"/children
2026-09-15 15:53:56 +0100 CMD cat /proc/"55"/task/"55"/children
2026-09-15 15:53:56 +0100 CMD cat /proc/"6"/task/"6"/children
2026-09-15 15:53:56 +0100 CMD cat /proc/"60"/task/"60"/children
2026-09-15 15:53:56 +0100 CMD cat /proc/"612"/task/"612"/children
2026-09-15 15:53:56 +0100 CMD cat /proc/"629"/task/"629"/children
2026-09-15 15:53:56 +0100 CMD cat /proc/"65"/task/"65"/children
2026-09-15 15:53:56 +0100 CMD cat /proc/"66"/task/"66"/children
2026-09-15 15:53:56 +0100 CMD cat /proc/"763"/task/"763"/children
2026-09-15 15:53:56 +0100 CMD cat /proc/"764"/task/"764"/children
2026-09-15 15:53:56 +0100 CMD cat /proc/"770"/task/"770"/children
2026-09-15 15:53:56 +0100 CMD cat /proc/"9626"/task/"9626"/children 2> cat: /proc/9626/task/9626/children: No such file or directory
2026-09-15 15:53:56 +0100 CMD for pid in /proc/[0-9]*; do echo ${pid} | sed -e 's:/proc/::'; done
2026-09-15 15:53:56 +0100 CMD cat /proc/"1"/comm
2026-09-15 15:53:56 +0100 CMD cat /proc/"10"/comm
2026-09-15 15:53:56 +0100 CMD cat /proc/"11"/comm
2026-09-15 15:53:56 +0100 CMD cat /proc/"110"/comm
2026-09-15 15:53:56 +0100 CMD cat /proc/"12"/comm
2026-09-15 15:53:56 +0100 CMD cat /proc/"12315"/comm 2> cat: /proc/12315/comm: No such file or directory
2026-09-15 15:53:56 +0100 CMD cat /proc/"1271"/comm
2026-09-15 15:53:56 +0100 CMD cat /proc/"1294"/comm
2026-09-15 15:53:56 +0100 CMD cat /proc/"13"/comm
2026-09-15 15:53:56 +0100 CMD cat /proc/"137"/comm
2026-09-15 15:53:56 +0100 CMD cat /proc/"138"/comm
2026-09-15 15:53:56 +0100 CMD cat /proc/"139"/comm
2026-09-15 15:53:56 +0100 CMD cat /proc/"14"/comm
2026-09-15 15:53:56 +0100 CMD cat /proc/"141"/comm
2026-09-15 15:53:56 +0100 CMD cat /proc/"143"/comm
2026-09-15 15:53:56 +0100 CMD cat /proc/"144"/comm
2026-09-15 15:53:56 +0100 CMD cat /proc/"145"/comm
2026-09-15 15:53:56 +0100 CMD cat /proc/"146"/comm
2026-09-15 15:53:56 +0100 CMD cat /proc/"15"/comm
2026-09-15 15:53:56 +0100 CMD cat /proc/"1514"/comm
2026-09-15 15:53:56 +0100 CMD cat /proc/"1519"/comm
2026-09-15 15:53:56 +0100 CMD cat /proc/"153"/comm
2026-09-15 15:53:56 +0100 CMD cat /proc/"1548"/comm
2026-09-15 15:53:56 +0100 CMD cat /proc/"1553"/comm
2026-09-15 15:53:56 +0100 CMD cat /proc/"1554"/comm
2026-09-15 15:53:57 +0100 CMD cat /proc/"1557"/comm
2026-09-15 15:53:57 +0100 CMD cat /proc/"1558"/comm
2026-09-15 15:53:57 +0100 CMD cat /proc/"16"/comm
2026-09-15 15:53:57 +0100 CMD cat /proc/"1624"/comm
2026-09-15 15:53:57 +0100 CMD cat /proc/"1627"/comm
2026-09-15 15:53:57 +0100 CMD cat /proc/"18"/comm
2026-09-15 15:53:57 +0100 CMD cat /proc/"1811"/comm
2026-09-15 15:53:57 +0100 CMD cat /proc/"183"/comm
2026-09-15 15:53:57 +0100 CMD cat /proc/"184"/comm
2026-09-15 15:53:57 +0100 CMD cat /proc/"19"/comm
2026-09-15 15:53:57 +0100 CMD cat /proc/"2"/comm
2026-09-15 15:53:57 +0100 CMD cat /proc/"20"/comm
2026-09-15 15:53:57 +0100 CMD cat /proc/"21"/comm
2026-09-15 15:53:57 +0100 CMD cat /proc/"226"/comm
2026-09-15 15:53:57 +0100 CMD cat /proc/"2290"/comm
2026-09-15 15:53:57 +0100 CMD cat /proc/"23"/comm
2026-09-15 15:53:57 +0100 CMD cat /proc/"250"/comm
2026-09-15 15:53:57 +0100 CMD cat /proc/"26"/comm
2026-09-15 15:53:57 +0100 CMD cat /proc/"27"/comm
2026-09-15 15:53:57 +0100 CMD cat /proc/"28"/comm
2026-09-15 15:53:57 +0100 CMD cat /proc/"288"/comm
2026-09-15 15:53:57 +0100 CMD cat /proc/"289"/comm
2026-09-15 15:53:57 +0100 CMD cat /proc/"29"/comm
2026-09-15 15:53:57 +0100 CMD cat /proc/"294"/comm
2026-09-15 15:53:57 +0100 CMD cat /proc/"297"/comm
2026-09-15 15:53:57 +0100 CMD cat /proc/"3"/comm
2026-09-15 15:53:57 +0100 CMD cat /proc/"30"/comm
2026-09-15 15:53:57 +0100 CMD cat /proc/"32"/comm
2026-09-15 15:53:57 +0100 CMD cat /proc/"33"/comm
2026-09-15 15:53:57 +0100 CMD cat /proc/"34"/comm
2026-09-15 15:53:57 +0100 CMD cat /proc/"344"/comm
2026-09-15 15:53:57 +0100 CMD cat /proc/"36"/comm
2026-09-15 15:53:57 +0100 CMD cat /proc/"37"/comm
2026-09-15 15:53:57 +0100 CMD cat /proc/"3735"/comm
2026-09-15 15:53:57 +0100 CMD cat /proc/"38"/comm
2026-09-15 15:53:57 +0100 CMD cat /proc/"39"/comm
2026-09-15 15:53:57 +0100 CMD cat /proc/"4"/comm
2026-09-15 15:53:57 +0100 CMD cat /proc/"40"/comm
2026-09-15 15:53:57 +0100 CMD cat /proc/"41"/comm
2026-09-15 15:53:57 +0100 CMD cat /proc/"42"/comm
2026-09-15 15:53:57 +0100 CMD cat /proc/"43"/comm
2026-09-15 15:53:57 +0100 CMD cat /proc/"44"/comm
2026-09-15 15:53:57 +0100 CMD cat /proc/"467"/comm
2026-09-15 15:53:57 +0100 CMD cat /proc/"470"/comm
2026-09-15 15:53:57 +0100 CMD cat /proc/"474"/comm
2026-09-15 15:53:57 +0100 CMD cat /proc/"475"/comm
2026-09-15 15:53:57 +0100 CMD cat /proc/"5"/comm
2026-09-15 15:53:57 +0100 CMD cat /proc/"50"/comm
2026-09-15 15:53:57 +0100 CMD cat /proc/"515"/comm
2026-09-15 15:53:57 +0100 CMD cat /proc/"516"/comm
2026-09-15 15:53:57 +0100 CMD cat /proc/"52"/comm
2026-09-15 15:53:57 +0100 CMD cat /proc/"521"/comm
2026-09-15 15:53:57 +0100 CMD cat /proc/"54"/comm
2026-09-15 15:53:57 +0100 CMD cat /proc/"55"/comm
2026-09-15 15:53:57 +0100 CMD cat /proc/"6"/comm
2026-09-15 15:53:57 +0100 CMD cat /proc/"60"/comm
2026-09-15 15:53:57 +0100 CMD cat /proc/"612"/comm
2026-09-15 15:53:57 +0100 CMD cat /proc/"629"/comm
2026-09-15 15:53:57 +0100 CMD cat /proc/"65"/comm
2026-09-15 15:53:57 +0100 CMD cat /proc/"66"/comm
2026-09-15 15:53:57 +0100 CMD cat /proc/"763"/comm
2026-09-15 15:53:57 +0100 CMD cat /proc/"764"/comm
2026-09-15 15:53:57 +0100 CMD cat /proc/"770"/comm
2026-09-15 15:53:58 +0100 CMD for pid in /proc/[0-9]*; do echo ${pid} | sed -e 's:/proc/::'; done
2026-09-15 15:53:58 +0100 CMD cat /proc/"1"/maps
2026-09-15 15:53:58 +0100 CMD cat /proc/"10"/maps
2026-09-15 15:53:58 +0100 CMD cat /proc/"11"/maps
2026-09-15 15:53:58 +0100 CMD cat /proc/"110"/maps
2026-09-15 15:53:58 +0100 CMD cat /proc/"12"/maps
2026-09-15 15:53:58 +0100 CMD cat /proc/"1271"/maps
2026-09-15 15:53:58 +0100 CMD cat /proc/"1294"/maps
2026-09-15 15:53:58 +0100 CMD cat /proc/"13"/maps
2026-09-15 15:53:58 +0100 CMD cat /proc/"137"/maps
2026-09-15 15:53:58 +0100 CMD cat /proc/"138"/maps
2026-09-15 15:53:58 +0100 CMD cat /proc/"139"/maps
2026-09-15 15:53:58 +0100 CMD cat /proc/"14"/maps
2026-09-15 15:53:58 +0100 CMD cat /proc/"141"/maps
2026-09-15 15:53:58 +0100 CMD cat /proc/"143"/maps
2026-09-15 15:53:58 +0100 CMD cat /proc/"144"/maps
2026-09-15 15:53:58 +0100 CMD cat /proc/"145"/maps
2026-09-15 15:53:58 +0100 CMD cat /proc/"146"/maps
2026-09-15 15:53:58 +0100 CMD cat /proc/"14926"/maps 2> cat: /proc/14926/maps: No such file or directory
2026-09-15 15:53:58 +0100 CMD cat /proc/"15"/maps
2026-09-15 15:53:58 +0100 CMD cat /proc/"1514"/maps
2026-09-15 15:53:58 +0100 CMD cat /proc/"1519"/maps
2026-09-15 15:53:58 +0100 CMD cat /proc/"153"/maps
2026-09-15 15:53:58 +0100 CMD cat /proc/"1548"/maps
2026-09-15 15:53:58 +0100 CMD cat /proc/"1553"/maps
2026-09-15 15:53:58 +0100 CMD cat /proc/"1554"/maps
2026-09-15 15:53:58 +0100 CMD cat /proc/"1557"/maps
2026-09-15 15:53:58 +0100 CMD cat /proc/"1558"/maps
2026-09-15 15:53:58 +0100 CMD cat /proc/"16"/maps
2026-09-15 15:53:58 +0100 CMD cat /proc/"1624"/maps
2026-09-15 15:53:58 +0100 CMD cat /proc/"1627"/maps
2026-09-15 15:53:58 +0100 CMD cat /proc/"18"/maps
2026-09-15 15:53:58 +0100 CMD cat /proc/"1811"/maps
2026-09-15 15:53:58 +0100 CMD cat /proc/"183"/maps
2026-09-15 15:53:58 +0100 CMD cat /proc/"184"/maps
2026-09-15 15:53:58 +0100 CMD cat /proc/"19"/maps
2026-09-15 15:53:58 +0100 CMD cat /proc/"2"/maps
2026-09-15 15:53:58 +0100 CMD cat /proc/"20"/maps
2026-09-15 15:53:58 +0100 CMD cat /proc/"21"/maps
2026-09-15 15:53:58 +0100 CMD cat /proc/"226"/maps
2026-09-15 15:53:58 +0100 CMD cat /proc/"2290"/maps
2026-09-15 15:53:58 +0100 CMD cat /proc/"23"/maps
2026-09-15 15:53:58 +0100 CMD cat /proc/"250"/maps
2026-09-15 15:53:58 +0100 CMD cat /proc/"26"/maps
2026-09-15 15:53:58 +0100 CMD cat /proc/"27"/maps
2026-09-15 15:53:58 +0100 CMD cat /proc/"28"/maps
2026-09-15 15:53:58 +0100 CMD cat /proc/"288"/maps
2026-09-15 15:53:58 +0100 CMD cat /proc/"289"/maps
2026-09-15 15:53:58 +0100 CMD cat /proc/"29"/maps
2026-09-15 15:53:58 +0100 CMD cat /proc/"294"/maps
2026-09-15 15:53:58 +0100 CMD cat /proc/"297"/maps
2026-09-15 15:53:58 +0100 CMD cat /proc/"3"/maps
2026-09-15 15:53:58 +0100 CMD cat /proc/"30"/maps
2026-09-15 15:53:58 +0100 CMD cat /proc/"32"/maps
2026-09-15 15:53:58 +0100 CMD cat /proc/"33"/maps
2026-09-15 15:53:58 +0100 CMD cat /proc/"34"/maps
2026-09-15 15:53:59 +0100 CMD cat /proc/"344"/maps
2026-09-15 15:53:59 +0100 CMD cat /proc/"36"/maps
2026-09-15 15:53:59 +0100 CMD cat /proc/"37"/maps
2026-09-15 15:53:59 +0100 CMD cat /proc/"3735"/maps
2026-09-15 15:53:59 +0100 CMD cat /proc/"38"/maps
2026-09-15 15:53:59 +0100 CMD cat /proc/"39"/maps
2026-09-15 15:53:59 +0100 CMD cat /proc/"4"/maps
2026-09-15 15:53:59 +0100 CMD cat /proc/"40"/maps
2026-09-15 15:53:59 +0100 CMD cat /proc/"41"/maps
2026-09-15 15:53:59 +0100 CMD cat /proc/"42"/maps
2026-09-15 15:53:59 +0100 CMD cat /proc/"43"/maps
2026-09-15 15:53:59 +0100 CMD cat /proc/"44"/maps
2026-09-15 15:53:59 +0100 CMD cat /proc/"467"/maps
2026-09-15 15:53:59 +0100 CMD cat /proc/"470"/maps
2026-09-15 15:53:59 +0100 CMD cat /proc/"474"/maps
2026-09-15 15:53:59 +0100 CMD cat /proc/"475"/maps
2026-09-15 15:53:59 +0100 CMD cat /proc/"5"/maps
2026-09-15 15:53:59 +0100 CMD cat /proc/"50"/maps
2026-09-15 15:53:59 +0100 CMD cat /proc/"515"/maps
2026-09-15 15:53:59 +0100 CMD cat /proc/"516"/maps
2026-09-15 15:53:59 +0100 CMD cat /proc/"52"/maps
2026-09-15 15:53:59 +0100 CMD cat /proc/"521"/maps
2026-09-15 15:53:59 +0100 CMD cat /proc/"54"/maps
2026-09-15 15:53:59 +0100 CMD cat /proc/"55"/maps
2026-09-15 15:53:59 +0100 CMD cat /proc/"6"/maps
2026-09-15 15:53:59 +0100 CMD cat /proc/"60"/maps
2026-09-15 15:53:59 +0100 CMD cat /proc/"612"/maps
2026-09-15 15:53:59 +0100 CMD cat /proc/"629"/maps
2026-09-15 15:53:59 +0100 CMD cat /proc/"65"/maps
2026-09-15 15:53:59 +0100 CMD cat /proc/"66"/maps
2026-09-15 15:53:59 +0100 CMD cat /proc/"763"/maps
2026-09-15 15:53:59 +0100 CMD cat /proc/"764"/maps
2026-09-15 15:53:59 +0100 CMD cat /proc/"770"/maps
2026-09-15 15:53:59 +0100 CMD for pid in /proc/[0-9]*; do echo ${pid} | sed -e 's:/proc/::'; done
2026-09-15 15:53:59 +0100 CMD cat /proc/"1"/mounts
2026-09-15 15:53:59 +0100 CMD cat /proc/"10"/mounts
2026-09-15 15:53:59 +0100 CMD cat /proc/"11"/mounts
2026-09-15 15:53:59 +0100 CMD cat /proc/"110"/mounts
2026-09-15 15:53:59 +0100 CMD cat /proc/"12"/mounts
2026-09-15 15:53:59 +0100 CMD cat /proc/"1271"/mounts
2026-09-15 15:53:59 +0100 CMD cat /proc/"1294"/mounts
2026-09-15 15:53:59 +0100 CMD cat /proc/"13"/mounts
2026-09-15 15:53:59 +0100 CMD cat /proc/"137"/mounts
2026-09-15 15:53:59 +0100 CMD cat /proc/"138"/mounts
2026-09-15 15:53:59 +0100 CMD cat /proc/"139"/mounts
2026-09-15 15:53:59 +0100 CMD cat /proc/"14"/mounts
2026-09-15 15:53:59 +0100 CMD cat /proc/"141"/mounts
2026-09-15 15:53:59 +0100 CMD cat /proc/"143"/mounts
2026-09-15 15:53:59 +0100 CMD cat /proc/"144"/mounts
2026-09-15 15:53:59 +0100 CMD cat /proc/"145"/mounts
2026-09-15 15:53:59 +0100 CMD cat /proc/"146"/mounts
2026-09-15 15:53:59 +0100 CMD cat /proc/"15"/mounts
2026-09-15 15:53:59 +0100 CMD cat /proc/"1514"/mounts
2026-09-15 15:53:59 +0100 CMD cat /proc/"1519"/mounts
2026-09-15 15:53:59 +0100 CMD cat /proc/"153"/mounts
2026-09-15 15:54:00 +0100 CMD cat /proc/"1548"/mounts
2026-09-15 15:54:00 +0100 CMD cat /proc/"1553"/mounts
2026-09-15 15:54:00 +0100 CMD cat /proc/"1554"/mounts
2026-09-15 15:54:00 +0100 CMD cat /proc/"1557"/mounts
2026-09-15 15:54:00 +0100 CMD cat /proc/"1558"/mounts
2026-09-15 15:54:00 +0100 CMD cat /proc/"16"/mounts
2026-09-15 15:54:00 +0100 CMD cat /proc/"1624"/mounts
2026-09-15 15:54:00 +0100 CMD cat /proc/"1627"/mounts
2026-09-15 15:54:00 +0100 CMD cat /proc/"17603"/mounts 2> cat: /proc/17603/mounts: No such file or directory
2026-09-15 15:54:00 +0100 CMD cat /proc/"18"/mounts
2026-09-15 15:54:00 +0100 CMD cat /proc/"1811"/mounts
2026-09-15 15:54:00 +0100 CMD cat /proc/"183"/mounts
2026-09-15 15:54:00 +0100 CMD cat /proc/"184"/mounts
2026-09-15 15:54:00 +0100 CMD cat /proc/"19"/mounts
2026-09-15 15:54:00 +0100 CMD cat /proc/"2"/mounts
2026-09-15 15:54:00 +0100 CMD cat /proc/"20"/mounts
2026-09-15 15:54:00 +0100 CMD cat /proc/"21"/mounts
2026-09-15 15:54:00 +0100 CMD cat /proc/"226"/mounts
2026-09-15 15:54:00 +0100 CMD cat /proc/"2290"/mounts
2026-09-15 15:54:00 +0100 CMD cat /proc/"23"/mounts
2026-09-15 15:54:00 +0100 CMD cat /proc/"250"/mounts
2026-09-15 15:54:00 +0100 CMD cat /proc/"26"/mounts
2026-09-15 15:54:00 +0100 CMD cat /proc/"27"/mounts
2026-09-15 15:54:00 +0100 CMD cat /proc/"28"/mounts
2026-09-15 15:54:00 +0100 CMD cat /proc/"288"/mounts
2026-09-15 15:54:00 +0100 CMD cat /proc/"289"/mounts
2026-09-15 15:54:00 +0100 CMD cat /proc/"29"/mounts
2026-09-15 15:54:00 +0100 CMD cat /proc/"294"/mounts
2026-09-15 15:54:00 +0100 CMD cat /proc/"297"/mounts
2026-09-15 15:54:00 +0100 CMD cat /proc/"3"/mounts
2026-09-15 15:54:00 +0100 CMD cat /proc/"30"/mounts
2026-09-15 15:54:00 +0100 CMD cat /proc/"32"/mounts
2026-09-15 15:54:00 +0100 CMD cat /proc/"33"/mounts
2026-09-15 15:54:00 +0100 CMD cat /proc/"34"/mounts
2026-09-15 15:54:00 +0100 CMD cat /proc/"344"/mounts
2026-09-15 15:54:00 +0100 CMD cat /proc/"36"/mounts
2026-09-15 15:54:00 +0100 CMD cat /proc/"37"/mounts
2026-09-15 15:54:00 +0100 CMD cat /proc/"3735"/mounts
2026-09-15 15:54:00 +0100 CMD cat /proc/"38"/mounts
2026-09-15 15:54:00 +0100 CMD cat /proc/"39"/mounts
2026-09-15 15:54:00 +0100 CMD cat /proc/"4"/mounts
2026-09-15 15:54:00 +0100 CMD cat /proc/"40"/mounts
2026-09-15 15:54:00 +0100 CMD cat /proc/"41"/mounts
2026-09-15 15:54:00 +0100 CMD cat /proc/"42"/mounts
2026-09-15 15:54:00 +0100 CMD cat /proc/"43"/mounts
2026-09-15 15:54:00 +0100 CMD cat /proc/"44"/mounts
2026-09-15 15:54:00 +0100 CMD cat /proc/"467"/mounts
2026-09-15 15:54:00 +0100 CMD cat /proc/"470"/mounts
2026-09-15 15:54:00 +0100 CMD cat /proc/"474"/mounts
2026-09-15 15:54:00 +0100 CMD cat /proc/"475"/mounts
2026-09-15 15:54:00 +0100 CMD cat /proc/"5"/mounts
2026-09-15 15:54:00 +0100 CMD cat /proc/"50"/mounts
2026-09-15 15:54:00 +0100 CMD cat /proc/"515"/mounts
2026-09-15 15:54:00 +0100 CMD cat /proc/"516"/mounts
2026-09-15 15:54:00 +0100 CMD cat /proc/"52"/mounts
2026-09-15 15:54:00 +0100 CMD cat /proc/"521"/mounts
2026-09-15 15:54:00 +0100 CMD cat /proc/"54"/mounts
2026-09-15 15:54:00 +0100 CMD cat /proc/"55"/mounts
2026-09-15 15:54:00 +0100 CMD cat /proc/"6"/mounts
2026-09-15 15:54:00 +0100 CMD cat /proc/"60"/mounts
2026-09-15 15:54:00 +0100 CMD cat /proc/"612"/mounts
2026-09-15 15:54:00 +0100 CMD cat /proc/"629"/mounts
2026-09-15 15:54:00 +0100 CMD cat /proc/"65"/mounts
2026-09-15 15:54:00 +0100 CMD cat /proc/"66"/mounts
2026-09-15 15:54:01 +0100 CMD cat /proc/"763"/mounts
2026-09-15 15:54:01 +0100 CMD cat /proc/"764"/mounts
2026-09-15 15:54:01 +0100 CMD cat /proc/"770"/mounts
2026-09-15 15:54:01 +0100 CMD for pid in /proc/[0-9]*; do echo ${pid} | sed -e 's:/proc/::'; done
2026-09-15 15:54:01 +0100 CMD cat /proc/"1"/stack
2026-09-15 15:54:01 +0100 CMD cat /proc/"10"/stack
2026-09-15 15:54:01 +0100 CMD cat /proc/"11"/stack
2026-09-15 15:54:01 +0100 CMD cat /proc/"110"/stack
2026-09-15 15:54:01 +0100 CMD cat /proc/"12"/stack
2026-09-15 15:54:01 +0100 CMD cat /proc/"1271"/stack
2026-09-15 15:54:01 +0100 CMD cat /proc/"1294"/stack
2026-09-15 15:54:01 +0100 CMD cat /proc/"13"/stack
2026-09-15 15:54:01 +0100 CMD cat /proc/"137"/stack
2026-09-15 15:54:01 +0100 CMD cat /proc/"138"/stack
2026-09-15 15:54:01 +0100 CMD cat /proc/"139"/stack
2026-09-15 15:54:01 +0100 CMD cat /proc/"14"/stack
2026-09-15 15:54:01 +0100 CMD cat /proc/"141"/stack
2026-09-15 15:54:01 +0100 CMD cat /proc/"143"/stack
2026-09-15 15:54:01 +0100 CMD cat /proc/"144"/stack
2026-09-15 15:54:01 +0100 CMD cat /proc/"145"/stack
2026-09-15 15:54:01 +0100 CMD cat /proc/"146"/stack
2026-09-15 15:54:01 +0100 CMD cat /proc/"15"/stack
2026-09-15 15:54:01 +0100 CMD cat /proc/"1514"/stack
2026-09-15 15:54:01 +0100 CMD cat /proc/"1519"/stack
2026-09-15 15:54:01 +0100 CMD cat /proc/"153"/stack
2026-09-15 15:54:01 +0100 CMD cat /proc/"1548"/stack
2026-09-15 15:54:01 +0100 CMD cat /proc/"1553"/stack
2026-09-15 15:54:01 +0100 CMD cat /proc/"1554"/stack
2026-09-15 15:54:01 +0100 CMD cat /proc/"1557"/stack
2026-09-15 15:54:01 +0100 CMD cat /proc/"1558"/stack
2026-09-15 15:54:01 +0100 CMD cat /proc/"16"/stack
2026-09-15 15:54:01 +0100 CMD cat /proc/"1624"/stack
2026-09-15 15:54:01 +0100 CMD cat /proc/"1627"/stack
2026-09-15 15:54:01 +0100 CMD cat /proc/"18"/stack
2026-09-15 15:54:01 +0100 CMD cat /proc/"1811"/stack
2026-09-15 15:54:01 +0100 CMD cat /proc/"183"/stack
2026-09-15 15:54:01 +0100 CMD cat /proc/"184"/stack
2026-09-15 15:54:01 +0100 CMD cat /proc/"19"/stack
2026-09-15 15:54:01 +0100 CMD cat /proc/"2"/stack
2026-09-15 15:54:01 +0100 CMD cat /proc/"20"/stack
2026-09-15 15:54:01 +0100 CMD cat /proc/"20214"/stack 2> cat: /proc/20214/stack: No such file or directory
2026-09-15 15:54:01 +0100 CMD cat /proc/"21"/stack
2026-09-15 15:54:01 +0100 CMD cat /proc/"226"/stack
2026-09-15 15:54:01 +0100 CMD cat /proc/"2290"/stack
2026-09-15 15:54:01 +0100 CMD cat /proc/"23"/stack
2026-09-15 15:54:01 +0100 CMD cat /proc/"250"/stack
2026-09-15 15:54:01 +0100 CMD cat /proc/"26"/stack
2026-09-15 15:54:01 +0100 CMD cat /proc/"27"/stack
2026-09-15 15:54:01 +0100 CMD cat /proc/"28"/stack
2026-09-15 15:54:01 +0100 CMD cat /proc/"288"/stack
2026-09-15 15:54:01 +0100 CMD cat /proc/"289"/stack
2026-09-15 15:54:02 +0100 CMD cat /proc/"29"/stack
2026-09-15 15:54:02 +0100 CMD cat /proc/"294"/stack
2026-09-15 15:54:02 +0100 CMD cat /proc/"297"/stack
2026-09-15 15:54:02 +0100 CMD cat /proc/"3"/stack
2026-09-15 15:54:02 +0100 CMD cat /proc/"30"/stack
2026-09-15 15:54:02 +0100 CMD cat /proc/"32"/stack
2026-09-15 15:54:02 +0100 CMD cat /proc/"33"/stack
2026-09-15 15:54:02 +0100 CMD cat /proc/"34"/stack
2026-09-15 15:54:02 +0100 CMD cat /proc/"344"/stack
2026-09-15 15:54:02 +0100 CMD cat /proc/"36"/stack
2026-09-15 15:54:02 +0100 CMD cat /proc/"37"/stack
2026-09-15 15:54:02 +0100 CMD cat /proc/"3735"/stack
2026-09-15 15:54:02 +0100 CMD cat /proc/"38"/stack
2026-09-15 15:54:02 +0100 CMD cat /proc/"39"/stack
2026-09-15 15:54:02 +0100 CMD cat /proc/"4"/stack
2026-09-15 15:54:02 +0100 CMD cat /proc/"40"/stack
2026-09-15 15:54:02 +0100 CMD cat /proc/"41"/stack
2026-09-15 15:54:02 +0100 CMD cat /proc/"42"/stack
2026-09-15 15:54:02 +0100 CMD cat /proc/"43"/stack
2026-09-15 15:54:02 +0100 CMD cat /proc/"44"/stack
2026-09-15 15:54:02 +0100 CMD cat /proc/"467"/stack
2026-09-15 15:54:02 +0100 CMD cat /proc/"470"/stack
2026-09-15 15:54:02 +0100 CMD cat /proc/"474"/stack
2026-09-15 15:54:02 +0100 CMD cat /proc/"475"/stack
2026-09-15 15:54:02 +0100 CMD cat /proc/"5"/stack
2026-09-15 15:54:02 +0100 CMD cat /proc/"50"/stack
2026-09-15 15:54:02 +0100 CMD cat /proc/"515"/stack
2026-09-15 15:54:02 +0100 CMD cat /proc/"516"/stack
2026-09-15 15:54:02 +0100 CMD cat /proc/"52"/stack
2026-09-15 15:54:02 +0100 CMD cat /proc/"521"/stack
2026-09-15 15:54:02 +0100 CMD cat /proc/"54"/stack
2026-09-15 15:54:02 +0100 CMD cat /proc/"55"/stack
2026-09-15 15:54:02 +0100 CMD cat /proc/"6"/stack
2026-09-15 15:54:02 +0100 CMD cat /proc/"60"/stack
2026-09-15 15:54:02 +0100 CMD cat /proc/"612"/stack
2026-09-15 15:54:02 +0100 CMD cat /proc/"629"/stack
2026-09-15 15:54:02 +0100 CMD cat /proc/"65"/stack
2026-09-15 15:54:02 +0100 CMD cat /proc/"66"/stack
2026-09-15 15:54:02 +0100 CMD cat /proc/"763"/stack
2026-09-15 15:54:02 +0100 CMD cat /proc/"764"/stack
2026-09-15 15:54:02 +0100 CMD cat /proc/"770"/stack
2026-09-15 15:54:02 +0100 CMD for pid in /proc/[0-9]*; do echo ${pid} | sed -e 's:/proc/::'; done
2026-09-15 15:54:02 +0100 CMD cat /proc/"1"/stat
2026-09-15 15:54:02 +0100 CMD cat /proc/"10"/stat
2026-09-15 15:54:02 +0100 CMD cat /proc/"11"/stat
2026-09-15 15:54:02 +0100 CMD cat /proc/"110"/stat
2026-09-15 15:54:02 +0100 CMD cat /proc/"12"/stat
2026-09-15 15:54:02 +0100 CMD cat /proc/"1271"/stat
2026-09-15 15:54:02 +0100 CMD cat /proc/"1294"/stat
2026-09-15 15:54:02 +0100 CMD cat /proc/"13"/stat
2026-09-15 15:54:02 +0100 CMD cat /proc/"137"/stat
2026-09-15 15:54:02 +0100 CMD cat /proc/"138"/stat
2026-09-15 15:54:02 +0100 CMD cat /proc/"139"/stat
2026-09-15 15:54:03 +0100 CMD cat /proc/"14"/stat
2026-09-15 15:54:03 +0100 CMD cat /proc/"141"/stat
2026-09-15 15:54:03 +0100 CMD cat /proc/"143"/stat
2026-09-15 15:54:03 +0100 CMD cat /proc/"144"/stat
2026-09-15 15:54:03 +0100 CMD cat /proc/"145"/stat
2026-09-15 15:54:03 +0100 CMD cat /proc/"146"/stat
2026-09-15 15:54:03 +0100 CMD cat /proc/"15"/stat
2026-09-15 15:54:03 +0100 CMD cat /proc/"1514"/stat
2026-09-15 15:54:03 +0100 CMD cat /proc/"1519"/stat
2026-09-15 15:54:03 +0100 CMD cat /proc/"153"/stat
2026-09-15 15:54:03 +0100 CMD cat /proc/"1548"/stat
2026-09-15 15:54:03 +0100 CMD cat /proc/"1553"/stat
2026-09-15 15:54:03 +0100 CMD cat /proc/"1554"/stat
2026-09-15 15:54:03 +0100 CMD cat /proc/"1557"/stat
2026-09-15 15:54:03 +0100 CMD cat /proc/"1558"/stat
2026-09-15 15:54:03 +0100 CMD cat /proc/"16"/stat
2026-09-15 15:54:03 +0100 CMD cat /proc/"1624"/stat
2026-09-15 15:54:03 +0100 CMD cat /proc/"1627"/stat
2026-09-15 15:54:03 +0100 CMD cat /proc/"18"/stat
2026-09-15 15:54:03 +0100 CMD cat /proc/"1811"/stat
2026-09-15 15:54:03 +0100 CMD cat /proc/"183"/stat
2026-09-15 15:54:03 +0100 CMD cat /proc/"184"/stat
2026-09-15 15:54:03 +0100 CMD cat /proc/"19"/stat
2026-09-15 15:54:03 +0100 CMD cat /proc/"2"/stat
2026-09-15 15:54:03 +0100 CMD cat /proc/"20"/stat
2026-09-15 15:54:03 +0100 CMD cat /proc/"21"/stat
2026-09-15 15:54:03 +0100 CMD cat /proc/"226"/stat
2026-09-15 15:54:03 +0100 CMD cat /proc/"22825"/stat 2> cat: /proc/22825/stat: No such file or directory
2026-09-15 15:54:03 +0100 CMD cat /proc/"2290"/stat
2026-09-15 15:54:03 +0100 CMD cat /proc/"23"/stat
2026-09-15 15:54:03 +0100 CMD cat /proc/"250"/stat
2026-09-15 15:54:03 +0100 CMD cat /proc/"26"/stat
2026-09-15 15:54:03 +0100 CMD cat /proc/"27"/stat
2026-09-15 15:54:03 +0100 CMD cat /proc/"28"/stat
2026-09-15 15:54:03 +0100 CMD cat /proc/"288"/stat
2026-09-15 15:54:03 +0100 CMD cat /proc/"289"/stat
2026-09-15 15:54:03 +0100 CMD cat /proc/"29"/stat
2026-09-15 15:54:03 +0100 CMD cat /proc/"294"/stat
2026-09-15 15:54:03 +0100 CMD cat /proc/"297"/stat
2026-09-15 15:54:03 +0100 CMD cat /proc/"3"/stat
2026-09-15 15:54:03 +0100 CMD cat /proc/"30"/stat
2026-09-15 15:54:03 +0100 CMD cat /proc/"32"/stat
2026-09-15 15:54:03 +0100 CMD cat /proc/"33"/stat
2026-09-15 15:54:03 +0100 CMD cat /proc/"34"/stat
2026-09-15 15:54:03 +0100 CMD cat /proc/"344"/stat
2026-09-15 15:54:03 +0100 CMD cat /proc/"36"/stat
2026-09-15 15:54:03 +0100 CMD cat /proc/"37"/stat
2026-09-15 15:54:03 +0100 CMD cat /proc/"3735"/stat
2026-09-15 15:54:03 +0100 CMD cat /proc/"38"/stat
2026-09-15 15:54:03 +0100 CMD cat /proc/"39"/stat
2026-09-15 15:54:03 +0100 CMD cat /proc/"4"/stat
2026-09-15 15:54:03 +0100 CMD cat /proc/"40"/stat
2026-09-15 15:54:03 +0100 CMD cat /proc/"41"/stat
2026-09-15 15:54:03 +0100 CMD cat /proc/"42"/stat
2026-09-15 15:54:03 +0100 CMD cat /proc/"43"/stat
2026-09-15 15:54:03 +0100 CMD cat /proc/"44"/stat
2026-09-15 15:54:03 +0100 CMD cat /proc/"467"/stat
2026-09-15 15:54:03 +0100 CMD cat /proc/"470"/stat
2026-09-15 15:54:03 +0100 CMD cat /proc/"474"/stat
2026-09-15 15:54:03 +0100 CMD cat /proc/"475"/stat
2026-09-15 15:54:03 +0100 CMD cat /proc/"5"/stat
2026-09-15 15:54:03 +0100 CMD cat /proc/"50"/stat
2026-09-15 15:54:03 +0100 CMD cat /proc/"515"/stat
2026-09-15 15:54:03 +0100 CMD cat /proc/"516"/stat
2026-09-15 15:54:03 +0100 CMD cat /proc/"52"/stat
2026-09-15 15:54:03 +0100 CMD cat /proc/"521"/stat
2026-09-15 15:54:03 +0100 CMD cat /proc/"54"/stat
2026-09-15 15:54:04 +0100 CMD cat /proc/"55"/stat
2026-09-15 15:54:04 +0100 CMD cat /proc/"6"/stat
2026-09-15 15:54:04 +0100 CMD cat /proc/"60"/stat
2026-09-15 15:54:04 +0100 CMD cat /proc/"612"/stat
2026-09-15 15:54:04 +0100 CMD cat /proc/"629"/stat
2026-09-15 15:54:04 +0100 CMD cat /proc/"65"/stat
2026-09-15 15:54:04 +0100 CMD cat /proc/"66"/stat
2026-09-15 15:54:04 +0100 CMD cat /proc/"763"/stat
2026-09-15 15:54:04 +0100 CMD cat /proc/"764"/stat
2026-09-15 15:54:04 +0100 CMD cat /proc/"770"/stat
2026-09-15 15:54:04 +0100 CMD for pid in /proc/[0-9]*; do echo ${pid} | sed -e 's:/proc/::'; done
2026-09-15 15:54:04 +0100 CMD cat /proc/"1"/status
2026-09-15 15:54:04 +0100 CMD cat /proc/"10"/status
2026-09-15 15:54:04 +0100 CMD cat /proc/"11"/status
2026-09-15 15:54:04 +0100 CMD cat /proc/"110"/status
2026-09-15 15:54:04 +0100 CMD cat /proc/"12"/status
2026-09-15 15:54:04 +0100 CMD cat /proc/"1271"/status
2026-09-15 15:54:04 +0100 CMD cat /proc/"1294"/status
2026-09-15 15:54:04 +0100 CMD cat /proc/"13"/status
2026-09-15 15:54:04 +0100 CMD cat /proc/"137"/status
2026-09-15 15:54:04 +0100 CMD cat /proc/"138"/status
2026-09-15 15:54:04 +0100 CMD cat /proc/"139"/status
2026-09-15 15:54:04 +0100 CMD cat /proc/"14"/status
2026-09-15 15:54:04 +0100 CMD cat /proc/"141"/status
2026-09-15 15:54:04 +0100 CMD cat /proc/"143"/status
2026-09-15 15:54:04 +0100 CMD cat /proc/"144"/status
2026-09-15 15:54:04 +0100 CMD cat /proc/"145"/status
2026-09-15 15:54:04 +0100 CMD cat /proc/"146"/status
2026-09-15 15:54:04 +0100 CMD cat /proc/"15"/status
2026-09-15 15:54:04 +0100 CMD cat /proc/"1514"/status
2026-09-15 15:54:04 +0100 CMD cat /proc/"1519"/status
2026-09-15 15:54:04 +0100 CMD cat /proc/"153"/status
2026-09-15 15:54:04 +0100 CMD cat /proc/"1548"/status
2026-09-15 15:54:04 +0100 CMD cat /proc/"1553"/status
2026-09-15 15:54:04 +0100 CMD cat /proc/"1554"/status
2026-09-15 15:54:04 +0100 CMD cat /proc/"1557"/status
2026-09-15 15:54:04 +0100 CMD cat /proc/"1558"/status
2026-09-15 15:54:04 +0100 CMD cat /proc/"16"/status
2026-09-15 15:54:04 +0100 CMD cat /proc/"1624"/status
2026-09-15 15:54:04 +0100 CMD cat /proc/"1627"/status
2026-09-15 15:54:04 +0100 CMD cat /proc/"18"/status
2026-09-15 15:54:04 +0100 CMD cat /proc/"1811"/status
2026-09-15 15:54:04 +0100 CMD cat /proc/"183"/status
2026-09-15 15:54:04 +0100 CMD cat /proc/"184"/status
2026-09-15 15:54:04 +0100 CMD cat /proc/"19"/status
2026-09-15 15:54:04 +0100 CMD cat /proc/"2"/status
2026-09-15 15:54:04 +0100 CMD cat /proc/"20"/status
2026-09-15 15:54:04 +0100 CMD cat /proc/"21"/status
2026-09-15 15:54:04 +0100 CMD cat /proc/"226"/status
2026-09-15 15:54:04 +0100 CMD cat /proc/"2290"/status
2026-09-15 15:54:04 +0100 CMD cat /proc/"23"/status
2026-09-15 15:54:04 +0100 CMD cat /proc/"250"/status
2026-09-15 15:54:05 +0100 CMD cat /proc/"25436"/status 2> cat: /proc/25436/status: No such file or directory
2026-09-15 15:54:05 +0100 CMD cat /proc/"26"/status
2026-09-15 15:54:05 +0100 CMD cat /proc/"27"/status
2026-09-15 15:54:05 +0100 CMD cat /proc/"28"/status
2026-09-15 15:54:05 +0100 CMD cat /proc/"288"/status
2026-09-15 15:54:05 +0100 CMD cat /proc/"289"/status
2026-09-15 15:54:05 +0100 CMD cat /proc/"29"/status
2026-09-15 15:54:05 +0100 CMD cat /proc/"294"/status
2026-09-15 15:54:05 +0100 CMD cat /proc/"297"/status
2026-09-15 15:54:05 +0100 CMD cat /proc/"3"/status
2026-09-15 15:54:05 +0100 CMD cat /proc/"30"/status
2026-09-15 15:54:05 +0100 CMD cat /proc/"32"/status
2026-09-15 15:54:05 +0100 CMD cat /proc/"33"/status
2026-09-15 15:54:05 +0100 CMD cat /proc/"34"/status
2026-09-15 15:54:05 +0100 CMD cat /proc/"344"/status
2026-09-15 15:54:05 +0100 CMD cat /proc/"36"/status
2026-09-15 15:54:05 +0100 CMD cat /proc/"37"/status
2026-09-15 15:54:05 +0100 CMD cat /proc/"3735"/status
2026-09-15 15:54:05 +0100 CMD cat /proc/"38"/status
2026-09-15 15:54:05 +0100 CMD cat /proc/"39"/status
2026-09-15 15:54:05 +0100 CMD cat /proc/"4"/status
2026-09-15 15:54:05 +0100 CMD cat /proc/"40"/status
2026-09-15 15:54:05 +0100 CMD cat /proc/"41"/status
2026-09-15 15:54:05 +0100 CMD cat /proc/"42"/status
2026-09-15 15:54:05 +0100 CMD cat /proc/"43"/status
2026-09-15 15:54:05 +0100 CMD cat /proc/"44"/status
2026-09-15 15:54:05 +0100 CMD cat /proc/"467"/status
2026-09-15 15:54:05 +0100 CMD cat /proc/"470"/status
2026-09-15 15:54:05 +0100 CMD cat /proc/"474"/status
2026-09-15 15:54:05 +0100 CMD cat /proc/"475"/status
2026-09-15 15:54:05 +0100 CMD cat /proc/"5"/status
2026-09-15 15:54:05 +0100 CMD cat /proc/"50"/status
2026-09-15 15:54:05 +0100 CMD cat /proc/"515"/status
2026-09-15 15:54:05 +0100 CMD cat /proc/"516"/status
2026-09-15 15:54:05 +0100 CMD cat /proc/"52"/status
2026-09-15 15:54:05 +0100 CMD cat /proc/"521"/status
2026-09-15 15:54:05 +0100 CMD cat /proc/"54"/status
2026-09-15 15:54:05 +0100 CMD cat /proc/"55"/status
2026-09-15 15:54:05 +0100 CMD cat /proc/"6"/status
2026-09-15 15:54:05 +0100 CMD cat /proc/"60"/status
2026-09-15 15:54:05 +0100 CMD cat /proc/"612"/status
2026-09-15 15:54:05 +0100 CMD cat /proc/"629"/status
2026-09-15 15:54:05 +0100 CMD cat /proc/"65"/status
2026-09-15 15:54:05 +0100 CMD cat /proc/"66"/status
2026-09-15 15:54:05 +0100 CMD cat /proc/"763"/status
2026-09-15 15:54:05 +0100 CMD cat /proc/"764"/status
2026-09-15 15:54:05 +0100 CMD cat /proc/"770"/status
2026-09-15 15:54:05 +0100 CMD for pid in /proc/[0-9]*; do echo ${pid} | sed -e 's:/proc/::'; done
2026-09-15 15:54:05 +0100 CMD cat /proc/"1"/net/unix
2026-09-15 15:54:05 +0100 CMD cat /proc/"10"/net/unix
2026-09-15 15:54:05 +0100 CMD cat /proc/"11"/net/unix
2026-09-15 15:54:06 +0100 CMD cat /proc/"110"/net/unix
2026-09-15 15:54:06 +0100 CMD cat /proc/"12"/net/unix
2026-09-15 15:54:06 +0100 CMD cat /proc/"1271"/net/unix
2026-09-15 15:54:06 +0100 CMD cat /proc/"1294"/net/unix
2026-09-15 15:54:06 +0100 CMD cat /proc/"13"/net/unix
2026-09-15 15:54:06 +0100 CMD cat /proc/"137"/net/unix
2026-09-15 15:54:06 +0100 CMD cat /proc/"138"/net/unix
2026-09-15 15:54:06 +0100 CMD cat /proc/"139"/net/unix
2026-09-15 15:54:06 +0100 CMD cat /proc/"14"/net/unix
2026-09-15 15:54:06 +0100 CMD cat /proc/"141"/net/unix
2026-09-15 15:54:06 +0100 CMD cat /proc/"143"/net/unix
2026-09-15 15:54:06 +0100 CMD cat /proc/"144"/net/unix
2026-09-15 15:54:06 +0100 CMD cat /proc/"145"/net/unix
2026-09-15 15:54:06 +0100 CMD cat /proc/"146"/net/unix
2026-09-15 15:54:06 +0100 CMD cat /proc/"15"/net/unix
2026-09-15 15:54:06 +0100 CMD cat /proc/"1514"/net/unix
2026-09-15 15:54:06 +0100 CMD cat /proc/"1519"/net/unix
2026-09-15 15:54:06 +0100 CMD cat /proc/"153"/net/unix
2026-09-15 15:54:06 +0100 CMD cat /proc/"1548"/net/unix
2026-09-15 15:54:06 +0100 CMD cat /proc/"1553"/net/unix
2026-09-15 15:54:06 +0100 CMD cat /proc/"1554"/net/unix
2026-09-15 15:54:06 +0100 CMD cat /proc/"1557"/net/unix
2026-09-15 15:54:06 +0100 CMD cat /proc/"1558"/net/unix
2026-09-15 15:54:06 +0100 CMD cat /proc/"16"/net/unix
2026-09-15 15:54:06 +0100 CMD cat /proc/"1624"/net/unix
2026-09-15 15:54:06 +0100 CMD cat /proc/"1627"/net/unix
2026-09-15 15:54:06 +0100 CMD cat /proc/"18"/net/unix
2026-09-15 15:54:06 +0100 CMD cat /proc/"1811"/net/unix
2026-09-15 15:54:06 +0100 CMD cat /proc/"183"/net/unix
2026-09-15 15:54:06 +0100 CMD cat /proc/"184"/net/unix
2026-09-15 15:54:06 +0100 CMD cat /proc/"19"/net/unix
2026-09-15 15:54:06 +0100 CMD cat /proc/"2"/net/unix
2026-09-15 15:54:06 +0100 CMD cat /proc/"20"/net/unix
2026-09-15 15:54:06 +0100 CMD cat /proc/"21"/net/unix
2026-09-15 15:54:06 +0100 CMD cat /proc/"226"/net/unix
2026-09-15 15:54:06 +0100 CMD cat /proc/"2290"/net/unix
2026-09-15 15:54:06 +0100 CMD cat /proc/"23"/net/unix
2026-09-15 15:54:06 +0100 CMD cat /proc/"250"/net/unix
2026-09-15 15:54:06 +0100 CMD cat /proc/"26"/net/unix
2026-09-15 15:54:06 +0100 CMD cat /proc/"27"/net/unix
2026-09-15 15:54:06 +0100 CMD cat /proc/"28"/net/unix
2026-09-15 15:54:06 +0100 CMD cat /proc/"28047"/net/unix 2> cat: /proc/28047/net/unix: No such file or directory
2026-09-15 15:54:06 +0100 CMD cat /proc/"288"/net/unix
2026-09-15 15:54:06 +0100 CMD cat /proc/"289"/net/unix
2026-09-15 15:54:06 +0100 CMD cat /proc/"29"/net/unix
2026-09-15 15:54:06 +0100 CMD cat /proc/"294"/net/unix
2026-09-15 15:54:06 +0100 CMD cat /proc/"297"/net/unix
2026-09-15 15:54:06 +0100 CMD cat /proc/"3"/net/unix
2026-09-15 15:54:06 +0100 CMD cat /proc/"30"/net/unix
2026-09-15 15:54:06 +0100 CMD cat /proc/"32"/net/unix
2026-09-15 15:54:06 +0100 CMD cat /proc/"33"/net/unix
2026-09-15 15:54:06 +0100 CMD cat /proc/"34"/net/unix
2026-09-15 15:54:06 +0100 CMD cat /proc/"344"/net/unix
2026-09-15 15:54:06 +0100 CMD cat /proc/"36"/net/unix
2026-09-15 15:54:06 +0100 CMD cat /proc/"37"/net/unix
2026-09-15 15:54:06 +0100 CMD cat /proc/"3735"/net/unix
2026-09-15 15:54:07 +0100 CMD cat /proc/"38"/net/unix
2026-09-15 15:54:07 +0100 CMD cat /proc/"39"/net/unix
2026-09-15 15:54:07 +0100 CMD cat /proc/"4"/net/unix
2026-09-15 15:54:07 +0100 CMD cat /proc/"40"/net/unix
2026-09-15 15:54:07 +0100 CMD cat /proc/"41"/net/unix
2026-09-15 15:54:07 +0100 CMD cat /proc/"42"/net/unix
2026-09-15 15:54:07 +0100 CMD cat /proc/"43"/net/unix
2026-09-15 15:54:07 +0100 CMD cat /proc/"44"/net/unix
2026-09-15 15:54:07 +0100 CMD cat /proc/"467"/net/unix
2026-09-15 15:54:07 +0100 CMD cat /proc/"470"/net/unix
2026-09-15 15:54:07 +0100 CMD cat /proc/"474"/net/unix
2026-09-15 15:54:07 +0100 CMD cat /proc/"475"/net/unix
2026-09-15 15:54:07 +0100 CMD cat /proc/"5"/net/unix
2026-09-15 15:54:07 +0100 CMD cat /proc/"50"/net/unix
2026-09-15 15:54:07 +0100 CMD cat /proc/"515"/net/unix
2026-09-15 15:54:07 +0100 CMD cat /proc/"516"/net/unix
2026-09-15 15:54:07 +0100 CMD cat /proc/"52"/net/unix
2026-09-15 15:54:07 +0100 CMD cat /proc/"521"/net/unix
2026-09-15 15:54:07 +0100 CMD cat /proc/"54"/net/unix
2026-09-15 15:54:07 +0100 CMD cat /proc/"55"/net/unix
2026-09-15 15:54:07 +0100 CMD cat /proc/"6"/net/unix
2026-09-15 15:54:07 +0100 CMD cat /proc/"60"/net/unix
2026-09-15 15:54:07 +0100 CMD cat /proc/"612"/net/unix
2026-09-15 15:54:07 +0100 CMD cat /proc/"629"/net/unix
2026-09-15 15:54:07 +0100 CMD cat /proc/"65"/net/unix
2026-09-15 15:54:07 +0100 CMD cat /proc/"66"/net/unix
2026-09-15 15:54:07 +0100 CMD cat /proc/"763"/net/unix
2026-09-15 15:54:07 +0100 CMD cat /proc/"764"/net/unix
2026-09-15 15:54:07 +0100 CMD cat /proc/"770"/net/unix
2026-09-15 15:54:07 +0100 CMD ps ax
2026-09-15 15:54:07 +0100 CMD for pid in /proc/[0-9]*; do echo ${pid} | sed -e 's:/proc/::'; done
2026-09-15 15:54:07 +0100 CMD if ps ax | awk '{print $1}' | grep -q "1"; then true; else echo "1"; fi
2026-09-15 15:54:07 +0100 CMD if ps ax | awk '{print $1}' | grep -q "10"; then true; else echo "10"; fi
2026-09-15 15:54:07 +0100 CMD if ps ax | awk '{print $1}' | grep -q "11"; then true; else echo "11"; fi
2026-09-15 15:54:07 +0100 CMD if ps ax | awk '{print $1}' | grep -q "110"; then true; else echo "110"; fi
2026-09-15 15:54:07 +0100 CMD if ps ax | awk '{print $1}' | grep -q "12"; then true; else echo "12"; fi
2026-09-15 15:54:07 +0100 CMD if ps ax | awk '{print $1}' | grep -q "1271"; then true; else echo "1271"; fi
2026-09-15 15:54:07 +0100 CMD if ps ax | awk '{print $1}' | grep -q "1294"; then true; else echo "1294"; fi
2026-09-15 15:54:07 +0100 CMD if ps ax | awk '{print $1}' | grep -q "13"; then true; else echo "13"; fi
2026-09-15 15:54:07 +0100 CMD if ps ax | awk '{print $1}' | grep -q "137"; then true; else echo "137"; fi
2026-09-15 15:54:07 +0100 CMD if ps ax | awk '{print $1}' | grep -q "138"; then true; else echo "138"; fi
2026-09-15 15:54:07 +0100 CMD if ps ax | awk '{print $1}' | grep -q "139"; then true; else echo "139"; fi
2026-09-15 15:54:07 +0100 CMD if ps ax | awk '{print $1}' | grep -q "14"; then true; else echo "14"; fi
2026-09-15 15:54:07 +0100 CMD if ps ax | awk '{print $1}' | grep -q "141"; then true; else echo "141"; fi
2026-09-15 15:54:08 +0100 CMD if ps ax | awk '{print $1}' | grep -q "143"; then true; else echo "143"; fi
2026-09-15 15:54:08 +0100 CMD if ps ax | awk '{print $1}' | grep -q "144"; then true; else echo "144"; fi
2026-09-15 15:54:08 +0100 CMD if ps ax | awk '{print $1}' | grep -q "145"; then true; else echo "145"; fi
2026-09-15 15:54:08 +0100 CMD if ps ax | awk '{print $1}' | grep -q "146"; then true; else echo "146"; fi
2026-09-15 15:54:08 +0100 CMD if ps ax | awk '{print $1}' | grep -q "15"; then true; else echo "15"; fi
2026-09-15 15:54:08 +0100 CMD if ps ax | awk '{print $1}' | grep -q "1514"; then true; else echo "1514"; fi
2026-09-15 15:54:08 +0100 CMD if ps ax | awk '{print $1}' | grep -q "1519"; then true; else echo "1519"; fi
2026-09-15 15:54:08 +0100 CMD if ps ax | awk '{print $1}' | grep -q "153"; then true; else echo "153"; fi
2026-09-15 15:54:08 +0100 CMD if ps ax | awk '{print $1}' | grep -q "1548"; then true; else echo "1548"; fi
2026-09-15 15:54:08 +0100 CMD if ps ax | awk '{print $1}' | grep -q "1553"; then true; else echo "1553"; fi
2026-09-15 15:54:08 +0100 CMD if ps ax | awk '{print $1}' | grep -q "1554"; then true; else echo "1554"; fi
2026-09-15 15:54:08 +0100 CMD if ps ax | awk '{print $1}' | grep -q "1557"; then true; else echo "1557"; fi
2026-09-15 15:54:08 +0100 CMD if ps ax | awk '{print $1}' | grep -q "1558"; then true; else echo "1558"; fi
2026-09-15 15:54:08 +0100 CMD if ps ax | awk '{print $1}' | grep -q "16"; then true; else echo "16"; fi
2026-09-15 15:54:08 +0100 CMD if ps ax | awk '{print $1}' | grep -q "1624"; then true; else echo "1624"; fi
2026-09-15 15:54:08 +0100 CMD if ps ax | awk '{print $1}' | grep -q "1627"; then true; else echo "1627"; fi
2026-09-15 15:54:08 +0100 CMD if ps ax | awk '{print $1}' | grep -q "18"; then true; else echo "18"; fi
2026-09-15 15:54:08 +0100 CMD if ps ax | awk '{print $1}' | grep -q "1811"; then true; else echo "1811"; fi
2026-09-15 15:54:08 +0100 CMD if ps ax | awk '{print $1}' | grep -q "183"; then true; else echo "183"; fi
2026-09-15 15:54:08 +0100 CMD if ps ax | awk '{print $1}' | grep -q "184"; then true; else echo "184"; fi
2026-09-15 15:54:08 +0100 CMD if ps ax | awk '{print $1}' | grep -q "19"; then true; else echo "19"; fi
2026-09-15 15:54:08 +0100 CMD if ps ax | awk '{print $1}' | grep -q "2"; then true; else echo "2"; fi
2026-09-15 15:54:08 +0100 CMD if ps ax | awk '{print $1}' | grep -q "20"; then true; else echo "20"; fi
2026-09-15 15:54:08 +0100 CMD if ps ax | awk '{print $1}' | grep -q "21"; then true; else echo "21"; fi
2026-09-15 15:54:08 +0100 CMD if ps ax | awk '{print $1}' | grep -q "226"; then true; else echo "226"; fi
2026-09-15 15:54:08 +0100 CMD if ps ax | awk '{print $1}' | grep -q "2290"; then true; else echo "2290"; fi
2026-09-15 15:54:08 +0100 CMD if ps ax | awk '{print $1}' | grep -q "23"; then true; else echo "23"; fi
2026-09-15 15:54:08 +0100 CMD if ps ax | awk '{print $1}' | grep -q "250"; then true; else echo "250"; fi
2026-09-15 15:54:08 +0100 CMD if ps ax | awk '{print $1}' | grep -q "26"; then true; else echo "26"; fi
2026-09-15 15:54:08 +0100 CMD if ps ax | awk '{print $1}' | grep -q "27"; then true; else echo "27"; fi
2026-09-15 15:54:08 +0100 CMD if ps ax | awk '{print $1}' | grep -q "28"; then true; else echo "28"; fi
2026-09-15 15:54:08 +0100 CMD if ps ax | awk '{print $1}' | grep -q "288"; then true; else echo "288"; fi
2026-09-15 15:54:08 +0100 CMD if ps ax | awk '{print $1}' | grep -q "289"; then true; else echo "289"; fi
2026-09-15 15:54:08 +0100 CMD if ps ax | awk '{print $1}' | grep -q "29"; then true; else echo "29"; fi
2026-09-15 15:54:08 +0100 CMD if ps ax | awk '{print $1}' | grep -q "294"; then true; else echo "294"; fi
2026-09-15 15:54:08 +0100 CMD if ps ax | awk '{print $1}' | grep -q "297"; then true; else echo "297"; fi
2026-09-15 15:54:08 +0100 CMD if ps ax | awk '{print $1}' | grep -q "3"; then true; else echo "3"; fi
2026-09-15 15:54:08 +0100 CMD if ps ax | awk '{print $1}' | grep -q "30"; then true; else echo "30"; fi
2026-09-15 15:54:08 +0100 CMD if ps ax | awk '{print $1}' | grep -q "30754"; then true; else echo "30754"; fi
2026-09-15 15:54:08 +0100 CMD if ps ax | awk '{print $1}' | grep -q "32"; then true; else echo "32"; fi
2026-09-15 15:54:08 +0100 CMD if ps ax | awk '{print $1}' | grep -q "33"; then true; else echo "33"; fi
2026-09-15 15:54:09 +0100 CMD if ps ax | awk '{print $1}' | grep -q "34"; then true; else echo "34"; fi
2026-09-15 15:54:09 +0100 CMD if ps ax | awk '{print $1}' | grep -q "344"; then true; else echo "344"; fi
2026-09-15 15:54:09 +0100 CMD if ps ax | awk '{print $1}' | grep -q "36"; then true; else echo "36"; fi
2026-09-15 15:54:09 +0100 CMD if ps ax | awk '{print $1}' | grep -q "37"; then true; else echo "37"; fi
2026-09-15 15:54:09 +0100 CMD if ps ax | awk '{print $1}' | grep -q "3735"; then true; else echo "3735"; fi
2026-09-15 15:54:09 +0100 CMD if ps ax | awk '{print $1}' | grep -q "38"; then true; else echo "38"; fi
2026-09-15 15:54:09 +0100 CMD if ps ax | awk '{print $1}' | grep -q "39"; then true; else echo "39"; fi
2026-09-15 15:54:09 +0100 CMD if ps ax | awk '{print $1}' | grep -q "4"; then true; else echo "4"; fi
2026-09-15 15:54:09 +0100 CMD if ps ax | awk '{print $1}' | grep -q "40"; then true; else echo "40"; fi
2026-09-15 15:54:09 +0100 CMD if ps ax | awk '{print $1}' | grep -q "41"; then true; else echo "41"; fi
2026-09-15 15:54:09 +0100 CMD if ps ax | awk '{print $1}' | grep -q "42"; then true; else echo "42"; fi
2026-09-15 15:54:09 +0100 CMD if ps ax | awk '{print $1}' | grep -q "43"; then true; else echo "43"; fi
2026-09-15 15:54:09 +0100 CMD if ps ax | awk '{print $1}' | grep -q "44"; then true; else echo "44"; fi
2026-09-15 15:54:09 +0100 CMD if ps ax | awk '{print $1}' | grep -q "467"; then true; else echo "467"; fi
2026-09-15 15:54:09 +0100 CMD if ps ax | awk '{print $1}' | grep -q "470"; then true; else echo "470"; fi
2026-09-15 15:54:09 +0100 CMD if ps ax | awk '{print $1}' | grep -q "474"; then true; else echo "474"; fi
2026-09-15 15:54:09 +0100 CMD if ps ax | awk '{print $1}' | grep -q "475"; then true; else echo "475"; fi
2026-09-15 15:54:09 +0100 CMD if ps ax | awk '{print $1}' | grep -q "5"; then true; else echo "5"; fi
2026-09-15 15:54:09 +0100 CMD if ps ax | awk '{print $1}' | grep -q "50"; then true; else echo "50"; fi
2026-09-15 15:54:09 +0100 CMD if ps ax | awk '{print $1}' | grep -q "515"; then true; else echo "515"; fi
2026-09-15 15:54:09 +0100 CMD if ps ax | awk '{print $1}' | grep -q "516"; then true; else echo "516"; fi
2026-09-15 15:54:09 +0100 CMD if ps ax | awk '{print $1}' | grep -q "52"; then true; else echo "52"; fi
2026-09-15 15:54:09 +0100 CMD if ps ax | awk '{print $1}' | grep -q "521"; then true; else echo "521"; fi
2026-09-15 15:54:09 +0100 CMD if ps ax | awk '{print $1}' | grep -q "54"; then true; else echo "54"; fi
2026-09-15 15:54:09 +0100 CMD if ps ax | awk '{print $1}' | grep -q "55"; then true; else echo "55"; fi
2026-09-15 15:54:09 +0100 CMD if ps ax | awk '{print $1}' | grep -q "6"; then true; else echo "6"; fi
2026-09-15 15:54:09 +0100 CMD if ps ax | awk '{print $1}' | grep -q "60"; then true; else echo "60"; fi
2026-09-15 15:54:09 +0100 CMD if ps ax | awk '{print $1}' | grep -q "612"; then true; else echo "612"; fi
2026-09-15 15:54:09 +0100 CMD if ps ax | awk '{print $1}' | grep -q "629"; then true; else echo "629"; fi
2026-09-15 15:54:09 +0100 CMD if ps ax | awk '{print $1}' | grep -q "65"; then true; else echo "65"; fi
2026-09-15 15:54:09 +0100 CMD if ps ax | awk '{print $1}' | grep -q "66"; then true; else echo "66"; fi
2026-09-15 15:54:09 +0100 CMD if ps ax | awk '{print $1}' | grep -q "763"; then true; else echo "763"; fi
2026-09-15 15:54:09 +0100 CMD if ps ax | awk '{print $1}' | grep -q "764"; then true; else echo "764"; fi
2026-09-15 15:54:09 +0100 CMD if ps ax | awk '{print $1}' | grep -q "770"; then true; else echo "770"; fi
2026-09-15 15:54:09 +0100 CMD if ps ax; then false; fi
2026-09-15 15:54:09 +0100 INF Condition 'if ps ax; then false; fi' not satisfied. Skipping...
2026-09-15 15:54:09 +0100 CMD command_exists "strings"
2026-09-15 15:54:09 +0100 INF Condition 'command_exists "strings"' not satisfied. Skipping...
2026-09-15 15:54:09 +0100 CMD command_exists "strings"
2026-09-15 15:54:09 +0100 INF Condition 'command_exists "strings"' not satisfied. Skipping...
2026-09-15 15:54:09 +0100 CMD command_exists "strings"
2026-09-15 15:54:09 +0100 CMD for pid in /proc/[0-9]*; do echo ${pid} | sed -e 's:/proc/::'; done
2026-09-15 15:54:09 +0100 CMD strings.sh /proc/"1"/cmdline
2026-09-15 15:54:09 +0100 CMD strings.sh /proc/"10"/cmdline
2026-09-15 15:54:09 +0100 CMD strings.sh /proc/"11"/cmdline
2026-09-15 15:54:09 +0100 CMD strings.sh /proc/"110"/cmdline
2026-09-15 15:54:09 +0100 CMD strings.sh /proc/"12"/cmdline
2026-09-15 15:54:09 +0100 CMD strings.sh /proc/"1271"/cmdline
2026-09-15 15:54:10 +0100 CMD strings.sh /proc/"1294"/cmdline
2026-09-15 15:54:10 +0100 CMD strings.sh /proc/"13"/cmdline
2026-09-15 15:54:10 +0100 CMD strings.sh /proc/"137"/cmdline
2026-09-15 15:54:10 +0100 CMD strings.sh /proc/"138"/cmdline
2026-09-15 15:54:10 +0100 CMD strings.sh /proc/"139"/cmdline
2026-09-15 15:54:10 +0100 CMD strings.sh /proc/"14"/cmdline
2026-09-15 15:54:10 +0100 CMD strings.sh /proc/"141"/cmdline
2026-09-15 15:54:10 +0100 CMD strings.sh /proc/"143"/cmdline
2026-09-15 15:54:10 +0100 CMD strings.sh /proc/"144"/cmdline
2026-09-15 15:54:10 +0100 CMD strings.sh /proc/"145"/cmdline
2026-09-15 15:54:10 +0100 CMD strings.sh /proc/"146"/cmdline
2026-09-15 15:54:10 +0100 CMD strings.sh /proc/"15"/cmdline
2026-09-15 15:54:10 +0100 CMD strings.sh /proc/"1514"/cmdline
2026-09-15 15:54:10 +0100 CMD strings.sh /proc/"1519"/cmdline
2026-09-15 15:54:10 +0100 CMD strings.sh /proc/"153"/cmdline
2026-09-15 15:54:10 +0100 CMD strings.sh /proc/"1548"/cmdline
2026-09-15 15:54:10 +0100 CMD strings.sh /proc/"1553"/cmdline
2026-09-15 15:54:10 +0100 CMD strings.sh /proc/"1554"/cmdline
2026-09-15 15:54:10 +0100 CMD strings.sh /proc/"1557"/cmdline
2026-09-15 15:54:10 +0100 CMD strings.sh /proc/"1558"/cmdline
2026-09-15 15:54:10 +0100 CMD strings.sh /proc/"16"/cmdline
2026-09-15 15:54:10 +0100 CMD strings.sh /proc/"1624"/cmdline
2026-09-15 15:54:10 +0100 CMD strings.sh /proc/"1627"/cmdline
2026-09-15 15:54:10 +0100 CMD strings.sh /proc/"18"/cmdline
2026-09-15 15:54:10 +0100 CMD strings.sh /proc/"1811"/cmdline
2026-09-15 15:54:10 +0100 CMD strings.sh /proc/"183"/cmdline
2026-09-15 15:54:10 +0100 CMD strings.sh /proc/"184"/cmdline
2026-09-15 15:54:10 +0100 CMD strings.sh /proc/"19"/cmdline
2026-09-15 15:54:10 +0100 CMD strings.sh /proc/"2"/cmdline
2026-09-15 15:54:10 +0100 CMD strings.sh /proc/"20"/cmdline
2026-09-15 15:54:10 +0100 CMD strings.sh /proc/"21"/cmdline
2026-09-15 15:54:10 +0100 CMD strings.sh /proc/"226"/cmdline
2026-09-15 15:54:10 +0100 CMD strings.sh /proc/"2290"/cmdline
2026-09-15 15:54:10 +0100 CMD strings.sh /proc/"23"/cmdline
2026-09-15 15:54:10 +0100 CMD strings.sh /proc/"250"/cmdline
2026-09-15 15:54:10 +0100 CMD strings.sh /proc/"26"/cmdline
2026-09-15 15:54:10 +0100 CMD strings.sh /proc/"27"/cmdline
2026-09-15 15:54:10 +0100 CMD strings.sh /proc/"28"/cmdline
2026-09-15 15:54:10 +0100 CMD strings.sh /proc/"288"/cmdline
2026-09-15 15:54:10 +0100 CMD strings.sh /proc/"289"/cmdline
2026-09-15 15:54:10 +0100 CMD strings.sh /proc/"29"/cmdline
2026-09-15 15:54:10 +0100 CMD strings.sh /proc/"294"/cmdline
2026-09-15 15:54:10 +0100 CMD strings.sh /proc/"297"/cmdline
2026-09-15 15:54:10 +0100 CMD strings.sh /proc/"3"/cmdline
2026-09-15 15:54:10 +0100 CMD strings.sh /proc/"30"/cmdline
2026-09-15 15:54:10 +0100 CMD strings.sh /proc/"32"/cmdline
2026-09-15 15:54:10 +0100 CMD strings.sh /proc/"33"/cmdline
2026-09-15 15:54:10 +0100 CMD strings.sh /proc/"33728"/cmdline 2> Error: File '/proc/33728/cmdline' not found or not a regular file
2026-09-15 15:54:10 +0100 CMD strings.sh /proc/"34"/cmdline
2026-09-15 15:54:10 +0100 CMD strings.sh /proc/"344"/cmdline
2026-09-15 15:54:10 +0100 CMD strings.sh /proc/"36"/cmdline
2026-09-15 15:54:10 +0100 CMD strings.sh /proc/"37"/cmdline
2026-09-15 15:54:10 +0100 CMD strings.sh /proc/"3735"/cmdline
2026-09-15 15:54:10 +0100 CMD strings.sh /proc/"38"/cmdline
2026-09-15 15:54:10 +0100 CMD strings.sh /proc/"39"/cmdline
2026-09-15 15:54:10 +0100 CMD strings.sh /proc/"4"/cmdline
2026-09-15 15:54:10 +0100 CMD strings.sh /proc/"40"/cmdline
2026-09-15 15:54:10 +0100 CMD strings.sh /proc/"41"/cmdline
2026-09-15 15:54:10 +0100 CMD strings.sh /proc/"42"/cmdline
2026-09-15 15:54:11 +0100 CMD strings.sh /proc/"43"/cmdline
2026-09-15 15:54:11 +0100 CMD strings.sh /proc/"44"/cmdline
2026-09-15 15:54:11 +0100 CMD strings.sh /proc/"467"/cmdline
2026-09-15 15:54:11 +0100 CMD strings.sh /proc/"470"/cmdline
2026-09-15 15:54:11 +0100 CMD strings.sh /proc/"474"/cmdline
2026-09-15 15:54:11 +0100 CMD strings.sh /proc/"475"/cmdline
2026-09-15 15:54:11 +0100 CMD strings.sh /proc/"5"/cmdline
2026-09-15 15:54:11 +0100 CMD strings.sh /proc/"50"/cmdline
2026-09-15 15:54:11 +0100 CMD strings.sh /proc/"515"/cmdline
2026-09-15 15:54:11 +0100 CMD strings.sh /proc/"516"/cmdline
2026-09-15 15:54:11 +0100 CMD strings.sh /proc/"52"/cmdline
2026-09-15 15:54:11 +0100 CMD strings.sh /proc/"521"/cmdline
2026-09-15 15:54:11 +0100 CMD strings.sh /proc/"54"/cmdline
2026-09-15 15:54:11 +0100 CMD strings.sh /proc/"55"/cmdline
2026-09-15 15:54:11 +0100 CMD strings.sh /proc/"6"/cmdline
2026-09-15 15:54:11 +0100 CMD strings.sh /proc/"60"/cmdline
2026-09-15 15:54:11 +0100 CMD strings.sh /proc/"612"/cmdline
2026-09-15 15:54:11 +0100 CMD strings.sh /proc/"629"/cmdline
2026-09-15 15:54:11 +0100 CMD strings.sh /proc/"65"/cmdline
2026-09-15 15:54:11 +0100 CMD strings.sh /proc/"66"/cmdline
2026-09-15 15:54:11 +0100 CMD strings.sh /proc/"763"/cmdline
2026-09-15 15:54:11 +0100 CMD strings.sh /proc/"764"/cmdline
2026-09-15 15:54:11 +0100 CMD strings.sh /proc/"770"/cmdline
2026-09-15 15:54:11 +0100 CMD command_exists "strings"
2026-09-15 15:54:11 +0100 CMD for pid in /proc/[0-9]*; do echo ${pid} | sed -e 's:/proc/::'; done
2026-09-15 15:54:11 +0100 CMD strings.sh /proc/"1"/environ
2026-09-15 15:54:11 +0100 CMD strings.sh /proc/"10"/environ
2026-09-15 15:54:11 +0100 CMD strings.sh /proc/"11"/environ
2026-09-15 15:54:11 +0100 CMD strings.sh /proc/"110"/environ
2026-09-15 15:54:11 +0100 CMD strings.sh /proc/"12"/environ
2026-09-15 15:54:11 +0100 CMD strings.sh /proc/"1271"/environ
2026-09-15 15:54:11 +0100 CMD strings.sh /proc/"1294"/environ
2026-09-15 15:54:11 +0100 CMD strings.sh /proc/"13"/environ
2026-09-15 15:54:11 +0100 CMD strings.sh /proc/"137"/environ
2026-09-15 15:54:11 +0100 CMD strings.sh /proc/"138"/environ
2026-09-15 15:54:11 +0100 CMD strings.sh /proc/"139"/environ
2026-09-15 15:54:11 +0100 CMD strings.sh /proc/"14"/environ
2026-09-15 15:54:11 +0100 CMD strings.sh /proc/"141"/environ
2026-09-15 15:54:11 +0100 CMD strings.sh /proc/"143"/environ
2026-09-15 15:54:11 +0100 CMD strings.sh /proc/"144"/environ
2026-09-15 15:54:11 +0100 CMD strings.sh /proc/"145"/environ
2026-09-15 15:54:11 +0100 CMD strings.sh /proc/"146"/environ
2026-09-15 15:54:11 +0100 CMD strings.sh /proc/"15"/environ
2026-09-15 15:54:11 +0100 CMD strings.sh /proc/"1514"/environ
2026-09-15 15:54:11 +0100 CMD strings.sh /proc/"1519"/environ
2026-09-15 15:54:11 +0100 CMD strings.sh /proc/"153"/environ
2026-09-15 15:54:11 +0100 CMD strings.sh /proc/"1548"/environ
2026-09-15 15:54:12 +0100 CMD strings.sh /proc/"1553"/environ
2026-09-15 15:54:12 +0100 CMD strings.sh /proc/"1554"/environ
2026-09-15 15:54:12 +0100 CMD strings.sh /proc/"1557"/environ
2026-09-15 15:54:12 +0100 CMD strings.sh /proc/"1558"/environ
2026-09-15 15:54:12 +0100 CMD strings.sh /proc/"16"/environ
2026-09-15 15:54:12 +0100 CMD strings.sh /proc/"1624"/environ
2026-09-15 15:54:12 +0100 CMD strings.sh /proc/"1627"/environ
2026-09-15 15:54:12 +0100 CMD strings.sh /proc/"18"/environ
2026-09-15 15:54:12 +0100 CMD strings.sh /proc/"1811"/environ
2026-09-15 15:54:12 +0100 CMD strings.sh /proc/"183"/environ
2026-09-15 15:54:12 +0100 CMD strings.sh /proc/"184"/environ
2026-09-15 15:54:12 +0100 CMD strings.sh /proc/"19"/environ
2026-09-15 15:54:12 +0100 CMD strings.sh /proc/"2"/environ
2026-09-15 15:54:12 +0100 CMD strings.sh /proc/"20"/environ
2026-09-15 15:54:12 +0100 CMD strings.sh /proc/"21"/environ
2026-09-15 15:54:12 +0100 CMD strings.sh /proc/"226"/environ
2026-09-15 15:54:12 +0100 CMD strings.sh /proc/"2290"/environ
2026-09-15 15:54:12 +0100 CMD strings.sh /proc/"23"/environ
2026-09-15 15:54:12 +0100 CMD strings.sh /proc/"250"/environ
2026-09-15 15:54:12 +0100 CMD strings.sh /proc/"26"/environ
2026-09-15 15:54:12 +0100 CMD strings.sh /proc/"27"/environ
2026-09-15 15:54:12 +0100 CMD strings.sh /proc/"28"/environ
2026-09-15 15:54:12 +0100 CMD strings.sh /proc/"288"/environ
2026-09-15 15:54:12 +0100 CMD strings.sh /proc/"289"/environ
2026-09-15 15:54:12 +0100 CMD strings.sh /proc/"29"/environ
2026-09-15 15:54:12 +0100 CMD strings.sh /proc/"294"/environ
2026-09-15 15:54:12 +0100 CMD strings.sh /proc/"297"/environ
2026-09-15 15:54:12 +0100 CMD strings.sh /proc/"3"/environ
2026-09-15 15:54:12 +0100 CMD strings.sh /proc/"30"/environ
2026-09-15 15:54:12 +0100 CMD strings.sh /proc/"32"/environ
2026-09-15 15:54:12 +0100 CMD strings.sh /proc/"33"/environ
2026-09-15 15:54:12 +0100 CMD strings.sh /proc/"34"/environ
2026-09-15 15:54:12 +0100 CMD strings.sh /proc/"344"/environ
2026-09-15 15:54:12 +0100 CMD strings.sh /proc/"36"/environ
2026-09-15 15:54:12 +0100 CMD strings.sh /proc/"36680"/environ 2> Error: File '/proc/36680/environ' not found or not a regular file
2026-09-15 15:54:12 +0100 CMD strings.sh /proc/"37"/environ
2026-09-15 15:54:12 +0100 CMD strings.sh /proc/"3735"/environ
2026-09-15 15:54:12 +0100 CMD strings.sh /proc/"38"/environ
2026-09-15 15:54:12 +0100 CMD strings.sh /proc/"39"/environ
2026-09-15 15:54:12 +0100 CMD strings.sh /proc/"4"/environ
2026-09-15 15:54:12 +0100 CMD strings.sh /proc/"40"/environ
2026-09-15 15:54:12 +0100 CMD strings.sh /proc/"41"/environ
2026-09-15 15:54:12 +0100 CMD strings.sh /proc/"42"/environ
2026-09-15 15:54:12 +0100 CMD strings.sh /proc/"43"/environ
2026-09-15 15:54:12 +0100 CMD strings.sh /proc/"44"/environ
2026-09-15 15:54:12 +0100 CMD strings.sh /proc/"467"/environ
2026-09-15 15:54:12 +0100 CMD strings.sh /proc/"470"/environ
2026-09-15 15:54:12 +0100 CMD strings.sh /proc/"474"/environ
2026-09-15 15:54:12 +0100 CMD strings.sh /proc/"475"/environ
2026-09-15 15:54:12 +0100 CMD strings.sh /proc/"5"/environ
2026-09-15 15:54:12 +0100 CMD strings.sh /proc/"50"/environ
2026-09-15 15:54:12 +0100 CMD strings.sh /proc/"515"/environ
2026-09-15 15:54:12 +0100 CMD strings.sh /proc/"516"/environ
2026-09-15 15:54:12 +0100 CMD strings.sh /proc/"52"/environ
2026-09-15 15:54:13 +0100 CMD strings.sh /proc/"521"/environ
2026-09-15 15:54:13 +0100 CMD strings.sh /proc/"54"/environ
2026-09-15 15:54:13 +0100 CMD strings.sh /proc/"55"/environ
2026-09-15 15:54:13 +0100 CMD strings.sh /proc/"6"/environ
2026-09-15 15:54:13 +0100 CMD strings.sh /proc/"60"/environ
2026-09-15 15:54:13 +0100 CMD strings.sh /proc/"612"/environ
2026-09-15 15:54:13 +0100 CMD strings.sh /proc/"629"/environ
2026-09-15 15:54:13 +0100 CMD strings.sh /proc/"65"/environ
2026-09-15 15:54:13 +0100 CMD strings.sh /proc/"66"/environ
2026-09-15 15:54:13 +0100 CMD strings.sh /proc/"763"/environ
2026-09-15 15:54:13 +0100 CMD strings.sh /proc/"764"/environ
2026-09-15 15:54:13 +0100 CMD strings.sh /proc/"770"/environ
2026-09-15 15:54:13 +0100 INF Parsing live_response/process/pstree.yaml
2026-09-15 15:54:13 +0100 CMD command_exists "pstree"
2026-09-15 15:54:13 +0100 INF Global condition 'command_exists "pstree"' not satisfied. Skipping...
2026-09-15 15:54:13 +0100 INF Parsing live_response/process/hash_running_processes.yaml
2026-09-15 15:54:13 +0100 CMD find /proc/[0-9]*/exe \( -path "/sys" -o -path "/proc/sys/fs/binfmt_misc" -o -path "/root/uac-3.3.0" -o -path "/root/uac_output/uac-data.tmp" \) -prune -o -print0 | xargs -0 md5sum 2> md5sum: /proc/10/exe: No such file or directory/nmd5sum: /proc/11/exe: No such file or directory/nmd5sum: /proc/110/exe: No such file or directory/nmd5sum: /proc/12/exe: No such file or directory/nmd5sum: /proc/1271/exe: No such file or directory/nmd5sum: /proc/1294/exe: No such file or directory/nmd5sum: /proc/13/exe: No such file or directory/nmd5sum: /proc/137/exe: No such file or directory/nmd5sum: /proc/138/exe: No such file or directory/nmd5sum: /proc/139/exe: No such file or directory/nmd5sum: /proc/14/exe: No such file or directory/nmd5sum: /proc/141/exe: No such file or directory/nmd5sum: /proc/143/exe: No such file or directory/nmd5sum: /proc/144/exe: No such file or directory/nmd5sum: /proc/145/exe: No such file or directory/nmd5sum: /proc/146/exe: No such file or directory/nmd5sum: /proc/15/exe: No such file or directory/nmd5sum: /proc/1519/exe: No such file or directory/nmd5sum: /proc/153/exe: No such file or directory/nmd5sum: /proc/1548/exe: No such file or directory/nmd5sum: /proc/1553/exe: No such file or directory/nmd5sum: /proc/1554/exe: No such file or directory/nmd5sum: /proc/16/exe: No such file or directory/nmd5sum: /proc/1624/exe: No such file or directory/nmd5sum: /proc/1627/exe: No such file or directory/nmd5sum: /proc/18/exe: No such file or directory/nmd5sum: /proc/183/exe: No such file or directory/nmd5sum: /proc/184/exe: No such file or directory/nmd5sum: /proc/19/exe: No such file or directory/nmd5sum: /proc/2/exe: No such file or directory/nmd5sum: /proc/20/exe: No such file or directory/nmd5sum: /proc/21/exe: No such file or directory/nmd5sum: /proc/23/exe: No such file or directory/nmd5sum: /proc/26/exe: No such file or directory/nmd5sum: /proc/27/exe: No such file or directory/nmd5sum: /proc/28/exe: No such file or directory/nmd5sum: /proc/288/exe: No such file or directory/nmd5sum: /proc/289/exe: No such file or directory/nmd5sum: /proc/29/exe: No such file or directory/nmd5sum: /proc/294/exe: No such file or directory/nmd5sum: /proc/297/exe: No such file or directory/nmd5sum: /proc/3/exe: No such file or directory/nmd5sum: /proc/30/exe: No such file or directory/nmd5sum: /proc/32/exe: No such file or directory/nmd5sum: /proc/33/exe: No such file or directory/nmd5sum: /proc/34/exe: No such file or directory/nmd5sum: /proc/344/exe: No such file or directory/nmd5sum: /proc/36/exe: No such file or directory/nmd5sum: /proc/37/exe: No such file or directory/nmd5sum: /proc/38/exe: No such file or directory/nmd5sum: /proc/39/exe: No such file or directory/nmd5sum: /proc/4/exe: No such file or directory/nmd5sum: /proc/40/exe: No such file or directory/nmd5sum: /proc/40519/exe: No such file or directory/nmd5sum: /proc/41/exe: No such file or directory/nmd5sum: /proc/42/exe: No such file or directory/nmd5sum: /proc/43/exe: No such file or directory/nmd5sum: /proc/44/exe: No such file or directory/nmd5sum: /proc/5/exe: No such file or directory/nmd5sum: /proc/50/exe: No such file or directory/nmd5sum: /proc/52/exe: No such file or directory/nmd5sum: /proc/54/exe: No such file or directory/nmd5sum: /proc/55/exe: No such file or directory/nmd5sum: /proc/6/exe: No such file or directory/nmd5sum: /proc/60/exe: No such file or directory/nmd5sum: /proc/65/exe: No such file or directory/nmd5sum: /proc/66/exe: No such file or directory
2026-09-15 15:54:13 +0100 CMD find /proc/[0-9]*/exe \( -path "/sys" -o -path "/proc/sys/fs/binfmt_misc" -o -path "/root/uac-3.3.0" -o -path "/root/uac_output/uac-data.tmp" \) -prune -o -print0 | xargs -0 sha1sum 2> sha1sum: /proc/10/exe: No such file or directory/nsha1sum: /proc/11/exe: No such file or directory/nsha1sum: /proc/110/exe: No such file or directory/nsha1sum: /proc/12/exe: No such file or directory/nsha1sum: /proc/1271/exe: No such file or directory/nsha1sum: /proc/1294/exe: No such file or directory/nsha1sum: /proc/13/exe: No such file or directory/nsha1sum: /proc/137/exe: No such file or directory/nsha1sum: /proc/138/exe: No such file or directory/nsha1sum: /proc/139/exe: No such file or directory/nsha1sum: /proc/14/exe: No such file or directory/nsha1sum: /proc/141/exe: No such file or directory/nsha1sum: /proc/143/exe: No such file or directory/nsha1sum: /proc/144/exe: No such file or directory/nsha1sum: /proc/145/exe: No such file or directory/nsha1sum: /proc/146/exe: No such file or directory/nsha1sum: /proc/15/exe: No such file or directory/nsha1sum: /proc/1519/exe: No such file or directory/nsha1sum: /proc/153/exe: No such file or directory/nsha1sum: /proc/1548/exe: No such file or directory/nsha1sum: /proc/1553/exe: No such file or directory/nsha1sum: /proc/1554/exe: No such file or directory/nsha1sum: /proc/16/exe: No such file or directory/nsha1sum: /proc/1624/exe: No such file or directory/nsha1sum: /proc/1627/exe: No such file or directory/nsha1sum: /proc/18/exe: No such file or directory/nsha1sum: /proc/183/exe: No such file or directory/nsha1sum: /proc/184/exe: No such file or directory/nsha1sum: /proc/19/exe: No such file or directory/nsha1sum: /proc/2/exe: No such file or directory/nsha1sum: /proc/20/exe: No such file or directory/nsha1sum: /proc/21/exe: No such file or directory/nsha1sum: /proc/23/exe: No such file or directory/nsha1sum: /proc/26/exe: No such file or directory/nsha1sum: /proc/27/exe: No such file or directory/nsha1sum: /proc/28/exe: No such file or directory/nsha1sum: /proc/288/exe: No such file or directory/nsha1sum: /proc/289/exe: No such file or directory/nsha1sum: /proc/29/exe: No such file or directory/nsha1sum: /proc/294/exe: No such file or directory/nsha1sum: /proc/297/exe: No such file or directory/nsha1sum: /proc/3/exe: No such file or directory/nsha1sum: /proc/30/exe: No such file or directory/nsha1sum: /proc/32/exe: No such file or directory/nsha1sum: /proc/33/exe: No such file or directory/nsha1sum: /proc/34/exe: No such file or directory/nsha1sum: /proc/344/exe: No such file or directory/nsha1sum: /proc/36/exe: No such file or directory/nsha1sum: /proc/37/exe: No such file or directory/nsha1sum: /proc/38/exe: No such file or directory/nsha1sum: /proc/39/exe: No such file or directory/nsha1sum: /proc/4/exe: No such file or directory/nsha1sum: /proc/40/exe: No such file or directory/nsha1sum: /proc/40537/exe: No such file or directory/nsha1sum: /proc/41/exe: No such file or directory/nsha1sum: /proc/42/exe: No such file or directory/nsha1sum: /proc/43/exe: No such file or directory/nsha1sum: /proc/44/exe: No such file or directory/nsha1sum: /proc/5/exe: No such file or directory/nsha1sum: /proc/50/exe: No such file or directory/nsha1sum: /proc/52/exe: No such file or directory/nsha1sum: /proc/54/exe: No such file or directory/nsha1sum: /proc/55/exe: No such file or directory/nsha1sum: /proc/6/exe: No such file or directory/nsha1sum: /proc/60/exe: No such file or directory/nsha1sum: /proc/65/exe: No such file or directory/nsha1sum: /proc/66/exe: No such file or directory
2026-09-15 15:54:13 +0100 INF Parsing live_response/process/strings_running_processes.yaml
2026-09-15 15:54:14 +0100 CMD command_exists "strings"
2026-09-15 15:54:14 +0100 INF Condition 'command_exists "strings"' not satisfied. Skipping...
2026-09-15 15:54:14 +0100 CMD command_exists "strings"
2026-09-15 15:54:14 +0100 CMD for pid in /proc/[0-9]*; do echo ${pid} | sed -e 's:/proc/::'; done
2026-09-15 15:54:14 +0100 CMD strings.sh /proc/"1"/exe | gzip - | cat -
2026-09-15 15:54:14 +0100 CMD strings.sh /proc/"10"/exe | gzip - | cat - 2> Error: File '/proc/10/exe' not found or not a regular file
2026-09-15 15:54:14 +0100 CMD strings.sh /proc/"11"/exe | gzip - | cat - 2> Error: File '/proc/11/exe' not found or not a regular file
2026-09-15 15:54:14 +0100 CMD strings.sh /proc/"110"/exe | gzip - | cat - 2> Error: File '/proc/110/exe' not found or not a regular file
2026-09-15 15:54:14 +0100 CMD strings.sh /proc/"12"/exe | gzip - | cat - 2> Error: File '/proc/12/exe' not found or not a regular file
2026-09-15 15:54:14 +0100 CMD strings.sh /proc/"1271"/exe | gzip - | cat - 2> Error: File '/proc/1271/exe' not found or not a regular file
2026-09-15 15:54:14 +0100 CMD strings.sh /proc/"1294"/exe | gzip - | cat - 2> Error: File '/proc/1294/exe' not found or not a regular file
2026-09-15 15:54:14 +0100 CMD strings.sh /proc/"13"/exe | gzip - | cat - 2> Error: File '/proc/13/exe' not found or not a regular file
2026-09-15 15:54:14 +0100 CMD strings.sh /proc/"137"/exe | gzip - | cat - 2> Error: File '/proc/137/exe' not found or not a regular file
2026-09-15 15:54:14 +0100 CMD strings.sh /proc/"138"/exe | gzip - | cat - 2> Error: File '/proc/138/exe' not found or not a regular file
2026-09-15 15:54:14 +0100 CMD strings.sh /proc/"139"/exe | gzip - | cat - 2> Error: File '/proc/139/exe' not found or not a regular file
2026-09-15 15:54:14 +0100 CMD strings.sh /proc/"14"/exe | gzip - | cat - 2> Error: File '/proc/14/exe' not found or not a regular file
2026-09-15 15:54:14 +0100 CMD strings.sh /proc/"141"/exe | gzip - | cat - 2> Error: File '/proc/141/exe' not found or not a regular file
2026-09-15 15:54:14 +0100 CMD strings.sh /proc/"143"/exe | gzip - | cat - 2> Error: File '/proc/143/exe' not found or not a regular file
2026-09-15 15:54:14 +0100 CMD strings.sh /proc/"144"/exe | gzip - | cat - 2> Error: File '/proc/144/exe' not found or not a regular file
2026-09-15 15:54:14 +0100 CMD strings.sh /proc/"145"/exe | gzip - | cat - 2> Error: File '/proc/145/exe' not found or not a regular file
2026-09-15 15:54:14 +0100 CMD strings.sh /proc/"146"/exe | gzip - | cat - 2> Error: File '/proc/146/exe' not found or not a regular file
2026-09-15 15:54:14 +0100 CMD strings.sh /proc/"15"/exe | gzip - | cat - 2> Error: File '/proc/15/exe' not found or not a regular file
2026-09-15 15:54:14 +0100 CMD strings.sh /proc/"1514"/exe | gzip - | cat -
2026-09-15 15:54:14 +0100 CMD strings.sh /proc/"1519"/exe | gzip - | cat - 2> Error: File '/proc/1519/exe' not found or not a regular file
2026-09-15 15:54:14 +0100 CMD strings.sh /proc/"153"/exe | gzip - | cat - 2> Error: File '/proc/153/exe' not found or not a regular file
2026-09-15 15:54:14 +0100 CMD strings.sh /proc/"1548"/exe | gzip - | cat - 2> Error: File '/proc/1548/exe' not found or not a regular file
2026-09-15 15:54:14 +0100 CMD strings.sh /proc/"1553"/exe | gzip - | cat - 2> Error: File '/proc/1553/exe' not found or not a regular file
2026-09-15 15:54:14 +0100 CMD strings.sh /proc/"1554"/exe | gzip - | cat - 2> Error: File '/proc/1554/exe' not found or not a regular file
2026-09-15 15:54:14 +0100 CMD strings.sh /proc/"1557"/exe | gzip - | cat -
2026-09-15 15:54:15 +0100 CMD strings.sh /proc/"1558"/exe | gzip - | cat -
2026-09-15 15:54:15 +0100 CMD strings.sh /proc/"16"/exe | gzip - | cat - 2> Error: File '/proc/16/exe' not found or not a regular file
2026-09-15 15:54:15 +0100 CMD strings.sh /proc/"1624"/exe | gzip - | cat - 2> Error: File '/proc/1624/exe' not found or not a regular file
2026-09-15 15:54:15 +0100 CMD strings.sh /proc/"1627"/exe | gzip - | cat - 2> Error: File '/proc/1627/exe' not found or not a regular file
2026-09-15 15:54:15 +0100 CMD strings.sh /proc/"18"/exe | gzip - | cat - 2> Error: File '/proc/18/exe' not found or not a regular file
2026-09-15 15:54:15 +0100 CMD strings.sh /proc/"1811"/exe | gzip - | cat -
2026-09-15 15:54:15 +0100 CMD strings.sh /proc/"183"/exe | gzip - | cat - 2> Error: File '/proc/183/exe' not found or not a regular file
2026-09-15 15:54:15 +0100 CMD strings.sh /proc/"184"/exe | gzip - | cat - 2> Error: File '/proc/184/exe' not found or not a regular file
2026-09-15 15:54:15 +0100 CMD strings.sh /proc/"19"/exe | gzip - | cat - 2> Error: File '/proc/19/exe' not found or not a regular file
2026-09-15 15:54:15 +0100 CMD strings.sh /proc/"2"/exe | gzip - | cat - 2> Error: File '/proc/2/exe' not found or not a regular file
2026-09-15 15:54:15 +0100 CMD strings.sh /proc/"20"/exe | gzip - | cat - 2> Error: File '/proc/20/exe' not found or not a regular file
2026-09-15 15:54:15 +0100 CMD strings.sh /proc/"21"/exe | gzip - | cat - 2> Error: File '/proc/21/exe' not found or not a regular file
2026-09-15 15:54:15 +0100 CMD strings.sh /proc/"226"/exe | gzip - | cat -
2026-09-15 15:54:15 +0100 CMD strings.sh /proc/"2290"/exe | gzip - | cat -
2026-09-15 15:54:15 +0100 CMD strings.sh /proc/"23"/exe | gzip - | cat - 2> Error: File '/proc/23/exe' not found or not a regular file
2026-09-15 15:54:15 +0100 CMD strings.sh /proc/"250"/exe | gzip - | cat -
2026-09-15 15:54:15 +0100 CMD strings.sh /proc/"26"/exe | gzip - | cat - 2> Error: File '/proc/26/exe' not found or not a regular file
2026-09-15 15:54:15 +0100 CMD strings.sh /proc/"27"/exe | gzip - | cat - 2> Error: File '/proc/27/exe' not found or not a regular file
2026-09-15 15:54:15 +0100 CMD strings.sh /proc/"28"/exe | gzip - | cat - 2> Error: File '/proc/28/exe' not found or not a regular file
2026-09-15 15:54:15 +0100 CMD strings.sh /proc/"288"/exe | gzip - | cat - 2> Error: File '/proc/288/exe' not found or not a regular file
2026-09-15 15:54:15 +0100 CMD strings.sh /proc/"289"/exe | gzip - | cat - 2> Error: File '/proc/289/exe' not found or not a regular file
2026-09-15 15:54:15 +0100 CMD strings.sh /proc/"29"/exe | gzip - | cat - 2> Error: File '/proc/29/exe' not found or not a regular file
2026-09-15 15:54:15 +0100 CMD strings.sh /proc/"294"/exe | gzip - | cat - 2> Error: File '/proc/294/exe' not found or not a regular file
2026-09-15 15:54:15 +0100 CMD strings.sh /proc/"297"/exe | gzip - | cat - 2> Error: File '/proc/297/exe' not found or not a regular file
2026-09-15 15:54:15 +0100 CMD strings.sh /proc/"3"/exe | gzip - | cat - 2> Error: File '/proc/3/exe' not found or not a regular file
2026-09-15 15:54:15 +0100 CMD strings.sh /proc/"30"/exe | gzip - | cat - 2> Error: File '/proc/30/exe' not found or not a regular file
2026-09-15 15:54:15 +0100 CMD strings.sh /proc/"32"/exe | gzip - | cat - 2> Error: File '/proc/32/exe' not found or not a regular file
2026-09-15 15:54:15 +0100 CMD strings.sh /proc/"33"/exe | gzip - | cat - 2> Error: File '/proc/33/exe' not found or not a regular file
2026-09-15 15:54:15 +0100 CMD strings.sh /proc/"34"/exe | gzip - | cat - 2> Error: File '/proc/34/exe' not found or not a regular file
2026-09-15 15:54:15 +0100 CMD strings.sh /proc/"344"/exe | gzip - | cat - 2> Error: File '/proc/344/exe' not found or not a regular file
2026-09-15 15:54:15 +0100 CMD strings.sh /proc/"36"/exe | gzip - | cat - 2> Error: File '/proc/36/exe' not found or not a regular file
2026-09-15 15:54:15 +0100 CMD strings.sh /proc/"37"/exe | gzip - | cat - 2> Error: File '/proc/37/exe' not found or not a regular file
2026-09-15 15:54:15 +0100 CMD strings.sh /proc/"38"/exe | gzip - | cat - 2> Error: File '/proc/38/exe' not found or not a regular file
2026-09-15 15:54:15 +0100 CMD strings.sh /proc/"39"/exe | gzip - | cat - 2> Error: File '/proc/39/exe' not found or not a regular file
2026-09-15 15:54:15 +0100 CMD strings.sh /proc/"4"/exe | gzip - | cat - 2> Error: File '/proc/4/exe' not found or not a regular file
2026-09-15 15:54:16 +0100 CMD strings.sh /proc/"40"/exe | gzip - | cat - 2> Error: File '/proc/40/exe' not found or not a regular file
2026-09-15 15:54:16 +0100 CMD strings.sh /proc/"40667"/exe | gzip - | cat -
2026-09-15 15:54:16 +0100 CMD strings.sh /proc/"41"/exe | gzip - | cat - 2> Error: File '/proc/41/exe' not found or not a regular file
2026-09-15 15:54:16 +0100 CMD strings.sh /proc/"41120"/exe | gzip - | cat - 2> Error: File '/proc/41120/exe' not found or not a regular file
2026-09-15 15:54:16 +0100 CMD strings.sh /proc/"42"/exe | gzip - | cat - 2> Error: File '/proc/42/exe' not found or not a regular file
2026-09-15 15:54:16 +0100 CMD strings.sh /proc/"43"/exe | gzip - | cat - 2> Error: File '/proc/43/exe' not found or not a regular file
2026-09-15 15:54:16 +0100 CMD strings.sh /proc/"44"/exe | gzip - | cat - 2> Error: File '/proc/44/exe' not found or not a regular file
2026-09-15 15:54:16 +0100 CMD strings.sh /proc/"467"/exe | gzip - | cat -
2026-09-15 15:54:16 +0100 CMD strings.sh /proc/"470"/exe | gzip - | cat -
2026-09-15 15:54:16 +0100 CMD strings.sh /proc/"474"/exe | gzip - | cat -
2026-09-15 15:54:16 +0100 CMD strings.sh /proc/"475"/exe | gzip - | cat -
2026-09-15 15:54:16 +0100 CMD strings.sh /proc/"5"/exe | gzip - | cat - 2> Error: File '/proc/5/exe' not found or not a regular file
2026-09-15 15:54:16 +0100 CMD strings.sh /proc/"50"/exe | gzip - | cat - 2> Error: File '/proc/50/exe' not found or not a regular file
2026-09-15 15:54:16 +0100 CMD strings.sh /proc/"515"/exe | gzip - | cat -
2026-09-15 15:54:16 +0100 CMD strings.sh /proc/"516"/exe | gzip - | cat -
2026-09-15 15:54:16 +0100 CMD strings.sh /proc/"52"/exe | gzip - | cat - 2> Error: File '/proc/52/exe' not found or not a regular file
2026-09-15 15:54:16 +0100 CMD strings.sh /proc/"521"/exe | gzip - | cat -
2026-09-15 15:54:16 +0100 CMD strings.sh /proc/"54"/exe | gzip - | cat - 2> Error: File '/proc/54/exe' not found or not a regular file
2026-09-15 15:54:16 +0100 CMD strings.sh /proc/"55"/exe | gzip - | cat - 2> Error: File '/proc/55/exe' not found or not a regular file
2026-09-15 15:54:16 +0100 CMD strings.sh /proc/"6"/exe | gzip - | cat - 2> Error: File '/proc/6/exe' not found or not a regular file
2026-09-15 15:54:16 +0100 CMD strings.sh /proc/"60"/exe | gzip - | cat - 2> Error: File '/proc/60/exe' not found or not a regular file
2026-09-15 15:54:16 +0100 CMD strings.sh /proc/"612"/exe | gzip - | cat -
2026-09-15 15:54:16 +0100 CMD strings.sh /proc/"629"/exe | gzip - | cat -
2026-09-15 15:54:16 +0100 CMD strings.sh /proc/"65"/exe | gzip - | cat - 2> Error: File '/proc/65/exe' not found or not a regular file
2026-09-15 15:54:16 +0100 CMD strings.sh /proc/"66"/exe | gzip - | cat - 2> Error: File '/proc/66/exe' not found or not a regular file
2026-09-15 15:54:16 +0100 CMD strings.sh /proc/"763"/exe | gzip - | cat -
2026-09-15 15:54:16 +0100 CMD strings.sh /proc/"764"/exe | gzip - | cat -
2026-09-15 15:54:16 +0100 CMD strings.sh /proc/"770"/exe | gzip - | cat -
2026-09-15 15:54:17 +0100 INF Parsing live_response/process/deleted.yaml
2026-09-15 15:54:17 +0100 CMD ls -l /proc/[0-9]*/exe | grep -E "(deleted)" | grep -v -E "> /proc/" | awk -F"/proc/|/exe" '{print $2}' 2> ls: cannot read symbolic link '/proc/10/exe': No such file or directory/nls: cannot read symbolic link '/proc/11/exe': No such file or directory/nls: cannot read symbolic link '/proc/110/exe': No such file or directory/nls: cannot read symbolic link '/proc/12/exe': No such file or directory/nls: cannot read symbolic link '/proc/1271/exe': No such file or directory/nls: cannot read symbolic link '/proc/1294/exe': No such file or directory/nls: cannot read symbolic link '/proc/13/exe': No such file or directory/nls: cannot read symbolic link '/proc/137/exe': No such file or directory/nls: cannot read symbolic link '/proc/138/exe': No such file or directory/nls: cannot read symbolic link '/proc/139/exe': No such file or directory/nls: cannot read symbolic link '/proc/14/exe': No such file or directory/nls: cannot read symbolic link '/proc/141/exe': No such file or directory/nls: cannot read symbolic link '/proc/143/exe': No such file or directory/nls: cannot read symbolic link '/proc/144/exe': No such file or directory/nls: cannot read symbolic link '/proc/145/exe': No such file or directory/nls: cannot read symbolic link '/proc/146/exe': No such file or directory/nls: cannot read symbolic link '/proc/15/exe': No such file or directory/nls: cannot read symbolic link '/proc/1519/exe': No such file or directory/nls: cannot read symbolic link '/proc/153/exe': No such file or directory/nls: cannot read symbolic link '/proc/1548/exe': No such file or directory/nls: cannot read symbolic link '/proc/1553/exe': No such file or directory/nls: cannot read symbolic link '/proc/1554/exe': No such file or directory/nls: cannot read symbolic link '/proc/16/exe': No such file or directory/nls: cannot read symbolic link '/proc/1624/exe': No such file or directory/nls: cannot read symbolic link '/proc/1627/exe': No such file or directory/nls: cannot read symbolic link '/proc/18/exe': No such file or directory/nls: cannot read symbolic link '/proc/183/exe': No such file or directory/nls: cannot read symbolic link '/proc/184/exe': No such file or directory/nls: cannot read symbolic link '/proc/19/exe': No such file or directory/nls: cannot read symbolic link '/proc/2/exe': No such file or directory/nls: cannot read symbolic link '/proc/20/exe': No such file or directory/nls: cannot read symbolic link '/proc/21/exe': No such file or directory/nls: cannot read symbolic link '/proc/23/exe': No such file or directory/nls: cannot read symbolic link '/proc/26/exe': No such file or directory/nls: cannot read symbolic link '/proc/27/exe': No such file or directory/nls: cannot read symbolic link '/proc/28/exe': No such file or directory/nls: cannot read symbolic link '/proc/288/exe': No such file or directory/nls: cannot read symbolic link '/proc/289/exe': No such file or directory/nls: cannot read symbolic link '/proc/29/exe': No such file or directory/nls: cannot read symbolic link '/proc/294/exe': No such file or directory/nls: cannot read symbolic link '/proc/297/exe': No such file or directory/nls: cannot read symbolic link '/proc/3/exe': No such file or directory/nls: cannot read symbolic link '/proc/30/exe': No such file or directory/nls: cannot read symbolic link '/proc/32/exe': No such file or directory/nls: cannot read symbolic link '/proc/33/exe': No such file or directory/nls: cannot read symbolic link '/proc/34/exe': No such file or directory/nls: cannot read symbolic link '/proc/344/exe': No such file or directory/nls: cannot read symbolic link '/proc/36/exe': No such file or directory/nls: cannot read symbolic link '/proc/37/exe': No such file or directory/nls: cannot read symbolic link '/proc/38/exe': No such file or directory/nls: cannot read symbolic link '/proc/39/exe': No such file or directory/nls: cannot read symbolic link '/proc/4/exe': No such file or directory/nls: cannot read symbolic link '/proc/40/exe': No such file or directory/nls: cannot read symbolic link '/proc/41/exe': No such file or directory/nls: cannot read symbolic link '/proc/42/exe': No such file or directory/nls: cannot read symbolic link '/proc/43/exe': No such file or directory/nls: cannot read symbolic link '/proc/44/exe': No such file or directory/nls: cannot read symbolic link '/proc/5/exe': No such file or directory/nls: cannot read symbolic link '/proc/50/exe': No such file or directory/nls: cannot read symbolic link '/proc/52/exe': No such file or directory/nls: cannot read symbolic link '/proc/54/exe': No such file or directory/nls: cannot read symbolic link '/proc/55/exe': No such file or directory/nls: cannot read symbolic link '/proc/6/exe': No such file or directory/nls: cannot read symbolic link '/proc/60/exe': No such file or directory/nls: cannot read symbolic link '/proc/65/exe': No such file or directory/nls: cannot read symbolic link '/proc/66/exe': No such file or directory
2026-09-15 15:54:17 +0100 CMD ls -l /proc/[0-9]*/exe | grep -E "(deleted)" | grep -v -E "> /proc/" | awk -F"/proc/|/exe" '{print $2}' 2> ls: cannot read symbolic link '/proc/10/exe': No such file or directory/nls: cannot read symbolic link '/proc/11/exe': No such file or directory/nls: cannot read symbolic link '/proc/110/exe': No such file or directory/nls: cannot read symbolic link '/proc/12/exe': No such file or directory/nls: cannot read symbolic link '/proc/1271/exe': No such file or directory/nls: cannot read symbolic link '/proc/1294/exe': No such file or directory/nls: cannot read symbolic link '/proc/13/exe': No such file or directory/nls: cannot read symbolic link '/proc/137/exe': No such file or directory/nls: cannot read symbolic link '/proc/138/exe': No such file or directory/nls: cannot read symbolic link '/proc/139/exe': No such file or directory/nls: cannot read symbolic link '/proc/14/exe': No such file or directory/nls: cannot read symbolic link '/proc/141/exe': No such file or directory/nls: cannot read symbolic link '/proc/143/exe': No such file or directory/nls: cannot read symbolic link '/proc/144/exe': No such file or directory/nls: cannot read symbolic link '/proc/145/exe': No such file or directory/nls: cannot read symbolic link '/proc/146/exe': No such file or directory/nls: cannot read symbolic link '/proc/15/exe': No such file or directory/nls: cannot read symbolic link '/proc/1519/exe': No such file or directory/nls: cannot read symbolic link '/proc/153/exe': No such file or directory/nls: cannot read symbolic link '/proc/1548/exe': No such file or directory/nls: cannot read symbolic link '/proc/1553/exe': No such file or directory/nls: cannot read symbolic link '/proc/1554/exe': No such file or directory/nls: cannot read symbolic link '/proc/16/exe': No such file or directory/nls: cannot read symbolic link '/proc/1624/exe': No such file or directory/nls: cannot read symbolic link '/proc/1627/exe': No such file or directory/nls: cannot read symbolic link '/proc/18/exe': No such file or directory/nls: cannot read symbolic link '/proc/183/exe': No such file or directory/nls: cannot read symbolic link '/proc/184/exe': No such file or directory/nls: cannot read symbolic link '/proc/19/exe': No such file or directory/nls: cannot read symbolic link '/proc/2/exe': No such file or directory/nls: cannot read symbolic link '/proc/20/exe': No such file or directory/nls: cannot read symbolic link '/proc/21/exe': No such file or directory/nls: cannot read symbolic link '/proc/23/exe': No such file or directory/nls: cannot read symbolic link '/proc/26/exe': No such file or directory/nls: cannot read symbolic link '/proc/27/exe': No such file or directory/nls: cannot read symbolic link '/proc/28/exe': No such file or directory/nls: cannot read symbolic link '/proc/288/exe': No such file or directory/nls: cannot read symbolic link '/proc/289/exe': No such file or directory/nls: cannot read symbolic link '/proc/29/exe': No such file or directory/nls: cannot read symbolic link '/proc/294/exe': No such file or directory/nls: cannot read symbolic link '/proc/297/exe': No such file or directory/nls: cannot read symbolic link '/proc/3/exe': No such file or directory/nls: cannot read symbolic link '/proc/30/exe': No such file or directory/nls: cannot read symbolic link '/proc/32/exe': No such file or directory/nls: cannot read symbolic link '/proc/33/exe': No such file or directory/nls: cannot read symbolic link '/proc/34/exe': No such file or directory/nls: cannot read symbolic link '/proc/344/exe': No such file or directory/nls: cannot read symbolic link '/proc/36/exe': No such file or directory/nls: cannot read symbolic link '/proc/37/exe': No such file or directory/nls: cannot read symbolic link '/proc/38/exe': No such file or directory/nls: cannot read symbolic link '/proc/39/exe': No such file or directory/nls: cannot read symbolic link '/proc/4/exe': No such file or directory/nls: cannot read symbolic link '/proc/40/exe': No such file or directory/nls: cannot read symbolic link '/proc/41/exe': No such file or directory/nls: cannot read symbolic link '/proc/42/exe': No such file or directory/nls: cannot read symbolic link '/proc/43/exe': No such file or directory/nls: cannot read symbolic link '/proc/44/exe': No such file or directory/nls: cannot read symbolic link '/proc/5/exe': No such file or directory/nls: cannot read symbolic link '/proc/50/exe': No such file or directory/nls: cannot read symbolic link '/proc/52/exe': No such file or directory/nls: cannot read symbolic link '/proc/54/exe': No such file or directory/nls: cannot read symbolic link '/proc/55/exe': No such file or directory/nls: cannot read symbolic link '/proc/6/exe': No such file or directory/nls: cannot read symbolic link '/proc/60/exe': No such file or directory/nls: cannot read symbolic link '/proc/65/exe': No such file or directory/nls: cannot read symbolic link '/proc/66/exe': No such file or directory
2026-09-15 15:54:17 +0100 CMD ls -l /proc/[0-9]*/exe | grep -E "(deleted)" | awk -F"/proc/|/exe" '{print $2}' 2> ls: cannot read symbolic link '/proc/10/exe': No such file or directory/nls: cannot read symbolic link '/proc/11/exe': No such file or directory/nls: cannot read symbolic link '/proc/110/exe': No such file or directory/nls: cannot read symbolic link '/proc/12/exe': No such file or directory/nls: cannot read symbolic link '/proc/1271/exe': No such file or directory/nls: cannot read symbolic link '/proc/1294/exe': No such file or directory/nls: cannot read symbolic link '/proc/13/exe': No such file or directory/nls: cannot read symbolic link '/proc/137/exe': No such file or directory/nls: cannot read symbolic link '/proc/138/exe': No such file or directory/nls: cannot read symbolic link '/proc/139/exe': No such file or directory/nls: cannot read symbolic link '/proc/14/exe': No such file or directory/nls: cannot read symbolic link '/proc/141/exe': No such file or directory/nls: cannot read symbolic link '/proc/143/exe': No such file or directory/nls: cannot read symbolic link '/proc/144/exe': No such file or directory/nls: cannot read symbolic link '/proc/145/exe': No such file or directory/nls: cannot read symbolic link '/proc/146/exe': No such file or directory/nls: cannot read symbolic link '/proc/15/exe': No such file or directory/nls: cannot read symbolic link '/proc/1519/exe': No such file or directory/nls: cannot read symbolic link '/proc/153/exe': No such file or directory/nls: cannot read symbolic link '/proc/1548/exe': No such file or directory/nls: cannot read symbolic link '/proc/1553/exe': No such file or directory/nls: cannot read symbolic link '/proc/1554/exe': No such file or directory/nls: cannot read symbolic link '/proc/16/exe': No such file or directory/nls: cannot read symbolic link '/proc/1624/exe': No such file or directory/nls: cannot read symbolic link '/proc/1627/exe': No such file or directory/nls: cannot read symbolic link '/proc/18/exe': No such file or directory/nls: cannot read symbolic link '/proc/183/exe': No such file or directory/nls: cannot read symbolic link '/proc/184/exe': No such file or directory/nls: cannot read symbolic link '/proc/19/exe': No such file or directory/nls: cannot read symbolic link '/proc/2/exe': No such file or directory/nls: cannot read symbolic link '/proc/20/exe': No such file or directory/nls: cannot read symbolic link '/proc/21/exe': No such file or directory/nls: cannot read symbolic link '/proc/23/exe': No such file or directory/nls: cannot read symbolic link '/proc/26/exe': No such file or directory/nls: cannot read symbolic link '/proc/27/exe': No such file or directory/nls: cannot read symbolic link '/proc/28/exe': No such file or directory/nls: cannot read symbolic link '/proc/288/exe': No such file or directory/nls: cannot read symbolic link '/proc/289/exe': No such file or directory/nls: cannot read symbolic link '/proc/29/exe': No such file or directory/nls: cannot read symbolic link '/proc/294/exe': No such file or directory/nls: cannot read symbolic link '/proc/297/exe': No such file or directory/nls: cannot read symbolic link '/proc/3/exe': No such file or directory/nls: cannot read symbolic link '/proc/30/exe': No such file or directory/nls: cannot read symbolic link '/proc/32/exe': No such file or directory/nls: cannot read symbolic link '/proc/33/exe': No such file or directory/nls: cannot read symbolic link '/proc/34/exe': No such file or directory/nls: cannot read symbolic link '/proc/344/exe': No such file or directory/nls: cannot read symbolic link '/proc/36/exe': No such file or directory/nls: cannot read symbolic link '/proc/37/exe': No such file or directory/nls: cannot read symbolic link '/proc/38/exe': No such file or directory/nls: cannot read symbolic link '/proc/39/exe': No such file or directory/nls: cannot read symbolic link '/proc/4/exe': No such file or directory/nls: cannot read symbolic link '/proc/40/exe': No such file or directory/nls: cannot read symbolic link '/proc/41/exe': No such file or directory/nls: cannot read symbolic link '/proc/42/exe': No such file or directory/nls: cannot read symbolic link '/proc/43/exe': No such file or directory/nls: cannot read symbolic link '/proc/44/exe': No such file or directory/nls: cannot read symbolic link '/proc/5/exe': No such file or directory/nls: cannot read symbolic link '/proc/50/exe': No such file or directory/nls: cannot read symbolic link '/proc/52/exe': No such file or directory/nls: cannot read symbolic link '/proc/54/exe': No such file or directory/nls: cannot read symbolic link '/proc/55/exe': No such file or directory/nls: cannot read symbolic link '/proc/6/exe': No such file or directory/nls: cannot read symbolic link '/proc/60/exe': No such file or directory/nls: cannot read symbolic link '/proc/65/exe': No such file or directory/nls: cannot read symbolic link '/proc/66/exe': No such file or directory
2026-09-15 15:54:17 +0100 CMD ls -l /proc/[0-9]*/exe | grep -E "(deleted)" | awk -F"/proc/|/exe" '{print $2}' 2> ls: cannot read symbolic link '/proc/10/exe': No such file or directory/nls: cannot read symbolic link '/proc/11/exe': No such file or directory/nls: cannot read symbolic link '/proc/110/exe': No such file or directory/nls: cannot read symbolic link '/proc/12/exe': No such file or directory/nls: cannot read symbolic link '/proc/1271/exe': No such file or directory/nls: cannot read symbolic link '/proc/1294/exe': No such file or directory/nls: cannot read symbolic link '/proc/13/exe': No such file or directory/nls: cannot read symbolic link '/proc/137/exe': No such file or directory/nls: cannot read symbolic link '/proc/138/exe': No such file or directory/nls: cannot read symbolic link '/proc/139/exe': No such file or directory/nls: cannot read symbolic link '/proc/14/exe': No such file or directory/nls: cannot read symbolic link '/proc/141/exe': No such file or directory/nls: cannot read symbolic link '/proc/143/exe': No such file or directory/nls: cannot read symbolic link '/proc/144/exe': No such file or directory/nls: cannot read symbolic link '/proc/145/exe': No such file or directory/nls: cannot read symbolic link '/proc/146/exe': No such file or directory/nls: cannot read symbolic link '/proc/15/exe': No such file or directory/nls: cannot read symbolic link '/proc/1519/exe': No such file or directory/nls: cannot read symbolic link '/proc/153/exe': No such file or directory/nls: cannot read symbolic link '/proc/1548/exe': No such file or directory/nls: cannot read symbolic link '/proc/1553/exe': No such file or directory/nls: cannot read symbolic link '/proc/1554/exe': No such file or directory/nls: cannot read symbolic link '/proc/16/exe': No such file or directory/nls: cannot read symbolic link '/proc/1624/exe': No such file or directory/nls: cannot read symbolic link '/proc/1627/exe': No such file or directory/nls: cannot read symbolic link '/proc/18/exe': No such file or directory/nls: cannot read symbolic link '/proc/183/exe': No such file or directory/nls: cannot read symbolic link '/proc/184/exe': No such file or directory/nls: cannot read symbolic link '/proc/19/exe': No such file or directory/nls: cannot read symbolic link '/proc/2/exe': No such file or directory/nls: cannot read symbolic link '/proc/20/exe': No such file or directory/nls: cannot read symbolic link '/proc/21/exe': No such file or directory/nls: cannot read symbolic link '/proc/23/exe': No such file or directory/nls: cannot read symbolic link '/proc/26/exe': No such file or directory/nls: cannot read symbolic link '/proc/27/exe': No such file or directory/nls: cannot read symbolic link '/proc/28/exe': No such file or directory/nls: cannot read symbolic link '/proc/288/exe': No such file or directory/nls: cannot read symbolic link '/proc/289/exe': No such file or directory/nls: cannot read symbolic link '/proc/29/exe': No such file or directory/nls: cannot read symbolic link '/proc/294/exe': No such file or directory/nls: cannot read symbolic link '/proc/297/exe': No such file or directory/nls: cannot read symbolic link '/proc/3/exe': No such file or directory/nls: cannot read symbolic link '/proc/30/exe': No such file or directory/nls: cannot read symbolic link '/proc/32/exe': No such file or directory/nls: cannot read symbolic link '/proc/33/exe': No such file or directory/nls: cannot read symbolic link '/proc/34/exe': No such file or directory/nls: cannot read symbolic link '/proc/344/exe': No such file or directory/nls: cannot read symbolic link '/proc/36/exe': No such file or directory/nls: cannot read symbolic link '/proc/37/exe': No such file or directory/nls: cannot read symbolic link '/proc/38/exe': No such file or directory/nls: cannot read symbolic link '/proc/39/exe': No such file or directory/nls: cannot read symbolic link '/proc/4/exe': No such file or directory/nls: cannot read symbolic link '/proc/40/exe': No such file or directory/nls: cannot read symbolic link '/proc/41/exe': No such file or directory/nls: cannot read symbolic link '/proc/42/exe': No such file or directory/nls: cannot read symbolic link '/proc/43/exe': No such file or directory/nls: cannot read symbolic link '/proc/44/exe': No such file or directory/nls: cannot read symbolic link '/proc/5/exe': No such file or directory/nls: cannot read symbolic link '/proc/50/exe': No such file or directory/nls: cannot read symbolic link '/proc/52/exe': No such file or directory/nls: cannot read symbolic link '/proc/54/exe': No such file or directory/nls: cannot read symbolic link '/proc/55/exe': No such file or directory/nls: cannot read symbolic link '/proc/6/exe': No such file or directory/nls: cannot read symbolic link '/proc/60/exe': No such file or directory/nls: cannot read symbolic link '/proc/65/exe': No such file or directory/nls: cannot read symbolic link '/proc/66/exe': No such file or directory
2026-09-15 15:54:17 +0100 CMD cat "//root/uac_output/uac-data.tmp/tmp/process/file_descriptors_of_deleted_processes.txt" 2> cat: //root/uac_output/uac-data.tmp/tmp/process/file_descriptors_of_deleted_processes.txt: No such file or directory
2026-09-15 15:54:17 +0100 CMD ls -l /proc/[0-9]*/exe | awk -F"/proc/|/exe" '{print $2}' 2> ls: cannot read symbolic link '/proc/10/exe': No such file or directory/nls: cannot read symbolic link '/proc/11/exe': No such file or directory/nls: cannot read symbolic link '/proc/110/exe': No such file or directory/nls: cannot read symbolic link '/proc/12/exe': No such file or directory/nls: cannot read symbolic link '/proc/1271/exe': No such file or directory/nls: cannot read symbolic link '/proc/1294/exe': No such file or directory/nls: cannot read symbolic link '/proc/13/exe': No such file or directory/nls: cannot read symbolic link '/proc/137/exe': No such file or directory/nls: cannot read symbolic link '/proc/138/exe': No such file or directory/nls: cannot read symbolic link '/proc/139/exe': No such file or directory/nls: cannot read symbolic link '/proc/14/exe': No such file or directory/nls: cannot read symbolic link '/proc/141/exe': No such file or directory/nls: cannot read symbolic link '/proc/143/exe': No such file or directory/nls: cannot read symbolic link '/proc/144/exe': No such file or directory/nls: cannot read symbolic link '/proc/145/exe': No such file or directory/nls: cannot read symbolic link '/proc/146/exe': No such file or directory/nls: cannot read symbolic link '/proc/15/exe': No such file or directory/nls: cannot read symbolic link '/proc/1519/exe': No such file or directory/nls: cannot read symbolic link '/proc/153/exe': No such file or directory/nls: cannot read symbolic link '/proc/1548/exe': No such file or directory/nls: cannot read symbolic link '/proc/1553/exe': No such file or directory/nls: cannot read symbolic link '/proc/1554/exe': No such file or directory/nls: cannot read symbolic link '/proc/16/exe': No such file or directory/nls: cannot read symbolic link '/proc/1624/exe': No such file or directory/nls: cannot read symbolic link '/proc/1627/exe': No such file or directory/nls: cannot read symbolic link '/proc/18/exe': No such file or directory/nls: cannot read symbolic link '/proc/183/exe': No such file or directory/nls: cannot read symbolic link '/proc/184/exe': No such file or directory/nls: cannot read symbolic link '/proc/19/exe': No such file or directory/nls: cannot read symbolic link '/proc/2/exe': No such file or directory/nls: cannot read symbolic link '/proc/20/exe': No such file or directory/nls: cannot read symbolic link '/proc/21/exe': No such file or directory/nls: cannot read symbolic link '/proc/23/exe': No such file or directory/nls: cannot read symbolic link '/proc/26/exe': No such file or directory/nls: cannot read symbolic link '/proc/27/exe': No such file or directory/nls: cannot read symbolic link '/proc/28/exe': No such file or directory/nls: cannot read symbolic link '/proc/288/exe': No such file or directory/nls: cannot read symbolic link '/proc/289/exe': No such file or directory/nls: cannot read symbolic link '/proc/29/exe': No such file or directory/nls: cannot read symbolic link '/proc/294/exe': No such file or directory/nls: cannot read symbolic link '/proc/297/exe': No such file or directory/nls: cannot read symbolic link '/proc/3/exe': No such file or directory/nls: cannot read symbolic link '/proc/30/exe': No such file or directory/nls: cannot read symbolic link '/proc/32/exe': No such file or directory/nls: cannot read symbolic link '/proc/33/exe': No such file or directory/nls: cannot read symbolic link '/proc/34/exe': No such file or directory/nls: cannot read symbolic link '/proc/344/exe': No such file or directory/nls: cannot read symbolic link '/proc/36/exe': No such file or directory/nls: cannot read symbolic link '/proc/37/exe': No such file or directory/nls: cannot read symbolic link '/proc/38/exe': No such file or directory/nls: cannot read symbolic link '/proc/39/exe': No such file or directory/nls: cannot read symbolic link '/proc/4/exe': No such file or directory/nls: cannot read symbolic link '/proc/40/exe': No such file or directory/nls: cannot read symbolic link '/proc/41/exe': No such file or directory/nls: cannot read symbolic link '/proc/42/exe': No such file or directory/nls: cannot read symbolic link '/proc/43/exe': No such file or directory/nls: cannot read symbolic link '/proc/44/exe': No such file or directory/nls: cannot read symbolic link '/proc/5/exe': No such file or directory/nls: cannot read symbolic link '/proc/50/exe': No such file or directory/nls: cannot read symbolic link '/proc/52/exe': No such file or directory/nls: cannot read symbolic link '/proc/54/exe': No such file or directory/nls: cannot read symbolic link '/proc/55/exe': No such file or directory/nls: cannot read symbolic link '/proc/6/exe': No such file or directory/nls: cannot read symbolic link '/proc/60/exe': No such file or directory/nls: cannot read symbolic link '/proc/65/exe': No such file or directory/nls: cannot read symbolic link '/proc/66/exe': No such file or directory
2026-09-15 15:54:17 +0100 CMD ls -l /proc/"1"/fd/[0-9]* | grep "memfd" | grep -E "(deleted)" | awk -F"/proc/1/fd/| ->" '{print "1/fd/"$2}'
2026-09-15 15:54:17 +0100 CMD ls -l /proc/"10"/fd/[0-9]* | grep "memfd" | grep -E "(deleted)" | awk -F"/proc/10/fd/| ->" '{print "10/fd/"$2}' 2> ls: cannot access '/proc/10/fd/[0-9]*': No such file or directory
2026-09-15 15:54:17 +0100 CMD ls -l /proc/"11"/fd/[0-9]* | grep "memfd" | grep -E "(deleted)" | awk -F"/proc/11/fd/| ->" '{print "11/fd/"$2}' 2> ls: cannot access '/proc/11/fd/[0-9]*': No such file or directory
2026-09-15 15:54:17 +0100 CMD ls -l /proc/"110"/fd/[0-9]* | grep "memfd" | grep -E "(deleted)" | awk -F"/proc/110/fd/| ->" '{print "110/fd/"$2}' 2> ls: cannot access '/proc/110/fd/[0-9]*': No such file or directory
2026-09-15 15:54:17 +0100 CMD ls -l /proc/"12"/fd/[0-9]* | grep "memfd" | grep -E "(deleted)" | awk -F"/proc/12/fd/| ->" '{print "12/fd/"$2}' 2> ls: cannot access '/proc/12/fd/[0-9]*': No such file or directory
2026-09-15 15:54:17 +0100 CMD ls -l /proc/"1271"/fd/[0-9]* | grep "memfd" | grep -E "(deleted)" | awk -F"/proc/1271/fd/| ->" '{print "1271/fd/"$2}' 2> ls: cannot access '/proc/1271/fd/[0-9]*': No such file or directory
2026-09-15 15:54:17 +0100 CMD ls -l /proc/"1294"/fd/[0-9]* | grep "memfd" | grep -E "(deleted)" | awk -F"/proc/1294/fd/| ->" '{print "1294/fd/"$2}' 2> ls: cannot access '/proc/1294/fd/[0-9]*': No such file or directory
2026-09-15 15:54:17 +0100 CMD ls -l /proc/"13"/fd/[0-9]* | grep "memfd" | grep -E "(deleted)" | awk -F"/proc/13/fd/| ->" '{print "13/fd/"$2}' 2> ls: cannot access '/proc/13/fd/[0-9]*': No such file or directory
2026-09-15 15:54:17 +0100 CMD ls -l /proc/"137"/fd/[0-9]* | grep "memfd" | grep -E "(deleted)" | awk -F"/proc/137/fd/| ->" '{print "137/fd/"$2}' 2> ls: cannot access '/proc/137/fd/[0-9]*': No such file or directory
2026-09-15 15:54:17 +0100 CMD ls -l /proc/"138"/fd/[0-9]* | grep "memfd" | grep -E "(deleted)" | awk -F"/proc/138/fd/| ->" '{print "138/fd/"$2}' 2> ls: cannot access '/proc/138/fd/[0-9]*': No such file or directory
2026-09-15 15:54:17 +0100 CMD ls -l /proc/"139"/fd/[0-9]* | grep "memfd" | grep -E "(deleted)" | awk -F"/proc/139/fd/| ->" '{print "139/fd/"$2}' 2> ls: cannot access '/proc/139/fd/[0-9]*': No such file or directory
2026-09-15 15:54:17 +0100 CMD ls -l /proc/"14"/fd/[0-9]* | grep "memfd" | grep -E "(deleted)" | awk -F"/proc/14/fd/| ->" '{print "14/fd/"$2}' 2> ls: cannot access '/proc/14/fd/[0-9]*': No such file or directory
2026-09-15 15:54:17 +0100 CMD ls -l /proc/"141"/fd/[0-9]* | grep "memfd" | grep -E "(deleted)" | awk -F"/proc/141/fd/| ->" '{print "141/fd/"$2}' 2> ls: cannot access '/proc/141/fd/[0-9]*': No such file or directory
2026-09-15 15:54:17 +0100 CMD ls -l /proc/"143"/fd/[0-9]* | grep "memfd" | grep -E "(deleted)" | awk -F"/proc/143/fd/| ->" '{print "143/fd/"$2}' 2> ls: cannot access '/proc/143/fd/[0-9]*': No such file or directory
2026-09-15 15:54:17 +0100 CMD ls -l /proc/"144"/fd/[0-9]* | grep "memfd" | grep -E "(deleted)" | awk -F"/proc/144/fd/| ->" '{print "144/fd/"$2}' 2> ls: cannot access '/proc/144/fd/[0-9]*': No such file or directory
2026-09-15 15:54:17 +0100 CMD ls -l /proc/"145"/fd/[0-9]* | grep "memfd" | grep -E "(deleted)" | awk -F"/proc/145/fd/| ->" '{print "145/fd/"$2}' 2> ls: cannot access '/proc/145/fd/[0-9]*': No such file or directory
2026-09-15 15:54:17 +0100 CMD ls -l /proc/"146"/fd/[0-9]* | grep "memfd" | grep -E "(deleted)" | awk -F"/proc/146/fd/| ->" '{print "146/fd/"$2}' 2> ls: cannot access '/proc/146/fd/[0-9]*': No such file or directory
2026-09-15 15:54:17 +0100 CMD ls -l /proc/"15"/fd/[0-9]* | grep "memfd" | grep -E "(deleted)" | awk -F"/proc/15/fd/| ->" '{print "15/fd/"$2}' 2> ls: cannot access '/proc/15/fd/[0-9]*': No such file or directory
2026-09-15 15:54:17 +0100 CMD ls -l /proc/"1514"/fd/[0-9]* | grep "memfd" | grep -E "(deleted)" | awk -F"/proc/1514/fd/| ->" '{print "1514/fd/"$2}'
2026-09-15 15:54:17 +0100 CMD ls -l /proc/"1519"/fd/[0-9]* | grep "memfd" | grep -E "(deleted)" | awk -F"/proc/1519/fd/| ->" '{print "1519/fd/"$2}' 2> ls: cannot access '/proc/1519/fd/[0-9]*': No such file or directory
2026-09-15 15:54:17 +0100 CMD ls -l /proc/"153"/fd/[0-9]* | grep "memfd" | grep -E "(deleted)" | awk -F"/proc/153/fd/| ->" '{print "153/fd/"$2}' 2> ls: cannot access '/proc/153/fd/[0-9]*': No such file or directory
2026-09-15 15:54:17 +0100 CMD ls -l /proc/"1548"/fd/[0-9]* | grep "memfd" | grep -E "(deleted)" | awk -F"/proc/1548/fd/| ->" '{print "1548/fd/"$2}' 2> ls: cannot access '/proc/1548/fd/[0-9]*': No such file or directory
2026-09-15 15:54:17 +0100 CMD ls -l /proc/"1553"/fd/[0-9]* | grep "memfd" | grep -E "(deleted)" | awk -F"/proc/1553/fd/| ->" '{print "1553/fd/"$2}' 2> ls: cannot access '/proc/1553/fd/[0-9]*': No such file or directory
2026-09-15 15:54:17 +0100 CMD ls -l /proc/"1554"/fd/[0-9]* | grep "memfd" | grep -E "(deleted)" | awk -F"/proc/1554/fd/| ->" '{print "1554/fd/"$2}' 2> ls: cannot access '/proc/1554/fd/[0-9]*': No such file or directory
2026-09-15 15:54:17 +0100 CMD ls -l /proc/"1557"/fd/[0-9]* | grep "memfd" | grep -E "(deleted)" | awk -F"/proc/1557/fd/| ->" '{print "1557/fd/"$2}'
2026-09-15 15:54:17 +0100 CMD ls -l /proc/"1558"/fd/[0-9]* | grep "memfd" | grep -E "(deleted)" | awk -F"/proc/1558/fd/| ->" '{print "1558/fd/"$2}'
2026-09-15 15:54:17 +0100 CMD ls -l /proc/"16"/fd/[0-9]* | grep "memfd" | grep -E "(deleted)" | awk -F"/proc/16/fd/| ->" '{print "16/fd/"$2}' 2> ls: cannot access '/proc/16/fd/[0-9]*': No such file or directory
2026-09-15 15:54:17 +0100 CMD ls -l /proc/"1624"/fd/[0-9]* | grep "memfd" | grep -E "(deleted)" | awk -F"/proc/1624/fd/| ->" '{print "1624/fd/"$2}' 2> ls: cannot access '/proc/1624/fd/[0-9]*': No such file or directory
2026-09-15 15:54:17 +0100 CMD ls -l /proc/"1627"/fd/[0-9]* | grep "memfd" | grep -E "(deleted)" | awk -F"/proc/1627/fd/| ->" '{print "1627/fd/"$2}' 2> ls: cannot access '/proc/1627/fd/[0-9]*': No such file or directory
2026-09-15 15:54:17 +0100 CMD ls -l /proc/"18"/fd/[0-9]* | grep "memfd" | grep -E "(deleted)" | awk -F"/proc/18/fd/| ->" '{print "18/fd/"$2}' 2> ls: cannot access '/proc/18/fd/[0-9]*': No such file or directory
2026-09-15 15:54:17 +0100 CMD ls -l /proc/"1811"/fd/[0-9]* | grep "memfd" | grep -E "(deleted)" | awk -F"/proc/1811/fd/| ->" '{print "1811/fd/"$2}'
2026-09-15 15:54:18 +0100 CMD ls -l /proc/"183"/fd/[0-9]* | grep "memfd" | grep -E "(deleted)" | awk -F"/proc/183/fd/| ->" '{print "183/fd/"$2}' 2> ls: cannot access '/proc/183/fd/[0-9]*': No such file or directory
2026-09-15 15:54:18 +0100 CMD ls -l /proc/"184"/fd/[0-9]* | grep "memfd" | grep -E "(deleted)" | awk -F"/proc/184/fd/| ->" '{print "184/fd/"$2}' 2> ls: cannot access '/proc/184/fd/[0-9]*': No such file or directory
2026-09-15 15:54:18 +0100 CMD ls -l /proc/"19"/fd/[0-9]* | grep "memfd" | grep -E "(deleted)" | awk -F"/proc/19/fd/| ->" '{print "19/fd/"$2}' 2> ls: cannot access '/proc/19/fd/[0-9]*': No such file or directory
2026-09-15 15:54:18 +0100 CMD ls -l /proc/"2"/fd/[0-9]* | grep "memfd" | grep -E "(deleted)" | awk -F"/proc/2/fd/| ->" '{print "2/fd/"$2}' 2> ls: cannot access '/proc/2/fd/[0-9]*': No such file or directory
2026-09-15 15:54:18 +0100 CMD ls -l /proc/"20"/fd/[0-9]* | grep "memfd" | grep -E "(deleted)" | awk -F"/proc/20/fd/| ->" '{print "20/fd/"$2}' 2> ls: cannot access '/proc/20/fd/[0-9]*': No such file or directory
2026-09-15 15:54:18 +0100 CMD ls -l /proc/"21"/fd/[0-9]* | grep "memfd" | grep -E "(deleted)" | awk -F"/proc/21/fd/| ->" '{print "21/fd/"$2}' 2> ls: cannot access '/proc/21/fd/[0-9]*': No such file or directory
2026-09-15 15:54:18 +0100 CMD ls -l /proc/"226"/fd/[0-9]* | grep "memfd" | grep -E "(deleted)" | awk -F"/proc/226/fd/| ->" '{print "226/fd/"$2}'
2026-09-15 15:54:18 +0100 CMD ls -l /proc/"2290"/fd/[0-9]* | grep "memfd" | grep -E "(deleted)" | awk -F"/proc/2290/fd/| ->" '{print "2290/fd/"$2}'
2026-09-15 15:54:18 +0100 CMD ls -l /proc/"23"/fd/[0-9]* | grep "memfd" | grep -E "(deleted)" | awk -F"/proc/23/fd/| ->" '{print "23/fd/"$2}' 2> ls: cannot access '/proc/23/fd/[0-9]*': No such file or directory
2026-09-15 15:54:18 +0100 CMD ls -l /proc/"250"/fd/[0-9]* | grep "memfd" | grep -E "(deleted)" | awk -F"/proc/250/fd/| ->" '{print "250/fd/"$2}'
2026-09-15 15:54:18 +0100 CMD ls -l /proc/"26"/fd/[0-9]* | grep "memfd" | grep -E "(deleted)" | awk -F"/proc/26/fd/| ->" '{print "26/fd/"$2}' 2> ls: cannot access '/proc/26/fd/[0-9]*': No such file or directory
2026-09-15 15:54:18 +0100 CMD ls -l /proc/"27"/fd/[0-9]* | grep "memfd" | grep -E "(deleted)" | awk -F"/proc/27/fd/| ->" '{print "27/fd/"$2}' 2> ls: cannot access '/proc/27/fd/[0-9]*': No such file or directory
2026-09-15 15:54:18 +0100 CMD ls -l /proc/"28"/fd/[0-9]* | grep "memfd" | grep -E "(deleted)" | awk -F"/proc/28/fd/| ->" '{print "28/fd/"$2}' 2> ls: cannot access '/proc/28/fd/[0-9]*': No such file or directory
2026-09-15 15:54:18 +0100 CMD ls -l /proc/"288"/fd/[0-9]* | grep "memfd" | grep -E "(deleted)" | awk -F"/proc/288/fd/| ->" '{print "288/fd/"$2}' 2> ls: cannot access '/proc/288/fd/[0-9]*': No such file or directory
2026-09-15 15:54:18 +0100 CMD ls -l /proc/"289"/fd/[0-9]* | grep "memfd" | grep -E "(deleted)" | awk -F"/proc/289/fd/| ->" '{print "289/fd/"$2}' 2> ls: cannot access '/proc/289/fd/[0-9]*': No such file or directory
2026-09-15 15:54:18 +0100 CMD ls -l /proc/"29"/fd/[0-9]* | grep "memfd" | grep -E "(deleted)" | awk -F"/proc/29/fd/| ->" '{print "29/fd/"$2}' 2> ls: cannot access '/proc/29/fd/[0-9]*': No such file or directory
2026-09-15 15:54:18 +0100 CMD ls -l /proc/"294"/fd/[0-9]* | grep "memfd" | grep -E "(deleted)" | awk -F"/proc/294/fd/| ->" '{print "294/fd/"$2}' 2> ls: cannot access '/proc/294/fd/[0-9]*': No such file or directory
2026-09-15 15:54:18 +0100 CMD ls -l /proc/"297"/fd/[0-9]* | grep "memfd" | grep -E "(deleted)" | awk -F"/proc/297/fd/| ->" '{print "297/fd/"$2}' 2> ls: cannot access '/proc/297/fd/[0-9]*': No such file or directory
2026-09-15 15:54:18 +0100 CMD ls -l /proc/"3"/fd/[0-9]* | grep "memfd" | grep -E "(deleted)" | awk -F"/proc/3/fd/| ->" '{print "3/fd/"$2}' 2> ls: cannot access '/proc/3/fd/[0-9]*': No such file or directory
2026-09-15 15:54:18 +0100 CMD ls -l /proc/"30"/fd/[0-9]* | grep "memfd" | grep -E "(deleted)" | awk -F"/proc/30/fd/| ->" '{print "30/fd/"$2}' 2> ls: cannot access '/proc/30/fd/[0-9]*': No such file or directory
2026-09-15 15:54:18 +0100 CMD ls -l /proc/"32"/fd/[0-9]* | grep "memfd" | grep -E "(deleted)" | awk -F"/proc/32/fd/| ->" '{print "32/fd/"$2}' 2> ls: cannot access '/proc/32/fd/[0-9]*': No such file or directory
2026-09-15 15:54:18 +0100 CMD ls -l /proc/"33"/fd/[0-9]* | grep "memfd" | grep -E "(deleted)" | awk -F"/proc/33/fd/| ->" '{print "33/fd/"$2}' 2> ls: cannot access '/proc/33/fd/[0-9]*': No such file or directory
2026-09-15 15:54:18 +0100 CMD ls -l /proc/"34"/fd/[0-9]* | grep "memfd" | grep -E "(deleted)" | awk -F"/proc/34/fd/| ->" '{print "34/fd/"$2}' 2> ls: cannot access '/proc/34/fd/[0-9]*': No such file or directory
2026-09-15 15:54:18 +0100 CMD ls -l /proc/"344"/fd/[0-9]* | grep "memfd" | grep -E "(deleted)" | awk -F"/proc/344/fd/| ->" '{print "344/fd/"$2}' 2> ls: cannot access '/proc/344/fd/[0-9]*': No such file or directory
2026-09-15 15:54:18 +0100 CMD ls -l /proc/"36"/fd/[0-9]* | grep "memfd" | grep -E "(deleted)" | awk -F"/proc/36/fd/| ->" '{print "36/fd/"$2}' 2> ls: cannot access '/proc/36/fd/[0-9]*': No such file or directory
2026-09-15 15:54:18 +0100 CMD ls -l /proc/"37"/fd/[0-9]* | grep "memfd" | grep -E "(deleted)" | awk -F"/proc/37/fd/| ->" '{print "37/fd/"$2}' 2> ls: cannot access '/proc/37/fd/[0-9]*': No such file or directory
2026-09-15 15:54:18 +0100 CMD ls -l /proc/"38"/fd/[0-9]* | grep "memfd" | grep -E "(deleted)" | awk -F"/proc/38/fd/| ->" '{print "38/fd/"$2}' 2> ls: cannot access '/proc/38/fd/[0-9]*': No such file or directory
2026-09-15 15:54:18 +0100 CMD ls -l /proc/"39"/fd/[0-9]* | grep "memfd" | grep -E "(deleted)" | awk -F"/proc/39/fd/| ->" '{print "39/fd/"$2}' 2> ls: cannot access '/proc/39/fd/[0-9]*': No such file or directory
2026-09-15 15:54:18 +0100 CMD ls -l /proc/"4"/fd/[0-9]* | grep "memfd" | grep -E "(deleted)" | awk -F"/proc/4/fd/| ->" '{print "4/fd/"$2}' 2> ls: cannot access '/proc/4/fd/[0-9]*': No such file or directory
2026-09-15 15:54:18 +0100 CMD ls -l /proc/"40"/fd/[0-9]* | grep "memfd" | grep -E "(deleted)" | awk -F"/proc/40/fd/| ->" '{print "40/fd/"$2}' 2> ls: cannot access '/proc/40/fd/[0-9]*': No such file or directory
2026-09-15 15:54:18 +0100 CMD ls -l /proc/"41"/fd/[0-9]* | grep "memfd" | grep -E "(deleted)" | awk -F"/proc/41/fd/| ->" '{print "41/fd/"$2}' 2> ls: cannot access '/proc/41/fd/[0-9]*': No such file or directory
2026-09-15 15:54:18 +0100 CMD ls -l /proc/"42"/fd/[0-9]* | grep "memfd" | grep -E "(deleted)" | awk -F"/proc/42/fd/| ->" '{print "42/fd/"$2}' 2> ls: cannot access '/proc/42/fd/[0-9]*': No such file or directory
2026-09-15 15:54:18 +0100 CMD ls -l /proc/"43"/fd/[0-9]* | grep "memfd" | grep -E "(deleted)" | awk -F"/proc/43/fd/| ->" '{print "43/fd/"$2}' 2> ls: cannot access '/proc/43/fd/[0-9]*': No such file or directory
2026-09-15 15:54:18 +0100 CMD ls -l /proc/"44"/fd/[0-9]* | grep "memfd" | grep -E "(deleted)" | awk -F"/proc/44/fd/| ->" '{print "44/fd/"$2}' 2> ls: cannot access '/proc/44/fd/[0-9]*': No such file or directory
2026-09-15 15:54:18 +0100 CMD ls -l /proc/"44816"/fd/[0-9]* | grep "memfd" | grep -E "(deleted)" | awk -F"/proc/44816/fd/| ->" '{print "44816/fd/"$2}'
2026-09-15 15:54:18 +0100 CMD ls -l /proc/"45184"/fd/[0-9]* | grep "memfd" | grep -E "(deleted)" | awk -F"/proc/45184/fd/| ->" '{print "45184/fd/"$2}' 2> ls: cannot access '/proc/45184/fd/[0-9]*': No such file or directory
2026-09-15 15:54:18 +0100 CMD ls -l /proc/"45186"/fd/[0-9]* | grep "memfd" | grep -E "(deleted)" | awk -F"/proc/45186/fd/| ->" '{print "45186/fd/"$2}' 2> ls: cannot access '/proc/45186/fd/[0-9]*': No such file or directory
2026-09-15 15:54:18 +0100 CMD ls -l /proc/"45187"/fd/[0-9]* | grep "memfd" | grep -E "(deleted)" | awk -F"/proc/45187/fd/| ->" '{print "45187/fd/"$2}' 2> ls: cannot access '/proc/45187/fd/[0-9]*': No such file or directory
2026-09-15 15:54:18 +0100 CMD ls -l /proc/"467"/fd/[0-9]* | grep "memfd" | grep -E "(deleted)" | awk -F"/proc/467/fd/| ->" '{print "467/fd/"$2}'
2026-09-15 15:54:18 +0100 CMD ls -l /proc/"470"/fd/[0-9]* | grep "memfd" | grep -E "(deleted)" | awk -F"/proc/470/fd/| ->" '{print "470/fd/"$2}'
2026-09-15 15:54:18 +0100 CMD ls -l /proc/"474"/fd/[0-9]* | grep "memfd" | grep -E "(deleted)" | awk -F"/proc/474/fd/| ->" '{print "474/fd/"$2}'
2026-09-15 15:54:18 +0100 CMD ls -l /proc/"475"/fd/[0-9]* | grep "memfd" | grep -E "(deleted)" | awk -F"/proc/475/fd/| ->" '{print "475/fd/"$2}'
2026-09-15 15:54:18 +0100 CMD ls -l /proc/"5"/fd/[0-9]* | grep "memfd" | grep -E "(deleted)" | awk -F"/proc/5/fd/| ->" '{print "5/fd/"$2}' 2> ls: cannot access '/proc/5/fd/[0-9]*': No such file or directory
2026-09-15 15:54:18 +0100 CMD ls -l /proc/"50"/fd/[0-9]* | grep "memfd" | grep -E "(deleted)" | awk -F"/proc/50/fd/| ->" '{print "50/fd/"$2}' 2> ls: cannot access '/proc/50/fd/[0-9]*': No such file or directory
2026-09-15 15:54:18 +0100 CMD ls -l /proc/"515"/fd/[0-9]* | grep "memfd" | grep -E "(deleted)" | awk -F"/proc/515/fd/| ->" '{print "515/fd/"$2}'
2026-09-15 15:54:18 +0100 CMD ls -l /proc/"516"/fd/[0-9]* | grep "memfd" | grep -E "(deleted)" | awk -F"/proc/516/fd/| ->" '{print "516/fd/"$2}'
2026-09-15 15:54:18 +0100 CMD ls -l /proc/"52"/fd/[0-9]* | grep "memfd" | grep -E "(deleted)" | awk -F"/proc/52/fd/| ->" '{print "52/fd/"$2}' 2> ls: cannot access '/proc/52/fd/[0-9]*': No such file or directory
2026-09-15 15:54:18 +0100 CMD ls -l /proc/"521"/fd/[0-9]* | grep "memfd" | grep -E "(deleted)" | awk -F"/proc/521/fd/| ->" '{print "521/fd/"$2}'
2026-09-15 15:54:18 +0100 CMD ls -l /proc/"54"/fd/[0-9]* | grep "memfd" | grep -E "(deleted)" | awk -F"/proc/54/fd/| ->" '{print "54/fd/"$2}' 2> ls: cannot access '/proc/54/fd/[0-9]*': No such file or directory
2026-09-15 15:54:18 +0100 CMD ls -l /proc/"55"/fd/[0-9]* | grep "memfd" | grep -E "(deleted)" | awk -F"/proc/55/fd/| ->" '{print "55/fd/"$2}' 2> ls: cannot access '/proc/55/fd/[0-9]*': No such file or directory
2026-09-15 15:54:18 +0100 CMD ls -l /proc/"6"/fd/[0-9]* | grep "memfd" | grep -E "(deleted)" | awk -F"/proc/6/fd/| ->" '{print "6/fd/"$2}' 2> ls: cannot access '/proc/6/fd/[0-9]*': No such file or directory
2026-09-15 15:54:19 +0100 CMD ls -l /proc/"60"/fd/[0-9]* | grep "memfd" | grep -E "(deleted)" | awk -F"/proc/60/fd/| ->" '{print "60/fd/"$2}' 2> ls: cannot access '/proc/60/fd/[0-9]*': No such file or directory
2026-09-15 15:54:19 +0100 CMD ls -l /proc/"612"/fd/[0-9]* | grep "memfd" | grep -E "(deleted)" | awk -F"/proc/612/fd/| ->" '{print "612/fd/"$2}'
2026-09-15 15:54:19 +0100 CMD ls -l /proc/"629"/fd/[0-9]* | grep "memfd" | grep -E "(deleted)" | awk -F"/proc/629/fd/| ->" '{print "629/fd/"$2}'
2026-09-15 15:54:19 +0100 CMD ls -l /proc/"65"/fd/[0-9]* | grep "memfd" | grep -E "(deleted)" | awk -F"/proc/65/fd/| ->" '{print "65/fd/"$2}' 2> ls: cannot access '/proc/65/fd/[0-9]*': No such file or directory
2026-09-15 15:54:19 +0100 CMD ls -l /proc/"66"/fd/[0-9]* | grep "memfd" | grep -E "(deleted)" | awk -F"/proc/66/fd/| ->" '{print "66/fd/"$2}' 2> ls: cannot access '/proc/66/fd/[0-9]*': No such file or directory
2026-09-15 15:54:19 +0100 CMD ls -l /proc/"763"/fd/[0-9]* | grep "memfd" | grep -E "(deleted)" | awk -F"/proc/763/fd/| ->" '{print "763/fd/"$2}'
2026-09-15 15:54:19 +0100 CMD ls -l /proc/"764"/fd/[0-9]* | grep "memfd" | grep -E "(deleted)" | awk -F"/proc/764/fd/| ->" '{print "764/fd/"$2}'
2026-09-15 15:54:19 +0100 CMD ls -l /proc/"770"/fd/[0-9]* | grep "memfd" | grep -E "(deleted)" | awk -F"/proc/770/fd/| ->" '{print "770/fd/"$2}'
2026-09-15 15:54:19 +0100 CMD cat "//root/uac_output/uac-data.tmp/tmp/process/files_hidden_in_memfd_socket.txt" 2> cat: //root/uac_output/uac-data.tmp/tmp/process/files_hidden_in_memfd_socket.txt: No such file or directory
2026-09-15 15:54:19 +0100 CMD ls -l /proc/[0-9]*/exe | grep -E "(deleted)" | awk -F"/proc/|/exe" '{print $2}' 2> ls: cannot read symbolic link '/proc/10/exe': No such file or directory/nls: cannot read symbolic link '/proc/11/exe': No such file or directory/nls: cannot read symbolic link '/proc/110/exe': No such file or directory/nls: cannot read symbolic link '/proc/12/exe': No such file or directory/nls: cannot read symbolic link '/proc/1271/exe': No such file or directory/nls: cannot read symbolic link '/proc/1294/exe': No such file or directory/nls: cannot read symbolic link '/proc/13/exe': No such file or directory/nls: cannot read symbolic link '/proc/137/exe': No such file or directory/nls: cannot read symbolic link '/proc/138/exe': No such file or directory/nls: cannot read symbolic link '/proc/139/exe': No such file or directory/nls: cannot read symbolic link '/proc/14/exe': No such file or directory/nls: cannot read symbolic link '/proc/141/exe': No such file or directory/nls: cannot read symbolic link '/proc/143/exe': No such file or directory/nls: cannot read symbolic link '/proc/144/exe': No such file or directory/nls: cannot read symbolic link '/proc/145/exe': No such file or directory/nls: cannot read symbolic link '/proc/146/exe': No such file or directory/nls: cannot read symbolic link '/proc/15/exe': No such file or directory/nls: cannot read symbolic link '/proc/1519/exe': No such file or directory/nls: cannot read symbolic link '/proc/153/exe': No such file or directory/nls: cannot read symbolic link '/proc/1548/exe': No such file or directory/nls: cannot read symbolic link '/proc/1553/exe': No such file or directory/nls: cannot read symbolic link '/proc/1554/exe': No such file or directory/nls: cannot read symbolic link '/proc/16/exe': No such file or directory/nls: cannot read symbolic link '/proc/1624/exe': No such file or directory/nls: cannot read symbolic link '/proc/1627/exe': No such file or directory/nls: cannot read symbolic link '/proc/18/exe': No such file or directory/nls: cannot read symbolic link '/proc/183/exe': No such file or directory/nls: cannot read symbolic link '/proc/184/exe': No such file or directory/nls: cannot read symbolic link '/proc/19/exe': No such file or directory/nls: cannot read symbolic link '/proc/2/exe': No such file or directory/nls: cannot read symbolic link '/proc/20/exe': No such file or directory/nls: cannot read symbolic link '/proc/21/exe': No such file or directory/nls: cannot read symbolic link '/proc/23/exe': No such file or directory/nls: cannot read symbolic link '/proc/26/exe': No such file or directory/nls: cannot read symbolic link '/proc/27/exe': No such file or directory/nls: cannot read symbolic link '/proc/28/exe': No such file or directory/nls: cannot read symbolic link '/proc/288/exe': No such file or directory/nls: cannot read symbolic link '/proc/289/exe': No such file or directory/nls: cannot read symbolic link '/proc/29/exe': No such file or directory/nls: cannot read symbolic link '/proc/294/exe': No such file or directory/nls: cannot read symbolic link '/proc/297/exe': No such file or directory/nls: cannot read symbolic link '/proc/3/exe': No such file or directory/nls: cannot read symbolic link '/proc/30/exe': No such file or directory/nls: cannot read symbolic link '/proc/32/exe': No such file or directory/nls: cannot read symbolic link '/proc/33/exe': No such file or directory/nls: cannot read symbolic link '/proc/34/exe': No such file or directory/nls: cannot read symbolic link '/proc/344/exe': No such file or directory/nls: cannot read symbolic link '/proc/36/exe': No such file or directory/nls: cannot read symbolic link '/proc/37/exe': No such file or directory/nls: cannot read symbolic link '/proc/38/exe': No such file or directory/nls: cannot read symbolic link '/proc/39/exe': No such file or directory/nls: cannot read symbolic link '/proc/4/exe': No such file or directory/nls: cannot read symbolic link '/proc/40/exe': No such file or directory/nls: cannot read symbolic link '/proc/41/exe': No such file or directory/nls: cannot read symbolic link '/proc/42/exe': No such file or directory/nls: cannot read symbolic link '/proc/43/exe': No such file or directory/nls: cannot read symbolic link '/proc/44/exe': No such file or directory/nls: cannot read symbolic link '/proc/5/exe': No such file or directory/nls: cannot read symbolic link '/proc/50/exe': No such file or directory/nls: cannot read symbolic link '/proc/52/exe': No such file or directory/nls: cannot read symbolic link '/proc/54/exe': No such file or directory/nls: cannot read symbolic link '/proc/55/exe': No such file or directory/nls: cannot read symbolic link '/proc/6/exe': No such file or directory/nls: cannot read symbolic link '/proc/60/exe': No such file or directory/nls: cannot read symbolic link '/proc/65/exe': No such file or directory/nls: cannot read symbolic link '/proc/66/exe': No such file or directory
2026-09-15 15:54:19 +0100 ERR _find_based_collector: No such file or directory: '/root/uac_output/uac-data.tmp/tmp/process/list_open_file_descriptors.txt'
2026-09-15 15:54:19 +0100 INF Parsing live_response/network/arp.yaml
2026-09-15 15:54:19 +0100 CMD command_exists "arp"
2026-09-15 15:54:19 +0100 INF Global condition 'command_exists "arp"' not satisfied. Skipping...
2026-09-15 15:54:19 +0100 INF Parsing live_response/network/firewall-cmd.yaml
2026-09-15 15:54:19 +0100 CMD command_exists "firewall-cmd"
2026-09-15 15:54:19 +0100 INF Global condition 'command_exists "firewall-cmd"' not satisfied. Skipping...
2026-09-15 15:54:19 +0100 INF Parsing live_response/network/hostname.yaml
2026-09-15 15:54:19 +0100 CMD hostname
2026-09-15 15:54:19 +0100 CMD hostname -f
2026-09-15 15:54:19 +0100 CMD command_exists "hostnamectl"
2026-09-15 15:54:19 +0100 CMD hostnamectl
2026-09-15 15:54:19 +0100 CMD uname -n
2026-09-15 15:54:19 +0100 INF Parsing live_response/network/ifconfig.yaml
2026-09-15 15:54:19 +0100 CMD command_exists "ifconfig"
2026-09-15 15:54:19 +0100 INF Global condition 'command_exists "ifconfig"' not satisfied. Skipping...
2026-09-15 15:54:19 +0100 INF Parsing live_response/network/ip.yaml
2026-09-15 15:54:19 +0100 CMD command_exists "ip"
2026-09-15 15:54:19 +0100 CMD ip addr show
2026-09-15 15:54:19 +0100 CMD ip link show
2026-09-15 15:54:19 +0100 CMD ip neighbor show
2026-09-15 15:54:19 +0100 CMD ip route show
2026-09-15 15:54:19 +0100 INF Parsing live_response/network/ip6tables.yaml
2026-09-15 15:54:19 +0100 CMD command_exists "ip6table"
2026-09-15 15:54:19 +0100 INF Global condition 'command_exists "ip6table"' not satisfied. Skipping...
2026-09-15 15:54:19 +0100 INF Parsing live_response/network/iptables.yaml
2026-09-15 15:54:19 +0100 CMD command_exists "iptables"
2026-09-15 15:54:19 +0100 INF Global condition 'command_exists "iptables"' not satisfied. Skipping...
2026-09-15 15:54:19 +0100 INF Parsing live_response/network/lsof.yaml
2026-09-15 15:54:19 +0100 CMD command_exists "lsof"
2026-09-15 15:54:19 +0100 CMD lsof -nPli
2026-09-15 15:54:19 +0100 CMD lsof -U
2026-09-15 15:54:19 +0100 INF Parsing live_response/network/netstat.yaml
2026-09-15 15:54:19 +0100 CMD command_exists "netstat"
2026-09-15 15:54:19 +0100 INF Global condition 'command_exists "netstat"' not satisfied. Skipping...
2026-09-15 15:54:19 +0100 INF Parsing live_response/network/nfsstat.yaml
2026-09-15 15:54:19 +0100 CMD command_exists "nfsstat"
2026-09-15 15:54:19 +0100 INF Global condition 'command_exists "nfsstat"' not satisfied. Skipping...
2026-09-15 15:54:19 +0100 INF Parsing live_response/network/nft.yaml
2026-09-15 15:54:19 +0100 CMD command_exists "nft"
2026-09-15 15:54:19 +0100 CMD nft list ruleset
2026-09-15 15:54:19 +0100 INF Parsing live_response/network/nmcli.yaml
2026-09-15 15:54:19 +0100 CMD command_exists "nmcli"
2026-09-15 15:54:19 +0100 INF Global condition 'command_exists "nmcli"' not satisfied. Skipping...
2026-09-15 15:54:19 +0100 INF Parsing live_response/network/procfs_information.yaml
2026-09-15 15:54:20 +0100 CMD cat /proc/net/tcp
2026-09-15 15:54:20 +0100 CMD cat /proc/net/tcp6
2026-09-15 15:54:20 +0100 CMD cat /proc/net/udp
2026-09-15 15:54:20 +0100 CMD cat /proc/net/udp6
2026-09-15 15:54:20 +0100 INF Parsing live_response/network/showmount.yaml
2026-09-15 15:54:20 +0100 CMD command_exists "showmount"
2026-09-15 15:54:20 +0100 INF Global condition 'command_exists "showmount"' not satisfied. Skipping...
2026-09-15 15:54:20 +0100 INF Parsing live_response/network/ss.yaml
2026-09-15 15:54:20 +0100 CMD command_exists "ss"
2026-09-15 15:54:20 +0100 CMD ss -anp
2026-09-15 15:54:20 +0100 CMD ss -ap
2026-09-15 15:54:20 +0100 CMD ss -tanp
2026-09-15 15:54:20 +0100 CMD ss -tap
2026-09-15 15:54:20 +0100 CMD ss -uanp
2026-09-15 15:54:20 +0100 CMD ss -uap
2026-09-15 15:54:20 +0100 CMD ss -tlp
2026-09-15 15:54:20 +0100 CMD ss -tlnp
2026-09-15 15:54:20 +0100 CMD ss -ulp
2026-09-15 15:54:20 +0100 CMD ss -ulnp
2026-09-15 15:54:20 +0100 CMD ss -0bp
2026-09-15 15:54:20 +0100 INF Parsing live_response/network/ufw.yaml
2026-09-15 15:54:20 +0100 CMD command_exists "ufw"
2026-09-15 15:54:20 +0100 INF Global condition 'command_exists "ufw"' not satisfied. Skipping...
2026-09-15 15:54:20 +0100 INF Parsing bodyfile/bodyfile.yaml
2026-09-15 15:54:21 +0100 CMD find / \( -path "/proc" -o -path "/sys" -o -path "/proc/sys/fs/binfmt_misc" -o -path "/root/uac-3.3.0" -o -path "/root/uac_output/uac-data.tmp" \) -prune -o -print0 | xargs -0 statx
2026-09-15 15:54:21 +0100 INF Parsing live_response/system/auditctl.yaml
2026-09-15 15:54:21 +0100 CMD command_exists "auditctl"
2026-09-15 15:54:21 +0100 CMD auditctl -l
2026-09-15 15:54:21 +0100 CMD auditctl -s
2026-09-15 15:54:21 +0100 INF Parsing live_response/system/binfmt_misc.yaml
2026-09-15 15:54:21 +0100 CMD ls -a /proc/sys/fs/binfmt_misc | grep -vE '^(..?|register|status)$'
2026-09-15 15:54:21 +0100 CMD cat /proc/sys/fs/binfmt_misc/"python3.11"
2026-09-15 15:54:21 +0100 INF Parsing live_response/system/bpftool.yaml
2026-09-15 15:54:21 +0100 CMD command_exists "bpftool"
2026-09-15 15:54:21 +0100 INF Global condition 'command_exists "bpftool"' not satisfied. Skipping...
2026-09-15 15:54:21 +0100 INF Parsing live_response/system/chkconfig.yaml
2026-09-15 15:54:21 +0100 CMD command_exists "chkconfig"
2026-09-15 15:54:21 +0100 INF Global condition 'command_exists "chkconfig"' not satisfied. Skipping...
2026-09-15 15:54:21 +0100 INF Parsing live_response/system/coredump.yaml
2026-09-15 15:54:21 +0100 CMD cat /proc/sys/kernel/core_pattern
2026-09-15 15:54:21 +0100 CMD command_exists "coredumpctl"
2026-09-15 15:54:21 +0100 INF Condition 'command_exists "coredumpctl"' not satisfied. Skipping...
2026-09-15 15:54:21 +0100 CMD command_exists "coredumpctl"
2026-09-15 15:54:21 +0100 INF Condition 'command_exists "coredumpctl"' not satisfied. Skipping...
2026-09-15 15:54:21 +0100 CMD command_exists "getfattr"
2026-09-15 15:54:21 +0100 INF Condition 'command_exists "getfattr"' not satisfied. Skipping...
2026-09-15 15:54:21 +0100 INF Parsing live_response/system/date.yaml
2026-09-15 15:54:21 +0100 CMD date
2026-09-15 15:54:21 +0100 INF Parsing live_response/system/ebpf.yaml
2026-09-15 15:54:21 +0100 CMD ls -la /sys/fs/bpf
2026-09-15 15:54:21 +0100 INF Parsing live_response/system/env.yaml
2026-09-15 15:54:21 +0100 CMD env
2026-09-15 15:54:21 +0100 INF Parsing live_response/system/falconctl.yaml
2026-09-15 15:54:21 +0100 CMD ls "/opt/CrowdStrike/falconctl" || ls /Applications/Falcon.app/Contents/Resources/falconctl
2026-09-15 15:54:21 +0100 INF Global condition 'ls "/opt/CrowdStrike/falconctl" || ls /Applications/Falcon.app/Contents/Resources/falconctl' not satisfied. Skipping...
2026-09-15 15:54:21 +0100 INF Parsing live_response/system/free.yaml
2026-09-15 15:54:21 +0100 CMD command_exists "free"
2026-09-15 15:54:21 +0100 CMD free
2026-09-15 15:54:21 +0100 INF Parsing live_response/system/getenforce.yaml
2026-09-15 15:54:21 +0100 CMD command_exists "getenforce"
2026-09-15 15:54:21 +0100 INF Global condition 'command_exists "getenforce"' not satisfied. Skipping...
2026-09-15 15:54:21 +0100 INF Parsing live_response/system/ha-manager.yaml
2026-09-15 15:54:21 +0100 CMD command_exists "ha-manager"
2026-09-15 15:54:21 +0100 INF Global condition 'command_exists "ha-manager"' not satisfied. Skipping...
2026-09-15 15:54:21 +0100 INF Parsing live_response/system/hwclock.yaml
2026-09-15 15:54:21 +0100 CMD command_exists "hwclock"
2026-09-15 15:54:22 +0100 CMD hwclock
2026-09-15 15:54:22 +0100 INF Parsing live_response/system/journalctl.yaml
2026-09-15 15:54:22 +0100 CMD command_exists "journalctl"
2026-09-15 15:54:22 +0100 CMD journalctl --list-boots
2026-09-15 15:54:22 +0100 INF Parsing live_response/system/kernel_modules.yaml
2026-09-15 15:54:22 +0100 CMD ls -la /sys/module
2026-09-15 15:54:23 +0100 CMD for module in /sys/module/* ; do echo ${module} | sed -e 's:/sys/module/::'; done
2026-09-15 15:54:23 +0100 CMD ls -la /sys/module/"8250"/parameters
2026-09-15 15:54:23 +0100 CMD ls -la /sys/module/"ac"/parameters 2> ls: cannot access '/sys/module/ac/parameters': No such file or directory
2026-09-15 15:54:23 +0100 CMD ls -la /sys/module/"acpi"/parameters
2026-09-15 15:54:23 +0100 CMD ls -la /sys/module/"acpiphp"/parameters
2026-09-15 15:54:23 +0100 CMD ls -la /sys/module/"aesni_intel"/parameters 2> ls: cannot access '/sys/module/aesni_intel/parameters': No such file or directory
2026-09-15 15:54:23 +0100 CMD ls -la /sys/module/"af_packet_diag"/parameters 2> ls: cannot access '/sys/module/af_packet_diag/parameters': No such file or directory
2026-09-15 15:54:23 +0100 CMD ls -la /sys/module/"apparmor"/parameters
2026-09-15 15:54:23 +0100 CMD ls -la /sys/module/"ata_generic"/parameters 2> ls: cannot access '/sys/module/ata_generic/parameters': No such file or directory
2026-09-15 15:54:23 +0100 CMD ls -la /sys/module/"ata_piix"/parameters 2> ls: cannot access '/sys/module/ata_piix/parameters': No such file or directory
2026-09-15 15:54:23 +0100 CMD ls -la /sys/module/"autofs4"/parameters 2> ls: cannot access '/sys/module/autofs4/parameters': No such file or directory
2026-09-15 15:54:23 +0100 CMD ls -la /sys/module/"binfmt_misc"/parameters 2> ls: cannot access '/sys/module/binfmt_misc/parameters': No such file or directory
2026-09-15 15:54:23 +0100 CMD ls -la /sys/module/"blk_cgroup"/parameters
2026-09-15 15:54:23 +0100 CMD ls -la /sys/module/"block"/parameters
2026-09-15 15:54:23 +0100 CMD ls -la /sys/module/"button"/parameters
2026-09-15 15:54:23 +0100 CMD ls -la /sys/module/"cdrom"/parameters 2> ls: cannot access '/sys/module/cdrom/parameters': No such file or directory
2026-09-15 15:54:23 +0100 CMD ls -la /sys/module/"clocksource"/parameters
2026-09-15 15:54:23 +0100 CMD ls -la /sys/module/"configfs"/parameters 2> ls: cannot access '/sys/module/configfs/parameters': No such file or directory
2026-09-15 15:54:23 +0100 CMD ls -la /sys/module/"cpufreq"/parameters
2026-09-15 15:54:23 +0100 CMD ls -la /sys/module/"cpuidle"/parameters
2026-09-15 15:54:23 +0100 CMD ls -la /sys/module/"cpuidle_haltpoll"/parameters
2026-09-15 15:54:23 +0100 CMD ls -la /sys/module/"crc16"/parameters 2> ls: cannot access '/sys/module/crc16/parameters': No such file or directory
2026-09-15 15:54:23 +0100 CMD ls -la /sys/module/"crc32_pclmul"/parameters 2> ls: cannot access '/sys/module/crc32_pclmul/parameters': No such file or directory
2026-09-15 15:54:23 +0100 CMD ls -la /sys/module/"crc32c_generic"/parameters 2> ls: cannot access '/sys/module/crc32c_generic/parameters': No such file or directory
2026-09-15 15:54:23 +0100 CMD ls -la /sys/module/"crc32c_intel"/parameters 2> ls: cannot access '/sys/module/crc32c_intel/parameters': No such file or directory
2026-09-15 15:54:23 +0100 CMD ls -la /sys/module/"crc64"/parameters 2> ls: cannot access '/sys/module/crc64/parameters': No such file or directory
2026-09-15 15:54:23 +0100 CMD ls -la /sys/module/"crc64_rocksoft"/parameters
2026-09-15 15:54:23 +0100 CMD ls -la /sys/module/"crc_t10dif"/parameters
2026-09-15 15:54:23 +0100 CMD ls -la /sys/module/"crct10dif_common"/parameters 2> ls: cannot access '/sys/module/crct10dif_common/parameters': No such file or directory
2026-09-15 15:54:23 +0100 CMD ls -la /sys/module/"crct10dif_generic"/parameters 2> ls: cannot access '/sys/module/crct10dif_generic/parameters': No such file or directory
2026-09-15 15:54:23 +0100 CMD ls -la /sys/module/"crct10dif_pclmul"/parameters 2> ls: cannot access '/sys/module/crct10dif_pclmul/parameters': No such file or directory
2026-09-15 15:54:23 +0100 CMD ls -la /sys/module/"cryptd"/parameters 2> ls: cannot access '/sys/module/cryptd/parameters': No such file or directory
2026-09-15 15:54:23 +0100 CMD ls -la /sys/module/"crypto_simd"/parameters 2> ls: cannot access '/sys/module/crypto_simd/parameters': No such file or directory
2026-09-15 15:54:23 +0100 CMD ls -la /sys/module/"cryptomgr"/parameters
2026-09-15 15:54:23 +0100 CMD ls -la /sys/module/"cxl_core"/parameters
2026-09-15 15:54:23 +0100 CMD ls -la /sys/module/"device_hmem"/parameters
2026-09-15 15:54:23 +0100 CMD ls -la /sys/module/"dm_mod"/parameters
2026-09-15 15:54:23 +0100 CMD ls -la /sys/module/"drm"/parameters
2026-09-15 15:54:23 +0100 CMD ls -la /sys/module/"drm_kms_helper"/parameters
2026-09-15 15:54:23 +0100 CMD ls -la /sys/module/"drm_ttm_helper"/parameters 2> ls: cannot access '/sys/module/drm_ttm_helper/parameters': No such file or directory
2026-09-15 15:54:23 +0100 CMD ls -la /sys/module/"dynamic_debug"/parameters
2026-09-15 15:54:23 +0100 CMD ls -la /sys/module/"edac_core"/parameters
2026-09-15 15:54:23 +0100 CMD ls -la /sys/module/"efi_pstore"/parameters
2026-09-15 15:54:23 +0100 CMD ls -la /sys/module/"efivarfs"/parameters 2> ls: cannot access '/sys/module/efivarfs/parameters': No such file or directory
2026-09-15 15:54:23 +0100 CMD ls -la /sys/module/"evdev"/parameters 2> ls: cannot access '/sys/module/evdev/parameters': No such file or directory
2026-09-15 15:54:23 +0100 CMD ls -la /sys/module/"ext4"/parameters 2> ls: cannot access '/sys/module/ext4/parameters': No such file or directory
2026-09-15 15:54:23 +0100 CMD ls -la /sys/module/"fat"/parameters 2> ls: cannot access '/sys/module/fat/parameters': No such file or directory
2026-09-15 15:54:23 +0100 CMD ls -la /sys/module/"fb"/parameters
2026-09-15 15:54:23 +0100 CMD ls -la /sys/module/"firmware_class"/parameters
2026-09-15 15:54:23 +0100 CMD ls -la /sys/module/"fscrypto"/parameters
2026-09-15 15:54:24 +0100 CMD ls -la /sys/module/"fuse"/parameters
2026-09-15 15:54:24 +0100 CMD ls -la /sys/module/"ghash_clmulni_intel"/parameters 2> ls: cannot access '/sys/module/ghash_clmulni_intel/parameters': No such file or directory
2026-09-15 15:54:24 +0100 CMD ls -la /sys/module/"gpiolib_acpi"/parameters
2026-09-15 15:54:24 +0100 CMD ls -la /sys/module/"grant_table"/parameters
2026-09-15 15:54:24 +0100 CMD ls -la /sys/module/"i2c_piix4"/parameters 2> ls: cannot access '/sys/module/i2c_piix4/parameters': No such file or directory
2026-09-15 15:54:24 +0100 CMD ls -la /sys/module/"i8042"/parameters
2026-09-15 15:54:24 +0100 CMD ls -la /sys/module/"ima"/parameters
2026-09-15 15:54:24 +0100 CMD ls -la /sys/module/"inet_diag"/parameters 2> ls: cannot access '/sys/module/inet_diag/parameters': No such file or directory
2026-09-15 15:54:24 +0100 CMD ls -la /sys/module/"intel_idle"/parameters
2026-09-15 15:54:24 +0100 CMD ls -la /sys/module/"intel_rapl_common"/parameters 2> ls: cannot access '/sys/module/intel_rapl_common/parameters': No such file or directory
2026-09-15 15:54:24 +0100 CMD ls -la /sys/module/"intel_rapl_msr"/parameters 2> ls: cannot access '/sys/module/intel_rapl_msr/parameters': No such file or directory
2026-09-15 15:54:24 +0100 CMD ls -la /sys/module/"ip_tables"/parameters 2> ls: cannot access '/sys/module/ip_tables/parameters': No such file or directory
2026-09-15 15:54:24 +0100 CMD ls -la /sys/module/"ipv6"/parameters
2026-09-15 15:54:24 +0100 CMD ls -la /sys/module/"jbd2"/parameters 2> ls: cannot access '/sys/module/jbd2/parameters': No such file or directory
2026-09-15 15:54:24 +0100 CMD ls -la /sys/module/"joydev"/parameters 2> ls: cannot access '/sys/module/joydev/parameters': No such file or directory
2026-09-15 15:54:24 +0100 CMD ls -la /sys/module/"kernel"/parameters
2026-09-15 15:54:24 +0100 CMD ls -la /sys/module/"keyboard"/parameters
2026-09-15 15:54:24 +0100 CMD ls -la /sys/module/"libata"/parameters
2026-09-15 15:54:24 +0100 CMD ls -la /sys/module/"libcrc32c"/parameters 2> ls: cannot access '/sys/module/libcrc32c/parameters': No such file or directory
2026-09-15 15:54:24 +0100 CMD ls -la /sys/module/"loop"/parameters
2026-09-15 15:54:24 +0100 CMD ls -la /sys/module/"mbcache"/parameters 2> ls: cannot access '/sys/module/mbcache/parameters': No such file or directory
2026-09-15 15:54:24 +0100 CMD ls -la /sys/module/"memory_hotplug"/parameters
2026-09-15 15:54:24 +0100 CMD ls -la /sys/module/"module"/parameters
2026-09-15 15:54:24 +0100 CMD ls -la /sys/module/"mousedev"/parameters
2026-09-15 15:54:24 +0100 CMD ls -la /sys/module/"mptcp_diag"/parameters 2> ls: cannot access '/sys/module/mptcp_diag/parameters': No such file or directory
2026-09-15 15:54:24 +0100 CMD ls -la /sys/module/"netlink_diag"/parameters 2> ls: cannot access '/sys/module/netlink_diag/parameters': No such file or directory
2026-09-15 15:54:24 +0100 CMD ls -la /sys/module/"netpoll"/parameters
2026-09-15 15:54:24 +0100 CMD ls -la /sys/module/"nf_tables"/parameters 2> ls: cannot access '/sys/module/nf_tables/parameters': No such file or directory
2026-09-15 15:54:24 +0100 CMD ls -la /sys/module/"nfnetlink"/parameters 2> ls: cannot access '/sys/module/nfnetlink/parameters': No such file or directory
2026-09-15 15:54:24 +0100 CMD ls -la /sys/module/"nls_ascii"/parameters 2> ls: cannot access '/sys/module/nls_ascii/parameters': No such file or directory
2026-09-15 15:54:24 +0100 CMD ls -la /sys/module/"nls_cp437"/parameters 2> ls: cannot access '/sys/module/nls_cp437/parameters': No such file or directory
2026-09-15 15:54:24 +0100 CMD ls -la /sys/module/"nmi_backtrace"/parameters
2026-09-15 15:54:24 +0100 CMD ls -la /sys/module/"page_alloc"/parameters
2026-09-15 15:54:24 +0100 CMD ls -la /sys/module/"page_reporting"/parameters
2026-09-15 15:54:24 +0100 CMD ls -la /sys/module/"pci_hotplug"/parameters
2026-09-15 15:54:24 +0100 CMD ls -la /sys/module/"pcie_aspm"/parameters
2026-09-15 15:54:24 +0100 CMD ls -la /sys/module/"pciehp"/parameters
2026-09-15 15:54:24 +0100 CMD ls -la /sys/module/"pcspkr"/parameters 2> ls: cannot access '/sys/module/pcspkr/parameters': No such file or directory
2026-09-15 15:54:24 +0100 CMD ls -la /sys/module/"printk"/parameters
2026-09-15 15:54:24 +0100 CMD ls -la /sys/module/"processor"/parameters
2026-09-15 15:54:24 +0100 CMD ls -la /sys/module/"psmouse"/parameters
2026-09-15 15:54:24 +0100 CMD ls -la /sys/module/"pstore"/parameters
2026-09-15 15:54:24 +0100 CMD ls -la /sys/module/"random"/parameters
2026-09-15 15:54:24 +0100 CMD ls -la /sys/module/"raw_diag"/parameters 2> ls: cannot access '/sys/module/raw_diag/parameters': No such file or directory
2026-09-15 15:54:24 +0100 CMD ls -la /sys/module/"rcupdate"/parameters
2026-09-15 15:54:24 +0100 CMD ls -la /sys/module/"rcutree"/parameters
2026-09-15 15:54:24 +0100 CMD ls -la /sys/module/"rng_core"/parameters
2026-09-15 15:54:24 +0100 CMD ls -la /sys/module/"rtc_cmos"/parameters
2026-09-15 15:54:24 +0100 CMD ls -la /sys/module/"scsi_common"/parameters 2> ls: cannot access '/sys/module/scsi_common/parameters': No such file or directory
2026-09-15 15:54:24 +0100 CMD ls -la /sys/module/"scsi_mod"/parameters
2026-09-15 15:54:24 +0100 CMD ls -la /sys/module/"sd_mod"/parameters 2> ls: cannot access '/sys/module/sd_mod/parameters': No such file or directory
2026-09-15 15:54:24 +0100 CMD ls -la /sys/module/"secretmem"/parameters
2026-09-15 15:54:24 +0100 CMD ls -la /sys/module/"serio_raw"/parameters 2> ls: cannot access '/sys/module/serio_raw/parameters': No such file or directory
2026-09-15 15:54:24 +0100 CMD ls -la /sys/module/"sg"/parameters
2026-09-15 15:54:24 +0100 CMD ls -la /sys/module/"sha1_ssse3"/parameters 2> ls: cannot access '/sys/module/sha1_ssse3/parameters': No such file or directory
2026-09-15 15:54:25 +0100 CMD ls -la /sys/module/"sha256_ssse3"/parameters 2> ls: cannot access '/sys/module/sha256_ssse3/parameters': No such file or directory
2026-09-15 15:54:25 +0100 CMD ls -la /sys/module/"sha512_generic"/parameters 2> ls: cannot access '/sys/module/sha512_generic/parameters': No such file or directory
2026-09-15 15:54:25 +0100 CMD ls -la /sys/module/"sha512_ssse3"/parameters 2> ls: cannot access '/sys/module/sha512_ssse3/parameters': No such file or directory
2026-09-15 15:54:25 +0100 CMD ls -la /sys/module/"shpchp"/parameters
2026-09-15 15:54:25 +0100 CMD ls -la /sys/module/"spidev"/parameters
2026-09-15 15:54:25 +0100 CMD ls -la /sys/module/"spurious"/parameters
2026-09-15 15:54:25 +0100 CMD ls -la /sys/module/"sr_mod"/parameters
2026-09-15 15:54:25 +0100 CMD ls -la /sys/module/"srcutree"/parameters
2026-09-15 15:54:25 +0100 CMD ls -la /sys/module/"suspend"/parameters
2026-09-15 15:54:25 +0100 CMD ls -la /sys/module/"syscall"/parameters
2026-09-15 15:54:25 +0100 CMD ls -la /sys/module/"sysrq"/parameters
2026-09-15 15:54:25 +0100 CMD ls -la /sys/module/"t10_pi"/parameters 2> ls: cannot access '/sys/module/t10_pi/parameters': No such file or directory
2026-09-15 15:54:25 +0100 CMD ls -la /sys/module/"tcp_cubic"/parameters
2026-09-15 15:54:25 +0100 CMD ls -la /sys/module/"tcp_diag"/parameters 2> ls: cannot access '/sys/module/tcp_diag/parameters': No such file or directory
2026-09-15 15:54:25 +0100 CMD ls -la /sys/module/"thermal"/parameters
2026-09-15 15:54:25 +0100 CMD ls -la /sys/module/"tpm"/parameters
2026-09-15 15:54:25 +0100 CMD ls -la /sys/module/"tpm_crb"/parameters 2> ls: cannot access '/sys/module/tpm_crb/parameters': No such file or directory
2026-09-15 15:54:25 +0100 CMD ls -la /sys/module/"tpm_tis"/parameters
2026-09-15 15:54:25 +0100 CMD ls -la /sys/module/"tpm_tis_core"/parameters 2> ls: cannot access '/sys/module/tpm_tis_core/parameters': No such file or directory
2026-09-15 15:54:25 +0100 CMD ls -la /sys/module/"ttm"/parameters
2026-09-15 15:54:25 +0100 CMD ls -la /sys/module/"udp_diag"/parameters 2> ls: cannot access '/sys/module/udp_diag/parameters': No such file or directory
2026-09-15 15:54:25 +0100 CMD ls -la /sys/module/"unix_diag"/parameters 2> ls: cannot access '/sys/module/unix_diag/parameters': No such file or directory
2026-09-15 15:54:25 +0100 CMD ls -la /sys/module/"vfat"/parameters 2> ls: cannot access '/sys/module/vfat/parameters': No such file or directory
2026-09-15 15:54:25 +0100 CMD ls -la /sys/module/"vmw_balloon"/parameters
2026-09-15 15:54:25 +0100 CMD ls -la /sys/module/"vmw_pvscsi"/parameters
2026-09-15 15:54:25 +0100 CMD ls -la /sys/module/"vmw_vmci"/parameters 2> ls: cannot access '/sys/module/vmw_vmci/parameters': No such file or directory
2026-09-15 15:54:25 +0100 CMD ls -la /sys/module/"vmw_vsock_virtio_transport_common"/parameters 2> ls: cannot access '/sys/module/vmw_vsock_virtio_transport_common/parameters': No such file or directory
2026-09-15 15:54:25 +0100 CMD ls -la /sys/module/"vmw_vsock_vmci_transport"/parameters 2> ls: cannot access '/sys/module/vmw_vsock_vmci_transport/parameters': No such file or directory
2026-09-15 15:54:25 +0100 CMD ls -la /sys/module/"vmwgfx"/parameters
2026-09-15 15:54:25 +0100 CMD ls -la /sys/module/"vmxnet3"/parameters 2> ls: cannot access '/sys/module/vmxnet3/parameters': No such file or directory
2026-09-15 15:54:25 +0100 CMD ls -la /sys/module/"vsock"/parameters 2> ls: cannot access '/sys/module/vsock/parameters': No such file or directory
2026-09-15 15:54:25 +0100 CMD ls -la /sys/module/"vsock_diag"/parameters 2> ls: cannot access '/sys/module/vsock_diag/parameters': No such file or directory
2026-09-15 15:54:25 +0100 CMD ls -la /sys/module/"vsock_loopback"/parameters 2> ls: cannot access '/sys/module/vsock_loopback/parameters': No such file or directory
2026-09-15 15:54:25 +0100 CMD ls -la /sys/module/"vt"/parameters
2026-09-15 15:54:25 +0100 CMD ls -la /sys/module/"workqueue"/parameters
2026-09-15 15:54:25 +0100 CMD ls -la /sys/module/"x_tables"/parameters 2> ls: cannot access '/sys/module/x_tables/parameters': No such file or directory
2026-09-15 15:54:25 +0100 CMD ls -la /sys/module/"xen"/parameters
2026-09-15 15:54:25 +0100 CMD ls -la /sys/module/"xen_kbdfront"/parameters
2026-09-15 15:54:25 +0100 CMD ls -la /sys/module/"xz_dec"/parameters 2> ls: cannot access '/sys/module/xz_dec/parameters': No such file or directory
2026-09-15 15:54:25 +0100 CMD ls -la /sys/module/"zswap"/parameters
2026-09-15 15:54:25 +0100 INF Parsing live_response/system/kernel_tainted_state.yaml
2026-09-15 15:54:25 +0100 CMD cat /proc/sys/kernel/tainted
2026-09-15 15:54:25 +0100 CMD dmesg | grep -i taint
2026-09-15 15:54:25 +0100 CMD grep "(.*)" /proc/modules
2026-09-15 15:54:25 +0100 INF Parsing live_response/system/last.yaml
2026-09-15 15:54:25 +0100 CMD command_exists "last"
2026-09-15 15:54:25 +0100 CMD last
2026-09-15 15:54:25 +0100 CMD last -i
2026-09-15 15:54:25 +0100 CMD last -a -F
2026-09-15 15:54:25 +0100 CMD find /var/adm /var/log /var/run /var/share/adm \( -path "/sys" -o -path "/proc/sys/fs/binfmt_misc" -o -path "/root/uac-3.3.0" -o -path "/root/uac_output/uac-data.tmp" \) -prune -o \( -name "*.gz" \) -prune -o \( -name "utmp*" -o -name "wtmp*" \) -print 2> find: '/var/adm': No such file or directory/nfind: '/var/share/adm': No such file or directory
2026-09-15 15:54:26 +0100 CMD last -a -F
2026-09-15 15:54:26 +0100 CMD cat "//root/uac_output/uac-data.tmp/tmp/live_response/system/last_utmp_wtmp_files.txt"
2026-09-15 15:54:26 +0100 CMD last -a -F -f "/var/log/wtmp"
2026-09-15 15:54:26 +0100 CMD last -a -F
2026-09-15 15:54:26 +0100 INF Condition 'last -a -F' not satisfied. Skipping...
2026-09-15 15:54:26 +0100 CMD command_exists "zcat"
2026-09-15 15:54:26 +0100 CMD find /var/adm /var/log /var/run /var/share/adm \( -path "/sys" -o -path "/proc/sys/fs/binfmt_misc" -o -path "/root/uac-3.3.0" -o -path "/root/uac_output/uac-data.tmp" \) -prune -o \( -name "utmp*.gz" -o -name "wtmp*.gz" \) -print 2> find: '/var/adm': No such file or directory/nfind: '/var/share/adm': No such file or directory
2026-09-15 15:54:26 +0100 CMD last -a -F
2026-09-15 15:54:26 +0100 CMD cat "//root/uac_output/uac-data.tmp/tmp/live_response/system/last_compressed_utmp_wtmp_files.txt"
2026-09-15 15:54:26 +0100 CMD last -a -F
2026-09-15 15:54:26 +0100 INF Condition 'last -a -F' not satisfied. Skipping...
2026-09-15 15:54:26 +0100 INF Parsing live_response/system/lastb.yaml
2026-09-15 15:54:26 +0100 CMD command_exists "lastb"
2026-09-15 15:54:26 +0100 CMD lastb
2026-09-15 15:54:26 +0100 CMD lastb -i
2026-09-15 15:54:26 +0100 CMD lastb -a -F
2026-09-15 15:54:26 +0100 CMD find /var/log /var/run \( -path "/sys" -o -path "/proc/sys/fs/binfmt_misc" -o -path "/root/uac-3.3.0" -o -path "/root/uac_output/uac-data.tmp" \) -prune -o \( -name "*.gz" \) -prune -o -name "btmp*" -print
2026-09-15 15:54:26 +0100 CMD lastb -a -F
2026-09-15 15:54:26 +0100 CMD cat "//root/uac_output/uac-data.tmp/tmp/live_response/system/lastb_btmp_files.txt"
2026-09-15 15:54:26 +0100 CMD lastb -a -F -f "/var/log/btmp"
2026-09-15 15:54:26 +0100 CMD lastb -a -F
2026-09-15 15:54:26 +0100 INF Condition 'lastb -a -F' not satisfied. Skipping...
2026-09-15 15:54:26 +0100 CMD command_exists "zcat"
2026-09-15 15:54:26 +0100 CMD find /var/log /var/run \( -path "/sys" -o -path "/proc/sys/fs/binfmt_misc" -o -path "/root/uac-3.3.0" -o -path "/root/uac_output/uac-data.tmp" \) -prune -o -name "btmp*.gz" -print
2026-09-15 15:54:26 +0100 CMD lastb -a -F
2026-09-15 15:54:26 +0100 CMD cat "//root/uac_output/uac-data.tmp/tmp/live_response/system/lastb_compressed_btmp_files.txt"
2026-09-15 15:54:26 +0100 CMD lastb -a -F
2026-09-15 15:54:26 +0100 INF Condition 'lastb -a -F' not satisfied. Skipping...
2026-09-15 15:54:26 +0100 INF Parsing live_response/system/lastlog.yaml
2026-09-15 15:54:26 +0100 CMD command_exists "lastlog"
2026-09-15 15:54:26 +0100 CMD lastlog
2026-09-15 15:54:26 +0100 INF Parsing live_response/system/loginctl.yaml
2026-09-15 15:54:26 +0100 CMD command_exists "loginctl"
2026-09-15 15:54:26 +0100 INF Collecting data for user Tom
2026-09-15 15:54:26 +0100 CMD loginctl user-status "Tom"
2026-09-15 15:54:26 +0100 INF Collecting data for user Tom
2026-09-15 15:54:26 +0100 CMD loginctl user-status "Tom"
2026-09-15 15:54:26 +0100 INF Collecting data for user root
2026-09-15 15:54:26 +0100 CMD loginctl user-status "root" 2> Failed to get user: User ID 0 is not logged in or lingering
2026-09-15 15:54:26 +0100 INF Parsing live_response/system/lsmod.yaml
2026-09-15 15:54:26 +0100 CMD command_exists "lsmod"
2026-09-15 15:54:26 +0100 CMD lsmod
2026-09-15 15:54:26 +0100 INF Parsing live_response/system/mdatp.yaml
2026-09-15 15:54:26 +0100 CMD command_exists "mdatp"
2026-09-15 15:54:26 +0100 INF Global condition 'command_exists "mdatp"' not satisfied. Skipping...
2026-09-15 15:54:26 +0100 INF Parsing live_response/system/modinfo.yaml
2026-09-15 15:54:26 +0100 CMD command_exists "modinfo"
2026-09-15 15:54:27 +0100 CMD lsmod | awk '{print $1}' | tail -n +2
2026-09-15 15:54:27 +0100 CMD modinfo "ac"
2026-09-15 15:54:27 +0100 CMD modinfo "aesni_intel"
2026-09-15 15:54:27 +0100 CMD modinfo "af_packet_diag"
2026-09-15 15:54:27 +0100 CMD modinfo "ata_generic"
2026-09-15 15:54:27 +0100 CMD modinfo "ata_piix"
2026-09-15 15:54:27 +0100 CMD modinfo "autofs4"
2026-09-15 15:54:27 +0100 CMD modinfo "binfmt_misc"
2026-09-15 15:54:27 +0100 CMD modinfo "button"
2026-09-15 15:54:27 +0100 CMD modinfo "cdrom"
2026-09-15 15:54:27 +0100 CMD modinfo "configfs"
2026-09-15 15:54:27 +0100 CMD modinfo "crc16"
2026-09-15 15:54:27 +0100 CMD modinfo "crc32_pclmul"
2026-09-15 15:54:27 +0100 CMD modinfo "crc32c_generic"
2026-09-15 15:54:27 +0100 CMD modinfo "crc32c_intel"
2026-09-15 15:54:27 +0100 CMD modinfo "crc64"
2026-09-15 15:54:27 +0100 CMD modinfo "crc64_rocksoft"
2026-09-15 15:54:27 +0100 CMD modinfo "crc_t10dif"
2026-09-15 15:54:27 +0100 CMD modinfo "crct10dif_common"
2026-09-15 15:54:27 +0100 CMD modinfo "crct10dif_generic"
2026-09-15 15:54:27 +0100 CMD modinfo "crct10dif_pclmul"
2026-09-15 15:54:27 +0100 CMD modinfo "cryptd"
2026-09-15 15:54:27 +0100 CMD modinfo "crypto_simd"
2026-09-15 15:54:27 +0100 CMD modinfo "dm_mod"
2026-09-15 15:54:27 +0100 CMD modinfo "drm"
2026-09-15 15:54:27 +0100 CMD modinfo "drm_kms_helper"
2026-09-15 15:54:27 +0100 CMD modinfo "drm_ttm_helper"
2026-09-15 15:54:27 +0100 CMD modinfo "efi_pstore"
2026-09-15 15:54:27 +0100 CMD modinfo "efivarfs"
2026-09-15 15:54:27 +0100 CMD modinfo "evdev"
2026-09-15 15:54:27 +0100 CMD modinfo "ext4"
2026-09-15 15:54:27 +0100 CMD modinfo "fat"
2026-09-15 15:54:27 +0100 CMD modinfo "fuse"
2026-09-15 15:54:27 +0100 CMD modinfo "ghash_clmulni_intel"
2026-09-15 15:54:27 +0100 CMD modinfo "i2c_piix4"
2026-09-15 15:54:27 +0100 CMD modinfo "inet_diag"
2026-09-15 15:54:27 +0100 CMD modinfo "intel_rapl_common"
2026-09-15 15:54:27 +0100 CMD modinfo "intel_rapl_msr"
2026-09-15 15:54:27 +0100 CMD modinfo "ip_tables"
2026-09-15 15:54:27 +0100 CMD modinfo "jbd2"
2026-09-15 15:54:27 +0100 CMD modinfo "joydev"
2026-09-15 15:54:27 +0100 CMD modinfo "libata"
2026-09-15 15:54:27 +0100 CMD modinfo "libcrc32c"
2026-09-15 15:54:27 +0100 CMD modinfo "loop"
2026-09-15 15:54:27 +0100 CMD modinfo "mbcache"
2026-09-15 15:54:27 +0100 CMD modinfo "mptcp_diag"
2026-09-15 15:54:27 +0100 CMD modinfo "netlink_diag"
2026-09-15 15:54:27 +0100 CMD modinfo "nf_tables"
2026-09-15 15:54:27 +0100 CMD modinfo "nfnetlink"
2026-09-15 15:54:27 +0100 CMD modinfo "nls_ascii"
2026-09-15 15:54:27 +0100 CMD modinfo "nls_cp437"
2026-09-15 15:54:27 +0100 CMD modinfo "pcspkr"
2026-09-15 15:54:28 +0100 CMD modinfo "psmouse"
2026-09-15 15:54:28 +0100 CMD modinfo "raw_diag"
2026-09-15 15:54:28 +0100 CMD modinfo "scsi_common"
2026-09-15 15:54:28 +0100 CMD modinfo "scsi_mod"
2026-09-15 15:54:28 +0100 CMD modinfo "sd_mod"
2026-09-15 15:54:28 +0100 CMD modinfo "serio_raw"
2026-09-15 15:54:28 +0100 CMD modinfo "sg"
2026-09-15 15:54:28 +0100 CMD modinfo "sha1_ssse3"
2026-09-15 15:54:28 +0100 CMD modinfo "sha256_ssse3"
2026-09-15 15:54:28 +0100 CMD modinfo "sha512_generic"
2026-09-15 15:54:28 +0100 CMD modinfo "sha512_ssse3"
2026-09-15 15:54:28 +0100 CMD modinfo "sr_mod"
2026-09-15 15:54:28 +0100 CMD modinfo "t10_pi"
2026-09-15 15:54:28 +0100 CMD modinfo "tcp_diag"
2026-09-15 15:54:28 +0100 CMD modinfo "ttm"
2026-09-15 15:54:28 +0100 CMD modinfo "udp_diag"
2026-09-15 15:54:28 +0100 CMD modinfo "unix_diag"
2026-09-15 15:54:28 +0100 CMD modinfo "vfat"
2026-09-15 15:54:28 +0100 CMD modinfo "vmw_balloon"
2026-09-15 15:54:28 +0100 CMD modinfo "vmw_pvscsi"
2026-09-15 15:54:28 +0100 CMD modinfo "vmw_vmci"
2026-09-15 15:54:28 +0100 CMD modinfo "vmw_vsock_virtio_transport_common"
2026-09-15 15:54:28 +0100 CMD modinfo "vmw_vsock_vmci_transport"
2026-09-15 15:54:28 +0100 CMD modinfo "vmwgfx"
2026-09-15 15:54:28 +0100 CMD modinfo "vmxnet3"
2026-09-15 15:54:28 +0100 CMD modinfo "vsock"
2026-09-15 15:54:28 +0100 CMD modinfo "vsock_diag"
2026-09-15 15:54:28 +0100 CMD modinfo "vsock_loopback"
2026-09-15 15:54:28 +0100 CMD modinfo "x_tables"
2026-09-15 15:54:28 +0100 INF Parsing live_response/system/pvecm.yaml
2026-09-15 15:54:28 +0100 CMD command_exists "pvecm"
2026-09-15 15:54:28 +0100 INF Global condition 'command_exists "pvecm"' not satisfied. Skipping...
2026-09-15 15:54:28 +0100 INF Parsing live_response/system/pvesubscription.yaml
2026-09-15 15:54:28 +0100 CMD command_exists "pvesubscription"
2026-09-15 15:54:28 +0100 INF Global condition 'command_exists "pvesubscription"' not satisfied. Skipping...
2026-09-15 15:54:28 +0100 INF Parsing live_response/system/pveum.yaml
2026-09-15 15:54:28 +0100 CMD command_exists "pveum"
2026-09-15 15:54:28 +0100 INF Global condition 'command_exists "pveum"' not satisfied. Skipping...
2026-09-15 15:54:28 +0100 INF Parsing live_response/system/pveversion.yaml
2026-09-15 15:54:28 +0100 CMD command_exists "pveversion"
2026-09-15 15:54:28 +0100 INF Global condition 'command_exists "pveversion"' not satisfied. Skipping...
2026-09-15 15:54:28 +0100 INF Parsing live_response/system/runlevel.yaml
2026-09-15 15:54:28 +0100 CMD command_exists "runlevel"
2026-09-15 15:54:28 +0100 CMD runlevel
2026-09-15 15:54:28 +0100 INF Parsing live_response/system/service.yaml
2026-09-15 15:54:28 +0100 CMD command_exists "service"
2026-09-15 15:54:29 +0100 CMD service --status-all
2026-09-15 15:54:29 +0100 INF Parsing live_response/system/sestatus.yaml
2026-09-15 15:54:29 +0100 CMD command_exists "sestatus"
2026-09-15 15:54:29 +0100 INF Global condition 'command_exists "sestatus"' not satisfied. Skipping...
2026-09-15 15:54:29 +0100 INF Parsing live_response/system/show.yaml
2026-09-15 15:54:29 +0100 CMD command_exists "vyatta-op-cmd-wrapper"
2026-09-15 15:54:29 +0100 INF Global condition 'command_exists "vyatta-op-cmd-wrapper"' not satisfied. Skipping...
2026-09-15 15:54:29 +0100 INF Parsing live_response/system/socket_files.yaml
2026-09-15 15:54:29 +0100 CMD if [ "/" == "/" ]; then true; else false; fi
2026-09-15 15:54:29 +0100 INF Global condition 'if [ "/" == "/" ]; then true; else false; fi' not satisfied. Skipping...
2026-09-15 15:54:29 +0100 INF Parsing live_response/system/sudo_lectured.yaml
2026-09-15 15:54:29 +0100 CMD find /var/db/sudo/lectured /var/lib/sudo/lectured \( -path "/sys" -o -path "/proc/sys/fs/binfmt_misc" -o -path "/root/uac-3.3.0" -o -path "/root/uac_output/uac-data.tmp" \) -prune -o -print0 | xargs -0 statx 2> find: '/var/db/sudo/lectured': No such file or directory
2026-09-15 15:54:29 +0100 CMD command_exists "stat"
2026-09-15 15:54:29 +0100 CMD ls "//var/db/sudo/lectured" 2> ls: cannot access '//var/db/sudo/lectured': No such file or directory
2026-09-15 15:54:29 +0100 CMD command_exists "stat"
2026-09-15 15:54:29 +0100 CMD ls "//var/lib/sudo/lectured"
2026-09-15 15:54:29 +0100 INF Parsing live_response/system/sysctl.yaml
2026-09-15 15:54:29 +0100 CMD command_exists "sysctl"
2026-09-15 15:54:29 +0100 CMD sysctl -a
2026-09-15 15:54:29 +0100 INF Parsing live_response/system/systemctl.yaml
2026-09-15 15:54:29 +0100 CMD command_exists "systemctl"
2026-09-15 15:54:29 +0100 CMD systemctl list-units
2026-09-15 15:54:29 +0100 CMD systemctl list-timers --all
2026-09-15 15:54:29 +0100 CMD systemctl status *.timer
2026-09-15 15:54:30 +0100 CMD systemctl list-unit-files
2026-09-15 15:54:30 +0100 INF Parsing live_response/system/timedatectl.yaml
2026-09-15 15:54:30 +0100 CMD command_exists "timedatectl"
2026-09-15 15:54:30 +0100 CMD timedatectl status
2026-09-15 15:54:30 +0100 INF Parsing live_response/system/ulimit.yaml
2026-09-15 15:54:30 +0100 CMD command_exists "ulimit"
2026-09-15 15:54:30 +0100 CMD ulimit -a
2026-09-15 15:54:30 +0100 INF Parsing live_response/system/uname.yaml
2026-09-15 15:54:30 +0100 CMD uname -a
2026-09-15 15:54:30 +0100 INF Parsing live_response/system/uptime.yaml
2026-09-15 15:54:30 +0100 CMD uptime
2026-09-15 15:54:30 +0100 CMD uptime -s
2026-09-15 15:54:30 +0100 INF Parsing live_response/system/utmpdump.yaml
2026-09-15 15:54:30 +0100 CMD command_exists "utmpdump"
2026-09-15 15:54:30 +0100 CMD find /var/log /var/run \( -path "/sys" -o -path "/proc/sys/fs/binfmt_misc" -o -path "/root/uac-3.3.0" -o -path "/root/uac_output/uac-data.tmp" \) -prune -o \( -name "*.gz" \) -prune -o \( -name "utmp*" -o -name "wtmp*" \) -print
2026-09-15 15:54:30 +0100 CMD cat "//root/uac_output/uac-data.tmp/tmp/live_response/system/utmpdump_utmp_wtmp_files.txt"
2026-09-15 15:54:30 +0100 CMD utmpdump "/var/log/wtmp" 2> Utmp dump of /var/log/wtmp
2026-09-15 15:54:30 +0100 CMD command_exists "zcat"
2026-09-15 15:54:30 +0100 CMD find /var/log /var/run \( -path "/sys" -o -path "/proc/sys/fs/binfmt_misc" -o -path "/root/uac-3.3.0" -o -path "/root/uac_output/uac-data.tmp" \) -prune -o \( -name "utmp*.gz" -o -name "wtmp*.gz" \) -print
2026-09-15 15:54:30 +0100 CMD command_exists "zcat"
2026-09-15 15:54:30 +0100 CMD cat "//root/uac_output/uac-data.tmp/tmp/live_response/system/utmpdump_compressed_utmp_wtmp_files.txt"
2026-09-15 15:54:30 +0100 INF Parsing live_response/system/vmstat.yaml
2026-09-15 15:54:30 +0100 CMD command_exists "vmstat"
2026-09-15 15:54:30 +0100 CMD vmstat
2026-09-15 15:54:30 +0100 INF Parsing live_response/system/who.yaml
2026-09-15 15:54:30 +0100 CMD command_exists "who"
2026-09-15 15:54:30 +0100 CMD who -T
2026-09-15 15:54:30 +0100 INF Parsing live_response/hardware/cpuinfo.yaml
2026-09-15 15:54:30 +0100 CMD command_exists "cpuinfo"
2026-09-15 15:54:30 +0100 INF Global condition 'command_exists "cpuinfo"' not satisfied. Skipping...
2026-09-15 15:54:30 +0100 INF Parsing live_response/hardware/dmesg.yaml
2026-09-15 15:54:31 +0100 CMD command_exists "dmesg"
2026-09-15 15:54:31 +0100 CMD dmesg
2026-09-15 15:54:31 +0100 INF Parsing live_response/hardware/dmidecode.yaml
2026-09-15 15:54:31 +0100 CMD command_exists "dmidecode"
2026-09-15 15:54:31 +0100 CMD dmidecode
2026-09-15 15:54:31 +0100 INF Parsing live_response/hardware/hwinfo.yaml
2026-09-15 15:54:31 +0100 CMD command_exists "hwinfo"
2026-09-15 15:54:31 +0100 INF Global condition 'command_exists "hwinfo"' not satisfied. Skipping...
2026-09-15 15:54:31 +0100 INF Parsing live_response/hardware/lscpu.yaml
2026-09-15 15:54:31 +0100 CMD command_exists "lscpu"
2026-09-15 15:54:31 +0100 CMD lscpu
2026-09-15 15:54:31 +0100 INF Parsing live_response/hardware/lshw.yaml
2026-09-15 15:54:31 +0100 CMD command_exists "lshw"
2026-09-15 15:54:31 +0100 INF Global condition 'command_exists "lshw"' not satisfied. Skipping...
2026-09-15 15:54:31 +0100 INF Parsing live_response/hardware/lspci.yaml
2026-09-15 15:54:31 +0100 CMD command_exists "lspci"
2026-09-15 15:54:31 +0100 CMD lspci
2026-09-15 15:54:31 +0100 CMD lspci -vv
2026-09-15 15:54:31 +0100 CMD lspci -nn -k
2026-09-15 15:54:31 +0100 INF Parsing live_response/hardware/lsscsi.yaml
2026-09-15 15:54:31 +0100 CMD command_exists "lsscsi"
2026-09-15 15:54:31 +0100 INF Global condition 'command_exists "lsscsi"' not satisfied. Skipping...
2026-09-15 15:54:31 +0100 INF Parsing live_response/hardware/lsusb.yaml
2026-09-15 15:54:31 +0100 CMD command_exists "lsusb"
2026-09-15 15:54:31 +0100 INF Global condition 'command_exists "lsusb"' not satisfied. Skipping...
2026-09-15 15:54:31 +0100 INF Parsing live_response/packages/0install.yaml
2026-09-15 15:54:31 +0100 CMD command_exists "0install"
2026-09-15 15:54:31 +0100 INF Global condition 'command_exists "0install"' not satisfied. Skipping...
2026-09-15 15:54:31 +0100 INF Parsing live_response/packages/apk.yaml
2026-09-15 15:54:31 +0100 CMD command_exists "apk"
2026-09-15 15:54:31 +0100 INF Global condition 'command_exists "apk"' not satisfied. Skipping...
2026-09-15 15:54:31 +0100 INF Parsing live_response/packages/cargo.yaml
2026-09-15 15:54:31 +0100 CMD command_exists "cargo"
2026-09-15 15:54:31 +0100 INF Global condition 'command_exists "cargo"' not satisfied. Skipping...
2026-09-15 15:54:31 +0100 INF Parsing live_response/packages/conary.yaml
2026-09-15 15:54:31 +0100 CMD command_exists "conary"
2026-09-15 15:54:31 +0100 INF Global condition 'command_exists "conary"' not satisfied. Skipping...
2026-09-15 15:54:31 +0100 INF Parsing live_response/packages/dnf.yaml
2026-09-15 15:54:31 +0100 CMD command_exists "dnf"
2026-09-15 15:54:31 +0100 INF Global condition 'command_exists "dnf"' not satisfied. Skipping...
2026-09-15 15:54:31 +0100 INF Parsing live_response/packages/dpkg.yaml
2026-09-15 15:54:31 +0100 CMD command_exists "dpkg"
2026-09-15 15:54:31 +0100 CMD dpkg -l
2026-09-15 15:54:48 +0100 CMD dpkg -V
2026-09-15 15:54:48 +0100 INF Parsing live_response/packages/equo.yaml
2026-09-15 15:54:48 +0100 CMD command_exists "equo"
2026-09-15 15:54:48 +0100 INF Global condition 'command_exists "equo"' not satisfied. Skipping...
2026-09-15 15:54:48 +0100 INF Parsing live_response/packages/flatpak.yaml
2026-09-15 15:54:48 +0100 CMD command_exists "flatpak"
2026-09-15 15:54:48 +0100 INF Global condition 'command_exists "flatpak"' not satisfied. Skipping...
2026-09-15 15:54:48 +0100 INF Parsing live_response/packages/guix.yaml
2026-09-15 15:54:48 +0100 CMD command_exists "guix"
2026-09-15 15:54:48 +0100 INF Global condition 'command_exists "guix"' not satisfied. Skipping...
2026-09-15 15:54:48 +0100 INF Parsing live_response/packages/ipkg.yaml
2026-09-15 15:54:48 +0100 CMD command_exists "ipkg"
2026-09-15 15:54:48 +0100 INF Global condition 'command_exists "ipkg"' not satisfied. Skipping...
2026-09-15 15:54:48 +0100 INF Parsing live_response/packages/kiss.yaml
2026-09-15 15:54:48 +0100 CMD command_exists "kiss"
2026-09-15 15:54:48 +0100 INF Global condition 'command_exists "kiss"' not satisfied. Skipping...
2026-09-15 15:54:48 +0100 INF Parsing live_response/packages/nix.yaml
2026-09-15 15:54:48 +0100 CMD command_exists "nix-env"
2026-09-15 15:54:48 +0100 INF Global condition 'command_exists "nix-env"' not satisfied. Skipping...
2026-09-15 15:54:48 +0100 INF Parsing live_response/packages/npm.yaml
2026-09-15 15:54:48 +0100 CMD command_exists "npm"
2026-09-15 15:54:48 +0100 INF Global condition 'command_exists "npm"' not satisfied. Skipping...
2026-09-15 15:54:48 +0100 INF Parsing live_response/packages/opkg.yaml
2026-09-15 15:54:48 +0100 CMD command_exists "opkg"
2026-09-15 15:54:48 +0100 INF Global condition 'command_exists "opkg"' not satisfied. Skipping...
2026-09-15 15:54:48 +0100 INF Parsing live_response/packages/pacman.yaml
2026-09-15 15:54:48 +0100 CMD command_exists "pacman"
2026-09-15 15:54:48 +0100 INF Global condition 'command_exists "pacman"' not satisfied. Skipping...
2026-09-15 15:54:48 +0100 INF Parsing live_response/packages/paludis.yaml
2026-09-15 15:54:48 +0100 CMD command_exists "cave"
2026-09-15 15:54:48 +0100 INF Global condition 'command_exists "cave"' not satisfied. Skipping...
2026-09-15 15:54:48 +0100 INF Parsing live_response/packages/pip.yaml
2026-09-15 15:54:48 +0100 CMD command_exists "pip"
2026-09-15 15:54:48 +0100 INF Global condition 'command_exists "pip"' not satisfied. Skipping...
2026-09-15 15:54:48 +0100 INF Parsing live_response/packages/pisi.yaml
2026-09-15 15:54:48 +0100 CMD command_exists "pisi"
2026-09-15 15:54:48 +0100 INF Global condition 'command_exists "pisi"' not satisfied. Skipping...
2026-09-15 15:54:48 +0100 INF Parsing live_response/packages/portage.yaml
2026-09-15 15:54:48 +0100 CMD command_exists "equery"
2026-09-15 15:54:48 +0100 INF Global condition 'command_exists "equery"' not satisfied. Skipping...
2026-09-15 15:54:48 +0100 INF Parsing live_response/packages/qlist.yaml
2026-09-15 15:54:48 +0100 CMD command_exists "qlist"
2026-09-15 15:54:48 +0100 INF Global condition 'command_exists "qlist"' not satisfied. Skipping...
2026-09-15 15:54:48 +0100 INF Parsing live_response/packages/rpm.yaml
2026-09-15 15:54:48 +0100 CMD command_exists "rpm"
2026-09-15 15:54:48 +0100 INF Global condition 'command_exists "rpm"' not satisfied. Skipping...
2026-09-15 15:54:48 +0100 INF Parsing live_response/packages/snap.yaml
2026-09-15 15:54:48 +0100 CMD command_exists "snap"
2026-09-15 15:54:48 +0100 INF Global condition 'command_exists "snap"' not satisfied. Skipping...
2026-09-15 15:54:48 +0100 INF Parsing live_response/packages/soar.yaml
2026-09-15 15:54:48 +0100 CMD command_exists "soar"
2026-09-15 15:54:48 +0100 INF Global condition 'command_exists "soar"' not satisfied. Skipping...
2026-09-15 15:54:48 +0100 INF Parsing live_response/packages/swupd.yaml
2026-09-15 15:54:48 +0100 CMD command_exists "swupd"
2026-09-15 15:54:48 +0100 INF Global condition 'command_exists "swupd"' not satisfied. Skipping...
2026-09-15 15:54:48 +0100 INF Parsing live_response/packages/synopkg.yaml
2026-09-15 15:54:48 +0100 CMD command_exists "synopkg"
2026-09-15 15:54:48 +0100 INF Global condition 'command_exists "synopkg"' not satisfied. Skipping...
2026-09-15 15:54:48 +0100 INF Parsing live_response/packages/tazpkg.yaml
2026-09-15 15:54:48 +0100 CMD command_exists "tazpkg"
2026-09-15 15:54:48 +0100 INF Global condition 'command_exists "tazpkg"' not satisfied. Skipping...
2026-09-15 15:54:48 +0100 INF Parsing live_response/packages/xbps.yaml
2026-09-15 15:54:48 +0100 CMD command_exists "xbps-query"
2026-09-15 15:54:48 +0100 INF Global condition 'command_exists "xbps-query"' not satisfied. Skipping...
2026-09-15 15:54:48 +0100 INF Parsing live_response/packages/yay.yaml
2026-09-15 15:54:48 +0100 CMD command_exists "yay"
2026-09-15 15:54:48 +0100 INF Global condition 'command_exists "yay"' not satisfied. Skipping...
2026-09-15 15:54:48 +0100 INF Parsing live_response/packages/yum.yaml
2026-09-15 15:54:48 +0100 CMD command_exists "yum"
2026-09-15 15:54:48 +0100 INF Global condition 'command_exists "yum"' not satisfied. Skipping...
2026-09-15 15:54:48 +0100 INF Parsing live_response/packages/zypper.yaml
2026-09-15 15:54:48 +0100 CMD command_exists "zypper"
2026-09-15 15:54:48 +0100 INF Global condition 'command_exists "zypper"' not satisfied. Skipping...
2026-09-15 15:54:48 +0100 INF Parsing live_response/storage/arcstat.yaml
2026-09-15 15:54:48 +0100 CMD command_exists "arcstat"
2026-09-15 15:54:48 +0100 INF Global condition 'command_exists "arcstat"' not satisfied. Skipping...
2026-09-15 15:54:48 +0100 INF Parsing live_response/storage/blkid.yaml
2026-09-15 15:54:48 +0100 CMD command_exists "blkid"
2026-09-15 15:54:49 +0100 CMD blkid
2026-09-15 15:54:49 +0100 INF Parsing live_response/storage/btrfs.yaml
2026-09-15 15:54:49 +0100 CMD command_exists "btrfs"
2026-09-15 15:54:49 +0100 INF Global condition 'command_exists "btrfs"' not satisfied. Skipping...
2026-09-15 15:54:49 +0100 INF Parsing live_response/storage/df.yaml
2026-09-15 15:54:49 +0100 CMD command_exists "df"
2026-09-15 15:54:49 +0100 CMD df
2026-09-15 15:54:49 +0100 CMD df -h
2026-09-15 15:54:49 +0100 INF Parsing live_response/storage/fdisk.yaml
2026-09-15 15:54:49 +0100 CMD command_exists "fdisk"
2026-09-15 15:54:49 +0100 CMD fdisk -l
2026-09-15 15:54:49 +0100 INF Parsing live_response/storage/findmnt.yaml
2026-09-15 15:54:49 +0100 CMD command_exists "findmnt"
2026-09-15 15:54:49 +0100 CMD findmnt --ascii
2026-09-15 15:54:49 +0100 CMD findmnt -J
2026-09-15 15:54:49 +0100 INF Parsing live_response/storage/iscsiadm.yaml
2026-09-15 15:54:49 +0100 CMD command_exists "iscsiadm"
2026-09-15 15:54:49 +0100 INF Global condition 'command_exists "iscsiadm"' not satisfied. Skipping...
2026-09-15 15:54:49 +0100 INF Parsing live_response/storage/ls_dev_disk.yaml
2026-09-15 15:54:49 +0100 CMD ls -l /dev/disk/by-*
2026-09-15 15:54:49 +0100 INF Parsing live_response/storage/lsblk.yaml
2026-09-15 15:54:49 +0100 CMD command_exists "lsblk"
2026-09-15 15:54:49 +0100 CMD lsblk
2026-09-15 15:54:49 +0100 CMD lsblk -J
2026-09-15 15:54:49 +0100 CMD lsblk -l
2026-09-15 15:54:49 +0100 CMD lsblk -l -J
2026-09-15 15:54:49 +0100 CMD lsblk -f
2026-09-15 15:54:49 +0100 CMD lsblk -f -J
2026-09-15 15:54:49 +0100 INF Parsing live_response/storage/lvdisplay.yaml
2026-09-15 15:54:49 +0100 CMD command_exists "lvdisplay"
2026-09-15 15:54:49 +0100 INF Global condition 'command_exists "lvdisplay"' not satisfied. Skipping...
2026-09-15 15:54:49 +0100 INF Parsing live_response/storage/lvs.yaml
2026-09-15 15:54:49 +0100 CMD command_exists "lvs"
2026-09-15 15:54:49 +0100 INF Global condition 'command_exists "lvs"' not satisfied. Skipping...
2026-09-15 15:54:49 +0100 INF Parsing live_response/storage/mdadm.yaml
2026-09-15 15:54:49 +0100 CMD command_exists "mdadm"
2026-09-15 15:54:49 +0100 INF Global condition 'command_exists "mdadm"' not satisfied. Skipping...
2026-09-15 15:54:49 +0100 INF Parsing live_response/storage/mount.yaml
2026-09-15 15:54:49 +0100 CMD command_exists "mount"
2026-09-15 15:54:49 +0100 CMD mount
2026-09-15 15:54:49 +0100 INF Parsing live_response/storage/pvdisplay.yaml
2026-09-15 15:54:49 +0100 CMD command_exists "pvdisplay"
2026-09-15 15:54:49 +0100 INF Global condition 'command_exists "pvdisplay"' not satisfied. Skipping...
2026-09-15 15:54:49 +0100 INF Parsing live_response/storage/pvesm.yaml
2026-09-15 15:54:49 +0100 CMD command_exists "pvesm"
2026-09-15 15:54:49 +0100 INF Global condition 'command_exists "pvesm"' not satisfied. Skipping...
2026-09-15 15:54:49 +0100 INF Parsing live_response/storage/pvs.yaml
2026-09-15 15:54:49 +0100 CMD command_exists "pvs"
2026-09-15 15:54:49 +0100 INF Global condition 'command_exists "pvs"' not satisfied. Skipping...
2026-09-15 15:54:49 +0100 INF Parsing live_response/storage/vgdisplay.yaml
2026-09-15 15:54:49 +0100 CMD command_exists "vgdisplay"
2026-09-15 15:54:49 +0100 INF Global condition 'command_exists "vgdisplay"' not satisfied. Skipping...
2026-09-15 15:54:49 +0100 INF Parsing live_response/storage/vgs.yaml
2026-09-15 15:54:49 +0100 CMD command_exists "vgs"
2026-09-15 15:54:49 +0100 INF Global condition 'command_exists "vgs"' not satisfied. Skipping...
2026-09-15 15:54:49 +0100 INF Parsing live_response/storage/zfs.yaml
2026-09-15 15:54:49 +0100 CMD command_exists "zfs"
2026-09-15 15:54:49 +0100 INF Global condition 'command_exists "zfs"' not satisfied. Skipping...
2026-09-15 15:54:50 +0100 INF Parsing live_response/storage/zpool.yaml
2026-09-15 15:54:50 +0100 CMD command_exists "zpool"
2026-09-15 15:54:50 +0100 INF Global condition 'command_exists "zpool"' not satisfied. Skipping...
2026-09-15 15:54:50 +0100 INF Parsing live_response/containers/containerd.yaml
2026-09-15 15:54:50 +0100 CMD command_exists "containerd"
2026-09-15 15:54:50 +0100 INF Global condition 'command_exists "containerd"' not satisfied. Skipping...
2026-09-15 15:54:50 +0100 INF Parsing live_response/containers/docker.yaml
2026-09-15 15:54:50 +0100 CMD command_exists "docker"
2026-09-15 15:54:50 +0100 INF Global condition 'command_exists "docker"' not satisfied. Skipping...
2026-09-15 15:54:50 +0100 INF Parsing live_response/containers/lxc.yaml
2026-09-15 15:54:50 +0100 CMD command_exists "lxc" || command_exists "lxc-ls"
2026-09-15 15:54:50 +0100 INF Global condition 'command_exists "lxc" || command_exists "lxc-ls"' not satisfied. Skipping...
2026-09-15 15:54:50 +0100 INF Parsing live_response/containers/pct.yaml
2026-09-15 15:54:50 +0100 CMD command_exists "pct"
2026-09-15 15:54:50 +0100 INF Global condition 'command_exists "pct"' not satisfied. Skipping...
2026-09-15 15:54:50 +0100 INF Parsing live_response/containers/podman.yaml
2026-09-15 15:54:50 +0100 CMD command_exists "podman"
2026-09-15 15:54:50 +0100 INF Global condition 'command_exists "podman"' not satisfied. Skipping...
2026-09-15 15:54:50 +0100 INF Parsing live_response/vms/qm.yaml
2026-09-15 15:54:50 +0100 CMD command_exists "qm"
2026-09-15 15:54:50 +0100 INF Global condition 'command_exists "qm"' not satisfied. Skipping...
2026-09-15 15:54:50 +0100 INF Parsing live_response/vms/virsh.yaml
2026-09-15 15:54:50 +0100 CMD command_exists "virsh"
2026-09-15 15:54:50 +0100 INF Global condition 'command_exists "virsh"' not satisfied. Skipping...
2026-09-15 15:54:50 +0100 INF Parsing live_response/vms/virt-top.yaml
2026-09-15 15:54:50 +0100 CMD command_exists "virt-top"
2026-09-15 15:54:50 +0100 INF Global condition 'command_exists "virt-top"' not satisfied. Skipping...
2026-09-15 15:54:50 +0100 INF Parsing live_response/vms/virtualbox.yaml
2026-09-15 15:54:50 +0100 CMD command_exists "VBoxManage"
2026-09-15 15:54:50 +0100 INF Global condition 'command_exists "VBoxManage"' not satisfied. Skipping...
2026-09-15 15:54:50 +0100 INF Parsing chkrootkit/chkrootkit.yaml
2026-09-15 15:54:50 +0100 CMD command_exists "chkrootkit"
2026-09-15 15:54:50 +0100 INF Global condition 'command_exists "chkrootkit"' not satisfied. Skipping...
2026-09-15 15:54:50 +0100 INF Parsing chkrootkit/hidden_etc_ld_so_preload.yaml
2026-09-15 15:54:50 +0100 CMD command_exists "debugfs" && df -T "//etc" | tail -n +2 | awk '{print $2}' | grep -q "ext"
2026-09-15 15:54:50 +0100 CMD linux_dump_etc_ld_so_preload.sh -f "//etc/ld.so.preload" 2> debugfs 1.47.0 (5-Feb-2023)/n/etc/ld.so.preload: File not found by ext2_lookup 
2026-09-15 15:54:50 +0100 CMD command_exists "xfs_db" && df -T "//etc" | tail -n +2 | awk '{print $2}' | grep -q "xfs"
2026-09-15 15:54:50 +0100 INF Condition 'command_exists "xfs_db" && df -T "//etc" | tail -n +2 | awk '{print $2}' | grep -q "xfs"' not satisfied. Skipping...
2026-09-15 15:54:50 +0100 CMD find /etc/ld.so.preload \( -path "/sys" -o -path "/proc/sys/fs/binfmt_misc" -o -path "/root/uac-3.3.0" -o -path "/root/uac_output/uac-data.tmp" \) -prune -o -print0 | xargs -0 statx 2> find: '/etc/ld.so.preload': No such file or directory/nUsage: statx file1 [file2 ...]
2026-09-15 15:54:50 +0100 INF Parsing hash_executables/hash_executables.yaml
2026-09-15 15:54:51 +0100 CMD find / \( -path "/proc" -o -path "/sys" -o -path "/proc/sys/fs/binfmt_misc" -o -path "/root/uac-3.3.0" -o -path "/root/uac_output/uac-data.tmp" \) -prune -o -type f \( -perm -001 -o -perm -010 -o -perm -100 \) -print0 | xargs -0 md5sum
2026-09-15 15:54:52 +0100 CMD find / \( -path "/proc" -o -path "/sys" -o -path "/proc/sys/fs/binfmt_misc" -o -path "/root/uac-3.3.0" -o -path "/root/uac_output/uac-data.tmp" \) -prune -o -type f \( -perm -001 -o -perm -010 -o -perm -100 \) -print0 | xargs -0 sha1sum
2026-09-15 15:54:52 +0100 INF Parsing system/bodyfile2filelists.yaml
2026-09-15 15:54:52 +0100 CMD if [ -s "//root/uac_output/uac-data.tmp/collected/bodyfile/bodyfile.txt" ]; then true; else false; fi
2026-09-15 15:54:52 +0100 CMD bodyfile2filelists.sh "//root/uac_output/uac-data.tmp/collected/bodyfile/bodyfile.txt" "/"
2026-09-15 15:54:52 +0100 INF Parsing system/getcap.yaml
2026-09-15 15:54:52 +0100 CMD command_exists "getcap"
2026-09-15 15:54:52 +0100 CMD find / \( -path "/proc" -o -path "/sys" -o -path "/sys" -o -path "/proc/sys/fs/binfmt_misc" -o -path "/root/uac-3.3.0" -o -path "/root/uac_output/uac-data.tmp" \) -prune -o -type f -print0 | xargs -0 getcap
2026-09-15 15:54:52 +0100 INF Parsing system/group_name_unknown_directories.yaml
2026-09-15 15:54:52 +0100 CMD if [ ! -f "//root/uac_output/uac-data.tmp/collected/system/group_name_unknown_directories.txt" ]; then true; else false; fi
2026-09-15 15:54:52 +0100 INF Global condition 'if [ ! -f "//root/uac_output/uac-data.tmp/collected/system/group_name_unknown_directories.txt" ]; then true; else false; fi' not satisfied. Skipping...
2026-09-15 15:54:52 +0100 INF Parsing system/group_name_unknown_files.yaml
2026-09-15 15:54:52 +0100 CMD if [ ! -f "//root/uac_output/uac-data.tmp/collected/system/group_name_unknown_files.txt" ]; then true; else false; fi
2026-09-15 15:54:52 +0100 INF Global condition 'if [ ! -f "//root/uac_output/uac-data.tmp/collected/system/group_name_unknown_files.txt" ]; then true; else false; fi' not satisfied. Skipping...
2026-09-15 15:54:52 +0100 INF Parsing system/group_writable_directories.yaml
2026-09-15 15:54:52 +0100 CMD if [ ! -f "//root/uac_output/uac-data.tmp/collected/system/group_writable_directories.txt" ]; then true; else false; fi
2026-09-15 15:54:52 +0100 INF Global condition 'if [ ! -f "//root/uac_output/uac-data.tmp/collected/system/group_writable_directories.txt" ]; then true; else false; fi' not satisfied. Skipping...
2026-09-15 15:54:52 +0100 INF Parsing system/group_writable_files.yaml
2026-09-15 15:54:52 +0100 CMD if [ ! -f "//root/uac_output/uac-data.tmp/collected/system/group_writable_files.txt" ]; then true; else false; fi
2026-09-15 15:54:52 +0100 INF Global condition 'if [ ! -f "//root/uac_output/uac-data.tmp/collected/system/group_writable_files.txt" ]; then true; else false; fi' not satisfied. Skipping...
2026-09-15 15:54:52 +0100 INF Parsing system/hidden_directories.yaml
2026-09-15 15:54:52 +0100 CMD if [ ! -f "//root/uac_output/uac-data.tmp/collected/system/hidden_directories.txt" ]; then true; else false; fi
2026-09-15 15:54:52 +0100 INF Global condition 'if [ ! -f "//root/uac_output/uac-data.tmp/collected/system/hidden_directories.txt" ]; then true; else false; fi' not satisfied. Skipping...
2026-09-15 15:54:52 +0100 INF Parsing system/hidden_files.yaml
2026-09-15 15:54:52 +0100 CMD if [ ! -f "//root/uac_output/uac-data.tmp/collected/system/hidden_files.txt" ]; then true; else false; fi
2026-09-15 15:54:52 +0100 INF Global condition 'if [ ! -f "//root/uac_output/uac-data.tmp/collected/system/hidden_files.txt" ]; then true; else false; fi' not satisfied. Skipping...
2026-09-15 15:54:52 +0100 INF Parsing system/immutable_files.yaml
2026-09-15 15:54:53 +0100 CMD command_exists "lsattr"
2026-09-15 15:54:53 +0100 CMD find / \( -path "/dev" -o -path "/proc" -o -path "/run" -o -path "/sys" -o -path "/sys" -o -path "/proc/sys/fs/binfmt_misc" -o -path "/root/uac-3.3.0" -o -path "/root/uac_output/uac-data.tmp" \) -prune -o -type f -print0 | xargs -0 lsattr -d | awk '$1 ~ /i/ && $1 !~ /^\//' 2> lsattr: Operation not supported While reading flags on /boot/efi/EFI/debian/shimx64.efi/nlsattr: Operation not supported While reading flags on /boot/efi/EFI/debian/grubx64.efi/nlsattr: Operation not supported While reading flags on /boot/efi/EFI/debian/mmx64.efi/nlsattr: Operation not supported While reading flags on /boot/efi/EFI/debian/fbx64.efi/nlsattr: Operation not supported While reading flags on /boot/efi/EFI/debian/BOOTX64.CSV/nlsattr: Operation not supported While reading flags on /boot/efi/EFI/debian/grub.cfg
2026-09-15 15:54:53 +0100 INF Parsing system/sgid.yaml
2026-09-15 15:54:53 +0100 CMD if [ ! -f "//root/uac_output/uac-data.tmp/collected/system/sgid.txt" ]; then true; else false; fi
2026-09-15 15:54:53 +0100 INF Global condition 'if [ ! -f "//root/uac_output/uac-data.tmp/collected/system/sgid.txt" ]; then true; else false; fi' not satisfied. Skipping...
2026-09-15 15:54:53 +0100 INF Parsing system/suid.yaml
2026-09-15 15:54:53 +0100 CMD if [ ! -f "//root/uac_output/uac-data.tmp/collected/system/suid.txt" ]; then true; else false; fi
2026-09-15 15:54:53 +0100 INF Global condition 'if [ ! -f "//root/uac_output/uac-data.tmp/collected/system/suid.txt" ]; then true; else false; fi' not satisfied. Skipping...
2026-09-15 15:54:53 +0100 INF Parsing system/user_name_unknown_directories.yaml
2026-09-15 15:54:53 +0100 CMD if [ ! -f "//root/uac_output/uac-data.tmp/collected/system/user_name_unknown_directories.txt" ]; then true; else false; fi
2026-09-15 15:54:53 +0100 INF Global condition 'if [ ! -f "//root/uac_output/uac-data.tmp/collected/system/user_name_unknown_directories.txt" ]; then true; else false; fi' not satisfied. Skipping...
2026-09-15 15:54:53 +0100 INF Parsing system/user_name_unknown_files.yaml
2026-09-15 15:54:53 +0100 CMD if [ ! -f "//root/uac_output/uac-data.tmp/collected/system/user_name_unknown_files.txt" ]; then true; else false; fi
2026-09-15 15:54:53 +0100 INF Global condition 'if [ ! -f "//root/uac_output/uac-data.tmp/collected/system/user_name_unknown_files.txt" ]; then true; else false; fi' not satisfied. Skipping...
2026-09-15 15:54:53 +0100 INF Parsing system/world_writable_directories.yaml
2026-09-15 15:54:53 +0100 CMD if [ ! -f "//root/uac_output/uac-data.tmp/collected/system/world_writable_directories.txt" ]; then true; else false; fi
2026-09-15 15:54:53 +0100 INF Global condition 'if [ ! -f "//root/uac_output/uac-data.tmp/collected/system/world_writable_directories.txt" ]; then true; else false; fi' not satisfied. Skipping...
2026-09-15 15:54:53 +0100 INF Parsing system/world_writable_files.yaml
2026-09-15 15:54:53 +0100 CMD if [ ! -f "//root/uac_output/uac-data.tmp/collected/system/world_writable_files.txt" ]; then true; else false; fi
2026-09-15 15:54:53 +0100 INF Global condition 'if [ ! -f "//root/uac_output/uac-data.tmp/collected/system/world_writable_files.txt" ]; then true; else false; fi' not satisfied. Skipping...
2026-09-15 15:54:53 +0100 INF Parsing ssh/private_keys_with_null_passphrases.yaml
2026-09-15 15:54:53 +0100 CMD command_exists "ssh-keygen"
2026-09-15 15:54:54 +0100 INF Collecting data for user Tom
2026-09-15 15:54:54 +0100 CMD ls "/home/Tom"/.ssh | grep -v -E '(^authorized_keys$|^known_hosts$|^config$|.pub$)'
2026-09-15 15:54:54 +0100 INF Collecting data for user Tom
2026-09-15 15:54:54 +0100 CMD ls "/root"/.ssh | grep -v -E '(^authorized_keys$|^known_hosts$|^config$|.pub$)'
2026-09-15 15:54:54 +0100 INF Collecting data for user _apt
2026-09-15 15:54:54 +0100 CMD ls "/nonexistent"/.ssh | grep -v -E '(^authorized_keys$|^known_hosts$|^config$|.pub$)' 2> ls: cannot access '/nonexistent/.ssh': No such file or directory
2026-09-15 15:54:54 +0100 INF Collecting data for user backup
2026-09-15 15:54:54 +0100 CMD ls "/var/backups"/.ssh | grep -v -E '(^authorized_keys$|^known_hosts$|^config$|.pub$)' 2> ls: cannot access '/var/backups/.ssh': No such file or directory
2026-09-15 15:54:54 +0100 INF Collecting data for user bin
2026-09-15 15:54:54 +0100 CMD ls "/bin"/.ssh | grep -v -E '(^authorized_keys$|^known_hosts$|^config$|.pub$)' 2> ls: cannot access '/bin/.ssh': No such file or directory
2026-09-15 15:54:54 +0100 INF Collecting data for user daemon
2026-09-15 15:54:54 +0100 CMD ls "/usr/sbin"/.ssh | grep -v -E '(^authorized_keys$|^known_hosts$|^config$|.pub$)' 2> ls: cannot access '/usr/sbin/.ssh': No such file or directory
2026-09-15 15:54:54 +0100 INF Collecting data for user games
2026-09-15 15:54:54 +0100 CMD ls "/usr/games"/.ssh | grep -v -E '(^authorized_keys$|^known_hosts$|^config$|.pub$)' 2> ls: cannot access '/usr/games/.ssh': No such file or directory
2026-09-15 15:54:54 +0100 INF Collecting data for user irc
2026-09-15 15:54:54 +0100 CMD ls "/run/ircd"/.ssh | grep -v -E '(^authorized_keys$|^known_hosts$|^config$|.pub$)' 2> ls: cannot access '/run/ircd/.ssh': No such file or directory
2026-09-15 15:54:54 +0100 INF Collecting data for user list
2026-09-15 15:54:54 +0100 CMD ls "/var/list"/.ssh | grep -v -E '(^authorized_keys$|^known_hosts$|^config$|.pub$)' 2> ls: cannot access '/var/list/.ssh': No such file or directory
2026-09-15 15:54:54 +0100 INF Collecting data for user lp
2026-09-15 15:54:54 +0100 CMD ls "/var/spool/lpd"/.ssh | grep -v -E '(^authorized_keys$|^known_hosts$|^config$|.pub$)' 2> ls: cannot access '/var/spool/lpd/.ssh': No such file or directory
2026-09-15 15:54:54 +0100 INF Collecting data for user mail
2026-09-15 15:54:54 +0100 CMD ls "/var/mail"/.ssh | grep -v -E '(^authorized_keys$|^known_hosts$|^config$|.pub$)' 2> ls: cannot access '/var/mail/.ssh': No such file or directory
2026-09-15 15:54:54 +0100 INF Collecting data for user man
2026-09-15 15:54:54 +0100 CMD ls "/var/cache/man"/.ssh | grep -v -E '(^authorized_keys$|^known_hosts$|^config$|.pub$)' 2> ls: cannot access '/var/cache/man/.ssh': No such file or directory
2026-09-15 15:54:54 +0100 INF Collecting data for user messagebus
2026-09-15 15:54:54 +0100 CMD ls "/nonexistent"/.ssh | grep -v -E '(^authorized_keys$|^known_hosts$|^config$|.pub$)' 2> ls: cannot access '/nonexistent/.ssh': No such file or directory
2026-09-15 15:54:54 +0100 INF Collecting data for user news
2026-09-15 15:54:54 +0100 CMD ls "/var/spool/news"/.ssh | grep -v -E '(^authorized_keys$|^known_hosts$|^config$|.pub$)' 2> ls: cannot access '/var/spool/news/.ssh': No such file or directory
2026-09-15 15:54:54 +0100 INF Collecting data for user nobody
2026-09-15 15:54:54 +0100 CMD ls "/nonexistent"/.ssh | grep -v -E '(^authorized_keys$|^known_hosts$|^config$|.pub$)' 2> ls: cannot access '/nonexistent/.ssh': No such file or directory
2026-09-15 15:54:54 +0100 INF Collecting data for user proxy
2026-09-15 15:54:54 +0100 CMD ls "/bin"/.ssh | grep -v -E '(^authorized_keys$|^known_hosts$|^config$|.pub$)' 2> ls: cannot access '/bin/.ssh': No such file or directory
2026-09-15 15:54:54 +0100 INF Collecting data for user root
2026-09-15 15:54:54 +0100 CMD ls "/root"/.ssh | grep -v -E '(^authorized_keys$|^known_hosts$|^config$|.pub$)'
2026-09-15 15:54:54 +0100 INF Collecting data for user sshd
2026-09-15 15:54:54 +0100 CMD ls "/run/sshd"/.ssh | grep -v -E '(^authorized_keys$|^known_hosts$|^config$|.pub$)' 2> ls: cannot access '/run/sshd/.ssh': No such file or directory
2026-09-15 15:54:54 +0100 INF Collecting data for user sync
2026-09-15 15:54:54 +0100 CMD ls "/bin"/.ssh | grep -v -E '(^authorized_keys$|^known_hosts$|^config$|.pub$)' 2> ls: cannot access '/bin/.ssh': No such file or directory
2026-09-15 15:54:54 +0100 INF Collecting data for user sys
2026-09-15 15:54:54 +0100 CMD ls "/dev"/.ssh | grep -v -E '(^authorized_keys$|^known_hosts$|^config$|.pub$)' 2> ls: cannot access '/dev/.ssh': No such file or directory
2026-09-15 15:54:54 +0100 INF Collecting data for user systemd-network
2026-09-15 15:54:54 +0100 CMD ls "/"/.ssh | grep -v -E '(^authorized_keys$|^known_hosts$|^config$|.pub$)' 2> ls: cannot access '//.ssh': No such file or directory
2026-09-15 15:54:54 +0100 INF Collecting data for user systemd-timesync
2026-09-15 15:54:54 +0100 CMD ls "/"/.ssh | grep -v -E '(^authorized_keys$|^known_hosts$|^config$|.pub$)' 2> ls: cannot access '//.ssh': No such file or directory
2026-09-15 15:54:54 +0100 INF Collecting data for user uucp
2026-09-15 15:54:54 +0100 CMD ls "/var/spool/uucp"/.ssh | grep -v -E '(^authorized_keys$|^known_hosts$|^config$|.pub$)' 2> ls: cannot access '/var/spool/uucp/.ssh': No such file or directory
2026-09-15 15:54:54 +0100 INF Collecting data for user www-data
2026-09-15 15:54:54 +0100 CMD ls "/var/www"/.ssh | grep -v -E '(^authorized_keys$|^known_hosts$|^config$|.pub$)' 2> ls: cannot access '/var/www/.ssh': No such file or directory
2026-09-15 15:54:54 +0100 INF Parsing packages/slackpkg.yaml
2026-09-15 15:54:54 +0100 CMD command_exists "slackpkg"
2026-09-15 15:54:54 +0100 INF Global condition 'command_exists "slackpkg"' not satisfied. Skipping...
2026-09-15 15:54:54 +0100 INF Parsing osquery/osquery.yaml
2026-09-15 15:54:54 +0100 CMD command_exists "osqueryi"
2026-09-15 15:54:54 +0100 INF Global condition 'command_exists "osqueryi"' not satisfied. Skipping...
2026-09-15 15:54:54 +0100 INF Parsing files/applications/rclone.yaml
2026-09-15 15:54:54 +0100 INF Collecting data for user Tom
2026-09-15 15:54:54 +0100 CMD find "/home/Tom"/.config/rclone \( -path "/sys" -o -path "/proc/sys/fs/binfmt_misc" -o -path "/root/uac-3.3.0" -o -path "/root/uac_output/uac-data.tmp" \) -prune -o -print 2> find: '/home/Tom/.config/rclone': No such file or directory
2026-09-15 15:54:54 +0100 INF Collecting data for user Tom
2026-09-15 15:54:54 +0100 CMD find "/root"/.config/rclone \( -path "/sys" -o -path "/proc/sys/fs/binfmt_misc" -o -path "/root/uac-3.3.0" -o -path "/root/uac_output/uac-data.tmp" \) -prune -o -print 2> find: '/root/.config/rclone': No such file or directory
2026-09-15 15:54:54 +0100 INF Collecting data for user root
2026-09-15 15:54:54 +0100 INF Skipping as home directory "/root"/.config/rclone has been collected already
2026-09-15 15:54:54 +0100 INF Parsing files/applications/discord.yaml
2026-09-15 15:54:54 +0100 INF Collecting data for user Tom
2026-09-15 15:54:55 +0100 CMD find "/home/Tom"/.config/discord "/home/Tom"/.var/app/com.discordapp.Discord "/home/Tom"/snap/discord \( -path "/sys" -o -path "/proc/sys/fs/binfmt_misc" -o -path "/root/uac-3.3.0" -o -path "/root/uac_output/uac-data.tmp" \) -prune -o \( -path "*/Cache/*" -o -path "*/Local Storage/leveldb/*" \) -print 2> find: '/home/Tom/.config/discord': No such file or directory/nfind: '/home/Tom/.var/app/com.discordapp.Discord': No such file or directory/nfind: '/home/Tom/snap/discord': No such file or directory
2026-09-15 15:54:55 +0100 INF Collecting data for user Tom
2026-09-15 15:54:55 +0100 CMD find "/root"/.config/discord "/root"/.var/app/com.discordapp.Discord "/root"/snap/discord \( -path "/sys" -o -path "/proc/sys/fs/binfmt_misc" -o -path "/root/uac-3.3.0" -o -path "/root/uac_output/uac-data.tmp" \) -prune -o \( -path "*/Cache/*" -o -path "*/Local Storage/leveldb/*" \) -print 2> find: '/root/.config/discord': No such file or directory/nfind: '/root/.var/app/com.discordapp.Discord': No such file or directory/nfind: '/root/snap/discord': No such file or directory
2026-09-15 15:54:55 +0100 INF Collecting data for user root
2026-09-15 15:54:55 +0100 INF Skipping as home directory "/root"/.config/discord "/root"/.var/app/com.discordapp.Discord "/root"/snap/discord has been collected already
2026-09-15 15:54:55 +0100 INF Parsing files/applications/gedit.yaml
2026-09-15 15:54:55 +0100 INF Collecting data for user Tom
2026-09-15 15:54:55 +0100 CMD find "/home/Tom"/.local/share \( -path "/sys" -o -path "/proc/sys/fs/binfmt_misc" -o -path "/root/uac-3.3.0" -o -path "/root/uac_output/uac-data.tmp" \) -prune -o -name "gedit-metadata.xml" -print
2026-09-15 15:54:55 +0100 INF Collecting data for user Tom
2026-09-15 15:54:55 +0100 CMD find "/root"/.local/share \( -path "/sys" -o -path "/proc/sys/fs/binfmt_misc" -o -path "/root/uac-3.3.0" -o -path "/root/uac_output/uac-data.tmp" \) -prune -o -name "gedit-metadata.xml" -print
2026-09-15 15:54:55 +0100 INF Collecting data for user root
2026-09-15 15:54:55 +0100 INF Skipping as home directory "/root"/.local/share has been collected already
2026-09-15 15:54:55 +0100 INF Collecting data for user Tom
2026-09-15 15:54:55 +0100 CMD find "/home/Tom"/.var/app "/home/Tom"/snap \( -path "/sys" -o -path "/proc/sys/fs/binfmt_misc" -o -path "/root/uac-3.3.0" -o -path "/root/uac_output/uac-data.tmp" \) -prune -o -name "gedit-metadata.xml" -print 2> find: '/home/Tom/.var/app': No such file or directory/nfind: '/home/Tom/snap': No such file or directory
2026-09-15 15:54:55 +0100 INF Collecting data for user Tom
2026-09-15 15:54:55 +0100 CMD find "/root"/.var/app "/root"/snap \( -path "/sys" -o -path "/proc/sys/fs/binfmt_misc" -o -path "/root/uac-3.3.0" -o -path "/root/uac_output/uac-data.tmp" \) -prune -o -name "gedit-metadata.xml" -print 2> find: '/root/.var/app': No such file or directory/nfind: '/root/snap': No such file or directory
2026-09-15 15:54:55 +0100 INF Collecting data for user root
2026-09-15 15:54:55 +0100 INF Skipping as home directory "/root"/.var/app "/root"/snap has been collected already
2026-09-15 15:54:55 +0100 INF Parsing files/applications/wget.yaml
2026-09-15 15:54:55 +0100 INF Collecting data for user Tom
2026-09-15 15:54:55 +0100 CMD find "/home/Tom"/.wget-hsts \( -path "/sys" -o -path "/proc/sys/fs/binfmt_misc" -o -path "/root/uac-3.3.0" -o -path "/root/uac_output/uac-data.tmp" \) -prune -o -print 2> find: '/home/Tom/.wget-hsts': No such file or directory
2026-09-15 15:54:55 +0100 INF Collecting data for user Tom
2026-09-15 15:54:55 +0100 CMD find "/root"/.wget-hsts \( -path "/sys" -o -path "/proc/sys/fs/binfmt_misc" -o -path "/root/uac-3.3.0" -o -path "/root/uac_output/uac-data.tmp" \) -prune -o -print 2> find: '/root/.wget-hsts': No such file or directory
2026-09-15 15:54:55 +0100 INF Collecting data for user root
2026-09-15 15:54:55 +0100 INF Skipping as home directory "/root"/.wget-hsts has been collected already
2026-09-15 15:54:55 +0100 INF Parsing files/applications/ark.yaml
2026-09-15 15:54:55 +0100 INF Collecting data for user Tom
2026-09-15 15:54:55 +0100 CMD find "/home/Tom"/.local/share \( -path "/sys" -o -path "/proc/sys/fs/binfmt_misc" -o -path "/root/uac-3.3.0" -o -path "/root/uac_output/uac-data.tmp" \) -prune -o -name "ark_recentfiles" -print
2026-09-15 15:54:55 +0100 INF Collecting data for user Tom
2026-09-15 15:54:55 +0100 CMD find "/root"/.local/share \( -path "/sys" -o -path "/proc/sys/fs/binfmt_misc" -o -path "/root/uac-3.3.0" -o -path "/root/uac_output/uac-data.tmp" \) -prune -o -name "ark_recentfiles" -print
2026-09-15 15:54:55 +0100 INF Collecting data for user root
2026-09-15 15:54:55 +0100 INF Skipping as home directory "/root"/.local/share has been collected already
2026-09-15 15:54:55 +0100 INF Collecting data for user Tom
2026-09-15 15:54:55 +0100 CMD find "/home/Tom"/.var/app "/home/Tom"/snap \( -path "/sys" -o -path "/proc/sys/fs/binfmt_misc" -o -path "/root/uac-3.3.0" -o -path "/root/uac_output/uac-data.tmp" \) -prune -o -name "ark_recentfiles" -print 2> find: '/home/Tom/.var/app': No such file or directory/nfind: '/home/Tom/snap': No such file or directory
2026-09-15 15:54:55 +0100 INF Collecting data for user Tom
2026-09-15 15:54:55 +0100 CMD find "/root"/.var/app "/root"/snap \( -path "/sys" -o -path "/proc/sys/fs/binfmt_misc" -o -path "/root/uac-3.3.0" -o -path "/root/uac_output/uac-data.tmp" \) -prune -o -name "ark_recentfiles" -print 2> find: '/root/.var/app': No such file or directory/nfind: '/root/snap': No such file or directory
2026-09-15 15:54:55 +0100 INF Collecting data for user root
2026-09-15 15:54:55 +0100 INF Skipping as home directory "/root"/.var/app "/root"/snap has been collected already
2026-09-15 15:54:55 +0100 INF Parsing files/applications/screen.yaml
2026-09-15 15:54:55 +0100 INF Collecting data for user Tom
2026-09-15 15:54:55 +0100 CMD find "/home/Tom"/.screenrc \( -path "/sys" -o -path "/proc/sys/fs/binfmt_misc" -o -path "/root/uac-3.3.0" -o -path "/root/uac_output/uac-data.tmp" \) -prune -o -print 2> find: '/home/Tom/.screenrc': No such file or directory
2026-09-15 15:54:55 +0100 INF Collecting data for user Tom
2026-09-15 15:54:55 +0100 CMD find "/root"/.screenrc \( -path "/sys" -o -path "/proc/sys/fs/binfmt_misc" -o -path "/root/uac-3.3.0" -o -path "/root/uac_output/uac-data.tmp" \) -prune -o -print 2> find: '/root/.screenrc': No such file or directory
2026-09-15 15:54:55 +0100 INF Collecting data for user _apt
2026-09-15 15:54:55 +0100 CMD find "/nonexistent"/.screenrc \( -path "/sys" -o -path "/proc/sys/fs/binfmt_misc" -o -path "/root/uac-3.3.0" -o -path "/root/uac_output/uac-data.tmp" \) -prune -o -print 2> find: '/nonexistent/.screenrc': No such file or directory
2026-09-15 15:54:55 +0100 INF Collecting data for user backup
2026-09-15 15:54:55 +0100 CMD find "/var/backups"/.screenrc \( -path "/sys" -o -path "/proc/sys/fs/binfmt_misc" -o -path "/root/uac-3.3.0" -o -path "/root/uac_output/uac-data.tmp" \) -prune -o -print 2> find: '/var/backups/.screenrc': No such file or directory
2026-09-15 15:54:55 +0100 INF Collecting data for user bin
2026-09-15 15:54:55 +0100 CMD find "/bin"/.screenrc \( -path "/sys" -o -path "/proc/sys/fs/binfmt_misc" -o -path "/root/uac-3.3.0" -o -path "/root/uac_output/uac-data.tmp" \) -prune -o -print 2> find: '/bin/.screenrc': No such file or directory
2026-09-15 15:54:55 +0100 INF Collecting data for user daemon
2026-09-15 15:54:55 +0100 CMD find "/usr/sbin"/.screenrc \( -path "/sys" -o -path "/proc/sys/fs/binfmt_misc" -o -path "/root/uac-3.3.0" -o -path "/root/uac_output/uac-data.tmp" \) -prune -o -print 2> find: '/usr/sbin/.screenrc': No such file or directory
2026-09-15 15:54:55 +0100 INF Collecting data for user games
2026-09-15 15:54:55 +0100 CMD find "/usr/games"/.screenrc \( -path "/sys" -o -path "/proc/sys/fs/binfmt_misc" -o -path "/root/uac-3.3.0" -o -path "/root/uac_output/uac-data.tmp" \) -prune -o -print 2> find: '/usr/games/.screenrc': No such file or directory
2026-09-15 15:54:55 +0100 INF Collecting data for user irc
2026-09-15 15:54:55 +0100 CMD find "/run/ircd"/.screenrc \( -path "/sys" -o -path "/proc/sys/fs/binfmt_misc" -o -path "/root/uac-3.3.0" -o -path "/root/uac_output/uac-data.tmp" \) -prune -o -print 2> find: '/run/ircd/.screenrc': No such file or directory
2026-09-15 15:54:55 +0100 INF Collecting data for user list
2026-09-15 15:54:55 +0100 CMD find "/var/list"/.screenrc \( -path "/sys" -o -path "/proc/sys/fs/binfmt_misc" -o -path "/root/uac-3.3.0" -o -path "/root/uac_output/uac-data.tmp" \) -prune -o -print 2> find: '/var/list/.screenrc': No such file or directory
2026-09-15 15:54:55 +0100 INF Collecting data for user lp
2026-09-15 15:54:55 +0100 CMD find "/var/spool/lpd"/.screenrc \( -path "/sys" -o -path "/proc/sys/fs/binfmt_misc" -o -path "/root/uac-3.3.0" -o -path "/root/uac_output/uac-data.tmp" \) -prune -o -print 2> find: '/var/spool/lpd/.screenrc': No such file or directory
2026-09-15 15:54:55 +0100 INF Collecting data for user mail
2026-09-15 15:54:55 +0100 CMD find "/var/mail"/.screenrc \( -path "/sys" -o -path "/proc/sys/fs/binfmt_misc" -o -path "/root/uac-3.3.0" -o -path "/root/uac_output/uac-data.tmp" \) -prune -o -print 2> find: '/var/mail/.screenrc': No such file or directory
2026-09-15 15:54:55 +0100 INF Collecting data for user man
2026-09-15 15:54:55 +0100 CMD find "/var/cache/man"/.screenrc \( -path "/sys" -o -path "/proc/sys/fs/binfmt_misc" -o -path "/root/uac-3.3.0" -o -path "/root/uac_output/uac-data.tmp" \) -prune -o -print 2> find: '/var/cache/man/.screenrc': No such file or directory
2026-09-15 15:54:55 +0100 INF Collecting data for user messagebus
2026-09-15 15:54:55 +0100 INF Skipping as home directory "/nonexistent"/.screenrc has been collected already
2026-09-15 15:54:55 +0100 INF Collecting data for user news
2026-09-15 15:54:55 +0100 CMD find "/var/spool/news"/.screenrc \( -path "/sys" -o -path "/proc/sys/fs/binfmt_misc" -o -path "/root/uac-3.3.0" -o -path "/root/uac_output/uac-data.tmp" \) -prune -o -print 2> find: '/var/spool/news/.screenrc': No such file or directory
2026-09-15 15:54:55 +0100 INF Collecting data for user nobody
2026-09-15 15:54:55 +0100 INF Skipping as home directory "/nonexistent"/.screenrc has been collected already
2026-09-15 15:54:55 +0100 INF Collecting data for user proxy
2026-09-15 15:54:55 +0100 INF Skipping as home directory "/bin"/.screenrc has been collected already
2026-09-15 15:54:55 +0100 INF Collecting data for user root
2026-09-15 15:54:55 +0100 INF Skipping as home directory "/root"/.screenrc has been collected already
2026-09-15 15:54:55 +0100 INF Collecting data for user sshd
2026-09-15 15:54:55 +0100 CMD find "/run/sshd"/.screenrc \( -path "/sys" -o -path "/proc/sys/fs/binfmt_misc" -o -path "/root/uac-3.3.0" -o -path "/root/uac_output/uac-data.tmp" \) -prune -o -print 2> find: '/run/sshd/.screenrc': No such file or directory
2026-09-15 15:54:55 +0100 INF Collecting data for user sync
2026-09-15 15:54:56 +0100 INF Skipping as home directory "/bin"/.screenrc has been collected already
2026-09-15 15:54:56 +0100 INF Collecting data for user sys
2026-09-15 15:54:56 +0100 CMD find "/dev"/.screenrc \( -path "/sys" -o -path "/proc/sys/fs/binfmt_misc" -o -path "/root/uac-3.3.0" -o -path "/root/uac_output/uac-data.tmp" \) -prune -o -print 2> find: '/dev/.screenrc': No such file or directory
2026-09-15 15:54:56 +0100 INF Collecting data for user systemd-network
2026-09-15 15:54:56 +0100 CMD find "/"/.screenrc \( -path "/sys" -o -path "/proc/sys/fs/binfmt_misc" -o -path "/root/uac-3.3.0" -o -path "/root/uac_output/uac-data.tmp" \) -prune -o -print 2> find: '//.screenrc': No such file or directory
2026-09-15 15:54:56 +0100 INF Collecting data for user systemd-timesync
2026-09-15 15:54:56 +0100 INF Skipping as home directory "/"/.screenrc has been collected already
2026-09-15 15:54:56 +0100 INF Collecting data for user uucp
2026-09-15 15:54:56 +0100 CMD find "/var/spool/uucp"/.screenrc \( -path "/sys" -o -path "/proc/sys/fs/binfmt_misc" -o -path "/root/uac-3.3.0" -o -path "/root/uac_output/uac-data.tmp" \) -prune -o -print 2> find: '/var/spool/uucp/.screenrc': No such file or directory
2026-09-15 15:54:56 +0100 INF Collecting data for user www-data
2026-09-15 15:54:56 +0100 CMD find "/var/www"/.screenrc \( -path "/sys" -o -path "/proc/sys/fs/binfmt_misc" -o -path "/root/uac-3.3.0" -o -path "/root/uac_output/uac-data.tmp" \) -prune -o -print 2> find: '/var/www/.screenrc': No such file or directory
2026-09-15 15:54:56 +0100 INF Parsing files/applications/anydesk.yaml
2026-09-15 15:54:56 +0100 INF Collecting data for user Tom
2026-09-15 15:54:56 +0100 CMD find "/home/Tom"/.anydesk \( -path "/sys" -o -path "/proc/sys/fs/binfmt_misc" -o -path "/root/uac-3.3.0" -o -path "/root/uac_output/uac-data.tmp" \) -prune -o -print 2> find: '/home/Tom/.anydesk': No such file or directory
2026-09-15 15:54:56 +0100 INF Collecting data for user Tom
2026-09-15 15:54:56 +0100 CMD find "/root"/.anydesk \( -path "/sys" -o -path "/proc/sys/fs/binfmt_misc" -o -path "/root/uac-3.3.0" -o -path "/root/uac_output/uac-data.tmp" \) -prune -o -print 2> find: '/root/.anydesk': No such file or directory
2026-09-15 15:54:56 +0100 INF Collecting data for user root
2026-09-15 15:54:56 +0100 INF Skipping as home directory "/root"/.anydesk has been collected already
2026-09-15 15:54:56 +0100 INF Collecting data for user Tom
2026-09-15 15:54:56 +0100 CMD find "/home/Tom"/*/AnyDesk \( -path "/sys" -o -path "/proc/sys/fs/binfmt_misc" -o -path "/root/uac-3.3.0" -o -path "/root/uac_output/uac-data.tmp" \) -prune -o -print 2> find: '/home/Tom/*/AnyDesk': No such file or directory
2026-09-15 15:54:56 +0100 INF Collecting data for user Tom
2026-09-15 15:54:56 +0100 CMD find "/root"/*/AnyDesk \( -path "/sys" -o -path "/proc/sys/fs/binfmt_misc" -o -path "/root/uac-3.3.0" -o -path "/root/uac_output/uac-data.tmp" \) -prune -o -print 2> find: '/root/*/AnyDesk': No such file or directory
2026-09-15 15:54:56 +0100 INF Collecting data for user root
2026-09-15 15:54:56 +0100 CMD find "/root"/*/AnyDesk \( -path "/sys" -o -path "/proc/sys/fs/binfmt_misc" -o -path "/root/uac-3.3.0" -o -path "/root/uac_output/uac-data.tmp" \) -prune -o -print 2> find: '/root/*/AnyDesk': No such file or directory
2026-09-15 15:54:56 +0100 INF Collecting data for user Tom
2026-09-15 15:54:56 +0100 CMD find "/home/Tom" -maxdepth 4 \( -path "/sys" -o -path "/proc/sys/fs/binfmt_misc" -o -path "/root/uac-3.3.0" -o -path "/root/uac_output/uac-data.tmp" \) -prune -o -name "anydesk*.png" -print
2026-09-15 15:54:56 +0100 INF Collecting data for user Tom
2026-09-15 15:54:56 +0100 CMD find "/root" -maxdepth 4 \( -path "/sys" -o -path "/proc/sys/fs/binfmt_misc" -o -path "/root/uac-3.3.0" -o -path "/root/uac_output/uac-data.tmp" \) -prune -o -name "anydesk*.png" -print
2026-09-15 15:54:56 +0100 INF Collecting data for user root
2026-09-15 15:54:56 +0100 INF Skipping as home directory "/root"/ has been collected already
2026-09-15 15:54:56 +0100 INF Collecting data for user Tom
2026-09-15 15:54:56 +0100 CMD find "/home/Tom" -maxdepth 4 \( -path "/sys" -o -path "/proc/sys/fs/binfmt_misc" -o -path "/root/uac-3.3.0" -o -path "/root/uac_output/uac-data.tmp" \) -prune -o -name "*.anydesk" -print
2026-09-15 15:54:56 +0100 INF Collecting data for user Tom
2026-09-15 15:54:56 +0100 CMD find "/root" -maxdepth 4 \( -path "/sys" -o -path "/proc/sys/fs/binfmt_misc" -o -path "/root/uac-3.3.0" -o -path "/root/uac_output/uac-data.tmp" \) -prune -o -name "*.anydesk" -print
2026-09-15 15:54:56 +0100 INF Collecting data for user root
2026-09-15 15:54:56 +0100 INF Skipping as home directory "/root"/ has been collected already
2026-09-15 15:54:56 +0100 CMD find /etc/anydesk \( -path "/sys" -o -path "/proc/sys/fs/binfmt_misc" -o -path "/root/uac-3.3.0" -o -path "/root/uac_output/uac-data.tmp" \) -prune -o -print 2> find: '/etc/anydesk': No such file or directory
2026-09-15 15:54:56 +0100 CMD find /var/log/anydesk.trace \( -path "/sys" -o -path "/proc/sys/fs/binfmt_misc" -o -path "/root/uac-3.3.0" -o -path "/root/uac_output/uac-data.tmp" \) -prune -o -print 2> find: '/var/log/anydesk.trace': No such file or directory
2026-09-15 15:54:56 +0100 INF Parsing files/applications/dolphin.yaml
2026-09-15 15:54:56 +0100 INF Collecting data for user Tom
2026-09-15 15:54:56 +0100 CMD find "/home/Tom"/.config \( -path "/sys" -o -path "/proc/sys/fs/binfmt_misc" -o -path "/root/uac-3.3.0" -o -path "/root/uac_output/uac-data.tmp" \) -prune -o -name "dolphin_dolphin_dolphin" -print 2> find: '/home/Tom/.config': No such file or directory
2026-09-15 15:54:56 +0100 INF Collecting data for user Tom
2026-09-15 15:54:56 +0100 CMD find "/root"/.config \( -path "/sys" -o -path "/proc/sys/fs/binfmt_misc" -o -path "/root/uac-3.3.0" -o -path "/root/uac_output/uac-data.tmp" \) -prune -o -name "dolphin_dolphin_dolphin" -print
2026-09-15 15:54:56 +0100 INF Collecting data for user root
2026-09-15 15:54:56 +0100 INF Skipping as home directory "/root"/.config has been collected already
2026-09-15 15:54:56 +0100 INF Collecting data for user Tom
2026-09-15 15:54:56 +0100 CMD find "/home/Tom"/.var/app "/home/Tom"/snap \( -path "/sys" -o -path "/proc/sys/fs/binfmt_misc" -o -path "/root/uac-3.3.0" -o -path "/root/uac_output/uac-data.tmp" \) -prune -o -name "dolphin_dolphin_dolphin" -print 2> find: '/home/Tom/.var/app': No such file or directory/nfind: '/home/Tom/snap': No such file or directory
2026-09-15 15:54:56 +0100 INF Collecting data for user Tom
2026-09-15 15:54:56 +0100 CMD find "/root"/.var/app "/root"/snap \( -path "/sys" -o -path "/proc/sys/fs/binfmt_misc" -o -path "/root/uac-3.3.0" -o -path "/root/uac_output/uac-data.tmp" \) -prune -o -name "dolphin_dolphin_dolphin" -print 2> find: '/root/.var/app': No such file or directory/nfind: '/root/snap': No such file or directory
2026-09-15 15:54:56 +0100 INF Collecting data for user root
2026-09-15 15:54:56 +0100 INF Skipping as home directory "/root"/.var/app "/root"/snap has been collected already
2026-09-15 15:54:56 +0100 INF Parsing files/applications/splashtop.yaml
2026-09-15 15:54:56 +0100 CMD find /opt/splashtop*/log \( -path "/sys" -o -path "/proc/sys/fs/binfmt_misc" -o -path "/root/uac-3.3.0" -o -path "/root/uac_output/uac-data.tmp" \) -prune -o -print 2> find: '/opt/splashtop*/log': No such file or directory
2026-09-15 15:54:56 +0100 CMD find /opt/splashtop*/config \( -path "/sys" -o -path "/proc/sys/fs/binfmt_misc" -o -path "/root/uac-3.3.0" -o -path "/root/uac_output/uac-data.tmp" \) -prune -o -print 2> find: '/opt/splashtop*/config': No such file or directory
2026-09-15 15:54:56 +0100 INF Parsing files/applications/libreoffice_mru.yaml
2026-09-15 15:54:56 +0100 INF Collecting data for user Tom
2026-09-15 15:54:56 +0100 CMD find "/home/Tom"/.config/libreoffice "/home/Tom"/.var/app/org.libreoffice.LibreOffice "/home/Tom"/snap/libreoffice \( -path "/sys" -o -path "/proc/sys/fs/binfmt_misc" -o -path "/root/uac-3.3.0" -o -path "/root/uac_output/uac-data.tmp" \) -prune -o \( -name "recently-used.xbel" -o -name "registrymodifications.xcu" \) -print 2> find: '/home/Tom/.config/libreoffice': No such file or directory/nfind: '/home/Tom/.var/app/org.libreoffice.LibreOffice': No such file or directory/nfind: '/home/Tom/snap/libreoffice': No such file or directory
2026-09-15 15:54:56 +0100 INF Collecting data for user Tom
2026-09-15 15:54:56 +0100 CMD find "/root"/.config/libreoffice "/root"/.var/app/org.libreoffice.LibreOffice "/root"/snap/libreoffice \( -path "/sys" -o -path "/proc/sys/fs/binfmt_misc" -o -path "/root/uac-3.3.0" -o -path "/root/uac_output/uac-data.tmp" \) -prune -o \( -name "recently-used.xbel" -o -name "registrymodifications.xcu" \) -print 2> find: '/root/.config/libreoffice': No such file or directory/nfind: '/root/.var/app/org.libreoffice.LibreOffice': No such file or directory/nfind: '/root/snap/libreoffice': No such file or directory
2026-09-15 15:54:56 +0100 INF Collecting data for user root
2026-09-15 15:54:56 +0100 INF Skipping as home directory "/root"/.config/libreoffice "/root"/.var/app/org.libreoffice.LibreOffice "/root"/snap/libreoffice has been collected already
2026-09-15 15:54:57 +0100 INF Parsing files/applications/dropbox.yaml
2026-09-15 15:54:57 +0100 INF Collecting data for user Tom
2026-09-15 15:54:57 +0100 CMD find "/home/Tom"/.dropbox \( -path "/sys" -o -path "/proc/sys/fs/binfmt_misc" -o -path "/root/uac-3.3.0" -o -path "/root/uac_output/uac-data.tmp" \) -prune -o -print 2> find: '/home/Tom/.dropbox': No such file or directory
2026-09-15 15:54:57 +0100 INF Collecting data for user Tom
2026-09-15 15:54:57 +0100 CMD find "/root"/.dropbox \( -path "/sys" -o -path "/proc/sys/fs/binfmt_misc" -o -path "/root/uac-3.3.0" -o -path "/root/uac_output/uac-data.tmp" \) -prune -o -print 2> find: '/root/.dropbox': No such file or directory
2026-09-15 15:54:57 +0100 INF Collecting data for user root
2026-09-15 15:54:57 +0100 INF Skipping as home directory "/root"/.dropbox has been collected already
2026-09-15 15:54:57 +0100 INF Parsing files/applications/aspera_connect.yaml
2026-09-15 15:54:57 +0100 INF Collecting data for user Tom
2026-09-15 15:54:57 +0100 CMD find "/home/Tom"/.aspera/connect/filelists \( -path "/sys" -o -path "/proc/sys/fs/binfmt_misc" -o -path "/root/uac-3.3.0" -o -path "/root/uac_output/uac-data.tmp" \) -prune -o -print 2> find: '/home/Tom/.aspera/connect/filelists': No such file or directory
2026-09-15 15:54:57 +0100 INF Collecting data for user Tom
2026-09-15 15:54:57 +0100 CMD find "/root"/.aspera/connect/filelists \( -path "/sys" -o -path "/proc/sys/fs/binfmt_misc" -o -path "/root/uac-3.3.0" -o -path "/root/uac_output/uac-data.tmp" \) -prune -o -print 2> find: '/root/.aspera/connect/filelists': No such file or directory
2026-09-15 15:54:57 +0100 INF Collecting data for user root
2026-09-15 15:54:57 +0100 INF Skipping as home directory "/root"/.aspera/connect/filelists has been collected already
2026-09-15 15:54:57 +0100 INF Collecting data for user Tom
2026-09-15 15:54:57 +0100 CMD find "/home/Tom"/.aspera/connect/var/log \( -path "/sys" -o -path "/proc/sys/fs/binfmt_misc" -o -path "/root/uac-3.3.0" -o -path "/root/uac_output/uac-data.tmp" \) -prune -o -print 2> find: '/home/Tom/.aspera/connect/var/log': No such file or directory
2026-09-15 15:54:57 +0100 INF Collecting data for user Tom
2026-09-15 15:54:57 +0100 CMD find "/root"/.aspera/connect/var/log \( -path "/sys" -o -path "/proc/sys/fs/binfmt_misc" -o -path "/root/uac-3.3.0" -o -path "/root/uac_output/uac-data.tmp" \) -prune -o -print 2> find: '/root/.aspera/connect/var/log': No such file or directory
2026-09-15 15:54:57 +0100 INF Collecting data for user root
2026-09-15 15:54:57 +0100 INF Skipping as home directory "/root"/.aspera/connect/var/log has been collected already
2026-09-15 15:54:57 +0100 INF Collecting data for user Tom
2026-09-15 15:54:57 +0100 CMD find "/home/Tom"/.aspera/connect/var/asperaconnect.data \( -path "/sys" -o -path "/proc/sys/fs/binfmt_misc" -o -path "/root/uac-3.3.0" -o -path "/root/uac_output/uac-data.tmp" \) -prune -o -print 2> find: '/home/Tom/.aspera/connect/var/asperaconnect.data': No such file or directory
2026-09-15 15:54:57 +0100 INF Collecting data for user Tom
2026-09-15 15:54:57 +0100 CMD find "/root"/.aspera/connect/var/asperaconnect.data \( -path "/sys" -o -path "/proc/sys/fs/binfmt_misc" -o -path "/root/uac-3.3.0" -o -path "/root/uac_output/uac-data.tmp" \) -prune -o -print 2> find: '/root/.aspera/connect/var/asperaconnect.data': No such file or directory
2026-09-15 15:54:57 +0100 INF Collecting data for user root
2026-09-15 15:54:57 +0100 INF Skipping as home directory "/root"/.aspera/connect/var/asperaconnect.data has been collected already
2026-09-15 15:54:57 +0100 INF Parsing files/applications/qnap_qsync.yaml
2026-09-15 15:54:57 +0100 INF Collecting data for user Tom
2026-09-15 15:54:57 +0100 CMD find "/home/Tom"/.local/share/QNAP/Qsync \( -path "/sys" -o -path "/proc/sys/fs/binfmt_misc" -o -path "/root/uac-3.3.0" -o -path "/root/uac_output/uac-data.tmp" \) -prune -o -print 2> find: '/home/Tom/.local/share/QNAP/Qsync': No such file or directory
2026-09-15 15:54:57 +0100 INF Collecting data for user Tom
2026-09-15 15:54:57 +0100 CMD find "/root"/.local/share/QNAP/Qsync \( -path "/sys" -o -path "/proc/sys/fs/binfmt_misc" -o -path "/root/uac-3.3.0" -o -path "/root/uac_output/uac-data.tmp" \) -prune -o -print 2> find: '/root/.local/share/QNAP/Qsync': No such file or directory
2026-09-15 15:54:57 +0100 INF Collecting data for user root
2026-09-15 15:54:57 +0100 INF Skipping as home directory "/root"/.local/share/QNAP/Qsync has been collected already
2026-09-15 15:54:57 +0100 INF Parsing files/applications/telegram.yaml
2026-09-15 15:54:57 +0100 INF Collecting data for user Tom
2026-09-15 15:54:57 +0100 CMD find "/home/Tom"/.local/share/TelegramDesktop "/home/Tom"/.var/app/org.telegram.desktop "/home/Tom"/snap/telegram-desktop \( -path "/sys" -o -path "/proc/sys/fs/binfmt_misc" -o -path "/root/uac-3.3.0" -o -path "/root/uac_output/uac-data.tmp" \) -prune -o -name "log.txt" -print 2> find: '/home/Tom/.local/share/TelegramDesktop': No such file or directory/nfind: '/home/Tom/.var/app/org.telegram.desktop': No such file or directory/nfind: '/home/Tom/snap/telegram-desktop': No such file or directory
2026-09-15 15:54:57 +0100 INF Collecting data for user Tom
2026-09-15 15:54:57 +0100 CMD find "/root"/.local/share/TelegramDesktop "/root"/.var/app/org.telegram.desktop "/root"/snap/telegram-desktop \( -path "/sys" -o -path "/proc/sys/fs/binfmt_misc" -o -path "/root/uac-3.3.0" -o -path "/root/uac_output/uac-data.tmp" \) -prune -o -name "log.txt" -print 2> find: '/root/.local/share/TelegramDesktop': No such file or directory/nfind: '/root/.var/app/org.telegram.desktop': No such file or directory/nfind: '/root/snap/telegram-desktop': No such file or directory
2026-09-15 15:54:57 +0100 INF Collecting data for user root
2026-09-15 15:54:57 +0100 INF Skipping as home directory "/root"/.local/share/TelegramDesktop "/root"/.var/app/org.telegram.desktop "/root"/snap/telegram-desktop has been collected already
2026-09-15 15:54:57 +0100 INF Parsing files/applications/okular.yaml
2026-09-15 15:54:57 +0100 INF Collecting data for user Tom
2026-09-15 15:54:57 +0100 CMD find "/home/Tom"/.local/share \( -path "/sys" -o -path "/proc/sys/fs/binfmt_misc" -o -path "/root/uac-3.3.0" -o -path "/root/uac_output/uac-data.tmp" \) -prune -o -path "*/okular/docdata/*" -print
2026-09-15 15:54:57 +0100 INF Collecting data for user Tom
2026-09-15 15:54:57 +0100 CMD find "/root"/.local/share \( -path "/sys" -o -path "/proc/sys/fs/binfmt_misc" -o -path "/root/uac-3.3.0" -o -path "/root/uac_output/uac-data.tmp" \) -prune -o -path "*/okular/docdata/*" -print
2026-09-15 15:54:57 +0100 INF Collecting data for user root
2026-09-15 15:54:57 +0100 INF Skipping as home directory "/root"/.local/share has been collected already
2026-09-15 15:54:57 +0100 INF Collecting data for user Tom
2026-09-15 15:54:57 +0100 CMD find "/home/Tom"/.config \( -path "/sys" -o -path "/proc/sys/fs/binfmt_misc" -o -path "/root/uac-3.3.0" -o -path "/root/uac_output/uac-data.tmp" \) -prune -o -name "okularrc" -print 2> find: '/home/Tom/.config': No such file or directory
2026-09-15 15:54:57 +0100 INF Collecting data for user Tom
2026-09-15 15:54:57 +0100 CMD find "/root"/.config \( -path "/sys" -o -path "/proc/sys/fs/binfmt_misc" -o -path "/root/uac-3.3.0" -o -path "/root/uac_output/uac-data.tmp" \) -prune -o -name "okularrc" -print
2026-09-15 15:54:57 +0100 INF Collecting data for user root
2026-09-15 15:54:57 +0100 INF Skipping as home directory "/root"/.config has been collected already
2026-09-15 15:54:58 +0100 INF Collecting data for user Tom
2026-09-15 15:54:58 +0100 CMD find "/home/Tom"/.var/app "/home/Tom"/snap \( -path "/sys" -o -path "/proc/sys/fs/binfmt_misc" -o -path "/root/uac-3.3.0" -o -path "/root/uac_output/uac-data.tmp" \) -prune -o -path "*/okular/docdata/*" -print 2> find: '/home/Tom/.var/app': No such file or directory/nfind: '/home/Tom/snap': No such file or directory
2026-09-15 15:54:58 +0100 INF Collecting data for user Tom
2026-09-15 15:54:58 +0100 CMD find "/root"/.var/app "/root"/snap \( -path "/sys" -o -path "/proc/sys/fs/binfmt_misc" -o -path "/root/uac-3.3.0" -o -path "/root/uac_output/uac-data.tmp" \) -prune -o -path "*/okular/docdata/*" -print 2> find: '/root/.var/app': No such file or directory/nfind: '/root/snap': No such file or directory
2026-09-15 15:54:58 +0100 INF Collecting data for user root
2026-09-15 15:54:58 +0100 INF Skipping as home directory "/root"/.var/app "/root"/snap has been collected already
2026-09-15 15:54:58 +0100 INF Collecting data for user Tom
2026-09-15 15:54:58 +0100 CMD find "/home/Tom"/.var/app "/home/Tom"/snap \( -path "/sys" -o -path "/proc/sys/fs/binfmt_misc" -o -path "/root/uac-3.3.0" -o -path "/root/uac_output/uac-data.tmp" \) -prune -o -name "okularrc" -print 2> find: '/home/Tom/.var/app': No such file or directory/nfind: '/home/Tom/snap': No such file or directory
2026-09-15 15:54:58 +0100 INF Collecting data for user Tom
2026-09-15 15:54:58 +0100 CMD find "/root"/.var/app "/root"/snap \( -path "/sys" -o -path "/proc/sys/fs/binfmt_misc" -o -path "/root/uac-3.3.0" -o -path "/root/uac_output/uac-data.tmp" \) -prune -o -name "okularrc" -print 2> find: '/root/.var/app': No such file or directory/nfind: '/root/snap': No such file or directory
2026-09-15 15:54:58 +0100 INF Collecting data for user root
2026-09-15 15:54:58 +0100 INF Skipping as home directory "/root"/.var/app "/root"/snap has been collected already
2026-09-15 15:54:58 +0100 INF Parsing files/applications/geany.yaml
2026-09-15 15:54:58 +0100 INF Collecting data for user Tom
2026-09-15 15:54:58 +0100 CMD find "/home/Tom"/.config/geany \( -path "/sys" -o -path "/proc/sys/fs/binfmt_misc" -o -path "/root/uac-3.3.0" -o -path "/root/uac_output/uac-data.tmp" \) -prune -o -name "session.conf" -print 2> find: '/home/Tom/.config/geany': No such file or directory
2026-09-15 15:54:58 +0100 INF Collecting data for user Tom
2026-09-15 15:54:58 +0100 CMD find "/root"/.config/geany \( -path "/sys" -o -path "/proc/sys/fs/binfmt_misc" -o -path "/root/uac-3.3.0" -o -path "/root/uac_output/uac-data.tmp" \) -prune -o -name "session.conf" -print 2> find: '/root/.config/geany': No such file or directory
2026-09-15 15:54:58 +0100 INF Collecting data for user root
2026-09-15 15:54:58 +0100 INF Skipping as home directory "/root"/.config/geany has been collected already
2026-09-15 15:54:58 +0100 INF Collecting data for user Tom
2026-09-15 15:54:58 +0100 CMD find "/home/Tom"/.var/app "/home/Tom"/snap \( -path "/sys" -o -path "/proc/sys/fs/binfmt_misc" -o -path "/root/uac-3.3.0" -o -path "/root/uac_output/uac-data.tmp" \) -prune -o -path "*/config/geany/*" -name "session.conf" -print 2> find: '/home/Tom/.var/app': No such file or directory/nfind: '/home/Tom/snap': No such file or directory
2026-09-15 15:54:58 +0100 INF Collecting data for user Tom
2026-09-15 15:54:58 +0100 CMD find "/root"/.var/app "/root"/snap \( -path "/sys" -o -path "/proc/sys/fs/binfmt_misc" -o -path "/root/uac-3.3.0" -o -path "/root/uac_output/uac-data.tmp" \) -prune -o -path "*/config/geany/*" -name "session.conf" -print 2> find: '/root/.var/app': No such file or directory/nfind: '/root/snap': No such file or directory
2026-09-15 15:54:58 +0100 INF Collecting data for user root
2026-09-15 15:54:58 +0100 INF Skipping as home directory "/root"/.var/app "/root"/snap has been collected already
2026-09-15 15:54:58 +0100 INF Parsing files/applications/synology_drive.yaml
2026-09-15 15:54:58 +0100 INF Collecting data for user Tom
2026-09-15 15:54:58 +0100 CMD find "/home/Tom"/.SynologyDrive/data \( -path "/sys" -o -path "/proc/sys/fs/binfmt_misc" -o -path "/root/uac-3.3.0" -o -path "/root/uac_output/uac-data.tmp" \) -prune -o -print 2> find: '/home/Tom/.SynologyDrive/data': No such file or directory
2026-09-15 15:54:58 +0100 INF Collecting data for user Tom
2026-09-15 15:54:58 +0100 CMD find "/root"/.SynologyDrive/data \( -path "/sys" -o -path "/proc/sys/fs/binfmt_misc" -o -path "/root/uac-3.3.0" -o -path "/root/uac_output/uac-data.tmp" \) -prune -o -print 2> find: '/root/.SynologyDrive/data': No such file or directory
2026-09-15 15:54:58 +0100 INF Collecting data for user root
2026-09-15 15:54:58 +0100 INF Skipping as home directory "/root"/.SynologyDrive/data has been collected already
2026-09-15 15:54:58 +0100 INF Collecting data for user Tom
2026-09-15 15:54:58 +0100 CMD find "/home/Tom"/.SynologyDrive/log \( -path "/sys" -o -path "/proc/sys/fs/binfmt_misc" -o -path "/root/uac-3.3.0" -o -path "/root/uac_output/uac-data.tmp" \) -prune -o -print 2> find: '/home/Tom/.SynologyDrive/log': No such file or directory
2026-09-15 15:54:58 +0100 INF Collecting data for user Tom
2026-09-15 15:54:58 +0100 CMD find "/root"/.SynologyDrive/log \( -path "/sys" -o -path "/proc/sys/fs/binfmt_misc" -o -path "/root/uac-3.3.0" -o -path "/root/uac_output/uac-data.tmp" \) -prune -o -print 2> find: '/root/.SynologyDrive/log': No such file or directory
2026-09-15 15:54:58 +0100 INF Collecting data for user root
2026-09-15 15:54:58 +0100 INF Skipping as home directory "/root"/.SynologyDrive/log has been collected already
2026-09-15 15:54:58 +0100 INF Parsing files/applications/wps_office_mru.yaml
2026-09-15 15:54:58 +0100 INF Collecting data for user Tom
2026-09-15 15:54:58 +0100 CMD find "/home/Tom"/.config/Kingsoft "/home/Tom"/.var/app/com.wps.Office "/home/Tom"/snap/wps-office \( -path "/sys" -o -path "/proc/sys/fs/binfmt_misc" -o -path "/root/uac-3.3.0" -o -path "/root/uac_output/uac-data.tmp" \) -prune -o \( -name "Office.conf" -o -name "recently-used.xbel" -o -name "workarea.cfg" \) -print 2> find: '/home/Tom/.config/Kingsoft': No such file or directory/nfind: '/home/Tom/.var/app/com.wps.Office': No such file or directory/nfind: '/home/Tom/snap/wps-office': No such file or directory
2026-09-15 15:54:58 +0100 INF Collecting data for user Tom
2026-09-15 15:54:58 +0100 CMD find "/root"/.config/Kingsoft "/root"/.var/app/com.wps.Office "/root"/snap/wps-office \( -path "/sys" -o -path "/proc/sys/fs/binfmt_misc" -o -path "/root/uac-3.3.0" -o -path "/root/uac_output/uac-data.tmp" \) -prune -o \( -name "Office.conf" -o -name "recently-used.xbel" -o -name "workarea.cfg" \) -print 2> find: '/root/.config/Kingsoft': No such file or directory/nfind: '/root/.var/app/com.wps.Office': No such file or directory/nfind: '/root/snap/wps-office': No such file or directory
2026-09-15 15:54:58 +0100 INF Collecting data for user root
2026-09-15 15:54:58 +0100 INF Skipping as home directory "/root"/.config/Kingsoft "/root"/.var/app/com.wps.Office "/root"/snap/wps-office has been collected already
2026-09-15 15:54:58 +0100 INF Parsing files/applications/atftp.yaml
2026-09-15 15:54:58 +0100 INF Collecting data for user Tom
2026-09-15 15:54:58 +0100 CMD find "/home/Tom" -maxdepth 4 \( -path "/sys" -o -path "/proc/sys/fs/binfmt_misc" -o -path "/root/uac-3.3.0" -o -path "/root/uac_output/uac-data.tmp" \) -prune -o -name ".atftp_history" -print
2026-09-15 15:54:58 +0100 INF Collecting data for user Tom
2026-09-15 15:54:58 +0100 CMD find "/root" -maxdepth 4 \( -path "/sys" -o -path "/proc/sys/fs/binfmt_misc" -o -path "/root/uac-3.3.0" -o -path "/root/uac_output/uac-data.tmp" \) -prune -o -name ".atftp_history" -print
2026-09-15 15:54:58 +0100 INF Collecting data for user _apt
2026-09-15 15:54:59 +0100 CMD find "/nonexistent" -maxdepth 4 \( -path "/sys" -o -path "/proc/sys/fs/binfmt_misc" -o -path "/root/uac-3.3.0" -o -path "/root/uac_output/uac-data.tmp" \) -prune -o -name ".atftp_history" -print 2> find: '/nonexistent': No such file or directory
2026-09-15 15:54:59 +0100 INF Collecting data for user backup
2026-09-15 15:54:59 +0100 CMD find "/var/backups" -maxdepth 4 \( -path "/sys" -o -path "/proc/sys/fs/binfmt_misc" -o -path "/root/uac-3.3.0" -o -path "/root/uac_output/uac-data.tmp" \) -prune -o -name ".atftp_history" -print
2026-09-15 15:54:59 +0100 INF Collecting data for user bin
2026-09-15 15:54:59 +0100 CMD find "/bin" -maxdepth 4 \( -path "/sys" -o -path "/proc/sys/fs/binfmt_misc" -o -path "/root/uac-3.3.0" -o -path "/root/uac_output/uac-data.tmp" \) -prune -o -name ".atftp_history" -print
2026-09-15 15:54:59 +0100 INF Collecting data for user daemon
2026-09-15 15:54:59 +0100 CMD find "/usr/sbin" -maxdepth 4 \( -path "/sys" -o -path "/proc/sys/fs/binfmt_misc" -o -path "/root/uac-3.3.0" -o -path "/root/uac_output/uac-data.tmp" \) -prune -o -name ".atftp_history" -print
2026-09-15 15:54:59 +0100 INF Collecting data for user games
2026-09-15 15:54:59 +0100 CMD find "/usr/games" -maxdepth 4 \( -path "/sys" -o -path "/proc/sys/fs/binfmt_misc" -o -path "/root/uac-3.3.0" -o -path "/root/uac_output/uac-data.tmp" \) -prune -o -name ".atftp_history" -print
2026-09-15 15:54:59 +0100 INF Collecting data for user irc
2026-09-15 15:54:59 +0100 CMD find "/run/ircd" -maxdepth 4 \( -path "/sys" -o -path "/proc/sys/fs/binfmt_misc" -o -path "/root/uac-3.3.0" -o -path "/root/uac_output/uac-data.tmp" \) -prune -o -name ".atftp_history" -print 2> find: '/run/ircd': No such file or directory
2026-09-15 15:54:59 +0100 INF Collecting data for user list
2026-09-15 15:54:59 +0100 CMD find "/var/list" -maxdepth 4 \( -path "/sys" -o -path "/proc/sys/fs/binfmt_misc" -o -path "/root/uac-3.3.0" -o -path "/root/uac_output/uac-data.tmp" \) -prune -o -name ".atftp_history" -print 2> find: '/var/list': No such file or directory
2026-09-15 15:54:59 +0100 INF Collecting data for user lp
2026-09-15 15:54:59 +0100 CMD find "/var/spool/lpd" -maxdepth 4 \( -path "/sys" -o -path "/proc/sys/fs/binfmt_misc" -o -path "/root/uac-3.3.0" -o -path "/root/uac_output/uac-data.tmp" \) -prune -o -name ".atftp_history" -print 2> find: '/var/spool/lpd': No such file or directory
2026-09-15 15:54:59 +0100 INF Collecting data for user mail
2026-09-15 15:54:59 +0100 CMD find "/var/mail" -maxdepth 4 \( -path "/sys" -o -path "/proc/sys/fs/binfmt_misc" -o -path "/root/uac-3.3.0" -o -path "/root/uac_output/uac-data.tmp" \) -prune -o -name ".atftp_history" -print
2026-09-15 15:54:59 +0100 INF Collecting data for user man
2026-09-15 15:54:59 +0100 CMD find "/var/cache/man" -maxdepth 4 \( -path "/sys" -o -path "/proc/sys/fs/binfmt_misc" -o -path "/root/uac-3.3.0" -o -path "/root/uac_output/uac-data.tmp" \) -prune -o -name ".atftp_history" -print
2026-09-15 15:54:59 +0100 INF Collecting data for user messagebus
2026-09-15 15:54:59 +0100 INF Skipping as home directory "/nonexistent" has been collected already
2026-09-15 15:54:59 +0100 INF Collecting data for user news
2026-09-15 15:54:59 +0100 CMD find "/var/spool/news" -maxdepth 4 \( -path "/sys" -o -path "/proc/sys/fs/binfmt_misc" -o -path "/root/uac-3.3.0" -o -path "/root/uac_output/uac-data.tmp" \) -prune -o -name ".atftp_history" -print 2> find: '/var/spool/news': No such file or directory
2026-09-15 15:54:59 +0100 INF Collecting data for user nobody
2026-09-15 15:54:59 +0100 INF Skipping as home directory "/nonexistent" has been collected already
2026-09-15 15:54:59 +0100 INF Collecting data for user proxy
2026-09-15 15:54:59 +0100 INF Skipping as home directory "/bin" has been collected already
2026-09-15 15:54:59 +0100 INF Collecting data for user root
2026-09-15 15:54:59 +0100 INF Skipping as home directory "/root" has been collected already
2026-09-15 15:54:59 +0100 INF Collecting data for user sshd
2026-09-15 15:54:59 +0100 CMD find "/run/sshd" -maxdepth 4 \( -path "/sys" -o -path "/proc/sys/fs/binfmt_misc" -o -path "/root/uac-3.3.0" -o -path "/root/uac_output/uac-data.tmp" \) -prune -o -name ".atftp_history" -print
2026-09-15 15:54:59 +0100 INF Collecting data for user sync
2026-09-15 15:54:59 +0100 INF Skipping as home directory "/bin" has been collected already
2026-09-15 15:54:59 +0100 INF Collecting data for user sys
2026-09-15 15:54:59 +0100 CMD find "/dev" -maxdepth 4 \( -path "/sys" -o -path "/proc/sys/fs/binfmt_misc" -o -path "/root/uac-3.3.0" -o -path "/root/uac_output/uac-data.tmp" \) -prune -o -name ".atftp_history" -print
2026-09-15 15:54:59 +0100 INF Collecting data for user systemd-network
2026-09-15 15:54:59 +0100 CMD find "/" -maxdepth 2 \( -path "/sys" -o -path "/proc/sys/fs/binfmt_misc" -o -path "/root/uac-3.3.0" -o -path "/root/uac_output/uac-data.tmp" \) -prune -o -name ".atftp_history" -print
2026-09-15 15:54:59 +0100 INF Collecting data for user systemd-timesync
2026-09-15 15:54:59 +0100 INF Skipping as home directory "/" has been collected already
2026-09-15 15:54:59 +0100 INF Collecting data for user uucp
2026-09-15 15:54:59 +0100 CMD find "/var/spool/uucp" -maxdepth 4 \( -path "/sys" -o -path "/proc/sys/fs/binfmt_misc" -o -path "/root/uac-3.3.0" -o -path "/root/uac_output/uac-data.tmp" \) -prune -o -name ".atftp_history" -print 2> find: '/var/spool/uucp': No such file or directory
2026-09-15 15:54:59 +0100 INF Collecting data for user www-data
2026-09-15 15:54:59 +0100 CMD find "/var/www" -maxdepth 4 \( -path "/sys" -o -path "/proc/sys/fs/binfmt_misc" -o -path "/root/uac-3.3.0" -o -path "/root/uac_output/uac-data.tmp" \) -prune -o -name ".atftp_history" -print 2> find: '/var/www': No such file or directory
2026-09-15 15:54:59 +0100 INF Parsing files/applications/php.yaml
2026-09-15 15:54:59 +0100 INF Collecting data for user Tom
2026-09-15 15:54:59 +0100 CMD find "/home/Tom" -maxdepth 4 \( -path "/sys" -o -path "/proc/sys/fs/binfmt_misc" -o -path "/root/uac-3.3.0" -o -path "/root/uac_output/uac-data.tmp" \) -prune -o -name ".php_history" -print
2026-09-15 15:54:59 +0100 INF Collecting data for user Tom
2026-09-15 15:54:59 +0100 CMD find "/root" -maxdepth 4 \( -path "/sys" -o -path "/proc/sys/fs/binfmt_misc" -o -path "/root/uac-3.3.0" -o -path "/root/uac_output/uac-data.tmp" \) -prune -o -name ".php_history" -print
2026-09-15 15:54:59 +0100 INF Collecting data for user _apt
2026-09-15 15:54:59 +0100 CMD find "/nonexistent" -maxdepth 4 \( -path "/sys" -o -path "/proc/sys/fs/binfmt_misc" -o -path "/root/uac-3.3.0" -o -path "/root/uac_output/uac-data.tmp" \) -prune -o -name ".php_history" -print 2> find: '/nonexistent': No such file or directory
2026-09-15 15:54:59 +0100 INF Collecting data for user backup
2026-09-15 15:54:59 +0100 CMD find "/var/backups" -maxdepth 4 \( -path "/sys" -o -path "/proc/sys/fs/binfmt_misc" -o -path "/root/uac-3.3.0" -o -path "/root/uac_output/uac-data.tmp" \) -prune -o -name ".php_history" -print
2026-09-15 15:54:59 +0100 INF Collecting data for user bin
2026-09-15 15:54:59 +0100 CMD find "/bin" -maxdepth 4 \( -path "/sys" -o -path "/proc/sys/fs/binfmt_misc" -o -path "/root/uac-3.3.0" -o -path "/root/uac_output/uac-data.tmp" \) -prune -o -name ".php_history" -print
2026-09-15 15:54:59 +0100 INF Collecting data for user daemon
2026-09-15 15:54:59 +0100 CMD find "/usr/sbin" -maxdepth 4 \( -path "/sys" -o -path "/proc/sys/fs/binfmt_misc" -o -path "/root/uac-3.3.0" -o -path "/root/uac_output/uac-data.tmp" \) -prune -o -name ".php_history" -print
2026-09-15 15:54:59 +0100 INF Collecting data for user games
2026-09-15 15:54:59 +0100 CMD find "/usr/games" -maxdepth 4 \( -path "/sys" -o -path "/proc/sys/fs/binfmt_misc" -o -path "/root/uac-3.3.0" -o -path "/root/uac_output/uac-data.tmp" \) -prune -o -name ".php_history" -print
2026-09-15 15:54:59 +0100 INF Collecting data for user irc
2026-09-15 15:55:00 +0100 CMD find "/run/ircd" -maxdepth 4 \( -path "/sys" -o -path "/proc/sys/fs/binfmt_misc" -o -path "/root/uac-3.3.0" -o -path "/root/uac_output/uac-data.tmp" \) -prune -o -name ".php_history" -print 2> find: '/run/ircd': No such file or directory
2026-09-15 15:55:00 +0100 INF Collecting data for user list
2026-09-15 15:55:00 +0100 CMD find "/var/list" -maxdepth 4 \( -path "/sys" -o -path "/proc/sys/fs/binfmt_misc" -o -path "/root/uac-3.3.0" -o -path "/root/uac_output/uac-data.tmp" \) -prune -o -name ".php_history" -print 2> find: '/var/list': No such file or directory
2026-09-15 15:55:00 +0100 INF Collecting data for user lp
2026-09-15 15:55:00 +0100 CMD find "/var/spool/lpd" -maxdepth 4 \( -path "/sys" -o -path "/proc/sys/fs/binfmt_misc" -o -path "/root/uac-3.3.0" -o -path "/root/uac_output/uac-data.tmp" \) -prune -o -name ".php_history" -print 2> find: '/var/spool/lpd': No such file or directory
2026-09-15 15:55:00 +0100 INF Collecting data for user mail
2026-09-15 15:55:00 +0100 CMD find "/var/mail" -maxdepth 4 \( -path "/sys" -o -path "/proc/sys/fs/binfmt_misc" -o -path "/root/uac-3.3.0" -o -path "/root/uac_output/uac-data.tmp" \) -prune -o -name ".php_history" -print
2026-09-15 15:55:00 +0100 INF Collecting data for user man
2026-09-15 15:55:00 +0100 CMD find "/var/cache/man" -maxdepth 4 \( -path "/sys" -o -path "/proc/sys/fs/binfmt_misc" -o -path "/root/uac-3.3.0" -o -path "/root/uac_output/uac-data.tmp" \) -prune -o -name ".php_history" -print
2026-09-15 15:55:00 +0100 INF Collecting data for user messagebus
2026-09-15 15:55:00 +0100 INF Skipping as home directory "/nonexistent" has been collected already
2026-09-15 15:55:00 +0100 INF Collecting data for user news
2026-09-15 15:55:00 +0100 CMD find "/var/spool/news" -maxdepth 4 \( -path "/sys" -o -path "/proc/sys/fs/binfmt_misc" -o -path "/root/uac-3.3.0" -o -path "/root/uac_output/uac-data.tmp" \) -prune -o -name ".php_history" -print 2> find: '/var/spool/news': No such file or directory
2026-09-15 15:55:00 +0100 INF Collecting data for user nobody
2026-09-15 15:55:00 +0100 INF Skipping as home directory "/nonexistent" has been collected already
2026-09-15 15:55:00 +0100 INF Collecting data for user proxy
2026-09-15 15:55:00 +0100 INF Skipping as home directory "/bin" has been collected already
2026-09-15 15:55:00 +0100 INF Collecting data for user root
2026-09-15 15:55:00 +0100 INF Skipping as home directory "/root" has been collected already
2026-09-15 15:55:00 +0100 INF Collecting data for user sshd
2026-09-15 15:55:00 +0100 CMD find "/run/sshd" -maxdepth 4 \( -path "/sys" -o -path "/proc/sys/fs/binfmt_misc" -o -path "/root/uac-3.3.0" -o -path "/root/uac_output/uac-data.tmp" \) -prune -o -name ".php_history" -print
2026-09-15 15:55:00 +0100 INF Collecting data for user sync
2026-09-15 15:55:00 +0100 INF Skipping as home directory "/bin" has been collected already
2026-09-15 15:55:00 +0100 INF Collecting data for user sys
2026-09-15 15:55:00 +0100 CMD find "/dev" -maxdepth 4 \( -path "/sys" -o -path "/proc/sys/fs/binfmt_misc" -o -path "/root/uac-3.3.0" -o -path "/root/uac_output/uac-data.tmp" \) -prune -o -name ".php_history" -print
2026-09-15 15:55:00 +0100 INF Collecting data for user systemd-network
2026-09-15 15:55:00 +0100 CMD find "/" -maxdepth 2 \( -path "/sys" -o -path "/proc/sys/fs/binfmt_misc" -o -path "/root/uac-3.3.0" -o -path "/root/uac_output/uac-data.tmp" \) -prune -o -name ".php_history" -print
2026-09-15 15:55:00 +0100 INF Collecting data for user systemd-timesync
2026-09-15 15:55:00 +0100 INF Skipping as home directory "/" has been collected already
2026-09-15 15:55:00 +0100 INF Collecting data for user uucp
2026-09-15 15:55:00 +0100 CMD find "/var/spool/uucp" -maxdepth 4 \( -path "/sys" -o -path "/proc/sys/fs/binfmt_misc" -o -path "/root/uac-3.3.0" -o -path "/root/uac_output/uac-data.tmp" \) -prune -o -name ".php_history" -print 2> find: '/var/spool/uucp': No such file or directory
2026-09-15 15:55:00 +0100 INF Collecting data for user www-data
2026-09-15 15:55:00 +0100 CMD find "/var/www" -maxdepth 4 \( -path "/sys" -o -path "/proc/sys/fs/binfmt_misc" -o -path "/root/uac-3.3.0" -o -path "/root/uac_output/uac-data.tmp" \) -prune -o -name ".php_history" -print 2> find: '/var/www': No such file or directory
2026-09-15 15:55:00 +0100 INF Parsing files/applications/microsoft_teams.yaml
2026-09-15 15:55:00 +0100 INF Collecting data for user Tom
2026-09-15 15:55:00 +0100 CMD find "/home/Tom"/.config/Microsoft/"Microsoft Teams" "/home/Tom"/.var/app/com.microsoft.Teams "/home/Tom"/snap/teams \( -path "/sys" -o -path "/proc/sys/fs/binfmt_misc" -o -path "/root/uac-3.3.0" -o -path "/root/uac_output/uac-data.tmp" \) -prune -o -path "*/Cache/*" -print 2> find: '/home/Tom/.config/Microsoft/Microsoft Teams': No such file or directory/nfind: '/home/Tom/.var/app/com.microsoft.Teams': No such file or directory/nfind: '/home/Tom/snap/teams': No such file or directory
2026-09-15 15:55:00 +0100 INF Collecting data for user Tom
2026-09-15 15:55:00 +0100 CMD find "/root"/.config/Microsoft/"Microsoft Teams" "/root"/.var/app/com.microsoft.Teams "/root"/snap/teams \( -path "/sys" -o -path "/proc/sys/fs/binfmt_misc" -o -path "/root/uac-3.3.0" -o -path "/root/uac_output/uac-data.tmp" \) -prune -o -path "*/Cache/*" -print 2> find: '/root/.config/Microsoft/Microsoft Teams': No such file or directory/nfind: '/root/.var/app/com.microsoft.Teams': No such file or directory/nfind: '/root/snap/teams': No such file or directory
2026-09-15 15:55:00 +0100 INF Collecting data for user root
2026-09-15 15:55:00 +0100 INF Skipping as home directory "/root"/.config/Microsoft/"Microsoft Teams" "/root"/.var/app/com.microsoft.Teams "/root"/snap/teams has been collected already
2026-09-15 15:55:00 +0100 INF Collecting data for user Tom
2026-09-15 15:55:00 +0100 CMD find "/home/Tom"/.config/Microsoft/"Microsoft Teams" "/home/Tom"/.var/app/com.microsoft.Teams "/home/Tom"/snap/teams \( -path "/sys" -o -path "/proc/sys/fs/binfmt_misc" -o -path "/root/uac-3.3.0" -o -path "/root/uac_output/uac-data.tmp" \) -prune -o -path "*/IndexedDB/*" -name "*.log" -print 2> find: '/home/Tom/.config/Microsoft/Microsoft Teams': No such file or directory/nfind: '/home/Tom/.var/app/com.microsoft.Teams': No such file or directory/nfind: '/home/Tom/snap/teams': No such file or directory
2026-09-15 15:55:00 +0100 INF Collecting data for user Tom
2026-09-15 15:55:00 +0100 CMD find "/root"/.config/Microsoft/"Microsoft Teams" "/root"/.var/app/com.microsoft.Teams "/root"/snap/teams \( -path "/sys" -o -path "/proc/sys/fs/binfmt_misc" -o -path "/root/uac-3.3.0" -o -path "/root/uac_output/uac-data.tmp" \) -prune -o -path "*/IndexedDB/*" -name "*.log" -print 2> find: '/root/.config/Microsoft/Microsoft Teams': No such file or directory/nfind: '/root/.var/app/com.microsoft.Teams': No such file or directory/nfind: '/root/snap/teams': No such file or directory
2026-09-15 15:55:00 +0100 INF Collecting data for user root
2026-09-15 15:55:00 +0100 INF Skipping as home directory "/root"/.config/Microsoft/"Microsoft Teams" "/root"/.var/app/com.microsoft.Teams "/root"/snap/teams has been collected already
2026-09-15 15:55:00 +0100 INF Collecting data for user Tom
2026-09-15 15:55:00 +0100 CMD find "/home/Tom"/.config/Microsoft/"Microsoft Teams" "/home/Tom"/.var/app/com.microsoft.Teams "/home/Tom"/snap/teams \( -path "/sys" -o -path "/proc/sys/fs/binfmt_misc" -o -path "/root/uac-3.3.0" -o -path "/root/uac_output/uac-data.tmp" \) -prune -o -name "*.leveldb" -print 2> find: '/home/Tom/.config/Microsoft/Microsoft Teams': No such file or directory/nfind: '/home/Tom/.var/app/com.microsoft.Teams': No such file or directory/nfind: '/home/Tom/snap/teams': No such file or directory
2026-09-15 15:55:00 +0100 INF Collecting data for user Tom
2026-09-15 15:55:00 +0100 CMD find "/root"/.config/Microsoft/"Microsoft Teams" "/root"/.var/app/com.microsoft.Teams "/root"/snap/teams \( -path "/sys" -o -path "/proc/sys/fs/binfmt_misc" -o -path "/root/uac-3.3.0" -o -path "/root/uac_output/uac-data.tmp" \) -prune -o -name "*.leveldb" -print 2> find: '/root/.config/Microsoft/Microsoft Teams': No such file or directory/nfind: '/root/.var/app/com.microsoft.Teams': No such file or directory/nfind: '/root/snap/teams': No such file or directory
2026-09-15 15:55:00 +0100 INF Collecting data for user root
2026-09-15 15:55:00 +0100 INF Skipping as home directory "/root"/.config/Microsoft/"Microsoft Teams" "/root"/.var/app/com.microsoft.Teams "/root"/snap/teams has been collected already
2026-09-15 15:55:00 +0100 INF Collecting data for user Tom
2026-09-15 15:55:00 +0100 CMD find "/home/Tom"/.config/Microsoft/"Microsoft Teams" "/home/Tom"/.var/app/com.microsoft.Teams "/home/Tom"/snap/teams \( -path "/sys" -o -path "/proc/sys/fs/binfmt_misc" -o -path "/root/uac-3.3.0" -o -path "/root/uac_output/uac-data.tmp" \) -prune -o -name "desktop-config.json" -print 2> find: '/home/Tom/.config/Microsoft/Microsoft Teams': No such file or directory/nfind: '/home/Tom/.var/app/com.microsoft.Teams': No such file or directory/nfind: '/home/Tom/snap/teams': No such file or directory
2026-09-15 15:55:00 +0100 INF Collecting data for user Tom
2026-09-15 15:55:00 +0100 CMD find "/root"/.config/Microsoft/"Microsoft Teams" "/root"/.var/app/com.microsoft.Teams "/root"/snap/teams \( -path "/sys" -o -path "/proc/sys/fs/binfmt_misc" -o -path "/root/uac-3.3.0" -o -path "/root/uac_output/uac-data.tmp" \) -prune -o -name "desktop-config.json" -print 2> find: '/root/.config/Microsoft/Microsoft Teams': No such file or directory/nfind: '/root/.var/app/com.microsoft.Teams': No such file or directory/nfind: '/root/snap/teams': No such file or directory
2026-09-15 15:55:00 +0100 INF Collecting data for user root
2026-09-15 15:55:00 +0100 INF Skipping as home directory "/root"/.config/Microsoft/"Microsoft Teams" "/root"/.var/app/com.microsoft.Teams "/root"/snap/teams has been collected already
2026-09-15 15:55:00 +0100 INF Collecting data for user Tom
2026-09-15 15:55:01 +0100 CMD find "/home/Tom"/.config/Microsoft/"Microsoft Teams" "/home/Tom"/.var/app/com.microsoft.Teams "/home/Tom"/snap/teams \( -path "/sys" -o -path "/proc/sys/fs/binfmt_misc" -o -path "/root/uac-3.3.0" -o -path "/root/uac_output/uac-data.tmp" \) -prune -o -path "*/logs/*" -print 2> find: '/home/Tom/.config/Microsoft/Microsoft Teams': No such file or directory/nfind: '/home/Tom/.var/app/com.microsoft.Teams': No such file or directory/nfind: '/home/Tom/snap/teams': No such file or directory
2026-09-15 15:55:01 +0100 INF Collecting data for user Tom
2026-09-15 15:55:01 +0100 CMD find "/root"/.config/Microsoft/"Microsoft Teams" "/root"/.var/app/com.microsoft.Teams "/root"/snap/teams \( -path "/sys" -o -path "/proc/sys/fs/binfmt_misc" -o -path "/root/uac-3.3.0" -o -path "/root/uac_output/uac-data.tmp" \) -prune -o -path "*/logs/*" -print 2> find: '/root/.config/Microsoft/Microsoft Teams': No such file or directory/nfind: '/root/.var/app/com.microsoft.Teams': No such file or directory/nfind: '/root/snap/teams': No such file or directory
2026-09-15 15:55:01 +0100 INF Collecting data for user root
2026-09-15 15:55:01 +0100 INF Skipping as home directory "/root"/.config/Microsoft/"Microsoft Teams" "/root"/.var/app/com.microsoft.Teams "/root"/snap/teams has been collected already
2026-09-15 15:55:01 +0100 INF Collecting data for user Tom
2026-09-15 15:55:01 +0100 CMD find "/home/Tom"/.config/Microsoft/"Microsoft Teams" "/home/Tom"/.var/app/com.microsoft.Teams "/home/Tom"/snap/teams \( -path "/sys" -o -path "/proc/sys/fs/binfmt_misc" -o -path "/root/uac-3.3.0" -o -path "/root/uac_output/uac-data.tmp" \) -prune -o -name "logs.txt" -print 2> find: '/home/Tom/.config/Microsoft/Microsoft Teams': No such file or directory/nfind: '/home/Tom/.var/app/com.microsoft.Teams': No such file or directory/nfind: '/home/Tom/snap/teams': No such file or directory
2026-09-15 15:55:01 +0100 INF Collecting data for user Tom
2026-09-15 15:55:01 +0100 CMD find "/root"/.config/Microsoft/"Microsoft Teams" "/root"/.var/app/com.microsoft.Teams "/root"/snap/teams \( -path "/sys" -o -path "/proc/sys/fs/binfmt_misc" -o -path "/root/uac-3.3.0" -o -path "/root/uac_output/uac-data.tmp" \) -prune -o -name "logs.txt" -print 2> find: '/root/.config/Microsoft/Microsoft Teams': No such file or directory/nfind: '/root/.var/app/com.microsoft.Teams': No such file or directory/nfind: '/root/snap/teams': No such file or directory
2026-09-15 15:55:01 +0100 INF Collecting data for user root
2026-09-15 15:55:01 +0100 INF Skipping as home directory "/root"/.config/Microsoft/"Microsoft Teams" "/root"/.var/app/com.microsoft.Teams "/root"/snap/teams has been collected already
2026-09-15 15:55:01 +0100 INF Parsing files/applications/git.yaml
2026-09-15 15:55:01 +0100 CMD find / \( -path "/dev" -o -path "/proc" -o -path "/run" -o -path "/sys" -o -path "/sys" -o -path "/proc/sys/fs/binfmt_misc" -o -path "/root/uac-3.3.0" -o -path "/root/uac_output/uac-data.tmp" \) -prune -o -path "*/.git/hooks/*" -print
2026-09-15 15:55:01 +0100 CMD find /etc/gitconfig \( -path "/sys" -o -path "/proc/sys/fs/binfmt_misc" -o -path "/root/uac-3.3.0" -o -path "/root/uac_output/uac-data.tmp" \) -prune -o -print 2> find: '/etc/gitconfig': No such file or directory
2026-09-15 15:55:01 +0100 INF Collecting data for user Tom
2026-09-15 15:55:01 +0100 CMD find "/home/Tom"/.gitconfig \( -path "/sys" -o -path "/proc/sys/fs/binfmt_misc" -o -path "/root/uac-3.3.0" -o -path "/root/uac_output/uac-data.tmp" \) -prune -o -print 2> find: '/home/Tom/.gitconfig': No such file or directory
2026-09-15 15:55:01 +0100 INF Collecting data for user Tom
2026-09-15 15:55:01 +0100 CMD find "/root"/.gitconfig \( -path "/sys" -o -path "/proc/sys/fs/binfmt_misc" -o -path "/root/uac-3.3.0" -o -path "/root/uac_output/uac-data.tmp" \) -prune -o -print 2> find: '/root/.gitconfig': No such file or directory
2026-09-15 15:55:01 +0100 INF Collecting data for user root
2026-09-15 15:55:01 +0100 INF Skipping as home directory "/root"/.gitconfig has been collected already
2026-09-15 15:55:01 +0100 INF Collecting data for user Tom
2026-09-15 15:55:01 +0100 CMD find "/home/Tom"/.config/git/config \( -path "/sys" -o -path "/proc/sys/fs/binfmt_misc" -o -path "/root/uac-3.3.0" -o -path "/root/uac_output/uac-data.tmp" \) -prune -o -print 2> find: '/home/Tom/.config/git/config': No such file or directory
2026-09-15 15:55:01 +0100 INF Collecting data for user Tom
2026-09-15 15:55:01 +0100 CMD find "/root"/.config/git/config \( -path "/sys" -o -path "/proc/sys/fs/binfmt_misc" -o -path "/root/uac-3.3.0" -o -path "/root/uac_output/uac-data.tmp" \) -prune -o -print 2> find: '/root/.config/git/config': No such file or directory
2026-09-15 15:55:01 +0100 INF Collecting data for user root
2026-09-15 15:55:01 +0100 INF Skipping as home directory "/root"/.config/git/config has been collected already
2026-09-15 15:55:01 +0100 INF Parsing files/applications/calc.yaml
2026-09-15 15:55:01 +0100 INF Collecting data for user Tom
2026-09-15 15:55:01 +0100 CMD find "/home/Tom"/.calc_history \( -path "/sys" -o -path "/proc/sys/fs/binfmt_misc" -o -path "/root/uac-3.3.0" -o -path "/root/uac_output/uac-data.tmp" \) -prune -o -print 2> find: '/home/Tom/.calc_history': No such file or directory
2026-09-15 15:55:01 +0100 INF Collecting data for user Tom
2026-09-15 15:55:01 +0100 CMD find "/root"/.calc_history \( -path "/sys" -o -path "/proc/sys/fs/binfmt_misc" -o -path "/root/uac-3.3.0" -o -path "/root/uac_output/uac-data.tmp" \) -prune -o -print 2> find: '/root/.calc_history': No such file or directory
2026-09-15 15:55:01 +0100 INF Collecting data for user _apt
2026-09-15 15:55:01 +0100 CMD find "/nonexistent"/.calc_history \( -path "/sys" -o -path "/proc/sys/fs/binfmt_misc" -o -path "/root/uac-3.3.0" -o -path "/root/uac_output/uac-data.tmp" \) -prune -o -print 2> find: '/nonexistent/.calc_history': No such file or directory
2026-09-15 15:55:02 +0100 INF Collecting data for user backup
2026-09-15 15:55:02 +0100 CMD find "/var/backups"/.calc_history \( -path "/sys" -o -path "/proc/sys/fs/binfmt_misc" -o -path "/root/uac-3.3.0" -o -path "/root/uac_output/uac-data.tmp" \) -prune -o -print 2> find: '/var/backups/.calc_history': No such file or directory
2026-09-15 15:55:02 +0100 INF Collecting data for user bin
2026-09-15 15:55:02 +0100 CMD find "/bin"/.calc_history \( -path "/sys" -o -path "/proc/sys/fs/binfmt_misc" -o -path "/root/uac-3.3.0" -o -path "/root/uac_output/uac-data.tmp" \) -prune -o -print 2> find: '/bin/.calc_history': No such file or directory
2026-09-15 15:55:02 +0100 INF Collecting data for user daemon
2026-09-15 15:55:02 +0100 CMD find "/usr/sbin"/.calc_history \( -path "/sys" -o -path "/proc/sys/fs/binfmt_misc" -o -path "/root/uac-3.3.0" -o -path "/root/uac_output/uac-data.tmp" \) -prune -o -print 2> find: '/usr/sbin/.calc_history': No such file or directory
2026-09-15 15:55:02 +0100 INF Collecting data for user games
2026-09-15 15:55:02 +0100 CMD find "/usr/games"/.calc_history \( -path "/sys" -o -path "/proc/sys/fs/binfmt_misc" -o -path "/root/uac-3.3.0" -o -path "/root/uac_output/uac-data.tmp" \) -prune -o -print 2> find: '/usr/games/.calc_history': No such file or directory
2026-09-15 15:55:02 +0100 INF Collecting data for user irc
2026-09-15 15:55:02 +0100 CMD find "/run/ircd"/.calc_history \( -path "/sys" -o -path "/proc/sys/fs/binfmt_misc" -o -path "/root/uac-3.3.0" -o -path "/root/uac_output/uac-data.tmp" \) -prune -o -print 2> find: '/run/ircd/.calc_history': No such file or directory
2026-09-15 15:55:02 +0100 INF Collecting data for user list
2026-09-15 15:55:02 +0100 CMD find "/var/list"/.calc_history \( -path "/sys" -o -path "/proc/sys/fs/binfmt_misc" -o -path "/root/uac-3.3.0" -o -path "/root/uac_output/uac-data.tmp" \) -prune -o -print 2> find: '/var/list/.calc_history': No such file or directory
2026-09-15 15:55:02 +0100 INF Collecting data for user lp
2026-09-15 15:55:02 +0100 CMD find "/var/spool/lpd"/.calc_history \( -path "/sys" -o -path "/proc/sys/fs/binfmt_misc" -o -path "/root/uac-3.3.0" -o -path "/root/uac_output/uac-data.tmp" \) -prune -o -print 2> find: '/var/spool/lpd/.calc_history': No such file or directory
2026-09-15 15:55:02 +0100 INF Collecting data for user mail
2026-09-15 15:55:02 +0100 CMD find "/var/mail"/.calc_history \( -path "/sys" -o -path "/proc/sys/fs/binfmt_misc" -o -path "/root/uac-3.3.0" -o -path "/root/uac_output/uac-data.tmp" \) -prune -o -print 2> find: '/var/mail/.calc_history': No such file or directory
2026-09-15 15:55:02 +0100 INF Collecting data for user man
2026-09-15 15:55:02 +0100 CMD find "/var/cache/man"/.calc_history \( -path "/sys" -o -path "/proc/sys/fs/binfmt_misc" -o -path "/root/uac-3.3.0" -o -path "/root/uac_output/uac-data.tmp" \) -prune -o -print 2> find: '/var/cache/man/.calc_history': No such file or directory
2026-09-15 15:55:02 +0100 INF Collecting data for user messagebus
2026-09-15 15:55:02 +0100 INF Skipping as home directory "/nonexistent"/.calc_history has been collected already
2026-09-15 15:55:02 +0100 INF Collecting data for user news
2026-09-15 15:55:02 +0100 CMD find "/var/spool/news"/.calc_history \( -path "/sys" -o -path "/proc/sys/fs/binfmt_misc" -o -path "/root/uac-3.3.0" -o -path "/root/uac_output/uac-data.tmp" \) -prune -o -print 2> find: '/var/spool/news/.calc_history': No such file or directory
2026-09-15 15:55:02 +0100 INF Collecting data for user nobody
2026-09-15 15:55:02 +0100 INF Skipping as home directory "/nonexistent"/.calc_history has been collected already
2026-09-15 15:55:02 +0100 INF Collecting data for user proxy
2026-09-15 15:55:02 +0100 INF Skipping as home directory "/bin"/.calc_history has been collected already
2026-09-15 15:55:02 +0100 INF Collecting data for user root
2026-09-15 15:55:02 +0100 INF Skipping as home directory "/root"/.calc_history has been collected already
2026-09-15 15:55:02 +0100 INF Collecting data for user sshd
2026-09-15 15:55:02 +0100 CMD find "/run/sshd"/.calc_history \( -path "/sys" -o -path "/proc/sys/fs/binfmt_misc" -o -path "/root/uac-3.3.0" -o -path "/root/uac_output/uac-data.tmp" \) -prune -o -print 2> find: '/run/sshd/.calc_history': No such file or directory
2026-09-15 15:55:02 +0100 INF Collecting data for user sync
2026-09-15 15:55:02 +0100 INF Skipping as home directory "/bin"/.calc_history has been collected already
2026-09-15 15:55:02 +0100 INF Collecting data for user sys
2026-09-15 15:55:02 +0100 CMD find "/dev"/.calc_history \( -path "/sys" -o -path "/proc/sys/fs/binfmt_misc" -o -path "/root/uac-3.3.0" -o -path "/root/uac_output/uac-data.tmp" \) -prune -o -print 2> find: '/dev/.calc_history': No such file or directory
2026-09-15 15:55:02 +0100 INF Collecting data for user systemd-network
2026-09-15 15:55:02 +0100 CMD find "/"/.calc_history \( -path "/sys" -o -path "/proc/sys/fs/binfmt_misc" -o -path "/root/uac-3.3.0" -o -path "/root/uac_output/uac-data.tmp" \) -prune -o -print 2> find: '//.calc_history': No such file or directory
2026-09-15 15:55:02 +0100 INF Collecting data for user systemd-timesync
2026-09-15 15:55:02 +0100 INF Skipping as home directory "/"/.calc_history has been collected already
2026-09-15 15:55:02 +0100 INF Collecting data for user uucp
2026-09-15 15:55:02 +0100 CMD find "/var/spool/uucp"/.calc_history \( -path "/sys" -o -path "/proc/sys/fs/binfmt_misc" -o -path "/root/uac-3.3.0" -o -path "/root/uac_output/uac-data.tmp" \) -prune -o -print 2> find: '/var/spool/uucp/.calc_history': No such file or directory
2026-09-15 15:55:02 +0100 INF Collecting data for user www-data
2026-09-15 15:55:02 +0100 CMD find "/var/www"/.calc_history \( -path "/sys" -o -path "/proc/sys/fs/binfmt_misc" -o -path "/root/uac-3.3.0" -o -path "/root/uac_output/uac-data.tmp" \) -prune -o -print 2> find: '/var/www/.calc_history': No such file or directory
2026-09-15 15:55:02 +0100 INF Parsing files/applications/google_earth.yaml
2026-09-15 15:55:02 +0100 INF Collecting data for user Tom
2026-09-15 15:55:02 +0100 CMD find "/home/Tom"/.googleearth "/home/Tom"/snap \( -path "/sys" -o -path "/proc/sys/fs/binfmt_misc" -o -path "/root/uac-3.3.0" -o -path "/root/uac_output/uac-data.tmp" \) -prune -o -name "*.kml" -print 2> find: '/home/Tom/.googleearth': No such file or directory/nfind: '/home/Tom/snap': No such file or directory
2026-09-15 15:55:02 +0100 INF Collecting data for user Tom
2026-09-15 15:55:02 +0100 CMD find "/root"/.googleearth "/root"/snap \( -path "/sys" -o -path "/proc/sys/fs/binfmt_misc" -o -path "/root/uac-3.3.0" -o -path "/root/uac_output/uac-data.tmp" \) -prune -o -name "*.kml" -print 2> find: '/root/.googleearth': No such file or directory/nfind: '/root/snap': No such file or directory
2026-09-15 15:55:02 +0100 INF Collecting data for user root
2026-09-15 15:55:02 +0100 INF Skipping as home directory "/root"/.googleearth "/root"/snap has been collected already
2026-09-15 15:55:02 +0100 INF Parsing files/applications/dragon_player.yaml
2026-09-15 15:55:02 +0100 INF Collecting data for user Tom
2026-09-15 15:55:02 +0100 CMD find "/home/Tom"/.config \( -path "/sys" -o -path "/proc/sys/fs/binfmt_misc" -o -path "/root/uac-3.3.0" -o -path "/root/uac_output/uac-data.tmp" \) -prune -o -name "dragonplayerrc" -print 2> find: '/home/Tom/.config': No such file or directory
2026-09-15 15:55:02 +0100 INF Collecting data for user Tom
2026-09-15 15:55:02 +0100 CMD find "/root"/.config \( -path "/sys" -o -path "/proc/sys/fs/binfmt_misc" -o -path "/root/uac-3.3.0" -o -path "/root/uac_output/uac-data.tmp" \) -prune -o -name "dragonplayerrc" -print
2026-09-15 15:55:02 +0100 INF Collecting data for user root
2026-09-15 15:55:02 +0100 INF Skipping as home directory "/root"/.config has been collected already
2026-09-15 15:55:02 +0100 INF Collecting data for user Tom
2026-09-15 15:55:02 +0100 CMD find "/home/Tom"/.var/app "/home/Tom"/snap \( -path "/sys" -o -path "/proc/sys/fs/binfmt_misc" -o -path "/root/uac-3.3.0" -o -path "/root/uac_output/uac-data.tmp" \) -prune -o -name "dragonplayerrc" -print 2> find: '/home/Tom/.var/app': No such file or directory/nfind: '/home/Tom/snap': No such file or directory
2026-09-15 15:55:02 +0100 INF Collecting data for user Tom
2026-09-15 15:55:03 +0100 CMD find "/root"/.var/app "/root"/snap \( -path "/sys" -o -path "/proc/sys/fs/binfmt_misc" -o -path "/root/uac-3.3.0" -o -path "/root/uac_output/uac-data.tmp" \) -prune -o -name "dragonplayerrc" -print 2> find: '/root/.var/app': No such file or directory/nfind: '/root/snap': No such file or directory
2026-09-15 15:55:03 +0100 INF Collecting data for user root
2026-09-15 15:55:03 +0100 INF Skipping as home directory "/root"/.var/app "/root"/snap has been collected already
2026-09-15 15:55:03 +0100 INF Parsing files/applications/lesshst.yaml
2026-09-15 15:55:03 +0100 INF Collecting data for user Tom
2026-09-15 15:55:03 +0100 CMD find "/home/Tom"/.lesshst \( -path "/sys" -o -path "/proc/sys/fs/binfmt_misc" -o -path "/root/uac-3.3.0" -o -path "/root/uac_output/uac-data.tmp" \) -prune -o -print 2> find: '/home/Tom/.lesshst': No such file or directory
2026-09-15 15:55:03 +0100 INF Collecting data for user Tom
2026-09-15 15:55:03 +0100 CMD find "/root"/.lesshst \( -path "/sys" -o -path "/proc/sys/fs/binfmt_misc" -o -path "/root/uac-3.3.0" -o -path "/root/uac_output/uac-data.tmp" \) -prune -o -print
2026-09-15 15:55:03 +0100 INF Collecting data for user root
2026-09-15 15:55:03 +0100 INF Skipping as home directory "/root"/.lesshst has been collected already
2026-09-15 15:55:03 +0100 INF Collecting data for user Tom
2026-09-15 15:55:03 +0100 CMD find "/home/Tom"/.local/state/lesshst \( -path "/sys" -o -path "/proc/sys/fs/binfmt_misc" -o -path "/root/uac-3.3.0" -o -path "/root/uac_output/uac-data.tmp" \) -prune -o -print 2> find: '/home/Tom/.local/state/lesshst': No such file or directory
2026-09-15 15:55:03 +0100 INF Collecting data for user Tom
2026-09-15 15:55:03 +0100 CMD find "/root"/.local/state/lesshst \( -path "/sys" -o -path "/proc/sys/fs/binfmt_misc" -o -path "/root/uac-3.3.0" -o -path "/root/uac_output/uac-data.tmp" \) -prune -o -print 2> find: '/root/.local/state/lesshst': No such file or directory
2026-09-15 15:55:03 +0100 INF Collecting data for user root
2026-09-15 15:55:03 +0100 INF Skipping as home directory "/root"/.local/state/lesshst has been collected already
2026-09-15 15:55:03 +0100 INF Collecting data for user Tom
2026-09-15 15:55:03 +0100 CMD find "/home/Tom"/.local/share/lesshst \( -path "/sys" -o -path "/proc/sys/fs/binfmt_misc" -o -path "/root/uac-3.3.0" -o -path "/root/uac_output/uac-data.tmp" \) -prune -o -print 2> find: '/home/Tom/.local/share/lesshst': No such file or directory
2026-09-15 15:55:03 +0100 INF Collecting data for user Tom
2026-09-15 15:55:03 +0100 CMD find "/root"/.local/share/lesshst \( -path "/sys" -o -path "/proc/sys/fs/binfmt_misc" -o -path "/root/uac-3.3.0" -o -path "/root/uac_output/uac-data.tmp" \) -prune -o -print 2> find: '/root/.local/share/lesshst': No such file or directory
2026-09-15 15:55:03 +0100 INF Collecting data for user root
2026-09-15 15:55:03 +0100 INF Skipping as home directory "/root"/.local/share/lesshst has been collected already
2026-09-15 15:55:03 +0100 INF Parsing files/applications/sqlite.yaml
2026-09-15 15:55:03 +0100 INF Collecting data for user Tom
2026-09-15 15:55:03 +0100 CMD find "/home/Tom"/.sqlite_history \( -path "/sys" -o -path "/proc/sys/fs/binfmt_misc" -o -path "/root/uac-3.3.0" -o -path "/root/uac_output/uac-data.tmp" \) -prune -o -print 2> find: '/home/Tom/.sqlite_history': No such file or directory
2026-09-15 15:55:03 +0100 INF Collecting data for user Tom
2026-09-15 15:55:03 +0100 CMD find "/root"/.sqlite_history \( -path "/sys" -o -path "/proc/sys/fs/binfmt_misc" -o -path "/root/uac-3.3.0" -o -path "/root/uac_output/uac-data.tmp" \) -prune -o -print 2> find: '/root/.sqlite_history': No such file or directory
2026-09-15 15:55:03 +0100 INF Collecting data for user _apt
2026-09-15 15:55:03 +0100 CMD find "/nonexistent"/.sqlite_history \( -path "/sys" -o -path "/proc/sys/fs/binfmt_misc" -o -path "/root/uac-3.3.0" -o -path "/root/uac_output/uac-data.tmp" \) -prune -o -print 2> find: '/nonexistent/.sqlite_history': No such file or directory
2026-09-15 15:55:03 +0100 INF Collecting data for user backup
2026-09-15 15:55:03 +0100 CMD find "/var/backups"/.sqlite_history \( -path "/sys" -o -path "/proc/sys/fs/binfmt_misc" -o -path "/root/uac-3.3.0" -o -path "/root/uac_output/uac-data.tmp" \) -prune -o -print 2> find: '/var/backups/.sqlite_history': No such file or directory
2026-09-15 15:55:03 +0100 INF Collecting data for user bin
2026-09-15 15:55:03 +0100 CMD find "/bin"/.sqlite_history \( -path "/sys" -o -path "/proc/sys/fs/binfmt_misc" -o -path "/root/uac-3.3.0" -o -path "/root/uac_output/uac-data.tmp" \) -prune -o -print 2> find: '/bin/.sqlite_history': No such file or directory
2026-09-15 15:55:03 +0100 INF Collecting data for user daemon
2026-09-15 15:55:03 +0100 CMD find "/usr/sbin"/.sqlite_history \( -path "/sys" -o -path "/proc/sys/fs/binfmt_misc" -o -path "/root/uac-3.3.0" -o -path "/root/uac_output/uac-data.tmp" \) -prune -o -print 2> find: '/usr/sbin/.sqlite_history': No such file or directory
2026-09-15 15:55:03 +0100 INF Collecting data for user games
2026-09-15 15:55:03 +0100 CMD find "/usr/games"/.sqlite_history \( -path "/sys" -o -path "/proc/sys/fs/binfmt_misc" -o -path "/root/uac-3.3.0" -o -path "/root/uac_output/uac-data.tmp" \) -prune -o -print 2> find: '/usr/games/.sqlite_history': No such file or directory
2026-09-15 15:55:03 +0100 INF Collecting data for user irc
2026-09-15 15:55:03 +0100 CMD find "/run/ircd"/.sqlite_history \( -path "/sys" -o -path "/proc/sys/fs/binfmt_misc" -o -path "/root/uac-3.3.0" -o -path "/root/uac_output/uac-data.tmp" \) -prune -o -print 2> find: '/run/ircd/.sqlite_history': No such file or directory
2026-09-15 15:55:03 +0100 INF Collecting data for user list
2026-09-15 15:55:03 +0100 CMD find "/var/list"/.sqlite_history \( -path "/sys" -o -path "/proc/sys/fs/binfmt_misc" -o -path "/root/uac-3.3.0" -o -path "/root/uac_output/uac-data.tmp" \) -prune -o -print 2> find: '/var/list/.sqlite_history': No such file or directory
2026-09-15 15:55:03 +0100 INF Collecting data for user lp
2026-09-15 15:55:03 +0100 CMD find "/var/spool/lpd"/.sqlite_history \( -path "/sys" -o -path "/proc/sys/fs/binfmt_misc" -o -path "/root/uac-3.3.0" -o -path "/root/uac_output/uac-data.tmp" \) -prune -o -print 2> find: '/var/spool/lpd/.sqlite_history': No such file or directory
2026-09-15 15:55:03 +0100 INF Collecting data for user mail
2026-09-15 15:55:03 +0100 CMD find "/var/mail"/.sqlite_history \( -path "/sys" -o -path "/proc/sys/fs/binfmt_misc" -o -path "/root/uac-3.3.0" -o -path "/root/uac_output/uac-data.tmp" \) -prune -o -print 2> find: '/var/mail/.sqlite_history': No such file or directory
2026-09-15 15:55:03 +0100 INF Collecting data for user man
2026-09-15 15:55:03 +0100 CMD find "/var/cache/man"/.sqlite_history \( -path "/sys" -o -path "/proc/sys/fs/binfmt_misc" -o -path "/root/uac-3.3.0" -o -path "/root/uac_output/uac-data.tmp" \) -prune -o -print 2> find: '/var/cache/man/.sqlite_history': No such file or directory
2026-09-15 15:55:03 +0100 INF Collecting data for user messagebus
2026-09-15 15:55:03 +0100 INF Skipping as home directory "/nonexistent"/.sqlite_history has been collected already
2026-09-15 15:55:03 +0100 INF Collecting data for user news
2026-09-15 15:55:03 +0100 CMD find "/var/spool/news"/.sqlite_history \( -path "/sys" -o -path "/proc/sys/fs/binfmt_misc" -o -path "/root/uac-3.3.0" -o -path "/root/uac_output/uac-data.tmp" \) -prune -o -print 2> find: '/var/spool/news/.sqlite_history': No such file or directory
2026-09-15 15:55:03 +0100 INF Collecting data for user nobody
2026-09-15 15:55:03 +0100 INF Skipping as home directory "/nonexistent"/.sqlite_history has been collected already
2026-09-15 15:55:03 +0100 INF Collecting data for user proxy
2026-09-15 15:55:03 +0100 INF Skipping as home directory "/bin"/.sqlite_history has been collected already
2026-09-15 15:55:03 +0100 INF Collecting data for user root
2026-09-15 15:55:03 +0100 INF Skipping as home directory "/root"/.sqlite_history has been collected already
2026-09-15 15:55:03 +0100 INF Collecting data for user sshd
2026-09-15 15:55:03 +0100 CMD find "/run/sshd"/.sqlite_history \( -path "/sys" -o -path "/proc/sys/fs/binfmt_misc" -o -path "/root/uac-3.3.0" -o -path "/root/uac_output/uac-data.tmp" \) -prune -o -print 2> find: '/run/sshd/.sqlite_history': No such file or directory
2026-09-15 15:55:03 +0100 INF Collecting data for user sync
2026-09-15 15:55:03 +0100 INF Skipping as home directory "/bin"/.sqlite_history has been collected already
2026-09-15 15:55:03 +0100 INF Collecting data for user sys
2026-09-15 15:55:04 +0100 CMD find "/dev"/.sqlite_history \( -path "/sys" -o -path "/proc/sys/fs/binfmt_misc" -o -path "/root/uac-3.3.0" -o -path "/root/uac_output/uac-data.tmp" \) -prune -o -print 2> find: '/dev/.sqlite_history': No such file or directory
2026-09-15 15:55:04 +0100 INF Collecting data for user systemd-network
2026-09-15 15:55:04 +0100 CMD find "/"/.sqlite_history \( -path "/sys" -o -path "/proc/sys/fs/binfmt_misc" -o -path "/root/uac-3.3.0" -o -path "/root/uac_output/uac-data.tmp" \) -prune -o -print 2> find: '//.sqlite_history': No such file or directory
2026-09-15 15:55:04 +0100 INF Collecting data for user systemd-timesync
2026-09-15 15:55:04 +0100 INF Skipping as home directory "/"/.sqlite_history has been collected already
2026-09-15 15:55:04 +0100 INF Collecting data for user uucp
2026-09-15 15:55:04 +0100 CMD find "/var/spool/uucp"/.sqlite_history \( -path "/sys" -o -path "/proc/sys/fs/binfmt_misc" -o -path "/root/uac-3.3.0" -o -path "/root/uac_output/uac-data.tmp" \) -prune -o -print 2> find: '/var/spool/uucp/.sqlite_history': No such file or directory
2026-09-15 15:55:04 +0100 INF Collecting data for user www-data
2026-09-15 15:55:04 +0100 CMD find "/var/www"/.sqlite_history \( -path "/sys" -o -path "/proc/sys/fs/binfmt_misc" -o -path "/root/uac-3.3.0" -o -path "/root/uac_output/uac-data.tmp" \) -prune -o -print 2> find: '/var/www/.sqlite_history': No such file or directory
2026-09-15 15:55:04 +0100 INF Parsing files/applications/kde_mru.yaml
2026-09-15 15:55:04 +0100 INF Collecting data for user Tom
2026-09-15 15:55:04 +0100 CMD find "/home/Tom"/.local/share/RecentDocuments \( -path "/sys" -o -path "/proc/sys/fs/binfmt_misc" -o -path "/root/uac-3.3.0" -o -path "/root/uac_output/uac-data.tmp" \) -prune -o -print 2> find: '/home/Tom/.local/share/RecentDocuments': No such file or directory
2026-09-15 15:55:04 +0100 INF Collecting data for user Tom
2026-09-15 15:55:04 +0100 CMD find "/root"/.local/share/RecentDocuments \( -path "/sys" -o -path "/proc/sys/fs/binfmt_misc" -o -path "/root/uac-3.3.0" -o -path "/root/uac_output/uac-data.tmp" \) -prune -o -print 2> find: '/root/.local/share/RecentDocuments': No such file or directory
2026-09-15 15:55:04 +0100 INF Collecting data for user root
2026-09-15 15:55:04 +0100 INF Skipping as home directory "/root"/.local/share/RecentDocuments has been collected already
2026-09-15 15:55:04 +0100 INF Parsing files/applications/viber.yaml
2026-09-15 15:55:04 +0100 INF Collecting data for user Tom
2026-09-15 15:55:04 +0100 CMD find "/home/Tom"/.ViberPC "/home/Tom"/.var/app/com.viber.Viber "/home/Tom"/snap/viber \( -path "/sys" -o -path "/proc/sys/fs/binfmt_misc" -o -path "/root/uac-3.3.0" -o -path "/root/uac_output/uac-data.tmp" \) -prune -o \( -name "config.db*" -o -name "viber.db*" \) -print 2> find: '/home/Tom/.ViberPC': No such file or directory/nfind: '/home/Tom/.var/app/com.viber.Viber': No such file or directory/nfind: '/home/Tom/snap/viber': No such file or directory
2026-09-15 15:55:04 +0100 INF Collecting data for user Tom
2026-09-15 15:55:04 +0100 CMD find "/root"/.ViberPC "/root"/.var/app/com.viber.Viber "/root"/snap/viber \( -path "/sys" -o -path "/proc/sys/fs/binfmt_misc" -o -path "/root/uac-3.3.0" -o -path "/root/uac_output/uac-data.tmp" \) -prune -o \( -name "config.db*" -o -name "viber.db*" \) -print 2> find: '/root/.ViberPC': No such file or directory/nfind: '/root/.var/app/com.viber.Viber': No such file or directory/nfind: '/root/snap/viber': No such file or directory
2026-09-15 15:55:04 +0100 INF Collecting data for user root
2026-09-15 15:55:04 +0100 INF Skipping as home directory "/root"/.ViberPC "/root"/.var/app/com.viber.Viber "/root"/snap/viber has been collected already
2026-09-15 15:55:04 +0100 INF Collecting data for user Tom
2026-09-15 15:55:04 +0100 CMD find "/home/Tom"/.ViberPC "/home/Tom"/.var/app/com.viber.Viber "/home/Tom"/snap/viber \( -path "/sys" -o -path "/proc/sys/fs/binfmt_misc" -o -path "/root/uac-3.3.0" -o -path "/root/uac_output/uac-data.tmp" \) -prune -o -path "*/Avatars/*" -print 2> find: '/home/Tom/.ViberPC': No such file or directory/nfind: '/home/Tom/.var/app/com.viber.Viber': No such file or directory/nfind: '/home/Tom/snap/viber': No such file or directory
2026-09-15 15:55:04 +0100 INF Collecting data for user Tom
2026-09-15 15:55:04 +0100 CMD find "/root"/.ViberPC "/root"/.var/app/com.viber.Viber "/root"/snap/viber \( -path "/sys" -o -path "/proc/sys/fs/binfmt_misc" -o -path "/root/uac-3.3.0" -o -path "/root/uac_output/uac-data.tmp" \) -prune -o -path "*/Avatars/*" -print 2> find: '/root/.ViberPC': No such file or directory/nfind: '/root/.var/app/com.viber.Viber': No such file or directory/nfind: '/root/snap/viber': No such file or directory
2026-09-15 15:55:04 +0100 INF Collecting data for user root
2026-09-15 15:55:04 +0100 INF Skipping as home directory "/root"/.ViberPC "/root"/.var/app/com.viber.Viber "/root"/snap/viber has been collected already
2026-09-15 15:55:04 +0100 INF Collecting data for user Tom
2026-09-15 15:55:04 +0100 CMD find "/home/Tom"/.ViberPC "/home/Tom"/.var/app/com.viber.Viber "/home/Tom"/snap/viber \( -path "/sys" -o -path "/proc/sys/fs/binfmt_misc" -o -path "/root/uac-3.3.0" -o -path "/root/uac_output/uac-data.tmp" \) -prune -o -path "*/Thumbnails/*" -print 2> find: '/home/Tom/.ViberPC': No such file or directory/nfind: '/home/Tom/.var/app/com.viber.Viber': No such file or directory/nfind: '/home/Tom/snap/viber': No such file or directory
2026-09-15 15:55:04 +0100 INF Collecting data for user Tom
2026-09-15 15:55:04 +0100 CMD find "/root"/.ViberPC "/root"/.var/app/com.viber.Viber "/root"/snap/viber \( -path "/sys" -o -path "/proc/sys/fs/binfmt_misc" -o -path "/root/uac-3.3.0" -o -path "/root/uac_output/uac-data.tmp" \) -prune -o -path "*/Thumbnails/*" -print 2> find: '/root/.ViberPC': No such file or directory/nfind: '/root/.var/app/com.viber.Viber': No such file or directory/nfind: '/root/snap/viber': No such file or directory
2026-09-15 15:55:04 +0100 INF Collecting data for user root
2026-09-15 15:55:04 +0100 INF Skipping as home directory "/root"/.ViberPC "/root"/.var/app/com.viber.Viber "/root"/snap/viber has been collected already
2026-09-15 15:55:04 +0100 INF Parsing files/applications/thunderbird.yaml
2026-09-15 15:55:04 +0100 INF Collecting data for user Tom
2026-09-15 15:55:04 +0100 CMD find "/home/Tom"/.thunderbird "/home/Tom"/.var/app/org.mozilla.Thunderbird "/home/Tom"/snap/thunderbird \( -path "/sys" -o -path "/proc/sys/fs/binfmt_misc" -o -path "/root/uac-3.3.0" -o -path "/root/uac_output/uac-data.tmp" \) -prune -o \( -name "*.ini" -o -name "InstallTime*" -o -name "logins.json" -o -name "prefs.js" \) -print 2> find: '/home/Tom/.thunderbird': No such file or directory/nfind: '/home/Tom/.var/app/org.mozilla.Thunderbird': No such file or directory/nfind: '/home/Tom/snap/thunderbird': No such file or directory
2026-09-15 15:55:04 +0100 INF Collecting data for user Tom
2026-09-15 15:55:04 +0100 CMD find "/root"/.thunderbird "/root"/.var/app/org.mozilla.Thunderbird "/root"/snap/thunderbird \( -path "/sys" -o -path "/proc/sys/fs/binfmt_misc" -o -path "/root/uac-3.3.0" -o -path "/root/uac_output/uac-data.tmp" \) -prune -o \( -name "*.ini" -o -name "InstallTime*" -o -name "logins.json" -o -name "prefs.js" \) -print 2> find: '/root/.thunderbird': No such file or directory/nfind: '/root/.var/app/org.mozilla.Thunderbird': No such file or directory/nfind: '/root/snap/thunderbird': No such file or directory
2026-09-15 15:55:04 +0100 INF Collecting data for user root
2026-09-15 15:55:04 +0100 INF Skipping as home directory "/root"/.thunderbird "/root"/.var/app/org.mozilla.Thunderbird "/root"/snap/thunderbird has been collected already
2026-09-15 15:55:04 +0100 INF Collecting data for user Tom
2026-09-15 15:55:04 +0100 CMD find "/home/Tom"/.thunderbird "/home/Tom"/.var/app/org.mozilla.Thunderbird "/home/Tom"/snap/thunderbird \( -path "/sys" -o -path "/proc/sys/fs/binfmt_misc" -o -path "/root/uac-3.3.0" -o -path "/root/uac_output/uac-data.tmp" \) -prune -o \( -name "abook.sqlite*" -o -name "global-messages-db.sqlite*" -o -name "places.sqlite*" \) -print 2> find: '/home/Tom/.thunderbird': No such file or directory/nfind: '/home/Tom/.var/app/org.mozilla.Thunderbird': No such file or directory/nfind: '/home/Tom/snap/thunderbird': No such file or directory
2026-09-15 15:55:04 +0100 INF Collecting data for user Tom
2026-09-15 15:55:04 +0100 CMD find "/root"/.thunderbird "/root"/.var/app/org.mozilla.Thunderbird "/root"/snap/thunderbird \( -path "/sys" -o -path "/proc/sys/fs/binfmt_misc" -o -path "/root/uac-3.3.0" -o -path "/root/uac_output/uac-data.tmp" \) -prune -o \( -name "abook.sqlite*" -o -name "global-messages-db.sqlite*" -o -name "places.sqlite*" \) -print 2> find: '/root/.thunderbird': No such file or directory/nfind: '/root/.var/app/org.mozilla.Thunderbird': No such file or directory/nfind: '/root/snap/thunderbird': No such file or directory
2026-09-15 15:55:04 +0100 INF Collecting data for user root
2026-09-15 15:55:04 +0100 INF Skipping as home directory "/root"/.thunderbird "/root"/.var/app/org.mozilla.Thunderbird "/root"/snap/thunderbird has been collected already
2026-09-15 15:55:04 +0100 INF Collecting data for user Tom
2026-09-15 15:55:04 +0100 CMD find "/home/Tom"/.thunderbird "/home/Tom"/.var/app/org.mozilla.Thunderbird "/home/Tom"/snap/thunderbird \( -path "/sys" -o -path "/proc/sys/fs/binfmt_misc" -o -path "/root/uac-3.3.0" -o -path "/root/uac_output/uac-data.tmp" \) -prune -o \( -path "*/Attachments/*" -o -path "*/ImapMail/*" -o -path "*/Mail/*" \) -print 2> find: '/home/Tom/.thunderbird': No such file or directory/nfind: '/home/Tom/.var/app/org.mozilla.Thunderbird': No such file or directory/nfind: '/home/Tom/snap/thunderbird': No such file or directory
2026-09-15 15:55:04 +0100 INF Collecting data for user Tom
2026-09-15 15:55:05 +0100 CMD find "/root"/.thunderbird "/root"/.var/app/org.mozilla.Thunderbird "/root"/snap/thunderbird \( -path "/sys" -o -path "/proc/sys/fs/binfmt_misc" -o -path "/root/uac-3.3.0" -o -path "/root/uac_output/uac-data.tmp" \) -prune -o \( -path "*/Attachments/*" -o -path "*/ImapMail/*" -o -path "*/Mail/*" \) -print 2> find: '/root/.thunderbird': No such file or directory/nfind: '/root/.var/app/org.mozilla.Thunderbird': No such file or directory/nfind: '/root/snap/thunderbird': No such file or directory
2026-09-15 15:55:05 +0100 INF Collecting data for user root
2026-09-15 15:55:05 +0100 INF Skipping as home directory "/root"/.thunderbird "/root"/.var/app/org.mozilla.Thunderbird "/root"/snap/thunderbird has been collected already
2026-09-15 15:55:05 +0100 INF Parsing files/applications/skype.yaml
2026-09-15 15:55:05 +0100 INF Collecting data for user Tom
2026-09-15 15:55:05 +0100 CMD find "/home/Tom"/.config/skypeforlinux "/home/Tom"/.var/app/com.skype.Client "/home/Tom"/snap/skype \( -path "/sys" -o -path "/proc/sys/fs/binfmt_misc" -o -path "/root/uac-3.3.0" -o -path "/root/uac_output/uac-data.tmp" \) -prune -o -name "*.db*" -print 2> find: '/home/Tom/.config/skypeforlinux': No such file or directory/nfind: '/home/Tom/.var/app/com.skype.Client': No such file or directory/nfind: '/home/Tom/snap/skype': No such file or directory
2026-09-15 15:55:05 +0100 INF Collecting data for user Tom
2026-09-15 15:55:05 +0100 CMD find "/root"/.config/skypeforlinux "/root"/.var/app/com.skype.Client "/root"/snap/skype \( -path "/sys" -o -path "/proc/sys/fs/binfmt_misc" -o -path "/root/uac-3.3.0" -o -path "/root/uac_output/uac-data.tmp" \) -prune -o -name "*.db*" -print 2> find: '/root/.config/skypeforlinux': No such file or directory/nfind: '/root/.var/app/com.skype.Client': No such file or directory/nfind: '/root/snap/skype': No such file or directory
2026-09-15 15:55:05 +0100 INF Collecting data for user root
2026-09-15 15:55:05 +0100 INF Skipping as home directory "/root"/.config/skypeforlinux "/root"/.var/app/com.skype.Client "/root"/snap/skype has been collected already
2026-09-15 15:55:05 +0100 INF Collecting data for user Tom
2026-09-15 15:55:05 +0100 CMD find "/home/Tom"/.config/skypeforlinux "/home/Tom"/.var/app/com.skype.Client "/home/Tom"/snap/skype \( -path "/sys" -o -path "/proc/sys/fs/binfmt_misc" -o -path "/root/uac-3.3.0" -o -path "/root/uac_output/uac-data.tmp" \) -prune -o \( -path "*/Cache/*" -o -path "*/Local Storage/leveldb/*" \) -print 2> find: '/home/Tom/.config/skypeforlinux': No such file or directory/nfind: '/home/Tom/.var/app/com.skype.Client': No such file or directory/nfind: '/home/Tom/snap/skype': No such file or directory
2026-09-15 15:55:05 +0100 INF Collecting data for user Tom
2026-09-15 15:55:05 +0100 CMD find "/root"/.config/skypeforlinux "/root"/.var/app/com.skype.Client "/root"/snap/skype \( -path "/sys" -o -path "/proc/sys/fs/binfmt_misc" -o -path "/root/uac-3.3.0" -o -path "/root/uac_output/uac-data.tmp" \) -prune -o \( -path "*/Cache/*" -o -path "*/Local Storage/leveldb/*" \) -print 2> find: '/root/.config/skypeforlinux': No such file or directory/nfind: '/root/.var/app/com.skype.Client': No such file or directory/nfind: '/root/snap/skype': No such file or directory
2026-09-15 15:55:05 +0100 INF Collecting data for user root
2026-09-15 15:55:05 +0100 INF Skipping as home directory "/root"/.config/skypeforlinux "/root"/.var/app/com.skype.Client "/root"/snap/skype has been collected already
2026-09-15 15:55:05 +0100 INF Parsing files/applications/nano.yaml
2026-09-15 15:55:05 +0100 INF Collecting data for user Tom
2026-09-15 15:55:05 +0100 CMD find "/home/Tom"/.nano_history \( -path "/sys" -o -path "/proc/sys/fs/binfmt_misc" -o -path "/root/uac-3.3.0" -o -path "/root/uac_output/uac-data.tmp" \) -prune -o -print 2> find: '/home/Tom/.nano_history': No such file or directory
2026-09-15 15:55:05 +0100 INF Collecting data for user Tom
2026-09-15 15:55:05 +0100 CMD find "/root"/.nano_history \( -path "/sys" -o -path "/proc/sys/fs/binfmt_misc" -o -path "/root/uac-3.3.0" -o -path "/root/uac_output/uac-data.tmp" \) -prune -o -print 2> find: '/root/.nano_history': No such file or directory
2026-09-15 15:55:05 +0100 INF Collecting data for user _apt
2026-09-15 15:55:05 +0100 CMD find "/nonexistent"/.nano_history \( -path "/sys" -o -path "/proc/sys/fs/binfmt_misc" -o -path "/root/uac-3.3.0" -o -path "/root/uac_output/uac-data.tmp" \) -prune -o -print 2> find: '/nonexistent/.nano_history': No such file or directory
2026-09-15 15:55:05 +0100 INF Collecting data for user backup
2026-09-15 15:55:05 +0100 CMD find "/var/backups"/.nano_history \( -path "/sys" -o -path "/proc/sys/fs/binfmt_misc" -o -path "/root/uac-3.3.0" -o -path "/root/uac_output/uac-data.tmp" \) -prune -o -print 2> find: '/var/backups/.nano_history': No such file or directory
2026-09-15 15:55:05 +0100 INF Collecting data for user bin
2026-09-15 15:55:05 +0100 CMD find "/bin"/.nano_history \( -path "/sys" -o -path "/proc/sys/fs/binfmt_misc" -o -path "/root/uac-3.3.0" -o -path "/root/uac_output/uac-data.tmp" \) -prune -o -print 2> find: '/bin/.nano_history': No such file or directory
2026-09-15 15:55:05 +0100 INF Collecting data for user daemon
2026-09-15 15:55:05 +0100 CMD find "/usr/sbin"/.nano_history \( -path "/sys" -o -path "/proc/sys/fs/binfmt_misc" -o -path "/root/uac-3.3.0" -o -path "/root/uac_output/uac-data.tmp" \) -prune -o -print 2> find: '/usr/sbin/.nano_history': No such file or directory
2026-09-15 15:55:05 +0100 INF Collecting data for user games
2026-09-15 15:55:05 +0100 CMD find "/usr/games"/.nano_history \( -path "/sys" -o -path "/proc/sys/fs/binfmt_misc" -o -path "/root/uac-3.3.0" -o -path "/root/uac_output/uac-data.tmp" \) -prune -o -print 2> find: '/usr/games/.nano_history': No such file or directory
2026-09-15 15:55:05 +0100 INF Collecting data for user irc
2026-09-15 15:55:05 +0100 CMD find "/run/ircd"/.nano_history \( -path "/sys" -o -path "/proc/sys/fs/binfmt_misc" -o -path "/root/uac-3.3.0" -o -path "/root/uac_output/uac-data.tmp" \) -prune -o -print 2> find: '/run/ircd/.nano_history': No such file or directory
2026-09-15 15:55:05 +0100 INF Collecting data for user list
2026-09-15 15:55:05 +0100 CMD find "/var/list"/.nano_history \( -path "/sys" -o -path "/proc/sys/fs/binfmt_misc" -o -path "/root/uac-3.3.0" -o -path "/root/uac_output/uac-data.tmp" \) -prune -o -print 2> find: '/var/list/.nano_history': No such file or directory
2026-09-15 15:55:05 +0100 INF Collecting data for user lp
2026-09-15 15:55:05 +0100 CMD find "/var/spool/lpd"/.nano_history \( -path "/sys" -o -path "/proc/sys/fs/binfmt_misc" -o -path "/root/uac-3.3.0" -o -path "/root/uac_output/uac-data.tmp" \) -prune -o -print 2> find: '/var/spool/lpd/.nano_history': No such file or directory
2026-09-15 15:55:05 +0100 INF Collecting data for user mail
2026-09-15 15:55:05 +0100 CMD find "/var/mail"/.nano_history \( -path "/sys" -o -path "/proc/sys/fs/binfmt_misc" -o -path "/root/uac-3.3.0" -o -path "/root/uac_output/uac-data.tmp" \) -prune -o -print 2> find: '/var/mail/.nano_history': No such file or directory
2026-09-15 15:55:05 +0100 INF Collecting data for user man
2026-09-15 15:55:05 +0100 CMD find "/var/cache/man"/.nano_history \( -path "/sys" -o -path "/proc/sys/fs/binfmt_misc" -o -path "/root/uac-3.3.0" -o -path "/root/uac_output/uac-data.tmp" \) -prune -o -print 2> find: '/var/cache/man/.nano_history': No such file or directory
2026-09-15 15:55:05 +0100 INF Collecting data for user messagebus
2026-09-15 15:55:05 +0100 INF Skipping as home directory "/nonexistent"/.nano_history has been collected already
2026-09-15 15:55:05 +0100 INF Collecting data for user news
2026-09-15 15:55:05 +0100 CMD find "/var/spool/news"/.nano_history \( -path "/sys" -o -path "/proc/sys/fs/binfmt_misc" -o -path "/root/uac-3.3.0" -o -path "/root/uac_output/uac-data.tmp" \) -prune -o -print 2> find: '/var/spool/news/.nano_history': No such file or directory
2026-09-15 15:55:05 +0100 INF Collecting data for user nobody
2026-09-15 15:55:05 +0100 INF Skipping as home directory "/nonexistent"/.nano_history has been collected already
2026-09-15 15:55:05 +0100 INF Collecting data for user proxy
2026-09-15 15:55:05 +0100 INF Skipping as home directory "/bin"/.nano_history has been collected already
2026-09-15 15:55:05 +0100 INF Collecting data for user root
2026-09-15 15:55:05 +0100 INF Skipping as home directory "/root"/.nano_history has been collected already
2026-09-15 15:55:05 +0100 INF Collecting data for user sshd
2026-09-15 15:55:05 +0100 CMD find "/run/sshd"/.nano_history \( -path "/sys" -o -path "/proc/sys/fs/binfmt_misc" -o -path "/root/uac-3.3.0" -o -path "/root/uac_output/uac-data.tmp" \) -prune -o -print 2> find: '/run/sshd/.nano_history': No such file or directory
2026-09-15 15:55:05 +0100 INF Collecting data for user sync
2026-09-15 15:55:05 +0100 INF Skipping as home directory "/bin"/.nano_history has been collected already
2026-09-15 15:55:05 +0100 INF Collecting data for user sys
2026-09-15 15:55:06 +0100 CMD find "/dev"/.nano_history \( -path "/sys" -o -path "/proc/sys/fs/binfmt_misc" -o -path "/root/uac-3.3.0" -o -path "/root/uac_output/uac-data.tmp" \) -prune -o -print 2> find: '/dev/.nano_history': No such file or directory
2026-09-15 15:55:06 +0100 INF Collecting data for user systemd-network
2026-09-15 15:55:06 +0100 CMD find "/"/.nano_history \( -path "/sys" -o -path "/proc/sys/fs/binfmt_misc" -o -path "/root/uac-3.3.0" -o -path "/root/uac_output/uac-data.tmp" \) -prune -o -print 2> find: '//.nano_history': No such file or directory
2026-09-15 15:55:06 +0100 INF Collecting data for user systemd-timesync
2026-09-15 15:55:06 +0100 INF Skipping as home directory "/"/.nano_history has been collected already
2026-09-15 15:55:06 +0100 INF Collecting data for user uucp
2026-09-15 15:55:06 +0100 CMD find "/var/spool/uucp"/.nano_history \( -path "/sys" -o -path "/proc/sys/fs/binfmt_misc" -o -path "/root/uac-3.3.0" -o -path "/root/uac_output/uac-data.tmp" \) -prune -o -print 2> find: '/var/spool/uucp/.nano_history': No such file or directory
2026-09-15 15:55:06 +0100 INF Collecting data for user www-data
2026-09-15 15:55:06 +0100 CMD find "/var/www"/.nano_history \( -path "/sys" -o -path "/proc/sys/fs/binfmt_misc" -o -path "/root/uac-3.3.0" -o -path "/root/uac_output/uac-data.tmp" \) -prune -o -print 2> find: '/var/www/.nano_history': No such file or directory
2026-09-15 15:55:06 +0100 INF Collecting data for user Tom
2026-09-15 15:55:06 +0100 CMD find "/home/Tom"/.nanorc \( -path "/sys" -o -path "/proc/sys/fs/binfmt_misc" -o -path "/root/uac-3.3.0" -o -path "/root/uac_output/uac-data.tmp" \) -prune -o -print 2> find: '/home/Tom/.nanorc': No such file or directory
2026-09-15 15:55:06 +0100 INF Collecting data for user Tom
2026-09-15 15:55:06 +0100 CMD find "/root"/.nanorc \( -path "/sys" -o -path "/proc/sys/fs/binfmt_misc" -o -path "/root/uac-3.3.0" -o -path "/root/uac_output/uac-data.tmp" \) -prune -o -print 2> find: '/root/.nanorc': No such file or directory
2026-09-15 15:55:06 +0100 INF Collecting data for user _apt
2026-09-15 15:55:06 +0100 CMD find "/nonexistent"/.nanorc \( -path "/sys" -o -path "/proc/sys/fs/binfmt_misc" -o -path "/root/uac-3.3.0" -o -path "/root/uac_output/uac-data.tmp" \) -prune -o -print 2> find: '/nonexistent/.nanorc': No such file or directory
2026-09-15 15:55:06 +0100 INF Collecting data for user backup
2026-09-15 15:55:06 +0100 CMD find "/var/backups"/.nanorc \( -path "/sys" -o -path "/proc/sys/fs/binfmt_misc" -o -path "/root/uac-3.3.0" -o -path "/root/uac_output/uac-data.tmp" \) -prune -o -print 2> find: '/var/backups/.nanorc': No such file or directory
2026-09-15 15:55:06 +0100 INF Collecting data for user bin
2026-09-15 15:55:06 +0100 CMD find "/bin"/.nanorc \( -path "/sys" -o -path "/proc/sys/fs/binfmt_misc" -o -path "/root/uac-3.3.0" -o -path "/root/uac_output/uac-data.tmp" \) -prune -o -print 2> find: '/bin/.nanorc': No such file or directory
2026-09-15 15:55:06 +0100 INF Collecting data for user daemon
2026-09-15 15:55:06 +0100 CMD find "/usr/sbin"/.nanorc \( -path "/sys" -o -path "/proc/sys/fs/binfmt_misc" -o -path "/root/uac-3.3.0" -o -path "/root/uac_output/uac-data.tmp" \) -prune -o -print 2> find: '/usr/sbin/.nanorc': No such file or directory
2026-09-15 15:55:06 +0100 INF Collecting data for user games
2026-09-15 15:55:06 +0100 CMD find "/usr/games"/.nanorc \( -path "/sys" -o -path "/proc/sys/fs/binfmt_misc" -o -path "/root/uac-3.3.0" -o -path "/root/uac_output/uac-data.tmp" \) -prune -o -print 2> find: '/usr/games/.nanorc': No such file or directory
2026-09-15 15:55:06 +0100 INF Collecting data for user irc
2026-09-15 15:55:06 +0100 CMD find "/run/ircd"/.nanorc \( -path "/sys" -o -path "/proc/sys/fs/binfmt_misc" -o -path "/root/uac-3.3.0" -o -path "/root/uac_output/uac-data.tmp" \) -prune -o -print 2> find: '/run/ircd/.nanorc': No such file or directory
2026-09-15 15:55:06 +0100 INF Collecting data for user list
2026-09-15 15:55:06 +0100 CMD find "/var/list"/.nanorc \( -path "/sys" -o -path "/proc/sys/fs/binfmt_misc" -o -path "/root/uac-3.3.0" -o -path "/root/uac_output/uac-data.tmp" \) -prune -o -print 2> find: '/var/list/.nanorc': No such file or directory
2026-09-15 15:55:06 +0100 INF Collecting data for user lp
2026-09-15 15:55:06 +0100 CMD find "/var/spool/lpd"/.nanorc \( -path "/sys" -o -path "/proc/sys/fs/binfmt_misc" -o -path "/root/uac-3.3.0" -o -path "/root/uac_output/uac-data.tmp" \) -prune -o -print 2> find: '/var/spool/lpd/.nanorc': No such file or directory
2026-09-15 15:55:06 +0100 INF Collecting data for user mail
2026-09-15 15:55:06 +0100 CMD find "/var/mail"/.nanorc \( -path "/sys" -o -path "/proc/sys/fs/binfmt_misc" -o -path "/root/uac-3.3.0" -o -path "/root/uac_output/uac-data.tmp" \) -prune -o -print 2> find: '/var/mail/.nanorc': No such file or directory
2026-09-15 15:55:06 +0100 INF Collecting data for user man
2026-09-15 15:55:06 +0100 CMD find "/var/cache/man"/.nanorc \( -path "/sys" -o -path "/proc/sys/fs/binfmt_misc" -o -path "/root/uac-3.3.0" -o -path "/root/uac_output/uac-data.tmp" \) -prune -o -print 2> find: '/var/cache/man/.nanorc': No such file or directory
2026-09-15 15:55:06 +0100 INF Collecting data for user messagebus
2026-09-15 15:55:06 +0100 INF Skipping as home directory "/nonexistent"/.nanorc has been collected already
2026-09-15 15:55:06 +0100 INF Collecting data for user news
2026-09-15 15:55:06 +0100 CMD find "/var/spool/news"/.nanorc \( -path "/sys" -o -path "/proc/sys/fs/binfmt_misc" -o -path "/root/uac-3.3.0" -o -path "/root/uac_output/uac-data.tmp" \) -prune -o -print 2> find: '/var/spool/news/.nanorc': No such file or directory
2026-09-15 15:55:06 +0100 INF Collecting data for user nobody
2026-09-15 15:55:06 +0100 INF Skipping as home directory "/nonexistent"/.nanorc has been collected already
2026-09-15 15:55:06 +0100 INF Collecting data for user proxy
2026-09-15 15:55:06 +0100 INF Skipping as home directory "/bin"/.nanorc has been collected already
2026-09-15 15:55:06 +0100 INF Collecting data for user root
2026-09-15 15:55:06 +0100 INF Skipping as home directory "/root"/.nanorc has been collected already
2026-09-15 15:55:06 +0100 INF Collecting data for user sshd
2026-09-15 15:55:06 +0100 CMD find "/run/sshd"/.nanorc \( -path "/sys" -o -path "/proc/sys/fs/binfmt_misc" -o -path "/root/uac-3.3.0" -o -path "/root/uac_output/uac-data.tmp" \) -prune -o -print 2> find: '/run/sshd/.nanorc': No such file or directory
2026-09-15 15:55:06 +0100 INF Collecting data for user sync
2026-09-15 15:55:06 +0100 INF Skipping as home directory "/bin"/.nanorc has been collected already
2026-09-15 15:55:06 +0100 INF Collecting data for user sys
2026-09-15 15:55:06 +0100 CMD find "/dev"/.nanorc \( -path "/sys" -o -path "/proc/sys/fs/binfmt_misc" -o -path "/root/uac-3.3.0" -o -path "/root/uac_output/uac-data.tmp" \) -prune -o -print 2> find: '/dev/.nanorc': No such file or directory
2026-09-15 15:55:06 +0100 INF Collecting data for user systemd-network
2026-09-15 15:55:06 +0100 CMD find "/"/.nanorc \( -path "/sys" -o -path "/proc/sys/fs/binfmt_misc" -o -path "/root/uac-3.3.0" -o -path "/root/uac_output/uac-data.tmp" \) -prune -o -print 2> find: '//.nanorc': No such file or directory
2026-09-15 15:55:06 +0100 INF Collecting data for user systemd-timesync
2026-09-15 15:55:06 +0100 INF Skipping as home directory "/"/.nanorc has been collected already
2026-09-15 15:55:06 +0100 INF Collecting data for user uucp
2026-09-15 15:55:06 +0100 CMD find "/var/spool/uucp"/.nanorc \( -path "/sys" -o -path "/proc/sys/fs/binfmt_misc" -o -path "/root/uac-3.3.0" -o -path "/root/uac_output/uac-data.tmp" \) -prune -o -print 2> find: '/var/spool/uucp/.nanorc': No such file or directory
2026-09-15 15:55:06 +0100 INF Collecting data for user www-data
2026-09-15 15:55:06 +0100 CMD find "/var/www"/.nanorc \( -path "/sys" -o -path "/proc/sys/fs/binfmt_misc" -o -path "/root/uac-3.3.0" -o -path "/root/uac_output/uac-data.tmp" \) -prune -o -print 2> find: '/var/www/.nanorc': No such file or directory
2026-09-15 15:55:06 +0100 INF Parsing files/applications/thinlinc.yaml
2026-09-15 15:55:06 +0100 INF Collecting data for user Tom
2026-09-15 15:55:06 +0100 CMD find "/home/Tom"/.thinlinc \( -path "/sys" -o -path "/proc/sys/fs/binfmt_misc" -o -path "/root/uac-3.3.0" -o -path "/root/uac_output/uac-data.tmp" \) -prune -o -print 2> find: '/home/Tom/.thinlinc': No such file or directory
2026-09-15 15:55:06 +0100 INF Collecting data for user Tom
2026-09-15 15:55:07 +0100 CMD find "/root"/.thinlinc \( -path "/sys" -o -path "/proc/sys/fs/binfmt_misc" -o -path "/root/uac-3.3.0" -o -path "/root/uac_output/uac-data.tmp" \) -prune -o -print 2> find: '/root/.thinlinc': No such file or directory
2026-09-15 15:55:07 +0100 INF Collecting data for user root
2026-09-15 15:55:07 +0100 INF Skipping as home directory "/root"/.thinlinc has been collected already
2026-09-15 15:55:07 +0100 CMD find /var/log \( -path "/sys" -o -path "/proc/sys/fs/binfmt_misc" -o -path "/root/uac-3.3.0" -o -path "/root/uac_output/uac-data.tmp" \) -prune -o \( -name "tlwebaccess.log" -o -name "tlwebadm.log" -o -name "vsmagent.log" -o -name "vsmserver.log" \) -print
2026-09-15 15:55:07 +0100 CMD find /opt/thinlinc/etc \( -path "/sys" -o -path "/proc/sys/fs/binfmt_misc" -o -path "/root/uac-3.3.0" -o -path "/root/uac_output/uac-data.tmp" \) -prune -o -print 2> find: '/opt/thinlinc/etc': No such file or directory
2026-09-15 15:55:07 +0100 CMD find /var/opt/thinlinc/sessions \( -path "/sys" -o -path "/proc/sys/fs/binfmt_misc" -o -path "/root/uac-3.3.0" -o -path "/root/uac_output/uac-data.tmp" \) -prune -o -print 2> find: '/var/opt/thinlinc/sessions': No such file or directory
2026-09-15 15:55:07 +0100 INF Parsing files/applications/gnome_text_editor.yaml
2026-09-15 15:55:07 +0100 INF Collecting data for user Tom
2026-09-15 15:55:07 +0100 CMD find "/home/Tom"/.local/share \( -path "/sys" -o -path "/proc/sys/fs/binfmt_misc" -o -path "/root/uac-3.3.0" -o -path "/root/uac_output/uac-data.tmp" \) -prune -o -name "session.gvariant" -print
2026-09-15 15:55:07 +0100 INF Collecting data for user Tom
2026-09-15 15:55:07 +0100 CMD find "/root"/.local/share \( -path "/sys" -o -path "/proc/sys/fs/binfmt_misc" -o -path "/root/uac-3.3.0" -o -path "/root/uac_output/uac-data.tmp" \) -prune -o -name "session.gvariant" -print
2026-09-15 15:55:07 +0100 INF Collecting data for user root
2026-09-15 15:55:07 +0100 INF Skipping as home directory "/root"/.local/share has been collected already
2026-09-15 15:55:07 +0100 INF Collecting data for user Tom
2026-09-15 15:55:07 +0100 CMD find "/home/Tom"/.var/app "/home/Tom"/snap \( -path "/sys" -o -path "/proc/sys/fs/binfmt_misc" -o -path "/root/uac-3.3.0" -o -path "/root/uac_output/uac-data.tmp" \) -prune -o -name "session.gvariant" -print 2> find: '/home/Tom/.var/app': No such file or directory/nfind: '/home/Tom/snap': No such file or directory
2026-09-15 15:55:07 +0100 INF Collecting data for user Tom
2026-09-15 15:55:07 +0100 CMD find "/root"/.var/app "/root"/snap \( -path "/sys" -o -path "/proc/sys/fs/binfmt_misc" -o -path "/root/uac-3.3.0" -o -path "/root/uac_output/uac-data.tmp" \) -prune -o -name "session.gvariant" -print 2> find: '/root/.var/app': No such file or directory/nfind: '/root/snap': No such file or directory
2026-09-15 15:55:07 +0100 INF Collecting data for user root
2026-09-15 15:55:07 +0100 INF Skipping as home directory "/root"/.var/app "/root"/snap has been collected already
2026-09-15 15:55:07 +0100 INF Parsing files/applications/katesession.yaml
2026-09-15 15:55:07 +0100 INF Collecting data for user Tom
2026-09-15 15:55:07 +0100 CMD find "/home/Tom"/.local/share \( -path "/sys" -o -path "/proc/sys/fs/binfmt_misc" -o -path "/root/uac-3.3.0" -o -path "/root/uac_output/uac-data.tmp" \) -prune -o -name "anonymous.katesession" -print
2026-09-15 15:55:07 +0100 INF Collecting data for user Tom
2026-09-15 15:55:07 +0100 CMD find "/root"/.local/share \( -path "/sys" -o -path "/proc/sys/fs/binfmt_misc" -o -path "/root/uac-3.3.0" -o -path "/root/uac_output/uac-data.tmp" \) -prune -o -name "anonymous.katesession" -print
2026-09-15 15:55:07 +0100 INF Collecting data for user root
2026-09-15 15:55:07 +0100 INF Skipping as home directory "/root"/.local/share has been collected already
2026-09-15 15:55:07 +0100 INF Collecting data for user Tom
2026-09-15 15:55:07 +0100 CMD find "/home/Tom"/.var/app "/home/Tom"/snap \( -path "/sys" -o -path "/proc/sys/fs/binfmt_misc" -o -path "/root/uac-3.3.0" -o -path "/root/uac_output/uac-data.tmp" \) -prune -o -name "anonymous.katesession" -print 2> find: '/home/Tom/.var/app': No such file or directory/nfind: '/home/Tom/snap': No such file or directory
2026-09-15 15:55:07 +0100 INF Collecting data for user Tom
2026-09-15 15:55:07 +0100 CMD find "/root"/.var/app "/root"/snap \( -path "/sys" -o -path "/proc/sys/fs/binfmt_misc" -o -path "/root/uac-3.3.0" -o -path "/root/uac_output/uac-data.tmp" \) -prune -o -name "anonymous.katesession" -print 2> find: '/root/.var/app': No such file or directory/nfind: '/root/snap': No such file or directory
2026-09-15 15:55:07 +0100 INF Collecting data for user root
2026-09-15 15:55:07 +0100 INF Skipping as home directory "/root"/.var/app "/root"/snap has been collected already
2026-09-15 15:55:07 +0100 INF Parsing files/applications/steam.yaml
2026-09-15 15:55:07 +0100 INF Collecting data for user Tom
2026-09-15 15:55:07 +0100 CMD find "/home/Tom"/.local/share/Steam/appcache/librarycache \( -path "/sys" -o -path "/proc/sys/fs/binfmt_misc" -o -path "/root/uac-3.3.0" -o -path "/root/uac_output/uac-data.tmp" \) -prune -o -print 2> find: '/home/Tom/.local/share/Steam/appcache/librarycache': No such file or directory
2026-09-15 15:55:07 +0100 INF Collecting data for user Tom
2026-09-15 15:55:07 +0100 CMD find "/root"/.local/share/Steam/appcache/librarycache \( -path "/sys" -o -path "/proc/sys/fs/binfmt_misc" -o -path "/root/uac-3.3.0" -o -path "/root/uac_output/uac-data.tmp" \) -prune -o -print 2> find: '/root/.local/share/Steam/appcache/librarycache': No such file or directory
2026-09-15 15:55:07 +0100 INF Collecting data for user root
2026-09-15 15:55:07 +0100 INF Skipping as home directory "/root"/.local/share/Steam/appcache/librarycache has been collected already
2026-09-15 15:55:07 +0100 INF Collecting data for user Tom
2026-09-15 15:55:07 +0100 CMD find "/home/Tom"/.steam "/home/Tom"/.local/share/Steam \( -path "/sys" -o -path "/proc/sys/fs/binfmt_misc" -o -path "/root/uac-3.3.0" -o -path "/root/uac_output/uac-data.tmp" \) -prune -o -name "*.vdf" -print 2> find: '/home/Tom/.steam': No such file or directory/nfind: '/home/Tom/.local/share/Steam': No such file or directory
2026-09-15 15:55:07 +0100 INF Collecting data for user Tom
2026-09-15 15:55:07 +0100 CMD find "/root"/.steam "/root"/.local/share/Steam \( -path "/sys" -o -path "/proc/sys/fs/binfmt_misc" -o -path "/root/uac-3.3.0" -o -path "/root/uac_output/uac-data.tmp" \) -prune -o -name "*.vdf" -print 2> find: '/root/.steam': No such file or directory/nfind: '/root/.local/share/Steam': No such file or directory
2026-09-15 15:55:07 +0100 INF Collecting data for user root
2026-09-15 15:55:07 +0100 INF Skipping as home directory "/root"/.steam "/root"/.local/share/Steam has been collected already
2026-09-15 15:55:07 +0100 INF Collecting data for user Tom
2026-09-15 15:55:07 +0100 CMD find "/home/Tom"/.local/share/Steam/config/avatarcache \( -path "/sys" -o -path "/proc/sys/fs/binfmt_misc" -o -path "/root/uac-3.3.0" -o -path "/root/uac_output/uac-data.tmp" \) -prune -o -print 2> find: '/home/Tom/.local/share/Steam/config/avatarcache': No such file or directory
2026-09-15 15:55:07 +0100 INF Collecting data for user Tom
2026-09-15 15:55:07 +0100 CMD find "/root"/.local/share/Steam/config/avatarcache \( -path "/sys" -o -path "/proc/sys/fs/binfmt_misc" -o -path "/root/uac-3.3.0" -o -path "/root/uac_output/uac-data.tmp" \) -prune -o -print 2> find: '/root/.local/share/Steam/config/avatarcache': No such file or directory
2026-09-15 15:55:07 +0100 INF Collecting data for user root
2026-09-15 15:55:07 +0100 INF Skipping as home directory "/root"/.local/share/Steam/config/avatarcache has been collected already
2026-09-15 15:55:07 +0100 INF Collecting data for user Tom
2026-09-15 15:55:07 +0100 CMD find "/home/Tom"/.local/share/Steam/steam/games \( -path "/sys" -o -path "/proc/sys/fs/binfmt_misc" -o -path "/root/uac-3.3.0" -o -path "/root/uac_output/uac-data.tmp" \) -prune -o -print 2> find: '/home/Tom/.local/share/Steam/steam/games': No such file or directory
2026-09-15 15:55:07 +0100 INF Collecting data for user Tom
2026-09-15 15:55:08 +0100 CMD find "/root"/.local/share/Steam/steam/games \( -path "/sys" -o -path "/proc/sys/fs/binfmt_misc" -o -path "/root/uac-3.3.0" -o -path "/root/uac_output/uac-data.tmp" \) -prune -o -print 2> find: '/root/.local/share/Steam/steam/games': No such file or directory
2026-09-15 15:55:08 +0100 INF Collecting data for user root
2026-09-15 15:55:08 +0100 INF Skipping as home directory "/root"/.local/share/Steam/steam/games has been collected already
2026-09-15 15:55:08 +0100 INF Collecting data for user Tom
2026-09-15 15:55:08 +0100 CMD find "/home/Tom"/.local/share/Steam/logs \( -path "/sys" -o -path "/proc/sys/fs/binfmt_misc" -o -path "/root/uac-3.3.0" -o -path "/root/uac_output/uac-data.tmp" \) -prune -o -print 2> find: '/home/Tom/.local/share/Steam/logs': No such file or directory
2026-09-15 15:55:08 +0100 INF Collecting data for user Tom
2026-09-15 15:55:08 +0100 CMD find "/root"/.local/share/Steam/logs \( -path "/sys" -o -path "/proc/sys/fs/binfmt_misc" -o -path "/root/uac-3.3.0" -o -path "/root/uac_output/uac-data.tmp" \) -prune -o -print 2> find: '/root/.local/share/Steam/logs': No such file or directory
2026-09-15 15:55:08 +0100 INF Collecting data for user root
2026-09-15 15:55:08 +0100 INF Skipping as home directory "/root"/.local/share/Steam/logs has been collected already
2026-09-15 15:55:08 +0100 INF Collecting data for user Tom
2026-09-15 15:55:08 +0100 CMD find "/home/Tom"/.local/share/Steam/config/htmlcache \( -path "/sys" -o -path "/proc/sys/fs/binfmt_misc" -o -path "/root/uac-3.3.0" -o -path "/root/uac_output/uac-data.tmp" \) -prune -o \( -name "Bookmarks*" -o -name "Cookies*" -o -name "DownloadMetadata" -o -name "Extension Cookies*" -o -name "Favicons*" -o -name "History*" -o -name "Login Data*" -o -name "Media History*" -o -name "Network Action Predictor*" -o -name "Network Persistent State" -o -name "Preferences" -o -name "QuotaManager*" -o -name "Reporting and NEL*" -o -name "SecurePreferences" -o -name "Shortcuts*" -o -name "SyncData.sqlite3" -o -name "Top Sites*" -o -name "Trust Tokens*" -o -name "Visited Links" -o -name "Web Data*" \) -print 2> find: '/home/Tom/.local/share/Steam/config/htmlcache': No such file or directory
2026-09-15 15:55:08 +0100 INF Collecting data for user Tom
2026-09-15 15:55:08 +0100 CMD find "/root"/.local/share/Steam/config/htmlcache \( -path "/sys" -o -path "/proc/sys/fs/binfmt_misc" -o -path "/root/uac-3.3.0" -o -path "/root/uac_output/uac-data.tmp" \) -prune -o \( -name "Bookmarks*" -o -name "Cookies*" -o -name "DownloadMetadata" -o -name "Extension Cookies*" -o -name "Favicons*" -o -name "History*" -o -name "Login Data*" -o -name "Media History*" -o -name "Network Action Predictor*" -o -name "Network Persistent State" -o -name "Preferences" -o -name "QuotaManager*" -o -name "Reporting and NEL*" -o -name "SecurePreferences" -o -name "Shortcuts*" -o -name "SyncData.sqlite3" -o -name "Top Sites*" -o -name "Trust Tokens*" -o -name "Visited Links" -o -name "Web Data*" \) -print 2> find: '/root/.local/share/Steam/config/htmlcache': No such file or directory
2026-09-15 15:55:08 +0100 INF Collecting data for user root
2026-09-15 15:55:08 +0100 INF Skipping as home directory "/root"/.local/share/Steam/config/htmlcache has been collected already
2026-09-15 15:55:08 +0100 INF Collecting data for user Tom
2026-09-15 15:55:08 +0100 CMD find "/home/Tom"/.local/share/Steam/config/htmlcache \( -path "/sys" -o -path "/proc/sys/fs/binfmt_misc" -o -path "/root/uac-3.3.0" -o -path "/root/uac_output/uac-data.tmp" \) -prune -o \( -name "Extensions" -o -name "File System" -o -name "Sessions" \) -type d -print 2> find: '/home/Tom/.local/share/Steam/config/htmlcache': No such file or directory
2026-09-15 15:55:08 +0100 INF Collecting data for user Tom
2026-09-15 15:55:08 +0100 CMD find "/root"/.local/share/Steam/config/htmlcache \( -path "/sys" -o -path "/proc/sys/fs/binfmt_misc" -o -path "/root/uac-3.3.0" -o -path "/root/uac_output/uac-data.tmp" \) -prune -o \( -name "Extensions" -o -name "File System" -o -name "Sessions" \) -type d -print 2> find: '/root/.local/share/Steam/config/htmlcache': No such file or directory
2026-09-15 15:55:08 +0100 INF Collecting data for user root
2026-09-15 15:55:08 +0100 INF Skipping as home directory "/root"/.local/share/Steam/config/htmlcache has been collected already
2026-09-15 15:55:08 +0100 INF Parsing files/applications/signal.yaml
2026-09-15 15:55:08 +0100 INF Collecting data for user Tom
2026-09-15 15:55:08 +0100 CMD find "/home/Tom"/.config/Signal "/home/Tom"/.var/app/org.signal.Signal "/home/Tom"/snap/signal-desktop \( -path "/sys" -o -path "/proc/sys/fs/binfmt_misc" -o -path "/root/uac-3.3.0" -o -path "/root/uac_output/uac-data.tmp" \) -prune -o -path "*/Cache/*" -print 2> find: '/home/Tom/.config/Signal': No such file or directory/nfind: '/home/Tom/.var/app/org.signal.Signal': No such file or directory/nfind: '/home/Tom/snap/signal-desktop': No such file or directory
2026-09-15 15:55:08 +0100 INF Collecting data for user Tom
2026-09-15 15:55:08 +0100 CMD find "/root"/.config/Signal "/root"/.var/app/org.signal.Signal "/root"/snap/signal-desktop \( -path "/sys" -o -path "/proc/sys/fs/binfmt_misc" -o -path "/root/uac-3.3.0" -o -path "/root/uac_output/uac-data.tmp" \) -prune -o -path "*/Cache/*" -print 2> find: '/root/.config/Signal': No such file or directory/nfind: '/root/.var/app/org.signal.Signal': No such file or directory/nfind: '/root/snap/signal-desktop': No such file or directory
2026-09-15 15:55:08 +0100 INF Collecting data for user root
2026-09-15 15:55:08 +0100 INF Skipping as home directory "/root"/.config/Signal "/root"/.var/app/org.signal.Signal "/root"/snap/signal-desktop has been collected already
2026-09-15 15:55:08 +0100 INF Collecting data for user Tom
2026-09-15 15:55:08 +0100 CMD find "/home/Tom"/.config/Signal "/home/Tom"/.var/app/org.signal.Signal "/home/Tom"/snap/signal-desktop \( -path "/sys" -o -path "/proc/sys/fs/binfmt_misc" -o -path "/root/uac-3.3.0" -o -path "/root/uac_output/uac-data.tmp" \) -prune -o -path "*/attachments.noindex/*" -print 2> find: '/home/Tom/.config/Signal': No such file or directory/nfind: '/home/Tom/.var/app/org.signal.Signal': No such file or directory/nfind: '/home/Tom/snap/signal-desktop': No such file or directory
2026-09-15 15:55:08 +0100 INF Collecting data for user Tom
2026-09-15 15:55:08 +0100 CMD find "/root"/.config/Signal "/root"/.var/app/org.signal.Signal "/root"/snap/signal-desktop \( -path "/sys" -o -path "/proc/sys/fs/binfmt_misc" -o -path "/root/uac-3.3.0" -o -path "/root/uac_output/uac-data.tmp" \) -prune -o -path "*/attachments.noindex/*" -print 2> find: '/root/.config/Signal': No such file or directory/nfind: '/root/.var/app/org.signal.Signal': No such file or directory/nfind: '/root/snap/signal-desktop': No such file or directory
2026-09-15 15:55:08 +0100 INF Collecting data for user root
2026-09-15 15:55:08 +0100 INF Skipping as home directory "/root"/.config/Signal "/root"/.var/app/org.signal.Signal "/root"/snap/signal-desktop has been collected already
2026-09-15 15:55:08 +0100 INF Collecting data for user Tom
2026-09-15 15:55:08 +0100 CMD find "/home/Tom"/.config/Signal "/home/Tom"/.var/app/org.signal.Signal "/home/Tom"/snap/signal-desktop \( -path "/sys" -o -path "/proc/sys/fs/binfmt_misc" -o -path "/root/uac-3.3.0" -o -path "/root/uac_output/uac-data.tmp" \) -prune -o -path "*/logs/*" -print 2> find: '/home/Tom/.config/Signal': No such file or directory/nfind: '/home/Tom/.var/app/org.signal.Signal': No such file or directory/nfind: '/home/Tom/snap/signal-desktop': No such file or directory
2026-09-15 15:55:08 +0100 INF Collecting data for user Tom
2026-09-15 15:55:08 +0100 CMD find "/root"/.config/Signal "/root"/.var/app/org.signal.Signal "/root"/snap/signal-desktop \( -path "/sys" -o -path "/proc/sys/fs/binfmt_misc" -o -path "/root/uac-3.3.0" -o -path "/root/uac_output/uac-data.tmp" \) -prune -o -path "*/logs/*" -print 2> find: '/root/.config/Signal': No such file or directory/nfind: '/root/.var/app/org.signal.Signal': No such file or directory/nfind: '/root/snap/signal-desktop': No such file or directory
2026-09-15 15:55:08 +0100 INF Collecting data for user root
2026-09-15 15:55:08 +0100 INF Skipping as home directory "/root"/.config/Signal "/root"/.var/app/org.signal.Signal "/root"/snap/signal-desktop has been collected already
2026-09-15 15:55:08 +0100 INF Collecting data for user Tom
2026-09-15 15:55:08 +0100 CMD find "/home/Tom"/.config/Signal "/home/Tom"/.var/app/org.signal.Signal "/home/Tom"/snap/signal-desktop \( -path "/sys" -o -path "/proc/sys/fs/binfmt_misc" -o -path "/root/uac-3.3.0" -o -path "/root/uac_output/uac-data.tmp" \) -prune -o -name "config.json" -print 2> find: '/home/Tom/.config/Signal': No such file or directory/nfind: '/home/Tom/.var/app/org.signal.Signal': No such file or directory/nfind: '/home/Tom/snap/signal-desktop': No such file or directory
2026-09-15 15:55:08 +0100 INF Collecting data for user Tom
2026-09-15 15:55:08 +0100 CMD find "/root"/.config/Signal "/root"/.var/app/org.signal.Signal "/root"/snap/signal-desktop \( -path "/sys" -o -path "/proc/sys/fs/binfmt_misc" -o -path "/root/uac-3.3.0" -o -path "/root/uac_output/uac-data.tmp" \) -prune -o -name "config.json" -print 2> find: '/root/.config/Signal': No such file or directory/nfind: '/root/.var/app/org.signal.Signal': No such file or directory/nfind: '/root/snap/signal-desktop': No such file or directory
2026-09-15 15:55:08 +0100 INF Collecting data for user root
2026-09-15 15:55:08 +0100 INF Skipping as home directory "/root"/.config/Signal "/root"/.var/app/org.signal.Signal "/root"/snap/signal-desktop has been collected already
2026-09-15 15:55:08 +0100 INF Collecting data for user Tom
2026-09-15 15:55:09 +0100 CMD find "/home/Tom"/.config/Signal "/home/Tom"/.var/app/org.signal.Signal "/home/Tom"/snap/signal-desktop \( -path "/sys" -o -path "/proc/sys/fs/binfmt_misc" -o -path "/root/uac-3.3.0" -o -path "/root/uac_output/uac-data.tmp" \) -prune -o -name "db.sqlite*" -print 2> find: '/home/Tom/.config/Signal': No such file or directory/nfind: '/home/Tom/.var/app/org.signal.Signal': No such file or directory/nfind: '/home/Tom/snap/signal-desktop': No such file or directory
2026-09-15 15:55:09 +0100 INF Collecting data for user Tom
2026-09-15 15:55:09 +0100 CMD find "/root"/.config/Signal "/root"/.var/app/org.signal.Signal "/root"/snap/signal-desktop \( -path "/sys" -o -path "/proc/sys/fs/binfmt_misc" -o -path "/root/uac-3.3.0" -o -path "/root/uac_output/uac-data.tmp" \) -prune -o -name "db.sqlite*" -print 2> find: '/root/.config/Signal': No such file or directory/nfind: '/root/.var/app/org.signal.Signal': No such file or directory/nfind: '/root/snap/signal-desktop': No such file or directory
2026-09-15 15:55:09 +0100 INF Collecting data for user root
2026-09-15 15:55:09 +0100 INF Skipping as home directory "/root"/.config/Signal "/root"/.var/app/org.signal.Signal "/root"/snap/signal-desktop has been collected already
2026-09-15 15:55:09 +0100 INF Parsing files/applications/teamviewer.yaml
2026-09-15 15:55:09 +0100 CMD find /var/log/teamviewer* \( -path "/sys" -o -path "/proc/sys/fs/binfmt_misc" -o -path "/root/uac-3.3.0" -o -path "/root/uac_output/uac-data.tmp" \) -prune -o \( -name "Connections_incoming.txt" -o -name "install_teamviewerd.log" -o -name "signaturekey.log" -o -name "TeamViewer*_Logfile.log" -o -name "TV*Install.log" -o -name "TV*Network.log" \) -print 2> find: '/var/log/teamviewer*': No such file or directory
2026-09-15 15:55:09 +0100 INF Collecting data for user Tom
2026-09-15 15:55:09 +0100 CMD find "/home/Tom"/.local/share/teamviewer*/logfiles \( -path "/sys" -o -path "/proc/sys/fs/binfmt_misc" -o -path "/root/uac-3.3.0" -o -path "/root/uac_output/uac-data.tmp" \) -prune -o -name "*.log" -print 2> find: '/home/Tom/.local/share/teamviewer*/logfiles': No such file or directory
2026-09-15 15:55:09 +0100 INF Collecting data for user Tom
2026-09-15 15:55:09 +0100 CMD find "/root"/.local/share/teamviewer*/logfiles \( -path "/sys" -o -path "/proc/sys/fs/binfmt_misc" -o -path "/root/uac-3.3.0" -o -path "/root/uac_output/uac-data.tmp" \) -prune -o -name "*.log" -print 2> find: '/root/.local/share/teamviewer*/logfiles': No such file or directory
2026-09-15 15:55:09 +0100 INF Collecting data for user root
2026-09-15 15:55:09 +0100 CMD find "/root"/.local/share/teamviewer*/logfiles \( -path "/sys" -o -path "/proc/sys/fs/binfmt_misc" -o -path "/root/uac-3.3.0" -o -path "/root/uac_output/uac-data.tmp" \) -prune -o -name "*.log" -print 2> find: '/root/.local/share/teamviewer*/logfiles': No such file or directory
2026-09-15 15:55:09 +0100 INF Collecting data for user Tom
2026-09-15 15:55:09 +0100 CMD find "/home/Tom"/.local/share/teamviewer* \( -path "/sys" -o -path "/proc/sys/fs/binfmt_misc" -o -path "/root/uac-3.3.0" -o -path "/root/uac_output/uac-data.tmp" \) -prune -o -name "tvchatfilecache.db*" -print 2> find: '/home/Tom/.local/share/teamviewer*': No such file or directory
2026-09-15 15:55:09 +0100 INF Collecting data for user Tom
2026-09-15 15:55:09 +0100 CMD find "/root"/.local/share/teamviewer* \( -path "/sys" -o -path "/proc/sys/fs/binfmt_misc" -o -path "/root/uac-3.3.0" -o -path "/root/uac_output/uac-data.tmp" \) -prune -o -name "tvchatfilecache.db*" -print 2> find: '/root/.local/share/teamviewer*': No such file or directory
2026-09-15 15:55:09 +0100 INF Collecting data for user root
2026-09-15 15:55:09 +0100 CMD find "/root"/.local/share/teamviewer* \( -path "/sys" -o -path "/proc/sys/fs/binfmt_misc" -o -path "/root/uac-3.3.0" -o -path "/root/uac_output/uac-data.tmp" \) -prune -o -name "tvchatfilecache.db*" -print 2> find: '/root/.local/share/teamviewer*': No such file or directory
2026-09-15 15:55:09 +0100 INF Collecting data for user Tom
2026-09-15 15:55:09 +0100 CMD find "/home/Tom"/.local/share/teamviewer* \( -path "/sys" -o -path "/proc/sys/fs/binfmt_misc" -o -path "/root/uac-3.3.0" -o -path "/root/uac_output/uac-data.tmp" \) -prune -o -name "tvprint.db*" -print 2> find: '/home/Tom/.local/share/teamviewer*': No such file or directory
2026-09-15 15:55:09 +0100 INF Collecting data for user Tom
2026-09-15 15:55:09 +0100 CMD find "/root"/.local/share/teamviewer* \( -path "/sys" -o -path "/proc/sys/fs/binfmt_misc" -o -path "/root/uac-3.3.0" -o -path "/root/uac_output/uac-data.tmp" \) -prune -o -name "tvprint.db*" -print 2> find: '/root/.local/share/teamviewer*': No such file or directory
2026-09-15 15:55:09 +0100 INF Collecting data for user root
2026-09-15 15:55:09 +0100 CMD find "/root"/.local/share/teamviewer* \( -path "/sys" -o -path "/proc/sys/fs/binfmt_misc" -o -path "/root/uac-3.3.0" -o -path "/root/uac_output/uac-data.tmp" \) -prune -o -name "tvprint.db*" -print 2> find: '/root/.local/share/teamviewer*': No such file or directory
2026-09-15 15:55:09 +0100 INF Parsing files/applications/viminfo.yaml
2026-09-15 15:55:09 +0100 INF Collecting data for user Tom
2026-09-15 15:55:09 +0100 CMD find "/home/Tom"/.viminfo \( -path "/sys" -o -path "/proc/sys/fs/binfmt_misc" -o -path "/root/uac-3.3.0" -o -path "/root/uac_output/uac-data.tmp" \) -prune -o -print 2> find: '/home/Tom/.viminfo': No such file or directory
2026-09-15 15:55:09 +0100 INF Collecting data for user Tom
2026-09-15 15:55:09 +0100 CMD find "/root"/.viminfo \( -path "/sys" -o -path "/proc/sys/fs/binfmt_misc" -o -path "/root/uac-3.3.0" -o -path "/root/uac_output/uac-data.tmp" \) -prune -o -print 2> find: '/root/.viminfo': No such file or directory
2026-09-15 15:55:09 +0100 INF Collecting data for user root
2026-09-15 15:55:09 +0100 INF Skipping as home directory "/root"/.viminfo has been collected already
2026-09-15 15:55:09 +0100 INF Parsing files/applications/python.yaml
2026-09-15 15:55:09 +0100 INF Collecting data for user Tom
2026-09-15 15:55:09 +0100 CMD find "/home/Tom"/.python_history \( -path "/sys" -o -path "/proc/sys/fs/binfmt_misc" -o -path "/root/uac-3.3.0" -o -path "/root/uac_output/uac-data.tmp" \) -prune -o -print 2> find: '/home/Tom/.python_history': No such file or directory
2026-09-15 15:55:09 +0100 INF Collecting data for user Tom
2026-09-15 15:55:09 +0100 CMD find "/root"/.python_history \( -path "/sys" -o -path "/proc/sys/fs/binfmt_misc" -o -path "/root/uac-3.3.0" -o -path "/root/uac_output/uac-data.tmp" \) -prune -o -print 2> find: '/root/.python_history': No such file or directory
2026-09-15 15:55:09 +0100 INF Collecting data for user _apt
2026-09-15 15:55:09 +0100 CMD find "/nonexistent"/.python_history \( -path "/sys" -o -path "/proc/sys/fs/binfmt_misc" -o -path "/root/uac-3.3.0" -o -path "/root/uac_output/uac-data.tmp" \) -prune -o -print 2> find: '/nonexistent/.python_history': No such file or directory
2026-09-15 15:55:09 +0100 INF Collecting data for user backup
2026-09-15 15:55:10 +0100 CMD find "/var/backups"/.python_history \( -path "/sys" -o -path "/proc/sys/fs/binfmt_misc" -o -path "/root/uac-3.3.0" -o -path "/root/uac_output/uac-data.tmp" \) -prune -o -print 2> find: '/var/backups/.python_history': No such file or directory
2026-09-15 15:55:10 +0100 INF Collecting data for user bin
2026-09-15 15:55:10 +0100 CMD find "/bin"/.python_history \( -path "/sys" -o -path "/proc/sys/fs/binfmt_misc" -o -path "/root/uac-3.3.0" -o -path "/root/uac_output/uac-data.tmp" \) -prune -o -print 2> find: '/bin/.python_history': No such file or directory
2026-09-15 15:55:10 +0100 INF Collecting data for user daemon
2026-09-15 15:55:10 +0100 CMD find "/usr/sbin"/.python_history \( -path "/sys" -o -path "/proc/sys/fs/binfmt_misc" -o -path "/root/uac-3.3.0" -o -path "/root/uac_output/uac-data.tmp" \) -prune -o -print 2> find: '/usr/sbin/.python_history': No such file or directory
2026-09-15 15:55:10 +0100 INF Collecting data for user games
2026-09-15 15:55:10 +0100 CMD find "/usr/games"/.python_history \( -path "/sys" -o -path "/proc/sys/fs/binfmt_misc" -o -path "/root/uac-3.3.0" -o -path "/root/uac_output/uac-data.tmp" \) -prune -o -print 2> find: '/usr/games/.python_history': No such file or directory
2026-09-15 15:55:10 +0100 INF Collecting data for user irc
2026-09-15 15:55:10 +0100 CMD find "/run/ircd"/.python_history \( -path "/sys" -o -path "/proc/sys/fs/binfmt_misc" -o -path "/root/uac-3.3.0" -o -path "/root/uac_output/uac-data.tmp" \) -prune -o -print 2> find: '/run/ircd/.python_history': No such file or directory
2026-09-15 15:55:10 +0100 INF Collecting data for user list
2026-09-15 15:55:10 +0100 CMD find "/var/list"/.python_history \( -path "/sys" -o -path "/proc/sys/fs/binfmt_misc" -o -path "/root/uac-3.3.0" -o -path "/root/uac_output/uac-data.tmp" \) -prune -o -print 2> find: '/var/list/.python_history': No such file or directory
2026-09-15 15:55:10 +0100 INF Collecting data for user lp
2026-09-15 15:55:10 +0100 CMD find "/var/spool/lpd"/.python_history \( -path "/sys" -o -path "/proc/sys/fs/binfmt_misc" -o -path "/root/uac-3.3.0" -o -path "/root/uac_output/uac-data.tmp" \) -prune -o -print 2> find: '/var/spool/lpd/.python_history': No such file or directory
2026-09-15 15:55:10 +0100 INF Collecting data for user mail
2026-09-15 15:55:10 +0100 CMD find "/var/mail"/.python_history \( -path "/sys" -o -path "/proc/sys/fs/binfmt_misc" -o -path "/root/uac-3.3.0" -o -path "/root/uac_output/uac-data.tmp" \) -prune -o -print 2> find: '/var/mail/.python_history': No such file or directory
2026-09-15 15:55:10 +0100 INF Collecting data for user man
2026-09-15 15:55:10 +0100 CMD find "/var/cache/man"/.python_history \( -path "/sys" -o -path "/proc/sys/fs/binfmt_misc" -o -path "/root/uac-3.3.0" -o -path "/root/uac_output/uac-data.tmp" \) -prune -o -print 2> find: '/var/cache/man/.python_history': No such file or directory
2026-09-15 15:55:10 +0100 INF Collecting data for user messagebus
2026-09-15 15:55:10 +0100 INF Skipping as home directory "/nonexistent"/.python_history has been collected already
2026-09-15 15:55:10 +0100 INF Collecting data for user news
2026-09-15 15:55:10 +0100 CMD find "/var/spool/news"/.python_history \( -path "/sys" -o -path "/proc/sys/fs/binfmt_misc" -o -path "/root/uac-3.3.0" -o -path "/root/uac_output/uac-data.tmp" \) -prune -o -print 2> find: '/var/spool/news/.python_history': No such file or directory
2026-09-15 15:55:10 +0100 INF Collecting data for user nobody
2026-09-15 15:55:10 +0100 INF Skipping as home directory "/nonexistent"/.python_history has been collected already
2026-09-15 15:55:10 +0100 INF Collecting data for user proxy
2026-09-15 15:55:10 +0100 INF Skipping as home directory "/bin"/.python_history has been collected already
2026-09-15 15:55:10 +0100 INF Collecting data for user root
2026-09-15 15:55:10 +0100 INF Skipping as home directory "/root"/.python_history has been collected already
2026-09-15 15:55:10 +0100 INF Collecting data for user sshd
2026-09-15 15:55:10 +0100 CMD find "/run/sshd"/.python_history \( -path "/sys" -o -path "/proc/sys/fs/binfmt_misc" -o -path "/root/uac-3.3.0" -o -path "/root/uac_output/uac-data.tmp" \) -prune -o -print 2> find: '/run/sshd/.python_history': No such file or directory
2026-09-15 15:55:10 +0100 INF Collecting data for user sync
2026-09-15 15:55:10 +0100 INF Skipping as home directory "/bin"/.python_history has been collected already
2026-09-15 15:55:10 +0100 INF Collecting data for user sys
2026-09-15 15:55:10 +0100 CMD find "/dev"/.python_history \( -path "/sys" -o -path "/proc/sys/fs/binfmt_misc" -o -path "/root/uac-3.3.0" -o -path "/root/uac_output/uac-data.tmp" \) -prune -o -print 2> find: '/dev/.python_history': No such file or directory
2026-09-15 15:55:10 +0100 INF Collecting data for user systemd-network
2026-09-15 15:55:10 +0100 CMD find "/"/.python_history \( -path "/sys" -o -path "/proc/sys/fs/binfmt_misc" -o -path "/root/uac-3.3.0" -o -path "/root/uac_output/uac-data.tmp" \) -prune -o -print 2> find: '//.python_history': No such file or directory
2026-09-15 15:55:10 +0100 INF Collecting data for user systemd-timesync
2026-09-15 15:55:10 +0100 INF Skipping as home directory "/"/.python_history has been collected already
2026-09-15 15:55:10 +0100 INF Collecting data for user uucp
2026-09-15 15:55:10 +0100 CMD find "/var/spool/uucp"/.python_history \( -path "/sys" -o -path "/proc/sys/fs/binfmt_misc" -o -path "/root/uac-3.3.0" -o -path "/root/uac_output/uac-data.tmp" \) -prune -o -print 2> find: '/var/spool/uucp/.python_history': No such file or directory
2026-09-15 15:55:10 +0100 INF Collecting data for user www-data
2026-09-15 15:55:10 +0100 CMD find "/var/www"/.python_history \( -path "/sys" -o -path "/proc/sys/fs/binfmt_misc" -o -path "/root/uac-3.3.0" -o -path "/root/uac_output/uac-data.tmp" \) -prune -o -print 2> find: '/var/www/.python_history': No such file or directory
2026-09-15 15:55:10 +0100 INF Parsing files/applications/filezilla.yaml
2026-09-15 15:55:10 +0100 INF Collecting data for user Tom
2026-09-15 15:55:10 +0100 CMD find "/home/Tom"/.config/filezilla \( -path "/sys" -o -path "/proc/sys/fs/binfmt_misc" -o -path "/root/uac-3.3.0" -o -path "/root/uac_output/uac-data.tmp" \) -prune -o \( -name "*.xml*" -o -name "*.sqlite3*" \) -print 2> find: '/home/Tom/.config/filezilla': No such file or directory
2026-09-15 15:55:10 +0100 INF Collecting data for user Tom
2026-09-15 15:55:10 +0100 CMD find "/root"/.config/filezilla \( -path "/sys" -o -path "/proc/sys/fs/binfmt_misc" -o -path "/root/uac-3.3.0" -o -path "/root/uac_output/uac-data.tmp" \) -prune -o \( -name "*.xml*" -o -name "*.sqlite3*" \) -print 2> find: '/root/.config/filezilla': No such file or directory
2026-09-15 15:55:10 +0100 INF Collecting data for user root
2026-09-15 15:55:10 +0100 INF Skipping as home directory "/root"/.config/filezilla has been collected already
2026-09-15 15:55:10 +0100 INF Collecting data for user Tom
2026-09-15 15:55:10 +0100 CMD find "/home/Tom"/.var/app/org.filezillaproject.Filezilla \( -path "/sys" -o -path "/proc/sys/fs/binfmt_misc" -o -path "/root/uac-3.3.0" -o -path "/root/uac_output/uac-data.tmp" \) -prune -o \( -name "*.xml*" -o -name "*.sqlite3*" \) -print 2> find: '/home/Tom/.var/app/org.filezillaproject.Filezilla': No such file or directory
2026-09-15 15:55:10 +0100 INF Collecting data for user Tom
2026-09-15 15:55:10 +0100 CMD find "/root"/.var/app/org.filezillaproject.Filezilla \( -path "/sys" -o -path "/proc/sys/fs/binfmt_misc" -o -path "/root/uac-3.3.0" -o -path "/root/uac_output/uac-data.tmp" \) -prune -o \( -name "*.xml*" -o -name "*.sqlite3*" \) -print 2> find: '/root/.var/app/org.filezillaproject.Filezilla': No such file or directory
2026-09-15 15:55:10 +0100 INF Collecting data for user root
2026-09-15 15:55:10 +0100 INF Skipping as home directory "/root"/.var/app/org.filezillaproject.Filezilla has been collected already
2026-09-15 15:55:10 +0100 INF Parsing files/applications/mail.yaml
2026-09-15 15:55:10 +0100 INF Collecting data for user Tom
2026-09-15 15:55:11 +0100 CMD find "/home/Tom"/.mailrc "/home/Tom"/.mail_aliases \( -path "/sys" -o -path "/proc/sys/fs/binfmt_misc" -o -path "/root/uac-3.3.0" -o -path "/root/uac_output/uac-data.tmp" \) -prune -o -print 2> find: '/home/Tom/.mailrc': No such file or directory/nfind: '/home/Tom/.mail_aliases': No such file or directory
2026-09-15 15:55:11 +0100 INF Collecting data for user Tom
2026-09-15 15:55:11 +0100 CMD find "/root"/.mailrc "/root"/.mail_aliases \( -path "/sys" -o -path "/proc/sys/fs/binfmt_misc" -o -path "/root/uac-3.3.0" -o -path "/root/uac_output/uac-data.tmp" \) -prune -o -print 2> find: '/root/.mailrc': No such file or directory/nfind: '/root/.mail_aliases': No such file or directory
2026-09-15 15:55:11 +0100 INF Collecting data for user _apt
2026-09-15 15:55:11 +0100 CMD find "/nonexistent"/.mailrc "/nonexistent"/.mail_aliases \( -path "/sys" -o -path "/proc/sys/fs/binfmt_misc" -o -path "/root/uac-3.3.0" -o -path "/root/uac_output/uac-data.tmp" \) -prune -o -print 2> find: '/nonexistent/.mailrc': No such file or directory/nfind: '/nonexistent/.mail_aliases': No such file or directory
2026-09-15 15:55:11 +0100 INF Collecting data for user backup
2026-09-15 15:55:11 +0100 CMD find "/var/backups"/.mailrc "/var/backups"/.mail_aliases \( -path "/sys" -o -path "/proc/sys/fs/binfmt_misc" -o -path "/root/uac-3.3.0" -o -path "/root/uac_output/uac-data.tmp" \) -prune -o -print 2> find: '/var/backups/.mailrc': No such file or directory/nfind: '/var/backups/.mail_aliases': No such file or directory
2026-09-15 15:55:11 +0100 INF Collecting data for user bin
2026-09-15 15:55:11 +0100 CMD find "/bin"/.mailrc "/bin"/.mail_aliases \( -path "/sys" -o -path "/proc/sys/fs/binfmt_misc" -o -path "/root/uac-3.3.0" -o -path "/root/uac_output/uac-data.tmp" \) -prune -o -print 2> find: '/bin/.mailrc': No such file or directory/nfind: '/bin/.mail_aliases': No such file or directory
2026-09-15 15:55:11 +0100 INF Collecting data for user daemon
2026-09-15 15:55:11 +0100 CMD find "/usr/sbin"/.mailrc "/usr/sbin"/.mail_aliases \( -path "/sys" -o -path "/proc/sys/fs/binfmt_misc" -o -path "/root/uac-3.3.0" -o -path "/root/uac_output/uac-data.tmp" \) -prune -o -print 2> find: '/usr/sbin/.mailrc': No such file or directory/nfind: '/usr/sbin/.mail_aliases': No such file or directory
2026-09-15 15:55:11 +0100 INF Collecting data for user games
2026-09-15 15:55:11 +0100 CMD find "/usr/games"/.mailrc "/usr/games"/.mail_aliases \( -path "/sys" -o -path "/proc/sys/fs/binfmt_misc" -o -path "/root/uac-3.3.0" -o -path "/root/uac_output/uac-data.tmp" \) -prune -o -print 2> find: '/usr/games/.mailrc': No such file or directory/nfind: '/usr/games/.mail_aliases': No such file or directory
2026-09-15 15:55:11 +0100 INF Collecting data for user irc
2026-09-15 15:55:11 +0100 CMD find "/run/ircd"/.mailrc "/run/ircd"/.mail_aliases \( -path "/sys" -o -path "/proc/sys/fs/binfmt_misc" -o -path "/root/uac-3.3.0" -o -path "/root/uac_output/uac-data.tmp" \) -prune -o -print 2> find: '/run/ircd/.mailrc': No such file or directory/nfind: '/run/ircd/.mail_aliases': No such file or directory
2026-09-15 15:55:11 +0100 INF Collecting data for user list
2026-09-15 15:55:11 +0100 CMD find "/var/list"/.mailrc "/var/list"/.mail_aliases \( -path "/sys" -o -path "/proc/sys/fs/binfmt_misc" -o -path "/root/uac-3.3.0" -o -path "/root/uac_output/uac-data.tmp" \) -prune -o -print 2> find: '/var/list/.mailrc': No such file or directory/nfind: '/var/list/.mail_aliases': No such file or directory
2026-09-15 15:55:11 +0100 INF Collecting data for user lp
2026-09-15 15:55:11 +0100 CMD find "/var/spool/lpd"/.mailrc "/var/spool/lpd"/.mail_aliases \( -path "/sys" -o -path "/proc/sys/fs/binfmt_misc" -o -path "/root/uac-3.3.0" -o -path "/root/uac_output/uac-data.tmp" \) -prune -o -print 2> find: '/var/spool/lpd/.mailrc': No such file or directory/nfind: '/var/spool/lpd/.mail_aliases': No such file or directory
2026-09-15 15:55:11 +0100 INF Collecting data for user mail
2026-09-15 15:55:11 +0100 CMD find "/var/mail"/.mailrc "/var/mail"/.mail_aliases \( -path "/sys" -o -path "/proc/sys/fs/binfmt_misc" -o -path "/root/uac-3.3.0" -o -path "/root/uac_output/uac-data.tmp" \) -prune -o -print 2> find: '/var/mail/.mailrc': No such file or directory/nfind: '/var/mail/.mail_aliases': No such file or directory
2026-09-15 15:55:11 +0100 INF Collecting data for user man
2026-09-15 15:55:11 +0100 CMD find "/var/cache/man"/.mailrc "/var/cache/man"/.mail_aliases \( -path "/sys" -o -path "/proc/sys/fs/binfmt_misc" -o -path "/root/uac-3.3.0" -o -path "/root/uac_output/uac-data.tmp" \) -prune -o -print 2> find: '/var/cache/man/.mailrc': No such file or directory/nfind: '/var/cache/man/.mail_aliases': No such file or directory
2026-09-15 15:55:11 +0100 INF Collecting data for user messagebus
2026-09-15 15:55:11 +0100 INF Skipping as home directory "/nonexistent"/.mailrc "/nonexistent"/.mail_aliases has been collected already
2026-09-15 15:55:11 +0100 INF Collecting data for user news
2026-09-15 15:55:11 +0100 CMD find "/var/spool/news"/.mailrc "/var/spool/news"/.mail_aliases \( -path "/sys" -o -path "/proc/sys/fs/binfmt_misc" -o -path "/root/uac-3.3.0" -o -path "/root/uac_output/uac-data.tmp" \) -prune -o -print 2> find: '/var/spool/news/.mailrc': No such file or directory/nfind: '/var/spool/news/.mail_aliases': No such file or directory
2026-09-15 15:55:11 +0100 INF Collecting data for user nobody
2026-09-15 15:55:11 +0100 INF Skipping as home directory "/nonexistent"/.mailrc "/nonexistent"/.mail_aliases has been collected already
2026-09-15 15:55:11 +0100 INF Collecting data for user proxy
2026-09-15 15:55:11 +0100 INF Skipping as home directory "/bin"/.mailrc "/bin"/.mail_aliases has been collected already
2026-09-15 15:55:11 +0100 INF Collecting data for user root
2026-09-15 15:55:11 +0100 INF Skipping as home directory "/root"/.mailrc "/root"/.mail_aliases has been collected already
2026-09-15 15:55:11 +0100 INF Collecting data for user sshd
2026-09-15 15:55:11 +0100 CMD find "/run/sshd"/.mailrc "/run/sshd"/.mail_aliases \( -path "/sys" -o -path "/proc/sys/fs/binfmt_misc" -o -path "/root/uac-3.3.0" -o -path "/root/uac_output/uac-data.tmp" \) -prune -o -print 2> find: '/run/sshd/.mailrc': No such file or directory/nfind: '/run/sshd/.mail_aliases': No such file or directory
2026-09-15 15:55:11 +0100 INF Collecting data for user sync
2026-09-15 15:55:11 +0100 INF Skipping as home directory "/bin"/.mailrc "/bin"/.mail_aliases has been collected already
2026-09-15 15:55:11 +0100 INF Collecting data for user sys
2026-09-15 15:55:11 +0100 CMD find "/dev"/.mailrc "/dev"/.mail_aliases \( -path "/sys" -o -path "/proc/sys/fs/binfmt_misc" -o -path "/root/uac-3.3.0" -o -path "/root/uac_output/uac-data.tmp" \) -prune -o -print 2> find: '/dev/.mailrc': No such file or directory/nfind: '/dev/.mail_aliases': No such file or directory
2026-09-15 15:55:11 +0100 INF Collecting data for user systemd-network
2026-09-15 15:55:11 +0100 CMD find "/"/.mailrc "/"/.mail_aliases \( -path "/sys" -o -path "/proc/sys/fs/binfmt_misc" -o -path "/root/uac-3.3.0" -o -path "/root/uac_output/uac-data.tmp" \) -prune -o -print 2> find: '//.mailrc': No such file or directory/nfind: '//.mail_aliases': No such file or directory
2026-09-15 15:55:11 +0100 INF Collecting data for user systemd-timesync
2026-09-15 15:55:11 +0100 INF Skipping as home directory "/"/.mailrc "/"/.mail_aliases has been collected already
2026-09-15 15:55:11 +0100 INF Collecting data for user uucp
2026-09-15 15:55:11 +0100 CMD find "/var/spool/uucp"/.mailrc "/var/spool/uucp"/.mail_aliases \( -path "/sys" -o -path "/proc/sys/fs/binfmt_misc" -o -path "/root/uac-3.3.0" -o -path "/root/uac_output/uac-data.tmp" \) -prune -o -print 2> find: '/var/spool/uucp/.mailrc': No such file or directory/nfind: '/var/spool/uucp/.mail_aliases': No such file or directory
2026-09-15 15:55:11 +0100 INF Collecting data for user www-data
2026-09-15 15:55:11 +0100 CMD find "/var/www"/.mailrc "/var/www"/.mail_aliases \( -path "/sys" -o -path "/proc/sys/fs/binfmt_misc" -o -path "/root/uac-3.3.0" -o -path "/root/uac_output/uac-data.tmp" \) -prune -o -print 2> find: '/var/www/.mailrc': No such file or directory/nfind: '/var/www/.mail_aliases': No such file or directory
2026-09-15 15:55:11 +0100 INF Parsing files/applications/gwenview.yaml
2026-09-15 15:55:11 +0100 INF Collecting data for user Tom
2026-09-15 15:55:11 +0100 CMD find "/home/Tom"/.config \( -path "/sys" -o -path "/proc/sys/fs/binfmt_misc" -o -path "/root/uac-3.3.0" -o -path "/root/uac_output/uac-data.tmp" \) -prune -o -name "gwenviewrc" -print 2> find: '/home/Tom/.config': No such file or directory
2026-09-15 15:55:11 +0100 INF Collecting data for user Tom
2026-09-15 15:55:11 +0100 CMD find "/root"/.config \( -path "/sys" -o -path "/proc/sys/fs/binfmt_misc" -o -path "/root/uac-3.3.0" -o -path "/root/uac_output/uac-data.tmp" \) -prune -o -name "gwenviewrc" -print
2026-09-15 15:55:11 +0100 INF Collecting data for user root
2026-09-15 15:55:11 +0100 INF Skipping as home directory "/root"/.config has been collected already
2026-09-15 15:55:11 +0100 INF Collecting data for user Tom
2026-09-15 15:55:11 +0100 CMD find "/home/Tom"/.var/app "/home/Tom"/snap \( -path "/sys" -o -path "/proc/sys/fs/binfmt_misc" -o -path "/root/uac-3.3.0" -o -path "/root/uac_output/uac-data.tmp" \) -prune -o -name "gwenviewrc" -print 2> find: '/home/Tom/.var/app': No such file or directory/nfind: '/home/Tom/snap': No such file or directory
2026-09-15 15:55:11 +0100 INF Collecting data for user Tom
2026-09-15 15:55:11 +0100 CMD find "/root"/.var/app "/root"/snap \( -path "/sys" -o -path "/proc/sys/fs/binfmt_misc" -o -path "/root/uac-3.3.0" -o -path "/root/uac_output/uac-data.tmp" \) -prune -o -name "gwenviewrc" -print 2> find: '/root/.var/app': No such file or directory/nfind: '/root/snap': No such file or directory
2026-09-15 15:55:11 +0100 INF Collecting data for user root
2026-09-15 15:55:11 +0100 INF Skipping as home directory "/root"/.var/app "/root"/snap has been collected already
2026-09-15 15:55:11 +0100 INF Parsing files/applications/slack.yaml
2026-09-15 15:55:11 +0100 INF Collecting data for user Tom
2026-09-15 15:55:11 +0100 CMD find "/home/Tom"/.config/Slack "/home/Tom"/.var/app/com.slack.Slack "/home/Tom"/snap/slack \( -path "/sys" -o -path "/proc/sys/fs/binfmt_misc" -o -path "/root/uac-3.3.0" -o -path "/root/uac_output/uac-data.tmp" \) -prune -o -path "*/Cache/*" -print 2> find: '/home/Tom/.config/Slack': No such file or directory/nfind: '/home/Tom/.var/app/com.slack.Slack': No such file or directory/nfind: '/home/Tom/snap/slack': No such file or directory
2026-09-15 15:55:11 +0100 INF Collecting data for user Tom
2026-09-15 15:55:11 +0100 CMD find "/root"/.config/Slack "/root"/.var/app/com.slack.Slack "/root"/snap/slack \( -path "/sys" -o -path "/proc/sys/fs/binfmt_misc" -o -path "/root/uac-3.3.0" -o -path "/root/uac_output/uac-data.tmp" \) -prune -o -path "*/Cache/*" -print 2> find: '/root/.config/Slack': No such file or directory/nfind: '/root/.var/app/com.slack.Slack': No such file or directory/nfind: '/root/snap/slack': No such file or directory
2026-09-15 15:55:11 +0100 INF Collecting data for user root
2026-09-15 15:55:11 +0100 INF Skipping as home directory "/root"/.config/Slack "/root"/.var/app/com.slack.Slack "/root"/snap/slack has been collected already
2026-09-15 15:55:11 +0100 INF Collecting data for user Tom
2026-09-15 15:55:12 +0100 CMD find "/home/Tom"/.config/Slack "/home/Tom"/.var/app/com.slack.Slack "/home/Tom"/snap/slack \( -path "/sys" -o -path "/proc/sys/fs/binfmt_misc" -o -path "/root/uac-3.3.0" -o -path "/root/uac_output/uac-data.tmp" \) -prune -o -path "*/IndexedDB/*" -name "*.log" -print 2> find: '/home/Tom/.config/Slack': No such file or directory/nfind: '/home/Tom/.var/app/com.slack.Slack': No such file or directory/nfind: '/home/Tom/snap/slack': No such file or directory
2026-09-15 15:55:12 +0100 INF Collecting data for user Tom
2026-09-15 15:55:12 +0100 CMD find "/root"/.config/Slack "/root"/.var/app/com.slack.Slack "/root"/snap/slack \( -path "/sys" -o -path "/proc/sys/fs/binfmt_misc" -o -path "/root/uac-3.3.0" -o -path "/root/uac_output/uac-data.tmp" \) -prune -o -path "*/IndexedDB/*" -name "*.log" -print 2> find: '/root/.config/Slack': No such file or directory/nfind: '/root/.var/app/com.slack.Slack': No such file or directory/nfind: '/root/snap/slack': No such file or directory
2026-09-15 15:55:12 +0100 INF Collecting data for user root
2026-09-15 15:55:12 +0100 INF Skipping as home directory "/root"/.config/Slack "/root"/.var/app/com.slack.Slack "/root"/snap/slack has been collected already
2026-09-15 15:55:12 +0100 INF Collecting data for user Tom
2026-09-15 15:55:12 +0100 CMD find "/home/Tom"/.config/Slack "/home/Tom"/.var/app/com.slack.Slack "/home/Tom"/snap/slack \( -path "/sys" -o -path "/proc/sys/fs/binfmt_misc" -o -path "/root/uac-3.3.0" -o -path "/root/uac_output/uac-data.tmp" \) -prune -o -path "*/Local Storage/leveldb/*" -print 2> find: '/home/Tom/.config/Slack': No such file or directory/nfind: '/home/Tom/.var/app/com.slack.Slack': No such file or directory/nfind: '/home/Tom/snap/slack': No such file or directory
2026-09-15 15:55:12 +0100 INF Collecting data for user Tom
2026-09-15 15:55:12 +0100 CMD find "/root"/.config/Slack "/root"/.var/app/com.slack.Slack "/root"/snap/slack \( -path "/sys" -o -path "/proc/sys/fs/binfmt_misc" -o -path "/root/uac-3.3.0" -o -path "/root/uac_output/uac-data.tmp" \) -prune -o -path "*/Local Storage/leveldb/*" -print 2> find: '/root/.config/Slack': No such file or directory/nfind: '/root/.var/app/com.slack.Slack': No such file or directory/nfind: '/root/snap/slack': No such file or directory
2026-09-15 15:55:12 +0100 INF Collecting data for user root
2026-09-15 15:55:12 +0100 INF Skipping as home directory "/root"/.config/Slack "/root"/.var/app/com.slack.Slack "/root"/snap/slack has been collected already
2026-09-15 15:55:12 +0100 INF Collecting data for user Tom
2026-09-15 15:55:12 +0100 CMD find "/home/Tom"/.config/Slack "/home/Tom"/.var/app/com.slack.Slack "/home/Tom"/snap/slack \( -path "/sys" -o -path "/proc/sys/fs/binfmt_misc" -o -path "/root/uac-3.3.0" -o -path "/root/uac_output/uac-data.tmp" \) -prune -o -name "desktop-config.json" -print 2> find: '/home/Tom/.config/Slack': No such file or directory/nfind: '/home/Tom/.var/app/com.slack.Slack': No such file or directory/nfind: '/home/Tom/snap/slack': No such file or directory
2026-09-15 15:55:12 +0100 INF Collecting data for user Tom
2026-09-15 15:55:12 +0100 CMD find "/root"/.config/Slack "/root"/.var/app/com.slack.Slack "/root"/snap/slack \( -path "/sys" -o -path "/proc/sys/fs/binfmt_misc" -o -path "/root/uac-3.3.0" -o -path "/root/uac_output/uac-data.tmp" \) -prune -o -name "desktop-config.json" -print 2> find: '/root/.config/Slack': No such file or directory/nfind: '/root/.var/app/com.slack.Slack': No such file or directory/nfind: '/root/snap/slack': No such file or directory
2026-09-15 15:55:12 +0100 INF Collecting data for user root
2026-09-15 15:55:12 +0100 INF Skipping as home directory "/root"/.config/Slack "/root"/.var/app/com.slack.Slack "/root"/snap/slack has been collected already
2026-09-15 15:55:12 +0100 INF Collecting data for user Tom
2026-09-15 15:55:12 +0100 CMD find "/home/Tom"/.config/Slack "/home/Tom"/.var/app/com.slack.Slack "/home/Tom"/snap/slack \( -path "/sys" -o -path "/proc/sys/fs/binfmt_misc" -o -path "/root/uac-3.3.0" -o -path "/root/uac_output/uac-data.tmp" \) -prune -o -path "*/logs/*" -print 2> find: '/home/Tom/.config/Slack': No such file or directory/nfind: '/home/Tom/.var/app/com.slack.Slack': No such file or directory/nfind: '/home/Tom/snap/slack': No such file or directory
2026-09-15 15:55:12 +0100 INF Collecting data for user Tom
2026-09-15 15:55:12 +0100 CMD find "/root"/.config/Slack "/root"/.var/app/com.slack.Slack "/root"/snap/slack \( -path "/sys" -o -path "/proc/sys/fs/binfmt_misc" -o -path "/root/uac-3.3.0" -o -path "/root/uac_output/uac-data.tmp" \) -prune -o -path "*/logs/*" -print 2> find: '/root/.config/Slack': No such file or directory/nfind: '/root/.var/app/com.slack.Slack': No such file or directory/nfind: '/root/snap/slack': No such file or directory
2026-09-15 15:55:12 +0100 INF Collecting data for user root
2026-09-15 15:55:12 +0100 INF Skipping as home directory "/root"/.config/Slack "/root"/.var/app/com.slack.Slack "/root"/snap/slack has been collected already
2026-09-15 15:55:12 +0100 INF Collecting data for user Tom
2026-09-15 15:55:12 +0100 CMD find "/home/Tom"/.config/Slack "/home/Tom"/.var/app/com.slack.Slack "/home/Tom"/snap/slack \( -path "/sys" -o -path "/proc/sys/fs/binfmt_misc" -o -path "/root/uac-3.3.0" -o -path "/root/uac_output/uac-data.tmp" \) -prune -o -name "logs.txt" -print 2> find: '/home/Tom/.config/Slack': No such file or directory/nfind: '/home/Tom/.var/app/com.slack.Slack': No such file or directory/nfind: '/home/Tom/snap/slack': No such file or directory
2026-09-15 15:55:12 +0100 INF Collecting data for user Tom
2026-09-15 15:55:12 +0100 CMD find "/root"/.config/Slack "/root"/.var/app/com.slack.Slack "/root"/snap/slack \( -path "/sys" -o -path "/proc/sys/fs/binfmt_misc" -o -path "/root/uac-3.3.0" -o -path "/root/uac_output/uac-data.tmp" \) -prune -o -name "logs.txt" -print 2> find: '/root/.config/Slack': No such file or directory/nfind: '/root/.var/app/com.slack.Slack': No such file or directory/nfind: '/root/snap/slack': No such file or directory
2026-09-15 15:55:12 +0100 INF Collecting data for user root
2026-09-15 15:55:12 +0100 INF Skipping as home directory "/root"/.config/Slack "/root"/.var/app/com.slack.Slack "/root"/snap/slack has been collected already
2026-09-15 15:55:12 +0100 INF Collecting data for user Tom
2026-09-15 15:55:12 +0100 CMD find "/home/Tom"/.config/Slack "/home/Tom"/.var/app/com.slack.Slack "/home/Tom"/snap/slack \( -path "/sys" -o -path "/proc/sys/fs/binfmt_misc" -o -path "/root/uac-3.3.0" -o -path "/root/uac_output/uac-data.tmp" \) -prune -o -path "*/storage/*" -print 2> find: '/home/Tom/.config/Slack': No such file or directory/nfind: '/home/Tom/.var/app/com.slack.Slack': No such file or directory/nfind: '/home/Tom/snap/slack': No such file or directory
2026-09-15 15:55:12 +0100 INF Collecting data for user Tom
2026-09-15 15:55:12 +0100 CMD find "/root"/.config/Slack "/root"/.var/app/com.slack.Slack "/root"/snap/slack \( -path "/sys" -o -path "/proc/sys/fs/binfmt_misc" -o -path "/root/uac-3.3.0" -o -path "/root/uac_output/uac-data.tmp" \) -prune -o -path "*/storage/*" -print 2> find: '/root/.config/Slack': No such file or directory/nfind: '/root/.var/app/com.slack.Slack': No such file or directory/nfind: '/root/snap/slack': No such file or directory
2026-09-15 15:55:12 +0100 INF Collecting data for user root
2026-09-15 15:55:12 +0100 INF Skipping as home directory "/root"/.config/Slack "/root"/.var/app/com.slack.Slack "/root"/snap/slack has been collected already
2026-09-15 15:55:12 +0100 INF Parsing files/applications/rustdesk.yaml
2026-09-15 15:55:12 +0100 INF Collecting data for user Tom
2026-09-15 15:55:12 +0100 CMD find "/home/Tom"/.local/share/logs/RustDesk \( -path "/sys" -o -path "/proc/sys/fs/binfmt_misc" -o -path "/root/uac-3.3.0" -o -path "/root/uac_output/uac-data.tmp" \) -prune -o -print 2> find: '/home/Tom/.local/share/logs/RustDesk': No such file or directory
2026-09-15 15:55:12 +0100 INF Collecting data for user Tom
2026-09-15 15:55:12 +0100 CMD find "/root"/.local/share/logs/RustDesk \( -path "/sys" -o -path "/proc/sys/fs/binfmt_misc" -o -path "/root/uac-3.3.0" -o -path "/root/uac_output/uac-data.tmp" \) -prune -o -print 2> find: '/root/.local/share/logs/RustDesk': No such file or directory
2026-09-15 15:55:12 +0100 INF Collecting data for user root
2026-09-15 15:55:12 +0100 INF Skipping as home directory "/root"/.local/share/logs/RustDesk has been collected already
2026-09-15 15:55:12 +0100 INF Collecting data for user Tom
2026-09-15 15:55:12 +0100 CMD find "/home/Tom"/Videos/RustDesk \( -path "/sys" -o -path "/proc/sys/fs/binfmt_misc" -o -path "/root/uac-3.3.0" -o -path "/root/uac_output/uac-data.tmp" \) -prune -o -print 2> find: '/home/Tom/Videos/RustDesk': No such file or directory
2026-09-15 15:55:12 +0100 INF Collecting data for user Tom
2026-09-15 15:55:12 +0100 CMD find "/root"/Videos/RustDesk \( -path "/sys" -o -path "/proc/sys/fs/binfmt_misc" -o -path "/root/uac-3.3.0" -o -path "/root/uac_output/uac-data.tmp" \) -prune -o -print 2> find: '/root/Videos/RustDesk': No such file or directory
2026-09-15 15:55:12 +0100 INF Collecting data for user root
2026-09-15 15:55:12 +0100 INF Skipping as home directory "/root"/Videos/RustDesk has been collected already
2026-09-15 15:55:13 +0100 INF Parsing files/applications/vlc.yaml
2026-09-15 15:55:13 +0100 INF Collecting data for user Tom
2026-09-15 15:55:13 +0100 CMD find "/home/Tom"/.config/vlc "/home/Tom"/.var/app/org.videolan.VLC "/home/Tom"/snap/vlc \( -path "/sys" -o -path "/proc/sys/fs/binfmt_misc" -o -path "/root/uac-3.3.0" -o -path "/root/uac_output/uac-data.tmp" \) -prune -o -name "vlc-qt-interface.conf" -print 2> find: '/home/Tom/.config/vlc': No such file or directory/nfind: '/home/Tom/.var/app/org.videolan.VLC': No such file or directory/nfind: '/home/Tom/snap/vlc': No such file or directory
2026-09-15 15:55:13 +0100 INF Collecting data for user Tom
2026-09-15 15:55:13 +0100 CMD find "/root"/.config/vlc "/root"/.var/app/org.videolan.VLC "/root"/snap/vlc \( -path "/sys" -o -path "/proc/sys/fs/binfmt_misc" -o -path "/root/uac-3.3.0" -o -path "/root/uac_output/uac-data.tmp" \) -prune -o -name "vlc-qt-interface.conf" -print 2> find: '/root/.config/vlc': No such file or directory/nfind: '/root/.var/app/org.videolan.VLC': No such file or directory/nfind: '/root/snap/vlc': No such file or directory
2026-09-15 15:55:13 +0100 INF Collecting data for user root
2026-09-15 15:55:13 +0100 INF Skipping as home directory "/root"/.config/vlc "/root"/.var/app/org.videolan.VLC "/root"/snap/vlc has been collected already
2026-09-15 15:55:13 +0100 INF Parsing files/applications/jenkins.yaml
2026-09-15 15:55:13 +0100 CMD find /var /opt \( -path "/sys" -o -path "/proc/sys/fs/binfmt_misc" -o -path "/root/uac-3.3.0" -o -path "/root/uac_output/uac-data.tmp" \) -prune -o -path "*/jenkins/*" \( -name "config.xml" -o -name "build.xml" \) -type f -print
2026-09-15 15:55:13 +0100 INF Collecting data for user Tom
2026-09-15 15:55:13 +0100 CMD find "/home/Tom"/.jenkins \( -path "/sys" -o -path "/proc/sys/fs/binfmt_misc" -o -path "/root/uac-3.3.0" -o -path "/root/uac_output/uac-data.tmp" \) -prune -o \( -name "config.xml" -o -name "build.xml" \) -type f -print 2> find: '/home/Tom/.jenkins': No such file or directory
2026-09-15 15:55:13 +0100 INF Collecting data for user Tom
2026-09-15 15:55:13 +0100 CMD find "/root"/.jenkins \( -path "/sys" -o -path "/proc/sys/fs/binfmt_misc" -o -path "/root/uac-3.3.0" -o -path "/root/uac_output/uac-data.tmp" \) -prune -o \( -name "config.xml" -o -name "build.xml" \) -type f -print 2> find: '/root/.jenkins': No such file or directory
2026-09-15 15:55:13 +0100 INF Collecting data for user _apt
2026-09-15 15:55:13 +0100 CMD find "/nonexistent"/.jenkins \( -path "/sys" -o -path "/proc/sys/fs/binfmt_misc" -o -path "/root/uac-3.3.0" -o -path "/root/uac_output/uac-data.tmp" \) -prune -o \( -name "config.xml" -o -name "build.xml" \) -type f -print 2> find: '/nonexistent/.jenkins': No such file or directory
2026-09-15 15:55:13 +0100 INF Collecting data for user backup
2026-09-15 15:55:13 +0100 CMD find "/var/backups"/.jenkins \( -path "/sys" -o -path "/proc/sys/fs/binfmt_misc" -o -path "/root/uac-3.3.0" -o -path "/root/uac_output/uac-data.tmp" \) -prune -o \( -name "config.xml" -o -name "build.xml" \) -type f -print 2> find: '/var/backups/.jenkins': No such file or directory
2026-09-15 15:55:13 +0100 INF Collecting data for user bin
2026-09-15 15:55:13 +0100 CMD find "/bin"/.jenkins \( -path "/sys" -o -path "/proc/sys/fs/binfmt_misc" -o -path "/root/uac-3.3.0" -o -path "/root/uac_output/uac-data.tmp" \) -prune -o \( -name "config.xml" -o -name "build.xml" \) -type f -print 2> find: '/bin/.jenkins': No such file or directory
2026-09-15 15:55:13 +0100 INF Collecting data for user daemon
2026-09-15 15:55:13 +0100 CMD find "/usr/sbin"/.jenkins \( -path "/sys" -o -path "/proc/sys/fs/binfmt_misc" -o -path "/root/uac-3.3.0" -o -path "/root/uac_output/uac-data.tmp" \) -prune -o \( -name "config.xml" -o -name "build.xml" \) -type f -print 2> find: '/usr/sbin/.jenkins': No such file or directory
2026-09-15 15:55:13 +0100 INF Collecting data for user games
2026-09-15 15:55:13 +0100 CMD find "/usr/games"/.jenkins \( -path "/sys" -o -path "/proc/sys/fs/binfmt_misc" -o -path "/root/uac-3.3.0" -o -path "/root/uac_output/uac-data.tmp" \) -prune -o \( -name "config.xml" -o -name "build.xml" \) -type f -print 2> find: '/usr/games/.jenkins': No such file or directory
2026-09-15 15:55:13 +0100 INF Collecting data for user irc
2026-09-15 15:55:13 +0100 CMD find "/run/ircd"/.jenkins \( -path "/sys" -o -path "/proc/sys/fs/binfmt_misc" -o -path "/root/uac-3.3.0" -o -path "/root/uac_output/uac-data.tmp" \) -prune -o \( -name "config.xml" -o -name "build.xml" \) -type f -print 2> find: '/run/ircd/.jenkins': No such file or directory
2026-09-15 15:55:13 +0100 INF Collecting data for user list
2026-09-15 15:55:13 +0100 CMD find "/var/list"/.jenkins \( -path "/sys" -o -path "/proc/sys/fs/binfmt_misc" -o -path "/root/uac-3.3.0" -o -path "/root/uac_output/uac-data.tmp" \) -prune -o \( -name "config.xml" -o -name "build.xml" \) -type f -print 2> find: '/var/list/.jenkins': No such file or directory
2026-09-15 15:55:13 +0100 INF Collecting data for user lp
2026-09-15 15:55:13 +0100 CMD find "/var/spool/lpd"/.jenkins \( -path "/sys" -o -path "/proc/sys/fs/binfmt_misc" -o -path "/root/uac-3.3.0" -o -path "/root/uac_output/uac-data.tmp" \) -prune -o \( -name "config.xml" -o -name "build.xml" \) -type f -print 2> find: '/var/spool/lpd/.jenkins': No such file or directory
2026-09-15 15:55:13 +0100 INF Collecting data for user mail
2026-09-15 15:55:13 +0100 CMD find "/var/mail"/.jenkins \( -path "/sys" -o -path "/proc/sys/fs/binfmt_misc" -o -path "/root/uac-3.3.0" -o -path "/root/uac_output/uac-data.tmp" \) -prune -o \( -name "config.xml" -o -name "build.xml" \) -type f -print 2> find: '/var/mail/.jenkins': No such file or directory
2026-09-15 15:55:13 +0100 INF Collecting data for user man
2026-09-15 15:55:13 +0100 CMD find "/var/cache/man"/.jenkins \( -path "/sys" -o -path "/proc/sys/fs/binfmt_misc" -o -path "/root/uac-3.3.0" -o -path "/root/uac_output/uac-data.tmp" \) -prune -o \( -name "config.xml" -o -name "build.xml" \) -type f -print 2> find: '/var/cache/man/.jenkins': No such file or directory
2026-09-15 15:55:13 +0100 INF Collecting data for user messagebus
2026-09-15 15:55:13 +0100 INF Skipping as home directory "/nonexistent"/.jenkins has been collected already
2026-09-15 15:55:13 +0100 INF Collecting data for user news
2026-09-15 15:55:13 +0100 CMD find "/var/spool/news"/.jenkins \( -path "/sys" -o -path "/proc/sys/fs/binfmt_misc" -o -path "/root/uac-3.3.0" -o -path "/root/uac_output/uac-data.tmp" \) -prune -o \( -name "config.xml" -o -name "build.xml" \) -type f -print 2> find: '/var/spool/news/.jenkins': No such file or directory
2026-09-15 15:55:13 +0100 INF Collecting data for user nobody
2026-09-15 15:55:13 +0100 INF Skipping as home directory "/nonexistent"/.jenkins has been collected already
2026-09-15 15:55:13 +0100 INF Collecting data for user proxy
2026-09-15 15:55:13 +0100 INF Skipping as home directory "/bin"/.jenkins has been collected already
2026-09-15 15:55:13 +0100 INF Collecting data for user root
2026-09-15 15:55:13 +0100 INF Skipping as home directory "/root"/.jenkins has been collected already
2026-09-15 15:55:13 +0100 INF Collecting data for user sshd
2026-09-15 15:55:13 +0100 CMD find "/run/sshd"/.jenkins \( -path "/sys" -o -path "/proc/sys/fs/binfmt_misc" -o -path "/root/uac-3.3.0" -o -path "/root/uac_output/uac-data.tmp" \) -prune -o \( -name "config.xml" -o -name "build.xml" \) -type f -print 2> find: '/run/sshd/.jenkins': No such file or directory
2026-09-15 15:55:13 +0100 INF Collecting data for user sync
2026-09-15 15:55:13 +0100 INF Skipping as home directory "/bin"/.jenkins has been collected already
2026-09-15 15:55:13 +0100 INF Collecting data for user sys
2026-09-15 15:55:13 +0100 CMD find "/dev"/.jenkins \( -path "/sys" -o -path "/proc/sys/fs/binfmt_misc" -o -path "/root/uac-3.3.0" -o -path "/root/uac_output/uac-data.tmp" \) -prune -o \( -name "config.xml" -o -name "build.xml" \) -type f -print 2> find: '/dev/.jenkins': No such file or directory
2026-09-15 15:55:13 +0100 INF Collecting data for user systemd-network
2026-09-15 15:55:13 +0100 CMD find "/"/.jenkins \( -path "/sys" -o -path "/proc/sys/fs/binfmt_misc" -o -path "/root/uac-3.3.0" -o -path "/root/uac_output/uac-data.tmp" \) -prune -o \( -name "config.xml" -o -name "build.xml" \) -type f -print 2> find: '//.jenkins': No such file or directory
2026-09-15 15:55:13 +0100 INF Collecting data for user systemd-timesync
2026-09-15 15:55:13 +0100 INF Skipping as home directory "/"/.jenkins has been collected already
2026-09-15 15:55:13 +0100 INF Collecting data for user uucp
2026-09-15 15:55:13 +0100 CMD find "/var/spool/uucp"/.jenkins \( -path "/sys" -o -path "/proc/sys/fs/binfmt_misc" -o -path "/root/uac-3.3.0" -o -path "/root/uac_output/uac-data.tmp" \) -prune -o \( -name "config.xml" -o -name "build.xml" \) -type f -print 2> find: '/var/spool/uucp/.jenkins': No such file or directory
2026-09-15 15:55:13 +0100 INF Collecting data for user www-data
2026-09-15 15:55:14 +0100 CMD find "/var/www"/.jenkins \( -path "/sys" -o -path "/proc/sys/fs/binfmt_misc" -o -path "/root/uac-3.3.0" -o -path "/root/uac_output/uac-data.tmp" \) -prune -o \( -name "config.xml" -o -name "build.xml" \) -type f -print 2> find: '/var/www/.jenkins': No such file or directory
2026-09-15 15:55:14 +0100 INF Parsing files/browsers/vivaldi.yaml
2026-09-15 15:55:14 +0100 INF Collecting data for user Tom
2026-09-15 15:55:14 +0100 CMD find "/home/Tom"/.config/vivaldi "/home/Tom"/.var/app/com.vivaldi.Vivaldi \( -path "/sys" -o -path "/proc/sys/fs/binfmt_misc" -o -path "/root/uac-3.3.0" -o -path "/root/uac_output/uac-data.tmp" \) -prune -o \( -name "Affiliation Database*" -o -name "Bookmarks*" -o -name "Cookies*" -o -name "DownloadMetadata" -o -name "Extension Cookies*" -o -name "Favicons*" -o -name "History*" -o -name "Login Data*" -o -name "Media History*" -o -name "Network Action Predictor*" -o -name "Network Persistent State" -o -name "Preferences" -o -name "QuotaManager*" -o -name "Reporting and NEL*" -o -name "SecurePreferences" -o -name "Shortcuts*" -o -name "SyncData.sqlite3" -o -name "Top Sites*" -o -name "Trust Tokens*" -o -name "Visited Links" -o -name "WebAssistDatabase*" -o -name "Web Data*" \) -print 2> find: '/home/Tom/.config/vivaldi': No such file or directory/nfind: '/home/Tom/.var/app/com.vivaldi.Vivaldi': No such file or directory
2026-09-15 15:55:14 +0100 INF Collecting data for user Tom
2026-09-15 15:55:14 +0100 CMD find "/root"/.config/vivaldi "/root"/.var/app/com.vivaldi.Vivaldi \( -path "/sys" -o -path "/proc/sys/fs/binfmt_misc" -o -path "/root/uac-3.3.0" -o -path "/root/uac_output/uac-data.tmp" \) -prune -o \( -name "Affiliation Database*" -o -name "Bookmarks*" -o -name "Cookies*" -o -name "DownloadMetadata" -o -name "Extension Cookies*" -o -name "Favicons*" -o -name "History*" -o -name "Login Data*" -o -name "Media History*" -o -name "Network Action Predictor*" -o -name "Network Persistent State" -o -name "Preferences" -o -name "QuotaManager*" -o -name "Reporting and NEL*" -o -name "SecurePreferences" -o -name "Shortcuts*" -o -name "SyncData.sqlite3" -o -name "Top Sites*" -o -name "Trust Tokens*" -o -name "Visited Links" -o -name "WebAssistDatabase*" -o -name "Web Data*" \) -print 2> find: '/root/.config/vivaldi': No such file or directory/nfind: '/root/.var/app/com.vivaldi.Vivaldi': No such file or directory
2026-09-15 15:55:14 +0100 INF Collecting data for user root
2026-09-15 15:55:14 +0100 INF Skipping as home directory "/root"/.config/vivaldi "/root"/.var/app/com.vivaldi.Vivaldi has been collected already
2026-09-15 15:55:14 +0100 INF Collecting data for user Tom
2026-09-15 15:55:14 +0100 CMD find "/home/Tom"/.config/vivaldi "/home/Tom"/.var/app/com.vivaldi.Vivaldi \( -path "/sys" -o -path "/proc/sys/fs/binfmt_misc" -o -path "/root/uac-3.3.0" -o -path "/root/uac_output/uac-data.tmp" \) -prune -o \( -name "Extensions" -o -name "File System" -o -name "IndexedDB" -o -name "Local Storage" -o -name "Sessions" \) -type d -print 2> find: '/home/Tom/.config/vivaldi': No such file or directory/nfind: '/home/Tom/.var/app/com.vivaldi.Vivaldi': No such file or directory
2026-09-15 15:55:14 +0100 INF Collecting data for user Tom
2026-09-15 15:55:14 +0100 CMD find "/root"/.config/vivaldi "/root"/.var/app/com.vivaldi.Vivaldi \( -path "/sys" -o -path "/proc/sys/fs/binfmt_misc" -o -path "/root/uac-3.3.0" -o -path "/root/uac_output/uac-data.tmp" \) -prune -o \( -name "Extensions" -o -name "File System" -o -name "IndexedDB" -o -name "Local Storage" -o -name "Sessions" \) -type d -print 2> find: '/root/.config/vivaldi': No such file or directory/nfind: '/root/.var/app/com.vivaldi.Vivaldi': No such file or directory
2026-09-15 15:55:14 +0100 INF Collecting data for user root
2026-09-15 15:55:14 +0100 INF Skipping as home directory "/root"/.config/vivaldi "/root"/.var/app/com.vivaldi.Vivaldi has been collected already
2026-09-15 15:55:14 +0100 INF Parsing files/browsers/brave.yaml
2026-09-15 15:55:14 +0100 INF Collecting data for user Tom
2026-09-15 15:55:14 +0100 CMD find "/home/Tom"/.config/BraveSoftware/Brave-Browser "/home/Tom"/.var/app/com.brave.Browser "/home/Tom"/snap/brave \( -path "/sys" -o -path "/proc/sys/fs/binfmt_misc" -o -path "/root/uac-3.3.0" -o -path "/root/uac_output/uac-data.tmp" \) -prune -o \( -name "Affiliation Database*" -o -name "Bookmarks*" -o -name "Cookies*" -o -name "DownloadMetadata" -o -name "Extension Cookies*" -o -name "Favicons*" -o -name "History*" -o -name "Login Data*" -o -name "Media History*" -o -name "Network Action Predictor*" -o -name "Network Persistent State" -o -name "Preferences" -o -name "QuotaManager*" -o -name "Reporting and NEL*" -o -name "SecurePreferences" -o -name "Shortcuts*" -o -name "SyncData.sqlite3" -o -name "Top Sites*" -o -name "Trust Tokens*" -o -name "Visited Links" -o -name "WebAssistDatabase*" -o -name "Web Data*" \) -print 2> find: '/home/Tom/.config/BraveSoftware/Brave-Browser': No such file or directory/nfind: '/home/Tom/.var/app/com.brave.Browser': No such file or directory/nfind: '/home/Tom/snap/brave': No such file or directory
2026-09-15 15:55:14 +0100 INF Collecting data for user Tom
2026-09-15 15:55:14 +0100 CMD find "/root"/.config/BraveSoftware/Brave-Browser "/root"/.var/app/com.brave.Browser "/root"/snap/brave \( -path "/sys" -o -path "/proc/sys/fs/binfmt_misc" -o -path "/root/uac-3.3.0" -o -path "/root/uac_output/uac-data.tmp" \) -prune -o \( -name "Affiliation Database*" -o -name "Bookmarks*" -o -name "Cookies*" -o -name "DownloadMetadata" -o -name "Extension Cookies*" -o -name "Favicons*" -o -name "History*" -o -name "Login Data*" -o -name "Media History*" -o -name "Network Action Predictor*" -o -name "Network Persistent State" -o -name "Preferences" -o -name "QuotaManager*" -o -name "Reporting and NEL*" -o -name "SecurePreferences" -o -name "Shortcuts*" -o -name "SyncData.sqlite3" -o -name "Top Sites*" -o -name "Trust Tokens*" -o -name "Visited Links" -o -name "WebAssistDatabase*" -o -name "Web Data*" \) -print 2> find: '/root/.config/BraveSoftware/Brave-Browser': No such file or directory/nfind: '/root/.var/app/com.brave.Browser': No such file or directory/nfind: '/root/snap/brave': No such file or directory
2026-09-15 15:55:14 +0100 INF Collecting data for user root
2026-09-15 15:55:14 +0100 INF Skipping as home directory "/root"/.config/BraveSoftware/Brave-Browser "/root"/.var/app/com.brave.Browser "/root"/snap/brave has been collected already
2026-09-15 15:55:14 +0100 INF Collecting data for user Tom
2026-09-15 15:55:14 +0100 CMD find "/home/Tom"/.config/BraveSoftware/Brave-Browser "/home/Tom"/.var/app/com.brave.Browser "/home/Tom"/snap/brave \( -path "/sys" -o -path "/proc/sys/fs/binfmt_misc" -o -path "/root/uac-3.3.0" -o -path "/root/uac_output/uac-data.tmp" \) -prune -o \( -name "Extensions" -o -name "File System" -o -name "IndexedDB" -o -name "Local Storage" -o -name "Sessions" \) -type d -print 2> find: '/home/Tom/.config/BraveSoftware/Brave-Browser': No such file or directory/nfind: '/home/Tom/.var/app/com.brave.Browser': No such file or directory/nfind: '/home/Tom/snap/brave': No such file or directory
2026-09-15 15:55:14 +0100 INF Collecting data for user Tom
2026-09-15 15:55:14 +0100 CMD find "/root"/.config/BraveSoftware/Brave-Browser "/root"/.var/app/com.brave.Browser "/root"/snap/brave \( -path "/sys" -o -path "/proc/sys/fs/binfmt_misc" -o -path "/root/uac-3.3.0" -o -path "/root/uac_output/uac-data.tmp" \) -prune -o \( -name "Extensions" -o -name "File System" -o -name "IndexedDB" -o -name "Local Storage" -o -name "Sessions" \) -type d -print 2> find: '/root/.config/BraveSoftware/Brave-Browser': No such file or directory/nfind: '/root/.var/app/com.brave.Browser': No such file or directory/nfind: '/root/snap/brave': No such file or directory
2026-09-15 15:55:14 +0100 INF Collecting data for user root
2026-09-15 15:55:14 +0100 INF Skipping as home directory "/root"/.config/BraveSoftware/Brave-Browser "/root"/.var/app/com.brave.Browser "/root"/snap/brave has been collected already
2026-09-15 15:55:14 +0100 INF Parsing files/browsers/edge.yaml
2026-09-15 15:55:14 +0100 INF Collecting data for user Tom
2026-09-15 15:55:14 +0100 CMD find "/home/Tom"/.config/microsoft-edge "/home/Tom"/.var/app/com.microsoft.Edge \( -path "/sys" -o -path "/proc/sys/fs/binfmt_misc" -o -path "/root/uac-3.3.0" -o -path "/root/uac_output/uac-data.tmp" \) -prune -o \( -name "Affiliation Database*" -o -name "Bookmarks*" -o -name "Cookies*" -o -name "DownloadMetadata" -o -name "Extension Cookies*" -o -name "Favicons*" -o -name "History*" -o -name "Login Data*" -o -name "Media History*" -o -name "Network Action Predictor*" -o -name "Network Persistent State" -o -name "Preferences" -o -name "QuotaManager*" -o -name "Reporting and NEL*" -o -name "SecurePreferences" -o -name "Shortcuts*" -o -name "SyncData.sqlite3" -o -name "Top Sites*" -o -name "Trust Tokens*" -o -name "Visited Links" -o -name "WebAssistDatabase*" -o -name "Web Data*" \) -print 2> find: '/home/Tom/.config/microsoft-edge': No such file or directory/nfind: '/home/Tom/.var/app/com.microsoft.Edge': No such file or directory
2026-09-15 15:55:14 +0100 INF Collecting data for user Tom
2026-09-15 15:55:14 +0100 CMD find "/root"/.config/microsoft-edge "/root"/.var/app/com.microsoft.Edge \( -path "/sys" -o -path "/proc/sys/fs/binfmt_misc" -o -path "/root/uac-3.3.0" -o -path "/root/uac_output/uac-data.tmp" \) -prune -o \( -name "Affiliation Database*" -o -name "Bookmarks*" -o -name "Cookies*" -o -name "DownloadMetadata" -o -name "Extension Cookies*" -o -name "Favicons*" -o -name "History*" -o -name "Login Data*" -o -name "Media History*" -o -name "Network Action Predictor*" -o -name "Network Persistent State" -o -name "Preferences" -o -name "QuotaManager*" -o -name "Reporting and NEL*" -o -name "SecurePreferences" -o -name "Shortcuts*" -o -name "SyncData.sqlite3" -o -name "Top Sites*" -o -name "Trust Tokens*" -o -name "Visited Links" -o -name "WebAssistDatabase*" -o -name "Web Data*" \) -print 2> find: '/root/.config/microsoft-edge': No such file or directory/nfind: '/root/.var/app/com.microsoft.Edge': No such file or directory
2026-09-15 15:55:14 +0100 INF Collecting data for user root
2026-09-15 15:55:14 +0100 INF Skipping as home directory "/root"/.config/microsoft-edge "/root"/.var/app/com.microsoft.Edge has been collected already
2026-09-15 15:55:14 +0100 INF Collecting data for user Tom
2026-09-15 15:55:14 +0100 CMD find "/home/Tom"/.config/microsoft-edge "/home/Tom"/.var/app/com.microsoft.Edge \( -path "/sys" -o -path "/proc/sys/fs/binfmt_misc" -o -path "/root/uac-3.3.0" -o -path "/root/uac_output/uac-data.tmp" \) -prune -o \( -name "Extensions" -o -name "File System" -o -name "IndexedDB" -o -name "Local Storage" -o -name "Sessions" \) -type d -print 2> find: '/home/Tom/.config/microsoft-edge': No such file or directory/nfind: '/home/Tom/.var/app/com.microsoft.Edge': No such file or directory
2026-09-15 15:55:14 +0100 INF Collecting data for user Tom
2026-09-15 15:55:14 +0100 CMD find "/root"/.config/microsoft-edge "/root"/.var/app/com.microsoft.Edge \( -path "/sys" -o -path "/proc/sys/fs/binfmt_misc" -o -path "/root/uac-3.3.0" -o -path "/root/uac_output/uac-data.tmp" \) -prune -o \( -name "Extensions" -o -name "File System" -o -name "IndexedDB" -o -name "Local Storage" -o -name "Sessions" \) -type d -print 2> find: '/root/.config/microsoft-edge': No such file or directory/nfind: '/root/.var/app/com.microsoft.Edge': No such file or directory
2026-09-15 15:55:14 +0100 INF Collecting data for user root
2026-09-15 15:55:14 +0100 INF Skipping as home directory "/root"/.config/microsoft-edge "/root"/.var/app/com.microsoft.Edge has been collected already
2026-09-15 15:55:14 +0100 INF Parsing files/browsers/opera.yaml
2026-09-15 15:55:14 +0100 INF Collecting data for user Tom
2026-09-15 15:55:14 +0100 CMD find "/home/Tom"/.config/opera "/home/Tom"/.var/app/com.opera.Opera "/home/Tom"/snap/opera \( -path "/sys" -o -path "/proc/sys/fs/binfmt_misc" -o -path "/root/uac-3.3.0" -o -path "/root/uac_output/uac-data.tmp" \) -prune -o \( -name "Affiliation Database*" -o -name "Bookmarks*" -o -name "Cookies*" -o -name "DownloadMetadata" -o -name "Extension Cookies*" -o -name "Favicons*" -o -name "History*" -o -name "Login Data*" -o -name "Media History*" -o -name "Network Action Predictor*" -o -name "Network Persistent State" -o -name "Preferences" -o -name "QuotaManager*" -o -name "Reporting and NEL*" -o -name "SecurePreferences" -o -name "Shortcuts*" -o -name "SyncData.sqlite3" -o -name "Top Sites*" -o -name "Trust Tokens*" -o -name "Visited Links" -o -name "WebAssistDatabase*" -o -name "Web Data*" \) -print 2> find: '/home/Tom/.config/opera': No such file or directory/nfind: '/home/Tom/.var/app/com.opera.Opera': No such file or directory/nfind: '/home/Tom/snap/opera': No such file or directory
2026-09-15 15:55:14 +0100 INF Collecting data for user Tom
2026-09-15 15:55:14 +0100 CMD find "/root"/.config/opera "/root"/.var/app/com.opera.Opera "/root"/snap/opera \( -path "/sys" -o -path "/proc/sys/fs/binfmt_misc" -o -path "/root/uac-3.3.0" -o -path "/root/uac_output/uac-data.tmp" \) -prune -o \( -name "Affiliation Database*" -o -name "Bookmarks*" -o -name "Cookies*" -o -name "DownloadMetadata" -o -name "Extension Cookies*" -o -name "Favicons*" -o -name "History*" -o -name "Login Data*" -o -name "Media History*" -o -name "Network Action Predictor*" -o -name "Network Persistent State" -o -name "Preferences" -o -name "QuotaManager*" -o -name "Reporting and NEL*" -o -name "SecurePreferences" -o -name "Shortcuts*" -o -name "SyncData.sqlite3" -o -name "Top Sites*" -o -name "Trust Tokens*" -o -name "Visited Links" -o -name "WebAssistDatabase*" -o -name "Web Data*" \) -print 2> find: '/root/.config/opera': No such file or directory/nfind: '/root/.var/app/com.opera.Opera': No such file or directory/nfind: '/root/snap/opera': No such file or directory
2026-09-15 15:55:14 +0100 INF Collecting data for user root
2026-09-15 15:55:14 +0100 INF Skipping as home directory "/root"/.config/opera "/root"/.var/app/com.opera.Opera "/root"/snap/opera has been collected already
2026-09-15 15:55:15 +0100 INF Collecting data for user Tom
2026-09-15 15:55:15 +0100 CMD find "/home/Tom"/.config/opera "/home/Tom"/.var/app/com.opera.Opera "/home/Tom"/snap/opera \( -path "/sys" -o -path "/proc/sys/fs/binfmt_misc" -o -path "/root/uac-3.3.0" -o -path "/root/uac_output/uac-data.tmp" \) -prune -o \( -name "Extensions" -o -name "File System" -o -name "IndexedDB" -o -name "Local Storage" -o -name "Sessions" \) -type d -print 2> find: '/home/Tom/.config/opera': No such file or directory/nfind: '/home/Tom/.var/app/com.opera.Opera': No such file or directory/nfind: '/home/Tom/snap/opera': No such file or directory
2026-09-15 15:55:15 +0100 INF Collecting data for user Tom
2026-09-15 15:55:15 +0100 CMD find "/root"/.config/opera "/root"/.var/app/com.opera.Opera "/root"/snap/opera \( -path "/sys" -o -path "/proc/sys/fs/binfmt_misc" -o -path "/root/uac-3.3.0" -o -path "/root/uac_output/uac-data.tmp" \) -prune -o \( -name "Extensions" -o -name "File System" -o -name "IndexedDB" -o -name "Local Storage" -o -name "Sessions" \) -type d -print 2> find: '/root/.config/opera': No such file or directory/nfind: '/root/.var/app/com.opera.Opera': No such file or directory/nfind: '/root/snap/opera': No such file or directory
2026-09-15 15:55:15 +0100 INF Collecting data for user root
2026-09-15 15:55:15 +0100 INF Skipping as home directory "/root"/.config/opera "/root"/.var/app/com.opera.Opera "/root"/snap/opera has been collected already
2026-09-15 15:55:15 +0100 INF Parsing files/browsers/chromium.yaml
2026-09-15 15:55:15 +0100 INF Collecting data for user Tom
2026-09-15 15:55:15 +0100 CMD find "/home/Tom"/.var/app/org.chromium.Chromium "/home/Tom"/snap/chromium \( -path "/sys" -o -path "/proc/sys/fs/binfmt_misc" -o -path "/root/uac-3.3.0" -o -path "/root/uac_output/uac-data.tmp" \) -prune -o \( -name "Affiliation Database*" -o -name "Bookmarks*" -o -name "Cookies*" -o -name "DownloadMetadata" -o -name "Extension Cookies*" -o -name "Favicons*" -o -name "History*" -o -name "Login Data*" -o -name "Media History*" -o -name "Network Action Predictor*" -o -name "Network Persistent State" -o -name "Preferences" -o -name "QuotaManager*" -o -name "Reporting and NEL*" -o -name "SecurePreferences" -o -name "Shortcuts*" -o -name "SyncData.sqlite3" -o -name "Top Sites*" -o -name "Trust Tokens*" -o -name "Visited Links" -o -name "WebAssistDatabase*" -o -name "Web Data*" \) -print 2> find: '/home/Tom/.var/app/org.chromium.Chromium': No such file or directory/nfind: '/home/Tom/snap/chromium': No such file or directory
2026-09-15 15:55:15 +0100 INF Collecting data for user Tom
2026-09-15 15:55:15 +0100 CMD find "/root"/.var/app/org.chromium.Chromium "/root"/snap/chromium \( -path "/sys" -o -path "/proc/sys/fs/binfmt_misc" -o -path "/root/uac-3.3.0" -o -path "/root/uac_output/uac-data.tmp" \) -prune -o \( -name "Affiliation Database*" -o -name "Bookmarks*" -o -name "Cookies*" -o -name "DownloadMetadata" -o -name "Extension Cookies*" -o -name "Favicons*" -o -name "History*" -o -name "Login Data*" -o -name "Media History*" -o -name "Network Action Predictor*" -o -name "Network Persistent State" -o -name "Preferences" -o -name "QuotaManager*" -o -name "Reporting and NEL*" -o -name "SecurePreferences" -o -name "Shortcuts*" -o -name "SyncData.sqlite3" -o -name "Top Sites*" -o -name "Trust Tokens*" -o -name "Visited Links" -o -name "WebAssistDatabase*" -o -name "Web Data*" \) -print 2> find: '/root/.var/app/org.chromium.Chromium': No such file or directory/nfind: '/root/snap/chromium': No such file or directory
2026-09-15 15:55:15 +0100 INF Collecting data for user root
2026-09-15 15:55:15 +0100 INF Skipping as home directory "/root"/.var/app/org.chromium.Chromium "/root"/snap/chromium has been collected already
2026-09-15 15:55:15 +0100 INF Collecting data for user Tom
2026-09-15 15:55:15 +0100 CMD find "/home/Tom"/.var/app/org.chromium.Chromium "/home/Tom"/snap/chromium \( -path "/sys" -o -path "/proc/sys/fs/binfmt_misc" -o -path "/root/uac-3.3.0" -o -path "/root/uac_output/uac-data.tmp" \) -prune -o \( -name "Extensions" -o -name "File System" -o -name "IndexedDB" -o -name "Local Storage" -o -name "Sessions" \) -type d -print 2> find: '/home/Tom/.var/app/org.chromium.Chromium': No such file or directory/nfind: '/home/Tom/snap/chromium': No such file or directory
2026-09-15 15:55:15 +0100 INF Collecting data for user Tom
2026-09-15 15:55:15 +0100 CMD find "/root"/.var/app/org.chromium.Chromium "/root"/snap/chromium \( -path "/sys" -o -path "/proc/sys/fs/binfmt_misc" -o -path "/root/uac-3.3.0" -o -path "/root/uac_output/uac-data.tmp" \) -prune -o \( -name "Extensions" -o -name "File System" -o -name "IndexedDB" -o -name "Local Storage" -o -name "Sessions" \) -type d -print 2> find: '/root/.var/app/org.chromium.Chromium': No such file or directory/nfind: '/root/snap/chromium': No such file or directory
2026-09-15 15:55:15 +0100 INF Collecting data for user root
2026-09-15 15:55:15 +0100 INF Skipping as home directory "/root"/.var/app/org.chromium.Chromium "/root"/snap/chromium has been collected already
2026-09-15 15:55:15 +0100 INF Parsing files/browsers/konqueror.yaml
2026-09-15 15:55:15 +0100 INF Collecting data for user Tom
2026-09-15 15:55:15 +0100 CMD find "/home/Tom"/.local/share/konqueror \( -path "/sys" -o -path "/proc/sys/fs/binfmt_misc" -o -path "/root/uac-3.3.0" -o -path "/root/uac_output/uac-data.tmp" \) -prune -o \( -name "bookmarks.xml" -o -name "closeditems_saved" -o -name "cookies*" -o -name "extensions*" -o -name "konq_history*" -o -name "Network Persistent State" -o -name "user_prefs.json" -o -name "Visited Links" \) -print 2> find: '/home/Tom/.local/share/konqueror': No such file or directory
2026-09-15 15:55:15 +0100 INF Collecting data for user Tom
2026-09-15 15:55:15 +0100 CMD find "/root"/.local/share/konqueror \( -path "/sys" -o -path "/proc/sys/fs/binfmt_misc" -o -path "/root/uac-3.3.0" -o -path "/root/uac_output/uac-data.tmp" \) -prune -o \( -name "bookmarks.xml" -o -name "closeditems_saved" -o -name "cookies*" -o -name "extensions*" -o -name "konq_history*" -o -name "Network Persistent State" -o -name "user_prefs.json" -o -name "Visited Links" \) -print 2> find: '/root/.local/share/konqueror': No such file or directory
2026-09-15 15:55:15 +0100 INF Collecting data for user root
2026-09-15 15:55:15 +0100 INF Skipping as home directory "/root"/.local/share/konqueror has been collected already
2026-09-15 15:55:15 +0100 INF Collecting data for user Tom
2026-09-15 15:55:15 +0100 CMD find "/home/Tom"/.local/share/konqueror \( -path "/sys" -o -path "/proc/sys/fs/binfmt_misc" -o -path "/root/uac-3.3.0" -o -path "/root/uac_output/uac-data.tmp" \) -prune -o \( -name "Local Storage" -o -name "Session Storage" -o -name "sessions" \) -type d -print 2> find: '/home/Tom/.local/share/konqueror': No such file or directory
2026-09-15 15:55:15 +0100 INF Collecting data for user Tom
2026-09-15 15:55:15 +0100 CMD find "/root"/.local/share/konqueror \( -path "/sys" -o -path "/proc/sys/fs/binfmt_misc" -o -path "/root/uac-3.3.0" -o -path "/root/uac_output/uac-data.tmp" \) -prune -o \( -name "Local Storage" -o -name "Session Storage" -o -name "sessions" \) -type d -print 2> find: '/root/.local/share/konqueror': No such file or directory
2026-09-15 15:55:15 +0100 INF Collecting data for user root
2026-09-15 15:55:15 +0100 INF Skipping as home directory "/root"/.local/share/konqueror has been collected already
2026-09-15 15:55:15 +0100 INF Collecting data for user Tom
2026-09-15 15:55:15 +0100 CMD find "/home/Tom"/.kde/share/apps/konqueror \( -path "/sys" -o -path "/proc/sys/fs/binfmt_misc" -o -path "/root/uac-3.3.0" -o -path "/root/uac_output/uac-data.tmp" \) -prune -o \( -name "addons.*" -o -name "bookmarks.xml" -o -name "cookies*" -o -name "konq_history*" -o -name "extensions*" \) -print 2> find: '/home/Tom/.kde/share/apps/konqueror': No such file or directory
2026-09-15 15:55:15 +0100 INF Collecting data for user Tom
2026-09-15 15:55:15 +0100 CMD find "/root"/.kde/share/apps/konqueror \( -path "/sys" -o -path "/proc/sys/fs/binfmt_misc" -o -path "/root/uac-3.3.0" -o -path "/root/uac_output/uac-data.tmp" \) -prune -o \( -name "addons.*" -o -name "bookmarks.xml" -o -name "cookies*" -o -name "konq_history*" -o -name "extensions*" \) -print 2> find: '/root/.kde/share/apps/konqueror': No such file or directory
2026-09-15 15:55:15 +0100 INF Collecting data for user root
2026-09-15 15:55:15 +0100 INF Skipping as home directory "/root"/.kde/share/apps/konqueror has been collected already
2026-09-15 15:55:15 +0100 INF Collecting data for user Tom
2026-09-15 15:55:15 +0100 CMD find "/home/Tom"/.kde/share/apps/konqueror \( -path "/sys" -o -path "/proc/sys/fs/binfmt_misc" -o -path "/root/uac-3.3.0" -o -path "/root/uac_output/uac-data.tmp" \) -prune -o \( -name "bookmarkbackups" -o -name "sessionstore*" \) -type d -print 2> find: '/home/Tom/.kde/share/apps/konqueror': No such file or directory
2026-09-15 15:55:15 +0100 INF Collecting data for user Tom
2026-09-15 15:55:15 +0100 CMD find "/root"/.kde/share/apps/konqueror \( -path "/sys" -o -path "/proc/sys/fs/binfmt_misc" -o -path "/root/uac-3.3.0" -o -path "/root/uac_output/uac-data.tmp" \) -prune -o \( -name "bookmarkbackups" -o -name "sessionstore*" \) -type d -print 2> find: '/root/.kde/share/apps/konqueror': No such file or directory
2026-09-15 15:55:15 +0100 INF Collecting data for user root
2026-09-15 15:55:15 +0100 INF Skipping as home directory "/root"/.kde/share/apps/konqueror has been collected already
2026-09-15 15:55:15 +0100 INF Collecting data for user Tom
2026-09-15 15:55:15 +0100 CMD find "/home/Tom"/.kde/share/apps/kcookiejar \( -path "/sys" -o -path "/proc/sys/fs/binfmt_misc" -o -path "/root/uac-3.3.0" -o -path "/root/uac_output/uac-data.tmp" \) -prune -o -print 2> find: '/home/Tom/.kde/share/apps/kcookiejar': No such file or directory
2026-09-15 15:55:15 +0100 INF Collecting data for user Tom
2026-09-15 15:55:15 +0100 CMD find "/root"/.kde/share/apps/kcookiejar \( -path "/sys" -o -path "/proc/sys/fs/binfmt_misc" -o -path "/root/uac-3.3.0" -o -path "/root/uac_output/uac-data.tmp" \) -prune -o -print 2> find: '/root/.kde/share/apps/kcookiejar': No such file or directory
2026-09-15 15:55:15 +0100 INF Collecting data for user root
2026-09-15 15:55:15 +0100 INF Skipping as home directory "/root"/.kde/share/apps/kcookiejar has been collected already
2026-09-15 15:55:16 +0100 INF Collecting data for user Tom
2026-09-15 15:55:16 +0100 CMD find "/home/Tom"/.kde/share/config/konquerorrc \( -path "/sys" -o -path "/proc/sys/fs/binfmt_misc" -o -path "/root/uac-3.3.0" -o -path "/root/uac_output/uac-data.tmp" \) -prune -o -print 2> find: '/home/Tom/.kde/share/config/konquerorrc': No such file or directory
2026-09-15 15:55:16 +0100 INF Collecting data for user Tom
2026-09-15 15:55:16 +0100 CMD find "/root"/.kde/share/config/konquerorrc \( -path "/sys" -o -path "/proc/sys/fs/binfmt_misc" -o -path "/root/uac-3.3.0" -o -path "/root/uac_output/uac-data.tmp" \) -prune -o -print 2> find: '/root/.kde/share/config/konquerorrc': No such file or directory
2026-09-15 15:55:16 +0100 INF Collecting data for user root
2026-09-15 15:55:16 +0100 INF Skipping as home directory "/root"/.kde/share/config/konquerorrc has been collected already
2026-09-15 15:55:16 +0100 INF Parsing files/browsers/firefox.yaml
2026-09-15 15:55:16 +0100 INF Collecting data for user Tom
2026-09-15 15:55:16 +0100 CMD find "/home/Tom"/.mozilla/firefox \( -path "/sys" -o -path "/proc/sys/fs/binfmt_misc" -o -path "/root/uac-3.3.0" -o -path "/root/uac_output/uac-data.tmp" \) -prune -o \( -name "addons.*" -o -name "bookmarks.sqlite*" -o -name "cookies.sqlite*" -o -name "downloads.rdf" -o -name "downloads.sqlite*" -o -name "extensions.json" -o -name "favicons.sqlite*" -o -name "firefox_cookies.sqlite*" -o -name "formhistory.sqlite*" -o -name "key*.db" -o -name "logins.json" -o -name "permissions.sqlite*" -o -name "places.sqlite*" -o -name "prefs.js" -o -name "protections.sqlite*" -o -name "search.sqlite*" -o -name "signon*.*" -o -name "signons.sqlite*" -o -name "storage-sync*.sqlite*" -o -name "webappstore.sqlite*" \) -print 2> find: '/home/Tom/.mozilla/firefox': No such file or directory
2026-09-15 15:55:16 +0100 INF Collecting data for user Tom
2026-09-15 15:55:16 +0100 CMD find "/root"/.mozilla/firefox \( -path "/sys" -o -path "/proc/sys/fs/binfmt_misc" -o -path "/root/uac-3.3.0" -o -path "/root/uac_output/uac-data.tmp" \) -prune -o \( -name "addons.*" -o -name "bookmarks.sqlite*" -o -name "cookies.sqlite*" -o -name "downloads.rdf" -o -name "downloads.sqlite*" -o -name "extensions.json" -o -name "favicons.sqlite*" -o -name "firefox_cookies.sqlite*" -o -name "formhistory.sqlite*" -o -name "key*.db" -o -name "logins.json" -o -name "permissions.sqlite*" -o -name "places.sqlite*" -o -name "prefs.js" -o -name "protections.sqlite*" -o -name "search.sqlite*" -o -name "signon*.*" -o -name "signons.sqlite*" -o -name "storage-sync*.sqlite*" -o -name "webappstore.sqlite*" \) -print 2> find: '/root/.mozilla/firefox': No such file or directory
2026-09-15 15:55:16 +0100 INF Collecting data for user root
2026-09-15 15:55:16 +0100 INF Skipping as home directory "/root"/.mozilla/firefox has been collected already
2026-09-15 15:55:16 +0100 INF Collecting data for user Tom
2026-09-15 15:55:16 +0100 CMD find "/home/Tom"/.mozilla/firefox \( -path "/sys" -o -path "/proc/sys/fs/binfmt_misc" -o -path "/root/uac-3.3.0" -o -path "/root/uac_output/uac-data.tmp" \) -prune -o \( -name "bookmarkbackups" -o -name "sessionstore*" \) -type d -print 2> find: '/home/Tom/.mozilla/firefox': No such file or directory
2026-09-15 15:55:16 +0100 INF Collecting data for user Tom
2026-09-15 15:55:16 +0100 CMD find "/root"/.mozilla/firefox \( -path "/sys" -o -path "/proc/sys/fs/binfmt_misc" -o -path "/root/uac-3.3.0" -o -path "/root/uac_output/uac-data.tmp" \) -prune -o \( -name "bookmarkbackups" -o -name "sessionstore*" \) -type d -print 2> find: '/root/.mozilla/firefox': No such file or directory
2026-09-15 15:55:16 +0100 INF Collecting data for user root
2026-09-15 15:55:16 +0100 INF Skipping as home directory "/root"/.mozilla/firefox has been collected already
2026-09-15 15:55:16 +0100 INF Collecting data for user Tom
2026-09-15 15:55:16 +0100 CMD find "/home/Tom"/.var/app/org.mozilla.firefox "/home/Tom"/snap/firefox \( -path "/sys" -o -path "/proc/sys/fs/binfmt_misc" -o -path "/root/uac-3.3.0" -o -path "/root/uac_output/uac-data.tmp" \) -prune -o \( -name "addons.*" -o -name "bookmarks.sqlite*" -o -name "cookies.sqlite*" -o -name "downloads.sqlite*" -o -name "extensions.json" -o -name "favicons.sqlite*" -o -name "firefox_cookies.sqlite*" -o -name "formhistory.sqlite*" -o -name "key*.db" -o -name "logins.json" -o -name "permissions.sqlite*" -o -name "places.sqlite*" -o -name "prefs.js" -o -name "protections.sqlite*" -o -name "search.sqlite*" -o -name "signon*.*" -o -name "signons.sqlite*" -o -name "storage-sync*.sqlite*" -o -name "webappstore.sqlite*" \) -print 2> find: '/home/Tom/.var/app/org.mozilla.firefox': No such file or directory/nfind: '/home/Tom/snap/firefox': No such file or directory
2026-09-15 15:55:16 +0100 INF Collecting data for user Tom
2026-09-15 15:55:16 +0100 CMD find "/root"/.var/app/org.mozilla.firefox "/root"/snap/firefox \( -path "/sys" -o -path "/proc/sys/fs/binfmt_misc" -o -path "/root/uac-3.3.0" -o -path "/root/uac_output/uac-data.tmp" \) -prune -o \( -name "addons.*" -o -name "bookmarks.sqlite*" -o -name "cookies.sqlite*" -o -name "downloads.sqlite*" -o -name "extensions.json" -o -name "favicons.sqlite*" -o -name "firefox_cookies.sqlite*" -o -name "formhistory.sqlite*" -o -name "key*.db" -o -name "logins.json" -o -name "permissions.sqlite*" -o -name "places.sqlite*" -o -name "prefs.js" -o -name "protections.sqlite*" -o -name "search.sqlite*" -o -name "signon*.*" -o -name "signons.sqlite*" -o -name "storage-sync*.sqlite*" -o -name "webappstore.sqlite*" \) -print 2> find: '/root/.var/app/org.mozilla.firefox': No such file or directory/nfind: '/root/snap/firefox': No such file or directory
2026-09-15 15:55:16 +0100 INF Collecting data for user root
2026-09-15 15:55:16 +0100 INF Skipping as home directory "/root"/.var/app/org.mozilla.firefox "/root"/snap/firefox has been collected already
2026-09-15 15:55:16 +0100 INF Collecting data for user Tom
2026-09-15 15:55:16 +0100 CMD find "/home/Tom"/.var/app/org.mozilla.firefox "/home/Tom"/snap/firefox \( -path "/sys" -o -path "/proc/sys/fs/binfmt_misc" -o -path "/root/uac-3.3.0" -o -path "/root/uac_output/uac-data.tmp" \) -prune -o \( -name "bookmarkbackups" -o -name "sessionstore*" \) -type d -print 2> find: '/home/Tom/.var/app/org.mozilla.firefox': No such file or directory/nfind: '/home/Tom/snap/firefox': No such file or directory
2026-09-15 15:55:16 +0100 INF Collecting data for user Tom
2026-09-15 15:55:16 +0100 CMD find "/root"/.var/app/org.mozilla.firefox "/root"/snap/firefox \( -path "/sys" -o -path "/proc/sys/fs/binfmt_misc" -o -path "/root/uac-3.3.0" -o -path "/root/uac_output/uac-data.tmp" \) -prune -o \( -name "bookmarkbackups" -o -name "sessionstore*" \) -type d -print 2> find: '/root/.var/app/org.mozilla.firefox': No such file or directory/nfind: '/root/snap/firefox': No such file or directory
2026-09-15 15:55:16 +0100 INF Collecting data for user root
2026-09-15 15:55:16 +0100 INF Skipping as home directory "/root"/.var/app/org.mozilla.firefox "/root"/snap/firefox has been collected already
2026-09-15 15:55:16 +0100 INF Parsing files/browsers/chrome.yaml
2026-09-15 15:55:16 +0100 INF Collecting data for user Tom
2026-09-15 15:55:16 +0100 CMD find "/home/Tom"/.config/google-chrome "/home/Tom"/.var/app/com.google.Chrome \( -path "/sys" -o -path "/proc/sys/fs/binfmt_misc" -o -path "/root/uac-3.3.0" -o -path "/root/uac_output/uac-data.tmp" \) -prune -o \( -name "Affiliation Database*" -o -name "Bookmarks*" -o -name "Cookies*" -o -name "DownloadMetadata" -o -name "Extension Cookies*" -o -name "Favicons*" -o -name "History*" -o -name "Login Data*" -o -name "Media History*" -o -name "Network Action Predictor*" -o -name "Network Persistent State" -o -name "Preferences" -o -name "QuotaManager*" -o -name "Reporting and NEL*" -o -name "SecurePreferences" -o -name "Shortcuts*" -o -name "SyncData.sqlite3" -o -name "Top Sites*" -o -name "Trust Tokens*" -o -name "Visited Links" -o -name "WebAssistDatabase*" -o -name "Web Data*" \) -print 2> find: '/home/Tom/.config/google-chrome': No such file or directory/nfind: '/home/Tom/.var/app/com.google.Chrome': No such file or directory
2026-09-15 15:55:16 +0100 INF Collecting data for user Tom
2026-09-15 15:55:16 +0100 CMD find "/root"/.config/google-chrome "/root"/.var/app/com.google.Chrome \( -path "/sys" -o -path "/proc/sys/fs/binfmt_misc" -o -path "/root/uac-3.3.0" -o -path "/root/uac_output/uac-data.tmp" \) -prune -o \( -name "Affiliation Database*" -o -name "Bookmarks*" -o -name "Cookies*" -o -name "DownloadMetadata" -o -name "Extension Cookies*" -o -name "Favicons*" -o -name "History*" -o -name "Login Data*" -o -name "Media History*" -o -name "Network Action Predictor*" -o -name "Network Persistent State" -o -name "Preferences" -o -name "QuotaManager*" -o -name "Reporting and NEL*" -o -name "SecurePreferences" -o -name "Shortcuts*" -o -name "SyncData.sqlite3" -o -name "Top Sites*" -o -name "Trust Tokens*" -o -name "Visited Links" -o -name "WebAssistDatabase*" -o -name "Web Data*" \) -print 2> find: '/root/.config/google-chrome': No such file or directory/nfind: '/root/.var/app/com.google.Chrome': No such file or directory
2026-09-15 15:55:16 +0100 INF Collecting data for user root
2026-09-15 15:55:16 +0100 INF Skipping as home directory "/root"/.config/google-chrome "/root"/.var/app/com.google.Chrome has been collected already
2026-09-15 15:55:16 +0100 INF Collecting data for user Tom
2026-09-15 15:55:16 +0100 CMD find "/home/Tom"/.config/google-chrome "/home/Tom"/.var/app/com.google.Chrome \( -path "/sys" -o -path "/proc/sys/fs/binfmt_misc" -o -path "/root/uac-3.3.0" -o -path "/root/uac_output/uac-data.tmp" \) -prune -o \( -name "Extensions" -o -name "File System" -o -name "IndexedDB" -o -name "Local Storage" -o -name "Sessions" \) -type d -print 2> find: '/home/Tom/.config/google-chrome': No such file or directory/nfind: '/home/Tom/.var/app/com.google.Chrome': No such file or directory
2026-09-15 15:55:16 +0100 INF Collecting data for user Tom
2026-09-15 15:55:16 +0100 CMD find "/root"/.config/google-chrome "/root"/.var/app/com.google.Chrome \( -path "/sys" -o -path "/proc/sys/fs/binfmt_misc" -o -path "/root/uac-3.3.0" -o -path "/root/uac_output/uac-data.tmp" \) -prune -o \( -name "Extensions" -o -name "File System" -o -name "IndexedDB" -o -name "Local Storage" -o -name "Sessions" \) -type d -print 2> find: '/root/.config/google-chrome': No such file or directory/nfind: '/root/.var/app/com.google.Chrome': No such file or directory
2026-09-15 15:55:16 +0100 INF Collecting data for user root
2026-09-15 15:55:16 +0100 INF Skipping as home directory "/root"/.config/google-chrome "/root"/.var/app/com.google.Chrome has been collected already
2026-09-15 15:55:16 +0100 INF Parsing files/logs/nginx.yaml
2026-09-15 15:55:16 +0100 CMD find /var/log \( -path "/sys" -o -path "/proc/sys/fs/binfmt_misc" -o -path "/root/uac-3.3.0" -o -path "/root/uac_output/uac-data.tmp" \) -prune -o \( -name "*access_log*" -o -name "*access.log*" -o -name "*error_log*" -o -name "*error.log*" \) \( -type f -o -type l \) -size -1073741824c -print
2026-09-15 15:55:16 +0100 CMD find /var/log/nginx \( -path "/sys" -o -path "/proc/sys/fs/binfmt_misc" -o -path "/root/uac-3.3.0" -o -path "/root/uac_output/uac-data.tmp" \) -prune -o \( -type f -o -type l \) -size -1073741824c -print 2> find: '/var/log/nginx': No such file or directory
2026-09-15 15:55:16 +0100 INF Parsing files/logs/apache.yaml
2026-09-15 15:55:17 +0100 CMD find /var/log \( -path "/sys" -o -path "/proc/sys/fs/binfmt_misc" -o -path "/root/uac-3.3.0" -o -path "/root/uac_output/uac-data.tmp" \) -prune -o \( -name "access_log*" -o -name "access.log*" -o -name "error_log*" -o -name "error.log*" \) \( -type f -o -type l \) -size -1073741824c -print
2026-09-15 15:55:17 +0100 CMD find /var/log/apache /var/log/apache2 /var/log/httpd \( -path "/sys" -o -path "/proc/sys/fs/binfmt_misc" -o -path "/root/uac-3.3.0" -o -path "/root/uac_output/uac-data.tmp" \) -prune -o \( -type f -o -type l \) -size -1073741824c -print 2> find: '/var/log/apache': No such file or directory/nfind: '/var/log/apache2': No such file or directory/nfind: '/var/log/httpd': No such file or directory
2026-09-15 15:55:17 +0100 INF Parsing files/logs/journal.yaml
2026-09-15 15:55:17 +0100 CMD find /var/log \( -path "/sys" -o -path "/proc/sys/fs/binfmt_misc" -o -path "/root/uac-3.3.0" -o -path "/root/uac_output/uac-data.tmp" \) -prune -o \( -name "*.journal" -o -name "*.journal~" \) -print
2026-09-15 15:55:17 +0100 INF Parsing files/logs/tomcat.yaml
2026-09-15 15:55:17 +0100 CMD find /var/log/tomcat* \( -path "/sys" -o -path "/proc/sys/fs/binfmt_misc" -o -path "/root/uac-3.3.0" -o -path "/root/uac_output/uac-data.tmp" \) -prune -o \( -name "access_log*" -o -name "error_log*" -o -name "httpd-access.log*" -o -name "httpd-error.log*" -o -name "catalina.out" \) \( -type f -o -type l \) -size -1073741824c -print 2> find: '/var/log/tomcat*': No such file or directory
2026-09-15 15:55:17 +0100 CMD if [ -d "${CATALINA_BASE:-}" ]; then true; else false; fi
2026-09-15 15:55:17 +0100 INF Condition 'if [ -d "${CATALINA_BASE:-}" ]; then true; else false; fi' not satisfied. Skipping...
2026-09-15 15:55:17 +0100 CMD if [ -d "${CATALINA_HOME:-}" ]; then true; else false; fi
2026-09-15 15:55:17 +0100 INF Condition 'if [ -d "${CATALINA_HOME:-}" ]; then true; else false; fi' not satisfied. Skipping...
2026-09-15 15:55:17 +0100 INF Parsing files/logs/advanced_log_search.yaml
2026-09-15 15:55:17 +0100 CMD find / \( -path "/dev" -o -path "/proc" -o -path "/run" -o -path "/sys" -o -path "/sys" -o -path "/proc/sys/fs/binfmt_misc" -o -path "/root/uac-3.3.0" -o -path "/root/uac_output/uac-data.tmp" \) -prune -o \( -name "*.[Ll][Oo][Gg]" -o -name "*.[Ll][Oo][Gg].*" -o -name "[Ll][Oo][Gg]" -o -name "[Ll][Oo][Gg][Ss]" \) \( -type f -o -type l \) -size -1073741824c -print
2026-09-15 15:55:17 +0100 INF Parsing files/logs/var_log.yaml
2026-09-15 15:55:17 +0100 CMD find /var/log \( -path "/sys" -o -path "/proc/sys/fs/binfmt_misc" -o -path "/root/uac-3.3.0" -o -path "/root/uac_output/uac-data.tmp" \) -prune -o \( -type f -o -type l \) -size -1073741824c -print
2026-09-15 15:55:17 +0100 INF Parsing files/logs/run_log.yaml
2026-09-15 15:55:17 +0100 CMD find /run/log \( -path "/sys" -o -path "/proc/sys/fs/binfmt_misc" -o -path "/root/uac-3.3.0" -o -path "/root/uac_output/uac-data.tmp" \) -prune -o \( -type f -o -type l \) -size -1073741824c -print
2026-09-15 15:55:17 +0100 INF Parsing files/logs/var_adm.yaml
2026-09-15 15:55:17 +0100 CMD find /var/adm \( -path "/sys" -o -path "/proc/sys/fs/binfmt_misc" -o -path "/root/uac-3.3.0" -o -path "/root/uac_output/uac-data.tmp" \) -prune -o \( -type f -o -type l \) -size -1073741824c -print 2> find: '/var/adm': No such file or directory
2026-09-15 15:55:17 +0100 INF Parsing files/packages/yum.yaml
2026-09-15 15:55:17 +0100 CMD find /etc/yum/pluginconf.d \( -path "/sys" -o -path "/proc/sys/fs/binfmt_misc" -o -path "/root/uac-3.3.0" -o -path "/root/uac_output/uac-data.tmp" \) -prune -o -print 2> find: '/etc/yum/pluginconf.d': No such file or directory
2026-09-15 15:55:17 +0100 CMD find /usr/lib/yum-plugins \( -path "/sys" -o -path "/proc/sys/fs/binfmt_misc" -o -path "/root/uac-3.3.0" -o -path "/root/uac_output/uac-data.tmp" \) -prune -o -print 2> find: '/usr/lib/yum-plugins': No such file or directory
2026-09-15 15:55:17 +0100 INF Parsing files/packages/dpkg.yaml
2026-09-15 15:55:17 +0100 CMD find /var/lib/dpkg/status \( -path "/sys" -o -path "/proc/sys/fs/binfmt_misc" -o -path "/root/uac-3.3.0" -o -path "/root/uac_output/uac-data.tmp" \) -prune -o -print
2026-09-15 15:55:17 +0100 CMD find /var/log/dpkg.log \( -path "/sys" -o -path "/proc/sys/fs/binfmt_misc" -o -path "/root/uac-3.3.0" -o -path "/root/uac_output/uac-data.tmp" \) -prune -o -print
2026-09-15 15:55:17 +0100 INF Parsing files/packages/dnf.yaml
2026-09-15 15:55:17 +0100 CMD find /etc/dnf/pluginconf.d \( -path "/sys" -o -path "/proc/sys/fs/binfmt_misc" -o -path "/root/uac-3.3.0" -o -path "/root/uac_output/uac-data.tmp" \) -prune -o -print 2> find: '/etc/dnf/pluginconf.d': No such file or directory
2026-09-15 15:55:17 +0100 CMD find /usr/lib \( -path "/dev" -o -path "/proc" -o -path "/run" -o -path "/sys" -o -path "/sys" -o -path "/proc/sys/fs/binfmt_misc" -o -path "/root/uac-3.3.0" -o -path "/root/uac_output/uac-data.tmp" \) -prune -o -name "dnf-plugins" -type d -print
2026-09-15 15:55:17 +0100 INF Parsing files/packages/apt.yaml
2026-09-15 15:55:17 +0100 CMD find /etc/apt/apt.conf.d \( -path "/sys" -o -path "/proc/sys/fs/binfmt_misc" -o -path "/root/uac-3.3.0" -o -path "/root/uac_output/uac-data.tmp" \) -prune -o -print
2026-09-15 15:55:17 +0100 INF Parsing files/shell/fish.yaml
2026-09-15 15:55:17 +0100 INF Collecting data for user Tom
2026-09-15 15:55:17 +0100 CMD find "/home/Tom"/.local/share/fish/ "/home/Tom"/.local/share/fish/fish_history.* \( -path "/sys" -o -path "/proc/sys/fs/binfmt_misc" -o -path "/root/uac-3.3.0" -o -path "/root/uac_output/uac-data.tmp" \) -prune -o -print 2> find: '/home/Tom/.local/share/fish/': No such file or directory/nfind: '/home/Tom/.local/share/fish/fish_history.*': No such file or directory
2026-09-15 15:55:18 +0100 INF Collecting data for user Tom
2026-09-15 15:55:18 +0100 CMD find "/root"/.local/share/fish/ "/root"/.local/share/fish/fish_history.* \( -path "/sys" -o -path "/proc/sys/fs/binfmt_misc" -o -path "/root/uac-3.3.0" -o -path "/root/uac_output/uac-data.tmp" \) -prune -o -print 2> find: '/root/.local/share/fish/': No such file or directory/nfind: '/root/.local/share/fish/fish_history.*': No such file or directory
2026-09-15 15:55:18 +0100 INF Collecting data for user _apt
2026-09-15 15:55:18 +0100 CMD find "/nonexistent"/.local/share/fish/ "/nonexistent"/.local/share/fish/fish_history.* \( -path "/sys" -o -path "/proc/sys/fs/binfmt_misc" -o -path "/root/uac-3.3.0" -o -path "/root/uac_output/uac-data.tmp" \) -prune -o -print 2> find: '/nonexistent/.local/share/fish/': No such file or directory/nfind: '/nonexistent/.local/share/fish/fish_history.*': No such file or directory
2026-09-15 15:55:18 +0100 INF Collecting data for user backup
2026-09-15 15:55:18 +0100 CMD find "/var/backups"/.local/share/fish/ "/var/backups"/.local/share/fish/fish_history.* \( -path "/sys" -o -path "/proc/sys/fs/binfmt_misc" -o -path "/root/uac-3.3.0" -o -path "/root/uac_output/uac-data.tmp" \) -prune -o -print 2> find: '/var/backups/.local/share/fish/': No such file or directory/nfind: '/var/backups/.local/share/fish/fish_history.*': No such file or directory
2026-09-15 15:55:18 +0100 INF Collecting data for user bin
2026-09-15 15:55:18 +0100 CMD find "/bin"/.local/share/fish/ "/bin"/.local/share/fish/fish_history.* \( -path "/sys" -o -path "/proc/sys/fs/binfmt_misc" -o -path "/root/uac-3.3.0" -o -path "/root/uac_output/uac-data.tmp" \) -prune -o -print 2> find: '/bin/.local/share/fish/': No such file or directory/nfind: '/bin/.local/share/fish/fish_history.*': No such file or directory
2026-09-15 15:55:18 +0100 INF Collecting data for user daemon
2026-09-15 15:55:18 +0100 CMD find "/usr/sbin"/.local/share/fish/ "/usr/sbin"/.local/share/fish/fish_history.* \( -path "/sys" -o -path "/proc/sys/fs/binfmt_misc" -o -path "/root/uac-3.3.0" -o -path "/root/uac_output/uac-data.tmp" \) -prune -o -print 2> find: '/usr/sbin/.local/share/fish/': No such file or directory/nfind: '/usr/sbin/.local/share/fish/fish_history.*': No such file or directory
2026-09-15 15:55:18 +0100 INF Collecting data for user games
2026-09-15 15:55:18 +0100 CMD find "/usr/games"/.local/share/fish/ "/usr/games"/.local/share/fish/fish_history.* \( -path "/sys" -o -path "/proc/sys/fs/binfmt_misc" -o -path "/root/uac-3.3.0" -o -path "/root/uac_output/uac-data.tmp" \) -prune -o -print 2> find: '/usr/games/.local/share/fish/': No such file or directory/nfind: '/usr/games/.local/share/fish/fish_history.*': No such file or directory
2026-09-15 15:55:18 +0100 INF Collecting data for user irc
2026-09-15 15:55:18 +0100 CMD find "/run/ircd"/.local/share/fish/ "/run/ircd"/.local/share/fish/fish_history.* \( -path "/sys" -o -path "/proc/sys/fs/binfmt_misc" -o -path "/root/uac-3.3.0" -o -path "/root/uac_output/uac-data.tmp" \) -prune -o -print 2> find: '/run/ircd/.local/share/fish/': No such file or directory/nfind: '/run/ircd/.local/share/fish/fish_history.*': No such file or directory
2026-09-15 15:55:18 +0100 INF Collecting data for user list
2026-09-15 15:55:18 +0100 CMD find "/var/list"/.local/share/fish/ "/var/list"/.local/share/fish/fish_history.* \( -path "/sys" -o -path "/proc/sys/fs/binfmt_misc" -o -path "/root/uac-3.3.0" -o -path "/root/uac_output/uac-data.tmp" \) -prune -o -print 2> find: '/var/list/.local/share/fish/': No such file or directory/nfind: '/var/list/.local/share/fish/fish_history.*': No such file or directory
2026-09-15 15:55:18 +0100 INF Collecting data for user lp
2026-09-15 15:55:18 +0100 CMD find "/var/spool/lpd"/.local/share/fish/ "/var/spool/lpd"/.local/share/fish/fish_history.* \( -path "/sys" -o -path "/proc/sys/fs/binfmt_misc" -o -path "/root/uac-3.3.0" -o -path "/root/uac_output/uac-data.tmp" \) -prune -o -print 2> find: '/var/spool/lpd/.local/share/fish/': No such file or directory/nfind: '/var/spool/lpd/.local/share/fish/fish_history.*': No such file or directory
2026-09-15 15:55:18 +0100 INF Collecting data for user mail
2026-09-15 15:55:18 +0100 CMD find "/var/mail"/.local/share/fish/ "/var/mail"/.local/share/fish/fish_history.* \( -path "/sys" -o -path "/proc/sys/fs/binfmt_misc" -o -path "/root/uac-3.3.0" -o -path "/root/uac_output/uac-data.tmp" \) -prune -o -print 2> find: '/var/mail/.local/share/fish/': No such file or directory/nfind: '/var/mail/.local/share/fish/fish_history.*': No such file or directory
2026-09-15 15:55:18 +0100 INF Collecting data for user man
2026-09-15 15:55:18 +0100 CMD find "/var/cache/man"/.local/share/fish/ "/var/cache/man"/.local/share/fish/fish_history.* \( -path "/sys" -o -path "/proc/sys/fs/binfmt_misc" -o -path "/root/uac-3.3.0" -o -path "/root/uac_output/uac-data.tmp" \) -prune -o -print 2> find: '/var/cache/man/.local/share/fish/': No such file or directory/nfind: '/var/cache/man/.local/share/fish/fish_history.*': No such file or directory
2026-09-15 15:55:18 +0100 INF Collecting data for user messagebus
2026-09-15 15:55:18 +0100 INF Skipping as home directory "/nonexistent"/.local/share/fish/ "/nonexistent"/.local/share/fish/fish_history.* has been collected already
2026-09-15 15:55:18 +0100 INF Collecting data for user news
2026-09-15 15:55:18 +0100 CMD find "/var/spool/news"/.local/share/fish/ "/var/spool/news"/.local/share/fish/fish_history.* \( -path "/sys" -o -path "/proc/sys/fs/binfmt_misc" -o -path "/root/uac-3.3.0" -o -path "/root/uac_output/uac-data.tmp" \) -prune -o -print 2> find: '/var/spool/news/.local/share/fish/': No such file or directory/nfind: '/var/spool/news/.local/share/fish/fish_history.*': No such file or directory
2026-09-15 15:55:18 +0100 INF Collecting data for user nobody
2026-09-15 15:55:18 +0100 INF Skipping as home directory "/nonexistent"/.local/share/fish/ "/nonexistent"/.local/share/fish/fish_history.* has been collected already
2026-09-15 15:55:18 +0100 INF Collecting data for user proxy
2026-09-15 15:55:18 +0100 INF Skipping as home directory "/bin"/.local/share/fish/ "/bin"/.local/share/fish/fish_history.* has been collected already
2026-09-15 15:55:18 +0100 INF Collecting data for user root
2026-09-15 15:55:18 +0100 INF Skipping as home directory "/root"/.local/share/fish/ "/root"/.local/share/fish/fish_history.* has been collected already
2026-09-15 15:55:18 +0100 INF Collecting data for user sshd
2026-09-15 15:55:18 +0100 CMD find "/run/sshd"/.local/share/fish/ "/run/sshd"/.local/share/fish/fish_history.* \( -path "/sys" -o -path "/proc/sys/fs/binfmt_misc" -o -path "/root/uac-3.3.0" -o -path "/root/uac_output/uac-data.tmp" \) -prune -o -print 2> find: '/run/sshd/.local/share/fish/': No such file or directory/nfind: '/run/sshd/.local/share/fish/fish_history.*': No such file or directory
2026-09-15 15:55:18 +0100 INF Collecting data for user sync
2026-09-15 15:55:18 +0100 INF Skipping as home directory "/bin"/.local/share/fish/ "/bin"/.local/share/fish/fish_history.* has been collected already
2026-09-15 15:55:18 +0100 INF Collecting data for user sys
2026-09-15 15:55:18 +0100 CMD find "/dev"/.local/share/fish/ "/dev"/.local/share/fish/fish_history.* \( -path "/sys" -o -path "/proc/sys/fs/binfmt_misc" -o -path "/root/uac-3.3.0" -o -path "/root/uac_output/uac-data.tmp" \) -prune -o -print 2> find: '/dev/.local/share/fish/': No such file or directory/nfind: '/dev/.local/share/fish/fish_history.*': No such file or directory
2026-09-15 15:55:18 +0100 INF Collecting data for user systemd-network
2026-09-15 15:55:18 +0100 CMD find "/"/.local/share/fish/ "/"/.local/share/fish/fish_history.* \( -path "/sys" -o -path "/proc/sys/fs/binfmt_misc" -o -path "/root/uac-3.3.0" -o -path "/root/uac_output/uac-data.tmp" \) -prune -o -print 2> find: '//.local/share/fish/': No such file or directory/nfind: '//.local/share/fish/fish_history.*': No such file or directory
2026-09-15 15:55:18 +0100 INF Collecting data for user systemd-timesync
2026-09-15 15:55:18 +0100 INF Skipping as home directory "/"/.local/share/fish/ "/"/.local/share/fish/fish_history.* has been collected already
2026-09-15 15:55:18 +0100 INF Collecting data for user uucp
2026-09-15 15:55:18 +0100 CMD find "/var/spool/uucp"/.local/share/fish/ "/var/spool/uucp"/.local/share/fish/fish_history.* \( -path "/sys" -o -path "/proc/sys/fs/binfmt_misc" -o -path "/root/uac-3.3.0" -o -path "/root/uac_output/uac-data.tmp" \) -prune -o -print 2> find: '/var/spool/uucp/.local/share/fish/': No such file or directory/nfind: '/var/spool/uucp/.local/share/fish/fish_history.*': No such file or directory
2026-09-15 15:55:18 +0100 INF Collecting data for user www-data
2026-09-15 15:55:18 +0100 CMD find "/var/www"/.local/share/fish/ "/var/www"/.local/share/fish/fish_history.* \( -path "/sys" -o -path "/proc/sys/fs/binfmt_misc" -o -path "/root/uac-3.3.0" -o -path "/root/uac_output/uac-data.tmp" \) -prune -o -print 2> find: '/var/www/.local/share/fish/': No such file or directory/nfind: '/var/www/.local/share/fish/fish_history.*': No such file or directory
2026-09-15 15:55:18 +0100 INF Collecting data for user Tom
2026-09-15 15:55:18 +0100 CMD find "/home/Tom"/.config/fish/config.fish \( -path "/sys" -o -path "/proc/sys/fs/binfmt_misc" -o -path "/root/uac-3.3.0" -o -path "/root/uac_output/uac-data.tmp" \) -prune -o -print 2> find: '/home/Tom/.config/fish/config.fish': No such file or directory
2026-09-15 15:55:18 +0100 INF Collecting data for user Tom
2026-09-15 15:55:18 +0100 CMD find "/root"/.config/fish/config.fish \( -path "/sys" -o -path "/proc/sys/fs/binfmt_misc" -o -path "/root/uac-3.3.0" -o -path "/root/uac_output/uac-data.tmp" \) -prune -o -print 2> find: '/root/.config/fish/config.fish': No such file or directory
2026-09-15 15:55:18 +0100 INF Collecting data for user _apt
2026-09-15 15:55:18 +0100 CMD find "/nonexistent"/.config/fish/config.fish \( -path "/sys" -o -path "/proc/sys/fs/binfmt_misc" -o -path "/root/uac-3.3.0" -o -path "/root/uac_output/uac-data.tmp" \) -prune -o -print 2> find: '/nonexistent/.config/fish/config.fish': No such file or directory
2026-09-15 15:55:18 +0100 INF Collecting data for user backup
2026-09-15 15:55:18 +0100 CMD find "/var/backups"/.config/fish/config.fish \( -path "/sys" -o -path "/proc/sys/fs/binfmt_misc" -o -path "/root/uac-3.3.0" -o -path "/root/uac_output/uac-data.tmp" \) -prune -o -print 2> find: '/var/backups/.config/fish/config.fish': No such file or directory
2026-09-15 15:55:18 +0100 INF Collecting data for user bin
2026-09-15 15:55:18 +0100 CMD find "/bin"/.config/fish/config.fish \( -path "/sys" -o -path "/proc/sys/fs/binfmt_misc" -o -path "/root/uac-3.3.0" -o -path "/root/uac_output/uac-data.tmp" \) -prune -o -print 2> find: '/bin/.config/fish/config.fish': No such file or directory
2026-09-15 15:55:18 +0100 INF Collecting data for user daemon
2026-09-15 15:55:18 +0100 CMD find "/usr/sbin"/.config/fish/config.fish \( -path "/sys" -o -path "/proc/sys/fs/binfmt_misc" -o -path "/root/uac-3.3.0" -o -path "/root/uac_output/uac-data.tmp" \) -prune -o -print 2> find: '/usr/sbin/.config/fish/config.fish': No such file or directory
2026-09-15 15:55:18 +0100 INF Collecting data for user games
2026-09-15 15:55:18 +0100 CMD find "/usr/games"/.config/fish/config.fish \( -path "/sys" -o -path "/proc/sys/fs/binfmt_misc" -o -path "/root/uac-3.3.0" -o -path "/root/uac_output/uac-data.tmp" \) -prune -o -print 2> find: '/usr/games/.config/fish/config.fish': No such file or directory
2026-09-15 15:55:18 +0100 INF Collecting data for user irc
2026-09-15 15:55:19 +0100 CMD find "/run/ircd"/.config/fish/config.fish \( -path "/sys" -o -path "/proc/sys/fs/binfmt_misc" -o -path "/root/uac-3.3.0" -o -path "/root/uac_output/uac-data.tmp" \) -prune -o -print 2> find: '/run/ircd/.config/fish/config.fish': No such file or directory
2026-09-15 15:55:19 +0100 INF Collecting data for user list
2026-09-15 15:55:19 +0100 CMD find "/var/list"/.config/fish/config.fish \( -path "/sys" -o -path "/proc/sys/fs/binfmt_misc" -o -path "/root/uac-3.3.0" -o -path "/root/uac_output/uac-data.tmp" \) -prune -o -print 2> find: '/var/list/.config/fish/config.fish': No such file or directory
2026-09-15 15:55:19 +0100 INF Collecting data for user lp
2026-09-15 15:55:19 +0100 CMD find "/var/spool/lpd"/.config/fish/config.fish \( -path "/sys" -o -path "/proc/sys/fs/binfmt_misc" -o -path "/root/uac-3.3.0" -o -path "/root/uac_output/uac-data.tmp" \) -prune -o -print 2> find: '/var/spool/lpd/.config/fish/config.fish': No such file or directory
2026-09-15 15:55:19 +0100 INF Collecting data for user mail
2026-09-15 15:55:19 +0100 CMD find "/var/mail"/.config/fish/config.fish \( -path "/sys" -o -path "/proc/sys/fs/binfmt_misc" -o -path "/root/uac-3.3.0" -o -path "/root/uac_output/uac-data.tmp" \) -prune -o -print 2> find: '/var/mail/.config/fish/config.fish': No such file or directory
2026-09-15 15:55:19 +0100 INF Collecting data for user man
2026-09-15 15:55:19 +0100 CMD find "/var/cache/man"/.config/fish/config.fish \( -path "/sys" -o -path "/proc/sys/fs/binfmt_misc" -o -path "/root/uac-3.3.0" -o -path "/root/uac_output/uac-data.tmp" \) -prune -o -print 2> find: '/var/cache/man/.config/fish/config.fish': No such file or directory
2026-09-15 15:55:19 +0100 INF Collecting data for user messagebus
2026-09-15 15:55:19 +0100 INF Skipping as home directory "/nonexistent"/.config/fish/config.fish has been collected already
2026-09-15 15:55:19 +0100 INF Collecting data for user news
2026-09-15 15:55:19 +0100 CMD find "/var/spool/news"/.config/fish/config.fish \( -path "/sys" -o -path "/proc/sys/fs/binfmt_misc" -o -path "/root/uac-3.3.0" -o -path "/root/uac_output/uac-data.tmp" \) -prune -o -print 2> find: '/var/spool/news/.config/fish/config.fish': No such file or directory
2026-09-15 15:55:19 +0100 INF Collecting data for user nobody
2026-09-15 15:55:19 +0100 INF Skipping as home directory "/nonexistent"/.config/fish/config.fish has been collected already
2026-09-15 15:55:19 +0100 INF Collecting data for user proxy
2026-09-15 15:55:19 +0100 INF Skipping as home directory "/bin"/.config/fish/config.fish has been collected already
2026-09-15 15:55:19 +0100 INF Collecting data for user root
2026-09-15 15:55:19 +0100 INF Skipping as home directory "/root"/.config/fish/config.fish has been collected already
2026-09-15 15:55:19 +0100 INF Collecting data for user sshd
2026-09-15 15:55:19 +0100 CMD find "/run/sshd"/.config/fish/config.fish \( -path "/sys" -o -path "/proc/sys/fs/binfmt_misc" -o -path "/root/uac-3.3.0" -o -path "/root/uac_output/uac-data.tmp" \) -prune -o -print 2> find: '/run/sshd/.config/fish/config.fish': No such file or directory
2026-09-15 15:55:19 +0100 INF Collecting data for user sync
2026-09-15 15:55:19 +0100 INF Skipping as home directory "/bin"/.config/fish/config.fish has been collected already
2026-09-15 15:55:19 +0100 INF Collecting data for user sys
2026-09-15 15:55:19 +0100 CMD find "/dev"/.config/fish/config.fish \( -path "/sys" -o -path "/proc/sys/fs/binfmt_misc" -o -path "/root/uac-3.3.0" -o -path "/root/uac_output/uac-data.tmp" \) -prune -o -print 2> find: '/dev/.config/fish/config.fish': No such file or directory
2026-09-15 15:55:19 +0100 INF Collecting data for user systemd-network
2026-09-15 15:55:19 +0100 CMD find "/"/.config/fish/config.fish \( -path "/sys" -o -path "/proc/sys/fs/binfmt_misc" -o -path "/root/uac-3.3.0" -o -path "/root/uac_output/uac-data.tmp" \) -prune -o -print 2> find: '//.config/fish/config.fish': No such file or directory
2026-09-15 15:55:19 +0100 INF Collecting data for user systemd-timesync
2026-09-15 15:55:19 +0100 INF Skipping as home directory "/"/.config/fish/config.fish has been collected already
2026-09-15 15:55:19 +0100 INF Collecting data for user uucp
2026-09-15 15:55:19 +0100 CMD find "/var/spool/uucp"/.config/fish/config.fish \( -path "/sys" -o -path "/proc/sys/fs/binfmt_misc" -o -path "/root/uac-3.3.0" -o -path "/root/uac_output/uac-data.tmp" \) -prune -o -print 2> find: '/var/spool/uucp/.config/fish/config.fish': No such file or directory
2026-09-15 15:55:19 +0100 INF Collecting data for user www-data
2026-09-15 15:55:19 +0100 CMD find "/var/www"/.config/fish/config.fish \( -path "/sys" -o -path "/proc/sys/fs/binfmt_misc" -o -path "/root/uac-3.3.0" -o -path "/root/uac_output/uac-data.tmp" \) -prune -o -print 2> find: '/var/www/.config/fish/config.fish': No such file or directory
2026-09-15 15:55:19 +0100 CMD find /etc/fish/config.fish \( -path "/sys" -o -path "/proc/sys/fs/binfmt_misc" -o -path "/root/uac-3.3.0" -o -path "/root/uac_output/uac-data.tmp" \) -prune -o -print 2> find: '/etc/fish/config.fish': No such file or directory
2026-09-15 15:55:19 +0100 INF Collecting data for user Tom
2026-09-15 15:55:19 +0100 CMD grep -E "HISTFILE=.*" "/home/Tom"/.config/fish/config.fish /etc/fish/config.fish | sed -e 's|.*HISTFILE=||' -e 's|^~/|/home/Tom/|' 2> grep: /home/Tom/.config/fish/config.fish: No such file or directory/ngrep: /etc/fish/config.fish: No such file or directory
2026-09-15 15:55:19 +0100 INF Collecting data for user Tom
2026-09-15 15:55:19 +0100 CMD grep -E "HISTFILE=.*" "/root"/.config/fish/config.fish /etc/fish/config.fish | sed -e 's|.*HISTFILE=||' -e 's|^~/|/root/|' 2> grep: /root/.config/fish/config.fish: No such file or directory/ngrep: /etc/fish/config.fish: No such file or directory
2026-09-15 15:55:19 +0100 INF Collecting data for user _apt
2026-09-15 15:55:19 +0100 CMD grep -E "HISTFILE=.*" "/nonexistent"/.config/fish/config.fish /etc/fish/config.fish | sed -e 's|.*HISTFILE=||' -e 's|^~/|/nonexistent/|' 2> grep: /nonexistent/.config/fish/config.fish: No such file or directory/ngrep: /etc/fish/config.fish: No such file or directory
2026-09-15 15:55:19 +0100 INF Collecting data for user backup
2026-09-15 15:55:19 +0100 CMD grep -E "HISTFILE=.*" "/var/backups"/.config/fish/config.fish /etc/fish/config.fish | sed -e 's|.*HISTFILE=||' -e 's|^~/|/var/backups/|' 2> grep: /var/backups/.config/fish/config.fish: No such file or directory/ngrep: /etc/fish/config.fish: No such file or directory
2026-09-15 15:55:19 +0100 INF Collecting data for user bin
2026-09-15 15:55:19 +0100 CMD grep -E "HISTFILE=.*" "/bin"/.config/fish/config.fish /etc/fish/config.fish | sed -e 's|.*HISTFILE=||' -e 's|^~/|/bin/|' 2> grep: /bin/.config/fish/config.fish: No such file or directory/ngrep: /etc/fish/config.fish: No such file or directory
2026-09-15 15:55:19 +0100 INF Collecting data for user daemon
2026-09-15 15:55:19 +0100 CMD grep -E "HISTFILE=.*" "/usr/sbin"/.config/fish/config.fish /etc/fish/config.fish | sed -e 's|.*HISTFILE=||' -e 's|^~/|/usr/sbin/|' 2> grep: /usr/sbin/.config/fish/config.fish: No such file or directory/ngrep: /etc/fish/config.fish: No such file or directory
2026-09-15 15:55:19 +0100 INF Collecting data for user games
2026-09-15 15:55:19 +0100 CMD grep -E "HISTFILE=.*" "/usr/games"/.config/fish/config.fish /etc/fish/config.fish | sed -e 's|.*HISTFILE=||' -e 's|^~/|/usr/games/|' 2> grep: /usr/games/.config/fish/config.fish: No such file or directory/ngrep: /etc/fish/config.fish: No such file or directory
2026-09-15 15:55:19 +0100 INF Collecting data for user irc
2026-09-15 15:55:19 +0100 CMD grep -E "HISTFILE=.*" "/run/ircd"/.config/fish/config.fish /etc/fish/config.fish | sed -e 's|.*HISTFILE=||' -e 's|^~/|/run/ircd/|' 2> grep: /run/ircd/.config/fish/config.fish: No such file or directory/ngrep: /etc/fish/config.fish: No such file or directory
2026-09-15 15:55:19 +0100 INF Collecting data for user list
2026-09-15 15:55:19 +0100 CMD grep -E "HISTFILE=.*" "/var/list"/.config/fish/config.fish /etc/fish/config.fish | sed -e 's|.*HISTFILE=||' -e 's|^~/|/var/list/|' 2> grep: /var/list/.config/fish/config.fish: No such file or directory/ngrep: /etc/fish/config.fish: No such file or directory
2026-09-15 15:55:19 +0100 INF Collecting data for user lp
2026-09-15 15:55:19 +0100 CMD grep -E "HISTFILE=.*" "/var/spool/lpd"/.config/fish/config.fish /etc/fish/config.fish | sed -e 's|.*HISTFILE=||' -e 's|^~/|/var/spool/lpd/|' 2> grep: /var/spool/lpd/.config/fish/config.fish: No such file or directory/ngrep: /etc/fish/config.fish: No such file or directory
2026-09-15 15:55:19 +0100 INF Collecting data for user mail
2026-09-15 15:55:19 +0100 CMD grep -E "HISTFILE=.*" "/var/mail"/.config/fish/config.fish /etc/fish/config.fish | sed -e 's|.*HISTFILE=||' -e 's|^~/|/var/mail/|' 2> grep: /var/mail/.config/fish/config.fish: No such file or directory/ngrep: /etc/fish/config.fish: No such file or directory
2026-09-15 15:55:19 +0100 INF Collecting data for user man
2026-09-15 15:55:19 +0100 CMD grep -E "HISTFILE=.*" "/var/cache/man"/.config/fish/config.fish /etc/fish/config.fish | sed -e 's|.*HISTFILE=||' -e 's|^~/|/var/cache/man/|' 2> grep: /var/cache/man/.config/fish/config.fish: No such file or directory/ngrep: /etc/fish/config.fish: No such file or directory
2026-09-15 15:55:19 +0100 INF Collecting data for user messagebus
2026-09-15 15:55:19 +0100 CMD grep -E "HISTFILE=.*" "/nonexistent"/.config/fish/config.fish /etc/fish/config.fish | sed -e 's|.*HISTFILE=||' -e 's|^~/|/nonexistent/|' 2> grep: /nonexistent/.config/fish/config.fish: No such file or directory/ngrep: /etc/fish/config.fish: No such file or directory
2026-09-15 15:55:19 +0100 INF Collecting data for user news
2026-09-15 15:55:20 +0100 CMD grep -E "HISTFILE=.*" "/var/spool/news"/.config/fish/config.fish /etc/fish/config.fish | sed -e 's|.*HISTFILE=||' -e 's|^~/|/var/spool/news/|' 2> grep: /var/spool/news/.config/fish/config.fish: No such file or directory/ngrep: /etc/fish/config.fish: No such file or directory
2026-09-15 15:55:20 +0100 INF Collecting data for user nobody
2026-09-15 15:55:20 +0100 CMD grep -E "HISTFILE=.*" "/nonexistent"/.config/fish/config.fish /etc/fish/config.fish | sed -e 's|.*HISTFILE=||' -e 's|^~/|/nonexistent/|' 2> grep: /nonexistent/.config/fish/config.fish: No such file or directory/ngrep: /etc/fish/config.fish: No such file or directory
2026-09-15 15:55:20 +0100 INF Collecting data for user proxy
2026-09-15 15:55:20 +0100 CMD grep -E "HISTFILE=.*" "/bin"/.config/fish/config.fish /etc/fish/config.fish | sed -e 's|.*HISTFILE=||' -e 's|^~/|/bin/|' 2> grep: /bin/.config/fish/config.fish: No such file or directory/ngrep: /etc/fish/config.fish: No such file or directory
2026-09-15 15:55:20 +0100 INF Collecting data for user root
2026-09-15 15:55:20 +0100 CMD grep -E "HISTFILE=.*" "/root"/.config/fish/config.fish /etc/fish/config.fish | sed -e 's|.*HISTFILE=||' -e 's|^~/|/root/|' 2> grep: /root/.config/fish/config.fish: No such file or directory/ngrep: /etc/fish/config.fish: No such file or directory
2026-09-15 15:55:20 +0100 INF Collecting data for user sshd
2026-09-15 15:55:20 +0100 CMD grep -E "HISTFILE=.*" "/run/sshd"/.config/fish/config.fish /etc/fish/config.fish | sed -e 's|.*HISTFILE=||' -e 's|^~/|/run/sshd/|' 2> grep: /run/sshd/.config/fish/config.fish: No such file or directory/ngrep: /etc/fish/config.fish: No such file or directory
2026-09-15 15:55:20 +0100 INF Collecting data for user sync
2026-09-15 15:55:20 +0100 CMD grep -E "HISTFILE=.*" "/bin"/.config/fish/config.fish /etc/fish/config.fish | sed -e 's|.*HISTFILE=||' -e 's|^~/|/bin/|' 2> grep: /bin/.config/fish/config.fish: No such file or directory/ngrep: /etc/fish/config.fish: No such file or directory
2026-09-15 15:55:20 +0100 INF Collecting data for user sys
2026-09-15 15:55:20 +0100 CMD grep -E "HISTFILE=.*" "/dev"/.config/fish/config.fish /etc/fish/config.fish | sed -e 's|.*HISTFILE=||' -e 's|^~/|/dev/|' 2> grep: /dev/.config/fish/config.fish: No such file or directory/ngrep: /etc/fish/config.fish: No such file or directory
2026-09-15 15:55:20 +0100 INF Collecting data for user systemd-network
2026-09-15 15:55:20 +0100 CMD grep -E "HISTFILE=.*" "/"/.config/fish/config.fish /etc/fish/config.fish | sed -e 's|.*HISTFILE=||' -e 's|^~/|//|' 2> grep: //.config/fish/config.fish: No such file or directory/ngrep: /etc/fish/config.fish: No such file or directory
2026-09-15 15:55:20 +0100 INF Collecting data for user systemd-timesync
2026-09-15 15:55:20 +0100 CMD grep -E "HISTFILE=.*" "/"/.config/fish/config.fish /etc/fish/config.fish | sed -e 's|.*HISTFILE=||' -e 's|^~/|//|' 2> grep: //.config/fish/config.fish: No such file or directory/ngrep: /etc/fish/config.fish: No such file or directory
2026-09-15 15:55:20 +0100 INF Collecting data for user uucp
2026-09-15 15:55:20 +0100 CMD grep -E "HISTFILE=.*" "/var/spool/uucp"/.config/fish/config.fish /etc/fish/config.fish | sed -e 's|.*HISTFILE=||' -e 's|^~/|/var/spool/uucp/|' 2> grep: /var/spool/uucp/.config/fish/config.fish: No such file or directory/ngrep: /etc/fish/config.fish: No such file or directory
2026-09-15 15:55:20 +0100 INF Collecting data for user www-data
2026-09-15 15:55:20 +0100 CMD grep -E "HISTFILE=.*" "/var/www"/.config/fish/config.fish /etc/fish/config.fish | sed -e 's|.*HISTFILE=||' -e 's|^~/|/var/www/|' 2> grep: /var/www/.config/fish/config.fish: No such file or directory/ngrep: /etc/fish/config.fish: No such file or directory
2026-09-15 15:55:20 +0100 ERR _find_based_collector: No such file or directory: '/root/uac_output/uac-data.tmp/tmp/files/shell/fish_histfile.txt'
2026-09-15 15:55:20 +0100 INF Parsing files/shell/bash.yaml
2026-09-15 15:55:20 +0100 INF Collecting data for user Tom
2026-09-15 15:55:20 +0100 CMD find "/home/Tom"/.bash_history "/home/Tom"/.bash_history~ "/home/Tom"/.bash_history.* \( -path "/sys" -o -path "/proc/sys/fs/binfmt_misc" -o -path "/root/uac-3.3.0" -o -path "/root/uac_output/uac-data.tmp" \) -prune -o -print 2> find: '/home/Tom/.bash_history~': No such file or directory/nfind: '/home/Tom/.bash_history.*': No such file or directory
2026-09-15 15:55:20 +0100 INF Collecting data for user Tom
2026-09-15 15:55:20 +0100 CMD find "/root"/.bash_history "/root"/.bash_history~ "/root"/.bash_history.* \( -path "/sys" -o -path "/proc/sys/fs/binfmt_misc" -o -path "/root/uac-3.3.0" -o -path "/root/uac_output/uac-data.tmp" \) -prune -o -print 2> find: '/root/.bash_history~': No such file or directory/nfind: '/root/.bash_history.*': No such file or directory
2026-09-15 15:55:20 +0100 INF Collecting data for user _apt
2026-09-15 15:55:20 +0100 CMD find "/nonexistent"/.bash_history "/nonexistent"/.bash_history~ "/nonexistent"/.bash_history.* \( -path "/sys" -o -path "/proc/sys/fs/binfmt_misc" -o -path "/root/uac-3.3.0" -o -path "/root/uac_output/uac-data.tmp" \) -prune -o -print 2> find: '/nonexistent/.bash_history': No such file or directory/nfind: '/nonexistent/.bash_history~': No such file or directory/nfind: '/nonexistent/.bash_history.*': No such file or directory
2026-09-15 15:55:20 +0100 INF Collecting data for user backup
2026-09-15 15:55:20 +0100 CMD find "/var/backups"/.bash_history "/var/backups"/.bash_history~ "/var/backups"/.bash_history.* \( -path "/sys" -o -path "/proc/sys/fs/binfmt_misc" -o -path "/root/uac-3.3.0" -o -path "/root/uac_output/uac-data.tmp" \) -prune -o -print 2> find: '/var/backups/.bash_history': No such file or directory/nfind: '/var/backups/.bash_history~': No such file or directory/nfind: '/var/backups/.bash_history.*': No such file or directory
2026-09-15 15:55:20 +0100 INF Collecting data for user bin
2026-09-15 15:55:20 +0100 CMD find "/bin"/.bash_history "/bin"/.bash_history~ "/bin"/.bash_history.* \( -path "/sys" -o -path "/proc/sys/fs/binfmt_misc" -o -path "/root/uac-3.3.0" -o -path "/root/uac_output/uac-data.tmp" \) -prune -o -print 2> find: '/bin/.bash_history': No such file or directory/nfind: '/bin/.bash_history~': No such file or directory/nfind: '/bin/.bash_history.*': No such file or directory
2026-09-15 15:55:20 +0100 INF Collecting data for user daemon
2026-09-15 15:55:20 +0100 CMD find "/usr/sbin"/.bash_history "/usr/sbin"/.bash_history~ "/usr/sbin"/.bash_history.* \( -path "/sys" -o -path "/proc/sys/fs/binfmt_misc" -o -path "/root/uac-3.3.0" -o -path "/root/uac_output/uac-data.tmp" \) -prune -o -print 2> find: '/usr/sbin/.bash_history': No such file or directory/nfind: '/usr/sbin/.bash_history~': No such file or directory/nfind: '/usr/sbin/.bash_history.*': No such file or directory
2026-09-15 15:55:20 +0100 INF Collecting data for user games
2026-09-15 15:55:20 +0100 CMD find "/usr/games"/.bash_history "/usr/games"/.bash_history~ "/usr/games"/.bash_history.* \( -path "/sys" -o -path "/proc/sys/fs/binfmt_misc" -o -path "/root/uac-3.3.0" -o -path "/root/uac_output/uac-data.tmp" \) -prune -o -print 2> find: '/usr/games/.bash_history': No such file or directory/nfind: '/usr/games/.bash_history~': No such file or directory/nfind: '/usr/games/.bash_history.*': No such file or directory
2026-09-15 15:55:20 +0100 INF Collecting data for user irc
2026-09-15 15:55:20 +0100 CMD find "/run/ircd"/.bash_history "/run/ircd"/.bash_history~ "/run/ircd"/.bash_history.* \( -path "/sys" -o -path "/proc/sys/fs/binfmt_misc" -o -path "/root/uac-3.3.0" -o -path "/root/uac_output/uac-data.tmp" \) -prune -o -print 2> find: '/run/ircd/.bash_history': No such file or directory/nfind: '/run/ircd/.bash_history~': No such file or directory/nfind: '/run/ircd/.bash_history.*': No such file or directory
2026-09-15 15:55:20 +0100 INF Collecting data for user list
2026-09-15 15:55:20 +0100 CMD find "/var/list"/.bash_history "/var/list"/.bash_history~ "/var/list"/.bash_history.* \( -path "/sys" -o -path "/proc/sys/fs/binfmt_misc" -o -path "/root/uac-3.3.0" -o -path "/root/uac_output/uac-data.tmp" \) -prune -o -print 2> find: '/var/list/.bash_history': No such file or directory/nfind: '/var/list/.bash_history~': No such file or directory/nfind: '/var/list/.bash_history.*': No such file or directory
2026-09-15 15:55:20 +0100 INF Collecting data for user lp
2026-09-15 15:55:20 +0100 CMD find "/var/spool/lpd"/.bash_history "/var/spool/lpd"/.bash_history~ "/var/spool/lpd"/.bash_history.* \( -path "/sys" -o -path "/proc/sys/fs/binfmt_misc" -o -path "/root/uac-3.3.0" -o -path "/root/uac_output/uac-data.tmp" \) -prune -o -print 2> find: '/var/spool/lpd/.bash_history': No such file or directory/nfind: '/var/spool/lpd/.bash_history~': No such file or directory/nfind: '/var/spool/lpd/.bash_history.*': No such file or directory
2026-09-15 15:55:20 +0100 INF Collecting data for user mail
2026-09-15 15:55:20 +0100 CMD find "/var/mail"/.bash_history "/var/mail"/.bash_history~ "/var/mail"/.bash_history.* \( -path "/sys" -o -path "/proc/sys/fs/binfmt_misc" -o -path "/root/uac-3.3.0" -o -path "/root/uac_output/uac-data.tmp" \) -prune -o -print 2> find: '/var/mail/.bash_history': No such file or directory/nfind: '/var/mail/.bash_history~': No such file or directory/nfind: '/var/mail/.bash_history.*': No such file or directory
2026-09-15 15:55:20 +0100 INF Collecting data for user man
2026-09-15 15:55:20 +0100 CMD find "/var/cache/man"/.bash_history "/var/cache/man"/.bash_history~ "/var/cache/man"/.bash_history.* \( -path "/sys" -o -path "/proc/sys/fs/binfmt_misc" -o -path "/root/uac-3.3.0" -o -path "/root/uac_output/uac-data.tmp" \) -prune -o -print 2> find: '/var/cache/man/.bash_history': No such file or directory/nfind: '/var/cache/man/.bash_history~': No such file or directory/nfind: '/var/cache/man/.bash_history.*': No such file or directory
2026-09-15 15:55:20 +0100 INF Collecting data for user messagebus
2026-09-15 15:55:20 +0100 INF Skipping as home directory "/nonexistent"/.bash_history "/nonexistent"/.bash_history~ "/nonexistent"/.bash_history.* has been collected already
2026-09-15 15:55:20 +0100 INF Collecting data for user news
2026-09-15 15:55:20 +0100 CMD find "/var/spool/news"/.bash_history "/var/spool/news"/.bash_history~ "/var/spool/news"/.bash_history.* \( -path "/sys" -o -path "/proc/sys/fs/binfmt_misc" -o -path "/root/uac-3.3.0" -o -path "/root/uac_output/uac-data.tmp" \) -prune -o -print 2> find: '/var/spool/news/.bash_history': No such file or directory/nfind: '/var/spool/news/.bash_history~': No such file or directory/nfind: '/var/spool/news/.bash_history.*': No such file or directory
2026-09-15 15:55:20 +0100 INF Collecting data for user nobody
2026-09-15 15:55:20 +0100 INF Skipping as home directory "/nonexistent"/.bash_history "/nonexistent"/.bash_history~ "/nonexistent"/.bash_history.* has been collected already
2026-09-15 15:55:20 +0100 INF Collecting data for user proxy
2026-09-15 15:55:20 +0100 INF Skipping as home directory "/bin"/.bash_history "/bin"/.bash_history~ "/bin"/.bash_history.* has been collected already
2026-09-15 15:55:20 +0100 INF Collecting data for user root
2026-09-15 15:55:20 +0100 INF Skipping as home directory "/root"/.bash_history "/root"/.bash_history~ "/root"/.bash_history.* has been collected already
2026-09-15 15:55:20 +0100 INF Collecting data for user sshd
2026-09-15 15:55:20 +0100 CMD find "/run/sshd"/.bash_history "/run/sshd"/.bash_history~ "/run/sshd"/.bash_history.* \( -path "/sys" -o -path "/proc/sys/fs/binfmt_misc" -o -path "/root/uac-3.3.0" -o -path "/root/uac_output/uac-data.tmp" \) -prune -o -print 2> find: '/run/sshd/.bash_history': No such file or directory/nfind: '/run/sshd/.bash_history~': No such file or directory/nfind: '/run/sshd/.bash_history.*': No such file or directory
2026-09-15 15:55:20 +0100 INF Collecting data for user sync
2026-09-15 15:55:21 +0100 INF Skipping as home directory "/bin"/.bash_history "/bin"/.bash_history~ "/bin"/.bash_history.* has been collected already
2026-09-15 15:55:21 +0100 INF Collecting data for user sys
2026-09-15 15:55:21 +0100 CMD find "/dev"/.bash_history "/dev"/.bash_history~ "/dev"/.bash_history.* \( -path "/sys" -o -path "/proc/sys/fs/binfmt_misc" -o -path "/root/uac-3.3.0" -o -path "/root/uac_output/uac-data.tmp" \) -prune -o -print 2> find: '/dev/.bash_history': No such file or directory/nfind: '/dev/.bash_history~': No such file or directory/nfind: '/dev/.bash_history.*': No such file or directory
2026-09-15 15:55:21 +0100 INF Collecting data for user systemd-network
2026-09-15 15:55:21 +0100 CMD find "/"/.bash_history "/"/.bash_history~ "/"/.bash_history.* \( -path "/sys" -o -path "/proc/sys/fs/binfmt_misc" -o -path "/root/uac-3.3.0" -o -path "/root/uac_output/uac-data.tmp" \) -prune -o -print 2> find: '//.bash_history': No such file or directory/nfind: '//.bash_history~': No such file or directory/nfind: '//.bash_history.*': No such file or directory
2026-09-15 15:55:21 +0100 INF Collecting data for user systemd-timesync
2026-09-15 15:55:21 +0100 INF Skipping as home directory "/"/.bash_history "/"/.bash_history~ "/"/.bash_history.* has been collected already
2026-09-15 15:55:21 +0100 INF Collecting data for user uucp
2026-09-15 15:55:21 +0100 CMD find "/var/spool/uucp"/.bash_history "/var/spool/uucp"/.bash_history~ "/var/spool/uucp"/.bash_history.* \( -path "/sys" -o -path "/proc/sys/fs/binfmt_misc" -o -path "/root/uac-3.3.0" -o -path "/root/uac_output/uac-data.tmp" \) -prune -o -print 2> find: '/var/spool/uucp/.bash_history': No such file or directory/nfind: '/var/spool/uucp/.bash_history~': No such file or directory/nfind: '/var/spool/uucp/.bash_history.*': No such file or directory
2026-09-15 15:55:21 +0100 INF Collecting data for user www-data
2026-09-15 15:55:21 +0100 CMD find "/var/www"/.bash_history "/var/www"/.bash_history~ "/var/www"/.bash_history.* \( -path "/sys" -o -path "/proc/sys/fs/binfmt_misc" -o -path "/root/uac-3.3.0" -o -path "/root/uac_output/uac-data.tmp" \) -prune -o -print 2> find: '/var/www/.bash_history': No such file or directory/nfind: '/var/www/.bash_history~': No such file or directory/nfind: '/var/www/.bash_history.*': No such file or directory
2026-09-15 15:55:21 +0100 INF Collecting data for user Tom
2026-09-15 15:55:21 +0100 CMD find "/home/Tom"/.bashrc "/home/Tom"/.profile "/home/Tom"/.bash_login "/home/Tom"/.bash_profile \( -path "/sys" -o -path "/proc/sys/fs/binfmt_misc" -o -path "/root/uac-3.3.0" -o -path "/root/uac_output/uac-data.tmp" \) -prune -o -print 2> find: '/home/Tom/.bash_login': No such file or directory/nfind: '/home/Tom/.bash_profile': No such file or directory
2026-09-15 15:55:21 +0100 INF Collecting data for user Tom
2026-09-15 15:55:21 +0100 CMD find "/root"/.bashrc "/root"/.profile "/root"/.bash_login "/root"/.bash_profile \( -path "/sys" -o -path "/proc/sys/fs/binfmt_misc" -o -path "/root/uac-3.3.0" -o -path "/root/uac_output/uac-data.tmp" \) -prune -o -print 2> find: '/root/.bash_login': No such file or directory/nfind: '/root/.bash_profile': No such file or directory
2026-09-15 15:55:21 +0100 INF Collecting data for user _apt
2026-09-15 15:55:21 +0100 CMD find "/nonexistent"/.bashrc "/nonexistent"/.profile "/nonexistent"/.bash_login "/nonexistent"/.bash_profile \( -path "/sys" -o -path "/proc/sys/fs/binfmt_misc" -o -path "/root/uac-3.3.0" -o -path "/root/uac_output/uac-data.tmp" \) -prune -o -print 2> find: '/nonexistent/.bashrc': No such file or directory/nfind: '/nonexistent/.profile': No such file or directory/nfind: '/nonexistent/.bash_login': No such file or directory/nfind: '/nonexistent/.bash_profile': No such file or directory
2026-09-15 15:55:21 +0100 INF Collecting data for user backup
2026-09-15 15:55:21 +0100 CMD find "/var/backups"/.bashrc "/var/backups"/.profile "/var/backups"/.bash_login "/var/backups"/.bash_profile \( -path "/sys" -o -path "/proc/sys/fs/binfmt_misc" -o -path "/root/uac-3.3.0" -o -path "/root/uac_output/uac-data.tmp" \) -prune -o -print 2> find: '/var/backups/.bashrc': No such file or directory/nfind: '/var/backups/.profile': No such file or directory/nfind: '/var/backups/.bash_login': No such file or directory/nfind: '/var/backups/.bash_profile': No such file or directory
2026-09-15 15:55:21 +0100 INF Collecting data for user bin
2026-09-15 15:55:21 +0100 CMD find "/bin"/.bashrc "/bin"/.profile "/bin"/.bash_login "/bin"/.bash_profile \( -path "/sys" -o -path "/proc/sys/fs/binfmt_misc" -o -path "/root/uac-3.3.0" -o -path "/root/uac_output/uac-data.tmp" \) -prune -o -print 2> find: '/bin/.bashrc': No such file or directory/nfind: '/bin/.profile': No such file or directory/nfind: '/bin/.bash_login': No such file or directory/nfind: '/bin/.bash_profile': No such file or directory
2026-09-15 15:55:21 +0100 INF Collecting data for user daemon
2026-09-15 15:55:21 +0100 CMD find "/usr/sbin"/.bashrc "/usr/sbin"/.profile "/usr/sbin"/.bash_login "/usr/sbin"/.bash_profile \( -path "/sys" -o -path "/proc/sys/fs/binfmt_misc" -o -path "/root/uac-3.3.0" -o -path "/root/uac_output/uac-data.tmp" \) -prune -o -print 2> find: '/usr/sbin/.bashrc': No such file or directory/nfind: '/usr/sbin/.profile': No such file or directory/nfind: '/usr/sbin/.bash_login': No such file or directory/nfind: '/usr/sbin/.bash_profile': No such file or directory
2026-09-15 15:55:21 +0100 INF Collecting data for user games
2026-09-15 15:55:21 +0100 CMD find "/usr/games"/.bashrc "/usr/games"/.profile "/usr/games"/.bash_login "/usr/games"/.bash_profile \( -path "/sys" -o -path "/proc/sys/fs/binfmt_misc" -o -path "/root/uac-3.3.0" -o -path "/root/uac_output/uac-data.tmp" \) -prune -o -print 2> find: '/usr/games/.bashrc': No such file or directory/nfind: '/usr/games/.profile': No such file or directory/nfind: '/usr/games/.bash_login': No such file or directory/nfind: '/usr/games/.bash_profile': No such file or directory
2026-09-15 15:55:21 +0100 INF Collecting data for user irc
2026-09-15 15:55:21 +0100 CMD find "/run/ircd"/.bashrc "/run/ircd"/.profile "/run/ircd"/.bash_login "/run/ircd"/.bash_profile \( -path "/sys" -o -path "/proc/sys/fs/binfmt_misc" -o -path "/root/uac-3.3.0" -o -path "/root/uac_output/uac-data.tmp" \) -prune -o -print 2> find: '/run/ircd/.bashrc': No such file or directory/nfind: '/run/ircd/.profile': No such file or directory/nfind: '/run/ircd/.bash_login': No such file or directory/nfind: '/run/ircd/.bash_profile': No such file or directory
2026-09-15 15:55:21 +0100 INF Collecting data for user list
2026-09-15 15:55:21 +0100 CMD find "/var/list"/.bashrc "/var/list"/.profile "/var/list"/.bash_login "/var/list"/.bash_profile \( -path "/sys" -o -path "/proc/sys/fs/binfmt_misc" -o -path "/root/uac-3.3.0" -o -path "/root/uac_output/uac-data.tmp" \) -prune -o -print 2> find: '/var/list/.bashrc': No such file or directory/nfind: '/var/list/.profile': No such file or directory/nfind: '/var/list/.bash_login': No such file or directory/nfind: '/var/list/.bash_profile': No such file or directory
2026-09-15 15:55:21 +0100 INF Collecting data for user lp
2026-09-15 15:55:21 +0100 CMD find "/var/spool/lpd"/.bashrc "/var/spool/lpd"/.profile "/var/spool/lpd"/.bash_login "/var/spool/lpd"/.bash_profile \( -path "/sys" -o -path "/proc/sys/fs/binfmt_misc" -o -path "/root/uac-3.3.0" -o -path "/root/uac_output/uac-data.tmp" \) -prune -o -print 2> find: '/var/spool/lpd/.bashrc': No such file or directory/nfind: '/var/spool/lpd/.profile': No such file or directory/nfind: '/var/spool/lpd/.bash_login': No such file or directory/nfind: '/var/spool/lpd/.bash_profile': No such file or directory
2026-09-15 15:55:21 +0100 INF Collecting data for user mail
2026-09-15 15:55:21 +0100 CMD find "/var/mail"/.bashrc "/var/mail"/.profile "/var/mail"/.bash_login "/var/mail"/.bash_profile \( -path "/sys" -o -path "/proc/sys/fs/binfmt_misc" -o -path "/root/uac-3.3.0" -o -path "/root/uac_output/uac-data.tmp" \) -prune -o -print 2> find: '/var/mail/.bashrc': No such file or directory/nfind: '/var/mail/.profile': No such file or directory/nfind: '/var/mail/.bash_login': No such file or directory/nfind: '/var/mail/.bash_profile': No such file or directory
2026-09-15 15:55:21 +0100 INF Collecting data for user man
2026-09-15 15:55:21 +0100 CMD find "/var/cache/man"/.bashrc "/var/cache/man"/.profile "/var/cache/man"/.bash_login "/var/cache/man"/.bash_profile \( -path "/sys" -o -path "/proc/sys/fs/binfmt_misc" -o -path "/root/uac-3.3.0" -o -path "/root/uac_output/uac-data.tmp" \) -prune -o -print 2> find: '/var/cache/man/.bashrc': No such file or directory/nfind: '/var/cache/man/.profile': No such file or directory/nfind: '/var/cache/man/.bash_login': No such file or directory/nfind: '/var/cache/man/.bash_profile': No such file or directory
2026-09-15 15:55:21 +0100 INF Collecting data for user messagebus
2026-09-15 15:55:21 +0100 INF Skipping as home directory "/nonexistent"/.bashrc "/nonexistent"/.profile "/nonexistent"/.bash_login "/nonexistent"/.bash_profile has been collected already
2026-09-15 15:55:21 +0100 INF Collecting data for user news
2026-09-15 15:55:21 +0100 CMD find "/var/spool/news"/.bashrc "/var/spool/news"/.profile "/var/spool/news"/.bash_login "/var/spool/news"/.bash_profile \( -path "/sys" -o -path "/proc/sys/fs/binfmt_misc" -o -path "/root/uac-3.3.0" -o -path "/root/uac_output/uac-data.tmp" \) -prune -o -print 2> find: '/var/spool/news/.bashrc': No such file or directory/nfind: '/var/spool/news/.profile': No such file or directory/nfind: '/var/spool/news/.bash_login': No such file or directory/nfind: '/var/spool/news/.bash_profile': No such file or directory
2026-09-15 15:55:21 +0100 INF Collecting data for user nobody
2026-09-15 15:55:21 +0100 INF Skipping as home directory "/nonexistent"/.bashrc "/nonexistent"/.profile "/nonexistent"/.bash_login "/nonexistent"/.bash_profile has been collected already
2026-09-15 15:55:21 +0100 INF Collecting data for user proxy
2026-09-15 15:55:21 +0100 INF Skipping as home directory "/bin"/.bashrc "/bin"/.profile "/bin"/.bash_login "/bin"/.bash_profile has been collected already
2026-09-15 15:55:21 +0100 INF Collecting data for user root
2026-09-15 15:55:21 +0100 INF Skipping as home directory "/root"/.bashrc "/root"/.profile "/root"/.bash_login "/root"/.bash_profile has been collected already
2026-09-15 15:55:21 +0100 INF Collecting data for user sshd
2026-09-15 15:55:21 +0100 CMD find "/run/sshd"/.bashrc "/run/sshd"/.profile "/run/sshd"/.bash_login "/run/sshd"/.bash_profile \( -path "/sys" -o -path "/proc/sys/fs/binfmt_misc" -o -path "/root/uac-3.3.0" -o -path "/root/uac_output/uac-data.tmp" \) -prune -o -print 2> find: '/run/sshd/.bashrc': No such file or directory/nfind: '/run/sshd/.profile': No such file or directory/nfind: '/run/sshd/.bash_login': No such file or directory/nfind: '/run/sshd/.bash_profile': No such file or directory
2026-09-15 15:55:21 +0100 INF Collecting data for user sync
2026-09-15 15:55:21 +0100 INF Skipping as home directory "/bin"/.bashrc "/bin"/.profile "/bin"/.bash_login "/bin"/.bash_profile has been collected already
2026-09-15 15:55:21 +0100 INF Collecting data for user sys
2026-09-15 15:55:21 +0100 CMD find "/dev"/.bashrc "/dev"/.profile "/dev"/.bash_login "/dev"/.bash_profile \( -path "/sys" -o -path "/proc/sys/fs/binfmt_misc" -o -path "/root/uac-3.3.0" -o -path "/root/uac_output/uac-data.tmp" \) -prune -o -print 2> find: '/dev/.bashrc': No such file or directory/nfind: '/dev/.profile': No such file or directory/nfind: '/dev/.bash_login': No such file or directory/nfind: '/dev/.bash_profile': No such file or directory
2026-09-15 15:55:21 +0100 INF Collecting data for user systemd-network
2026-09-15 15:55:21 +0100 CMD find "/"/.bashrc "/"/.profile "/"/.bash_login "/"/.bash_profile \( -path "/sys" -o -path "/proc/sys/fs/binfmt_misc" -o -path "/root/uac-3.3.0" -o -path "/root/uac_output/uac-data.tmp" \) -prune -o -print 2> find: '//.bashrc': No such file or directory/nfind: '//.profile': No such file or directory/nfind: '//.bash_login': No such file or directory/nfind: '//.bash_profile': No such file or directory
2026-09-15 15:55:21 +0100 INF Collecting data for user systemd-timesync
2026-09-15 15:55:21 +0100 INF Skipping as home directory "/"/.bashrc "/"/.profile "/"/.bash_login "/"/.bash_profile has been collected already
2026-09-15 15:55:21 +0100 INF Collecting data for user uucp
2026-09-15 15:55:21 +0100 CMD find "/var/spool/uucp"/.bashrc "/var/spool/uucp"/.profile "/var/spool/uucp"/.bash_login "/var/spool/uucp"/.bash_profile \( -path "/sys" -o -path "/proc/sys/fs/binfmt_misc" -o -path "/root/uac-3.3.0" -o -path "/root/uac_output/uac-data.tmp" \) -prune -o -print 2> find: '/var/spool/uucp/.bashrc': No such file or directory/nfind: '/var/spool/uucp/.profile': No such file or directory/nfind: '/var/spool/uucp/.bash_login': No such file or directory/nfind: '/var/spool/uucp/.bash_profile': No such file or directory
2026-09-15 15:55:21 +0100 INF Collecting data for user www-data
2026-09-15 15:55:21 +0100 CMD find "/var/www"/.bashrc "/var/www"/.profile "/var/www"/.bash_login "/var/www"/.bash_profile \( -path "/sys" -o -path "/proc/sys/fs/binfmt_misc" -o -path "/root/uac-3.3.0" -o -path "/root/uac_output/uac-data.tmp" \) -prune -o -print 2> find: '/var/www/.bashrc': No such file or directory/nfind: '/var/www/.profile': No such file or directory/nfind: '/var/www/.bash_login': No such file or directory/nfind: '/var/www/.bash_profile': No such file or directory
2026-09-15 15:55:21 +0100 INF Collecting data for user Tom
2026-09-15 15:55:21 +0100 CMD find "/home/Tom"/.bash_sessions \( -path "/sys" -o -path "/proc/sys/fs/binfmt_misc" -o -path "/root/uac-3.3.0" -o -path "/root/uac_output/uac-data.tmp" \) -prune -o -print 2> find: '/home/Tom/.bash_sessions': No such file or directory
2026-09-15 15:55:21 +0100 INF Collecting data for user Tom
2026-09-15 15:55:22 +0100 CMD find "/root"/.bash_sessions \( -path "/sys" -o -path "/proc/sys/fs/binfmt_misc" -o -path "/root/uac-3.3.0" -o -path "/root/uac_output/uac-data.tmp" \) -prune -o -print 2> find: '/root/.bash_sessions': No such file or directory
2026-09-15 15:55:22 +0100 INF Collecting data for user _apt
2026-09-15 15:55:22 +0100 CMD find "/nonexistent"/.bash_sessions \( -path "/sys" -o -path "/proc/sys/fs/binfmt_misc" -o -path "/root/uac-3.3.0" -o -path "/root/uac_output/uac-data.tmp" \) -prune -o -print 2> find: '/nonexistent/.bash_sessions': No such file or directory
2026-09-15 15:55:22 +0100 INF Collecting data for user backup
2026-09-15 15:55:22 +0100 CMD find "/var/backups"/.bash_sessions \( -path "/sys" -o -path "/proc/sys/fs/binfmt_misc" -o -path "/root/uac-3.3.0" -o -path "/root/uac_output/uac-data.tmp" \) -prune -o -print 2> find: '/var/backups/.bash_sessions': No such file or directory
2026-09-15 15:55:22 +0100 INF Collecting data for user bin
2026-09-15 15:55:22 +0100 CMD find "/bin"/.bash_sessions \( -path "/sys" -o -path "/proc/sys/fs/binfmt_misc" -o -path "/root/uac-3.3.0" -o -path "/root/uac_output/uac-data.tmp" \) -prune -o -print 2> find: '/bin/.bash_sessions': No such file or directory
2026-09-15 15:55:22 +0100 INF Collecting data for user daemon
2026-09-15 15:55:22 +0100 CMD find "/usr/sbin"/.bash_sessions \( -path "/sys" -o -path "/proc/sys/fs/binfmt_misc" -o -path "/root/uac-3.3.0" -o -path "/root/uac_output/uac-data.tmp" \) -prune -o -print 2> find: '/usr/sbin/.bash_sessions': No such file or directory
2026-09-15 15:55:22 +0100 INF Collecting data for user games
2026-09-15 15:55:22 +0100 CMD find "/usr/games"/.bash_sessions \( -path "/sys" -o -path "/proc/sys/fs/binfmt_misc" -o -path "/root/uac-3.3.0" -o -path "/root/uac_output/uac-data.tmp" \) -prune -o -print 2> find: '/usr/games/.bash_sessions': No such file or directory
2026-09-15 15:55:22 +0100 INF Collecting data for user irc
2026-09-15 15:55:22 +0100 CMD find "/run/ircd"/.bash_sessions \( -path "/sys" -o -path "/proc/sys/fs/binfmt_misc" -o -path "/root/uac-3.3.0" -o -path "/root/uac_output/uac-data.tmp" \) -prune -o -print 2> find: '/run/ircd/.bash_sessions': No such file or directory
2026-09-15 15:55:22 +0100 INF Collecting data for user list
2026-09-15 15:55:22 +0100 CMD find "/var/list"/.bash_sessions \( -path "/sys" -o -path "/proc/sys/fs/binfmt_misc" -o -path "/root/uac-3.3.0" -o -path "/root/uac_output/uac-data.tmp" \) -prune -o -print 2> find: '/var/list/.bash_sessions': No such file or directory
2026-09-15 15:55:22 +0100 INF Collecting data for user lp
2026-09-15 15:55:22 +0100 CMD find "/var/spool/lpd"/.bash_sessions \( -path "/sys" -o -path "/proc/sys/fs/binfmt_misc" -o -path "/root/uac-3.3.0" -o -path "/root/uac_output/uac-data.tmp" \) -prune -o -print 2> find: '/var/spool/lpd/.bash_sessions': No such file or directory
2026-09-15 15:55:22 +0100 INF Collecting data for user mail
2026-09-15 15:55:22 +0100 CMD find "/var/mail"/.bash_sessions \( -path "/sys" -o -path "/proc/sys/fs/binfmt_misc" -o -path "/root/uac-3.3.0" -o -path "/root/uac_output/uac-data.tmp" \) -prune -o -print 2> find: '/var/mail/.bash_sessions': No such file or directory
2026-09-15 15:55:22 +0100 INF Collecting data for user man
2026-09-15 15:55:22 +0100 CMD find "/var/cache/man"/.bash_sessions \( -path "/sys" -o -path "/proc/sys/fs/binfmt_misc" -o -path "/root/uac-3.3.0" -o -path "/root/uac_output/uac-data.tmp" \) -prune -o -print 2> find: '/var/cache/man/.bash_sessions': No such file or directory
2026-09-15 15:55:22 +0100 INF Collecting data for user messagebus
2026-09-15 15:55:22 +0100 INF Skipping as home directory "/nonexistent"/.bash_sessions has been collected already
2026-09-15 15:55:22 +0100 INF Collecting data for user news
2026-09-15 15:55:22 +0100 CMD find "/var/spool/news"/.bash_sessions \( -path "/sys" -o -path "/proc/sys/fs/binfmt_misc" -o -path "/root/uac-3.3.0" -o -path "/root/uac_output/uac-data.tmp" \) -prune -o -print 2> find: '/var/spool/news/.bash_sessions': No such file or directory
2026-09-15 15:55:22 +0100 INF Collecting data for user nobody
2026-09-15 15:55:22 +0100 INF Skipping as home directory "/nonexistent"/.bash_sessions has been collected already
2026-09-15 15:55:22 +0100 INF Collecting data for user proxy
2026-09-15 15:55:22 +0100 INF Skipping as home directory "/bin"/.bash_sessions has been collected already
2026-09-15 15:55:22 +0100 INF Collecting data for user root
2026-09-15 15:55:22 +0100 INF Skipping as home directory "/root"/.bash_sessions has been collected already
2026-09-15 15:55:22 +0100 INF Collecting data for user sshd
2026-09-15 15:55:22 +0100 CMD find "/run/sshd"/.bash_sessions \( -path "/sys" -o -path "/proc/sys/fs/binfmt_misc" -o -path "/root/uac-3.3.0" -o -path "/root/uac_output/uac-data.tmp" \) -prune -o -print 2> find: '/run/sshd/.bash_sessions': No such file or directory
2026-09-15 15:55:22 +0100 INF Collecting data for user sync
2026-09-15 15:55:22 +0100 INF Skipping as home directory "/bin"/.bash_sessions has been collected already
2026-09-15 15:55:22 +0100 INF Collecting data for user sys
2026-09-15 15:55:22 +0100 CMD find "/dev"/.bash_sessions \( -path "/sys" -o -path "/proc/sys/fs/binfmt_misc" -o -path "/root/uac-3.3.0" -o -path "/root/uac_output/uac-data.tmp" \) -prune -o -print 2> find: '/dev/.bash_sessions': No such file or directory
2026-09-15 15:55:22 +0100 INF Collecting data for user systemd-network
2026-09-15 15:55:22 +0100 CMD find "/"/.bash_sessions \( -path "/sys" -o -path "/proc/sys/fs/binfmt_misc" -o -path "/root/uac-3.3.0" -o -path "/root/uac_output/uac-data.tmp" \) -prune -o -print 2> find: '//.bash_sessions': No such file or directory
2026-09-15 15:55:22 +0100 INF Collecting data for user systemd-timesync
2026-09-15 15:55:22 +0100 INF Skipping as home directory "/"/.bash_sessions has been collected already
2026-09-15 15:55:22 +0100 INF Collecting data for user uucp
2026-09-15 15:55:22 +0100 CMD find "/var/spool/uucp"/.bash_sessions \( -path "/sys" -o -path "/proc/sys/fs/binfmt_misc" -o -path "/root/uac-3.3.0" -o -path "/root/uac_output/uac-data.tmp" \) -prune -o -print 2> find: '/var/spool/uucp/.bash_sessions': No such file or directory
2026-09-15 15:55:22 +0100 INF Collecting data for user www-data
2026-09-15 15:55:22 +0100 CMD find "/var/www"/.bash_sessions \( -path "/sys" -o -path "/proc/sys/fs/binfmt_misc" -o -path "/root/uac-3.3.0" -o -path "/root/uac_output/uac-data.tmp" \) -prune -o -print 2> find: '/var/www/.bash_sessions': No such file or directory
2026-09-15 15:55:22 +0100 CMD find /etc/bash.bashrc \( -path "/sys" -o -path "/proc/sys/fs/binfmt_misc" -o -path "/root/uac-3.3.0" -o -path "/root/uac_output/uac-data.tmp" \) -prune -o -print
2026-09-15 15:55:22 +0100 INF Collecting data for user Tom
2026-09-15 15:55:22 +0100 CMD find "/home/Tom"/.bash_aliases "/home/Tom"/.bash_logout "/home/Tom"/.inputrc \( -path "/sys" -o -path "/proc/sys/fs/binfmt_misc" -o -path "/root/uac-3.3.0" -o -path "/root/uac_output/uac-data.tmp" \) -prune -o -print 2> find: '/home/Tom/.bash_aliases': No such file or directory/nfind: '/home/Tom/.inputrc': No such file or directory
2026-09-15 15:55:22 +0100 INF Collecting data for user Tom
2026-09-15 15:55:22 +0100 CMD find "/root"/.bash_aliases "/root"/.bash_logout "/root"/.inputrc \( -path "/sys" -o -path "/proc/sys/fs/binfmt_misc" -o -path "/root/uac-3.3.0" -o -path "/root/uac_output/uac-data.tmp" \) -prune -o -print 2> find: '/root/.bash_aliases': No such file or directory/nfind: '/root/.bash_logout': No such file or directory/nfind: '/root/.inputrc': No such file or directory
2026-09-15 15:55:22 +0100 INF Collecting data for user _apt
2026-09-15 15:55:22 +0100 CMD find "/nonexistent"/.bash_aliases "/nonexistent"/.bash_logout "/nonexistent"/.inputrc \( -path "/sys" -o -path "/proc/sys/fs/binfmt_misc" -o -path "/root/uac-3.3.0" -o -path "/root/uac_output/uac-data.tmp" \) -prune -o -print 2> find: '/nonexistent/.bash_aliases': No such file or directory/nfind: '/nonexistent/.bash_logout': No such file or directory/nfind: '/nonexistent/.inputrc': No such file or directory
2026-09-15 15:55:22 +0100 INF Collecting data for user backup
2026-09-15 15:55:22 +0100 CMD find "/var/backups"/.bash_aliases "/var/backups"/.bash_logout "/var/backups"/.inputrc \( -path "/sys" -o -path "/proc/sys/fs/binfmt_misc" -o -path "/root/uac-3.3.0" -o -path "/root/uac_output/uac-data.tmp" \) -prune -o -print 2> find: '/var/backups/.bash_aliases': No such file or directory/nfind: '/var/backups/.bash_logout': No such file or directory/nfind: '/var/backups/.inputrc': No such file or directory
2026-09-15 15:55:22 +0100 INF Collecting data for user bin
2026-09-15 15:55:22 +0100 CMD find "/bin"/.bash_aliases "/bin"/.bash_logout "/bin"/.inputrc \( -path "/sys" -o -path "/proc/sys/fs/binfmt_misc" -o -path "/root/uac-3.3.0" -o -path "/root/uac_output/uac-data.tmp" \) -prune -o -print 2> find: '/bin/.bash_aliases': No such file or directory/nfind: '/bin/.bash_logout': No such file or directory/nfind: '/bin/.inputrc': No such file or directory
2026-09-15 15:55:22 +0100 INF Collecting data for user daemon
2026-09-15 15:55:22 +0100 CMD find "/usr/sbin"/.bash_aliases "/usr/sbin"/.bash_logout "/usr/sbin"/.inputrc \( -path "/sys" -o -path "/proc/sys/fs/binfmt_misc" -o -path "/root/uac-3.3.0" -o -path "/root/uac_output/uac-data.tmp" \) -prune -o -print 2> find: '/usr/sbin/.bash_aliases': No such file or directory/nfind: '/usr/sbin/.bash_logout': No such file or directory/nfind: '/usr/sbin/.inputrc': No such file or directory
2026-09-15 15:55:22 +0100 INF Collecting data for user games
2026-09-15 15:55:23 +0100 CMD find "/usr/games"/.bash_aliases "/usr/games"/.bash_logout "/usr/games"/.inputrc \( -path "/sys" -o -path "/proc/sys/fs/binfmt_misc" -o -path "/root/uac-3.3.0" -o -path "/root/uac_output/uac-data.tmp" \) -prune -o -print 2> find: '/usr/games/.bash_aliases': No such file or directory/nfind: '/usr/games/.bash_logout': No such file or directory/nfind: '/usr/games/.inputrc': No such file or directory
2026-09-15 15:55:23 +0100 INF Collecting data for user irc
2026-09-15 15:55:23 +0100 CMD find "/run/ircd"/.bash_aliases "/run/ircd"/.bash_logout "/run/ircd"/.inputrc \( -path "/sys" -o -path "/proc/sys/fs/binfmt_misc" -o -path "/root/uac-3.3.0" -o -path "/root/uac_output/uac-data.tmp" \) -prune -o -print 2> find: '/run/ircd/.bash_aliases': No such file or directory/nfind: '/run/ircd/.bash_logout': No such file or directory/nfind: '/run/ircd/.inputrc': No such file or directory
2026-09-15 15:55:23 +0100 INF Collecting data for user list
2026-09-15 15:55:23 +0100 CMD find "/var/list"/.bash_aliases "/var/list"/.bash_logout "/var/list"/.inputrc \( -path "/sys" -o -path "/proc/sys/fs/binfmt_misc" -o -path "/root/uac-3.3.0" -o -path "/root/uac_output/uac-data.tmp" \) -prune -o -print 2> find: '/var/list/.bash_aliases': No such file or directory/nfind: '/var/list/.bash_logout': No such file or directory/nfind: '/var/list/.inputrc': No such file or directory
2026-09-15 15:55:23 +0100 INF Collecting data for user lp
2026-09-15 15:55:23 +0100 CMD find "/var/spool/lpd"/.bash_aliases "/var/spool/lpd"/.bash_logout "/var/spool/lpd"/.inputrc \( -path "/sys" -o -path "/proc/sys/fs/binfmt_misc" -o -path "/root/uac-3.3.0" -o -path "/root/uac_output/uac-data.tmp" \) -prune -o -print 2> find: '/var/spool/lpd/.bash_aliases': No such file or directory/nfind: '/var/spool/lpd/.bash_logout': No such file or directory/nfind: '/var/spool/lpd/.inputrc': No such file or directory
2026-09-15 15:55:23 +0100 INF Collecting data for user mail
2026-09-15 15:55:23 +0100 CMD find "/var/mail"/.bash_aliases "/var/mail"/.bash_logout "/var/mail"/.inputrc \( -path "/sys" -o -path "/proc/sys/fs/binfmt_misc" -o -path "/root/uac-3.3.0" -o -path "/root/uac_output/uac-data.tmp" \) -prune -o -print 2> find: '/var/mail/.bash_aliases': No such file or directory/nfind: '/var/mail/.bash_logout': No such file or directory/nfind: '/var/mail/.inputrc': No such file or directory
2026-09-15 15:55:23 +0100 INF Collecting data for user man
2026-09-15 15:55:23 +0100 CMD find "/var/cache/man"/.bash_aliases "/var/cache/man"/.bash_logout "/var/cache/man"/.inputrc \( -path "/sys" -o -path "/proc/sys/fs/binfmt_misc" -o -path "/root/uac-3.3.0" -o -path "/root/uac_output/uac-data.tmp" \) -prune -o -print 2> find: '/var/cache/man/.bash_aliases': No such file or directory/nfind: '/var/cache/man/.bash_logout': No such file or directory/nfind: '/var/cache/man/.inputrc': No such file or directory
2026-09-15 15:55:23 +0100 INF Collecting data for user messagebus
2026-09-15 15:55:23 +0100 INF Skipping as home directory "/nonexistent"/.bash_aliases "/nonexistent"/.bash_logout "/nonexistent"/.inputrc has been collected already
2026-09-15 15:55:23 +0100 INF Collecting data for user news
2026-09-15 15:55:23 +0100 CMD find "/var/spool/news"/.bash_aliases "/var/spool/news"/.bash_logout "/var/spool/news"/.inputrc \( -path "/sys" -o -path "/proc/sys/fs/binfmt_misc" -o -path "/root/uac-3.3.0" -o -path "/root/uac_output/uac-data.tmp" \) -prune -o -print 2> find: '/var/spool/news/.bash_aliases': No such file or directory/nfind: '/var/spool/news/.bash_logout': No such file or directory/nfind: '/var/spool/news/.inputrc': No such file or directory
2026-09-15 15:55:23 +0100 INF Collecting data for user nobody
2026-09-15 15:55:23 +0100 INF Skipping as home directory "/nonexistent"/.bash_aliases "/nonexistent"/.bash_logout "/nonexistent"/.inputrc has been collected already
2026-09-15 15:55:23 +0100 INF Collecting data for user proxy
2026-09-15 15:55:23 +0100 INF Skipping as home directory "/bin"/.bash_aliases "/bin"/.bash_logout "/bin"/.inputrc has been collected already
2026-09-15 15:55:23 +0100 INF Collecting data for user root
2026-09-15 15:55:23 +0100 INF Skipping as home directory "/root"/.bash_aliases "/root"/.bash_logout "/root"/.inputrc has been collected already
2026-09-15 15:55:23 +0100 INF Collecting data for user sshd
2026-09-15 15:55:23 +0100 CMD find "/run/sshd"/.bash_aliases "/run/sshd"/.bash_logout "/run/sshd"/.inputrc \( -path "/sys" -o -path "/proc/sys/fs/binfmt_misc" -o -path "/root/uac-3.3.0" -o -path "/root/uac_output/uac-data.tmp" \) -prune -o -print 2> find: '/run/sshd/.bash_aliases': No such file or directory/nfind: '/run/sshd/.bash_logout': No such file or directory/nfind: '/run/sshd/.inputrc': No such file or directory
2026-09-15 15:55:23 +0100 INF Collecting data for user sync
2026-09-15 15:55:23 +0100 INF Skipping as home directory "/bin"/.bash_aliases "/bin"/.bash_logout "/bin"/.inputrc has been collected already
2026-09-15 15:55:23 +0100 INF Collecting data for user sys
2026-09-15 15:55:23 +0100 CMD find "/dev"/.bash_aliases "/dev"/.bash_logout "/dev"/.inputrc \( -path "/sys" -o -path "/proc/sys/fs/binfmt_misc" -o -path "/root/uac-3.3.0" -o -path "/root/uac_output/uac-data.tmp" \) -prune -o -print 2> find: '/dev/.bash_aliases': No such file or directory/nfind: '/dev/.bash_logout': No such file or directory/nfind: '/dev/.inputrc': No such file or directory
2026-09-15 15:55:23 +0100 INF Collecting data for user systemd-network
2026-09-15 15:55:23 +0100 CMD find "/"/.bash_aliases "/"/.bash_logout "/"/.inputrc \( -path "/sys" -o -path "/proc/sys/fs/binfmt_misc" -o -path "/root/uac-3.3.0" -o -path "/root/uac_output/uac-data.tmp" \) -prune -o -print 2> find: '//.bash_aliases': No such file or directory/nfind: '//.bash_logout': No such file or directory/nfind: '//.inputrc': No such file or directory
2026-09-15 15:55:23 +0100 INF Collecting data for user systemd-timesync
2026-09-15 15:55:23 +0100 INF Skipping as home directory "/"/.bash_aliases "/"/.bash_logout "/"/.inputrc has been collected already
2026-09-15 15:55:23 +0100 INF Collecting data for user uucp
2026-09-15 15:55:23 +0100 CMD find "/var/spool/uucp"/.bash_aliases "/var/spool/uucp"/.bash_logout "/var/spool/uucp"/.inputrc \( -path "/sys" -o -path "/proc/sys/fs/binfmt_misc" -o -path "/root/uac-3.3.0" -o -path "/root/uac_output/uac-data.tmp" \) -prune -o -print 2> find: '/var/spool/uucp/.bash_aliases': No such file or directory/nfind: '/var/spool/uucp/.bash_logout': No such file or directory/nfind: '/var/spool/uucp/.inputrc': No such file or directory
2026-09-15 15:55:23 +0100 INF Collecting data for user www-data
2026-09-15 15:55:23 +0100 CMD find "/var/www"/.bash_aliases "/var/www"/.bash_logout "/var/www"/.inputrc \( -path "/sys" -o -path "/proc/sys/fs/binfmt_misc" -o -path "/root/uac-3.3.0" -o -path "/root/uac_output/uac-data.tmp" \) -prune -o -print 2> find: '/var/www/.bash_aliases': No such file or directory/nfind: '/var/www/.bash_logout': No such file or directory/nfind: '/var/www/.inputrc': No such file or directory
2026-09-15 15:55:23 +0100 INF Collecting data for user Tom
2026-09-15 15:55:23 +0100 CMD grep -E "HISTFILE=.*" "/home/Tom"/.bashrc "/home/Tom"/.bash_profile "/home/Tom"/.profile /etc/bash.bashrc | sed -e 's|.*HISTFILE=||' -e 's|^~/|/home/Tom/|' 2> grep: /home/Tom/.bash_profile: No such file or directory
2026-09-15 15:55:23 +0100 INF Collecting data for user Tom
2026-09-15 15:55:23 +0100 CMD grep -E "HISTFILE=.*" "/root"/.bashrc "/root"/.bash_profile "/root"/.profile /etc/bash.bashrc | sed -e 's|.*HISTFILE=||' -e 's|^~/|/root/|' 2> grep: /root/.bash_profile: No such file or directory
2026-09-15 15:55:23 +0100 INF Collecting data for user _apt
2026-09-15 15:55:23 +0100 CMD grep -E "HISTFILE=.*" "/nonexistent"/.bashrc "/nonexistent"/.bash_profile "/nonexistent"/.profile /etc/bash.bashrc | sed -e 's|.*HISTFILE=||' -e 's|^~/|/nonexistent/|' 2> grep: /nonexistent/.bashrc: No such file or directory/ngrep: /nonexistent/.bash_profile: No such file or directory/ngrep: /nonexistent/.profile: No such file or directory
2026-09-15 15:55:23 +0100 INF Collecting data for user backup
2026-09-15 15:55:23 +0100 CMD grep -E "HISTFILE=.*" "/var/backups"/.bashrc "/var/backups"/.bash_profile "/var/backups"/.profile /etc/bash.bashrc | sed -e 's|.*HISTFILE=||' -e 's|^~/|/var/backups/|' 2> grep: /var/backups/.bashrc: No such file or directory/ngrep: /var/backups/.bash_profile: No such file or directory/ngrep: /var/backups/.profile: No such file or directory
2026-09-15 15:55:23 +0100 INF Collecting data for user bin
2026-09-15 15:55:23 +0100 CMD grep -E "HISTFILE=.*" "/bin"/.bashrc "/bin"/.bash_profile "/bin"/.profile /etc/bash.bashrc | sed -e 's|.*HISTFILE=||' -e 's|^~/|/bin/|' 2> grep: /bin/.bashrc: No such file or directory/ngrep: /bin/.bash_profile: No such file or directory/ngrep: /bin/.profile: No such file or directory
2026-09-15 15:55:23 +0100 INF Collecting data for user daemon
2026-09-15 15:55:23 +0100 CMD grep -E "HISTFILE=.*" "/usr/sbin"/.bashrc "/usr/sbin"/.bash_profile "/usr/sbin"/.profile /etc/bash.bashrc | sed -e 's|.*HISTFILE=||' -e 's|^~/|/usr/sbin/|' 2> grep: /usr/sbin/.bashrc: No such file or directory/ngrep: /usr/sbin/.bash_profile: No such file or directory/ngrep: /usr/sbin/.profile: No such file or directory
2026-09-15 15:55:23 +0100 INF Collecting data for user games
2026-09-15 15:55:23 +0100 CMD grep -E "HISTFILE=.*" "/usr/games"/.bashrc "/usr/games"/.bash_profile "/usr/games"/.profile /etc/bash.bashrc | sed -e 's|.*HISTFILE=||' -e 's|^~/|/usr/games/|' 2> grep: /usr/games/.bashrc: No such file or directory/ngrep: /usr/games/.bash_profile: No such file or directory/ngrep: /usr/games/.profile: No such file or directory
2026-09-15 15:55:23 +0100 INF Collecting data for user irc
2026-09-15 15:55:23 +0100 CMD grep -E "HISTFILE=.*" "/run/ircd"/.bashrc "/run/ircd"/.bash_profile "/run/ircd"/.profile /etc/bash.bashrc | sed -e 's|.*HISTFILE=||' -e 's|^~/|/run/ircd/|' 2> grep: /run/ircd/.bashrc: No such file or directory/ngrep: /run/ircd/.bash_profile: No such file or directory/ngrep: /run/ircd/.profile: No such file or directory
2026-09-15 15:55:23 +0100 INF Collecting data for user list
2026-09-15 15:55:23 +0100 CMD grep -E "HISTFILE=.*" "/var/list"/.bashrc "/var/list"/.bash_profile "/var/list"/.profile /etc/bash.bashrc | sed -e 's|.*HISTFILE=||' -e 's|^~/|/var/list/|' 2> grep: /var/list/.bashrc: No such file or directory/ngrep: /var/list/.bash_profile: No such file or directory/ngrep: /var/list/.profile: No such file or directory
2026-09-15 15:55:23 +0100 INF Collecting data for user lp
2026-09-15 15:55:23 +0100 CMD grep -E "HISTFILE=.*" "/var/spool/lpd"/.bashrc "/var/spool/lpd"/.bash_profile "/var/spool/lpd"/.profile /etc/bash.bashrc | sed -e 's|.*HISTFILE=||' -e 's|^~/|/var/spool/lpd/|' 2> grep: /var/spool/lpd/.bashrc: No such file or directory/ngrep: /var/spool/lpd/.bash_profile: No such file or directory/ngrep: /var/spool/lpd/.profile: No such file or directory
2026-09-15 15:55:23 +0100 INF Collecting data for user mail
2026-09-15 15:55:23 +0100 CMD grep -E "HISTFILE=.*" "/var/mail"/.bashrc "/var/mail"/.bash_profile "/var/mail"/.profile /etc/bash.bashrc | sed -e 's|.*HISTFILE=||' -e 's|^~/|/var/mail/|' 2> grep: /var/mail/.bashrc: No such file or directory/ngrep: /var/mail/.bash_profile: No such file or directory/ngrep: /var/mail/.profile: No such file or directory
2026-09-15 15:55:23 +0100 INF Collecting data for user man
2026-09-15 15:55:23 +0100 CMD grep -E "HISTFILE=.*" "/var/cache/man"/.bashrc "/var/cache/man"/.bash_profile "/var/cache/man"/.profile /etc/bash.bashrc | sed -e 's|.*HISTFILE=||' -e 's|^~/|/var/cache/man/|' 2> grep: /var/cache/man/.bashrc: No such file or directory/ngrep: /var/cache/man/.bash_profile: No such file or directory/ngrep: /var/cache/man/.profile: No such file or directory
2026-09-15 15:55:23 +0100 INF Collecting data for user messagebus
2026-09-15 15:55:23 +0100 CMD grep -E "HISTFILE=.*" "/nonexistent"/.bashrc "/nonexistent"/.bash_profile "/nonexistent"/.profile /etc/bash.bashrc | sed -e 's|.*HISTFILE=||' -e 's|^~/|/nonexistent/|' 2> grep: /nonexistent/.bashrc: No such file or directory/ngrep: /nonexistent/.bash_profile: No such file or directory/ngrep: /nonexistent/.profile: No such file or directory
2026-09-15 15:55:23 +0100 INF Collecting data for user news
2026-09-15 15:55:24 +0100 CMD grep -E "HISTFILE=.*" "/var/spool/news"/.bashrc "/var/spool/news"/.bash_profile "/var/spool/news"/.profile /etc/bash.bashrc | sed -e 's|.*HISTFILE=||' -e 's|^~/|/var/spool/news/|' 2> grep: /var/spool/news/.bashrc: No such file or directory/ngrep: /var/spool/news/.bash_profile: No such file or directory/ngrep: /var/spool/news/.profile: No such file or directory
2026-09-15 15:55:24 +0100 INF Collecting data for user nobody
2026-09-15 15:55:24 +0100 CMD grep -E "HISTFILE=.*" "/nonexistent"/.bashrc "/nonexistent"/.bash_profile "/nonexistent"/.profile /etc/bash.bashrc | sed -e 's|.*HISTFILE=||' -e 's|^~/|/nonexistent/|' 2> grep: /nonexistent/.bashrc: No such file or directory/ngrep: /nonexistent/.bash_profile: No such file or directory/ngrep: /nonexistent/.profile: No such file or directory
2026-09-15 15:55:24 +0100 INF Collecting data for user proxy
2026-09-15 15:55:24 +0100 CMD grep -E "HISTFILE=.*" "/bin"/.bashrc "/bin"/.bash_profile "/bin"/.profile /etc/bash.bashrc | sed -e 's|.*HISTFILE=||' -e 's|^~/|/bin/|' 2> grep: /bin/.bashrc: No such file or directory/ngrep: /bin/.bash_profile: No such file or directory/ngrep: /bin/.profile: No such file or directory
2026-09-15 15:55:24 +0100 INF Collecting data for user root
2026-09-15 15:55:24 +0100 CMD grep -E "HISTFILE=.*" "/root"/.bashrc "/root"/.bash_profile "/root"/.profile /etc/bash.bashrc | sed -e 's|.*HISTFILE=||' -e 's|^~/|/root/|' 2> grep: /root/.bash_profile: No such file or directory
2026-09-15 15:55:24 +0100 INF Collecting data for user sshd
2026-09-15 15:55:24 +0100 CMD grep -E "HISTFILE=.*" "/run/sshd"/.bashrc "/run/sshd"/.bash_profile "/run/sshd"/.profile /etc/bash.bashrc | sed -e 's|.*HISTFILE=||' -e 's|^~/|/run/sshd/|' 2> grep: /run/sshd/.bashrc: No such file or directory/ngrep: /run/sshd/.bash_profile: No such file or directory/ngrep: /run/sshd/.profile: No such file or directory
2026-09-15 15:55:24 +0100 INF Collecting data for user sync
2026-09-15 15:55:24 +0100 CMD grep -E "HISTFILE=.*" "/bin"/.bashrc "/bin"/.bash_profile "/bin"/.profile /etc/bash.bashrc | sed -e 's|.*HISTFILE=||' -e 's|^~/|/bin/|' 2> grep: /bin/.bashrc: No such file or directory/ngrep: /bin/.bash_profile: No such file or directory/ngrep: /bin/.profile: No such file or directory
2026-09-15 15:55:24 +0100 INF Collecting data for user sys
2026-09-15 15:55:24 +0100 CMD grep -E "HISTFILE=.*" "/dev"/.bashrc "/dev"/.bash_profile "/dev"/.profile /etc/bash.bashrc | sed -e 's|.*HISTFILE=||' -e 's|^~/|/dev/|' 2> grep: /dev/.bashrc: No such file or directory/ngrep: /dev/.bash_profile: No such file or directory/ngrep: /dev/.profile: No such file or directory
2026-09-15 15:55:24 +0100 INF Collecting data for user systemd-network
2026-09-15 15:55:24 +0100 CMD grep -E "HISTFILE=.*" "/"/.bashrc "/"/.bash_profile "/"/.profile /etc/bash.bashrc | sed -e 's|.*HISTFILE=||' -e 's|^~/|//|' 2> grep: //.bashrc: No such file or directory/ngrep: //.bash_profile: No such file or directory/ngrep: //.profile: No such file or directory
2026-09-15 15:55:24 +0100 INF Collecting data for user systemd-timesync
2026-09-15 15:55:24 +0100 CMD grep -E "HISTFILE=.*" "/"/.bashrc "/"/.bash_profile "/"/.profile /etc/bash.bashrc | sed -e 's|.*HISTFILE=||' -e 's|^~/|//|' 2> grep: //.bashrc: No such file or directory/ngrep: //.bash_profile: No such file or directory/ngrep: //.profile: No such file or directory
2026-09-15 15:55:24 +0100 INF Collecting data for user uucp
2026-09-15 15:55:24 +0100 CMD grep -E "HISTFILE=.*" "/var/spool/uucp"/.bashrc "/var/spool/uucp"/.bash_profile "/var/spool/uucp"/.profile /etc/bash.bashrc | sed -e 's|.*HISTFILE=||' -e 's|^~/|/var/spool/uucp/|' 2> grep: /var/spool/uucp/.bashrc: No such file or directory/ngrep: /var/spool/uucp/.bash_profile: No such file or directory/ngrep: /var/spool/uucp/.profile: No such file or directory
2026-09-15 15:55:24 +0100 INF Collecting data for user www-data
2026-09-15 15:55:24 +0100 CMD grep -E "HISTFILE=.*" "/var/www"/.bashrc "/var/www"/.bash_profile "/var/www"/.profile /etc/bash.bashrc | sed -e 's|.*HISTFILE=||' -e 's|^~/|/var/www/|' 2> grep: /var/www/.bashrc: No such file or directory/ngrep: /var/www/.bash_profile: No such file or directory/ngrep: /var/www/.profile: No such file or directory
2026-09-15 15:55:24 +0100 ERR _find_based_collector: No such file or directory: '/root/uac_output/uac-data.tmp/tmp/files/shell/bash_histfile.txt'
2026-09-15 15:55:24 +0100 INF Parsing files/shell/ion.yaml
2026-09-15 15:55:24 +0100 INF Collecting data for user Tom
2026-09-15 15:55:24 +0100 CMD find "/home/Tom"/.local/share/ion/history \( -path "/sys" -o -path "/proc/sys/fs/binfmt_misc" -o -path "/root/uac-3.3.0" -o -path "/root/uac_output/uac-data.tmp" \) -prune -o -print 2> find: '/home/Tom/.local/share/ion/history': No such file or directory
2026-09-15 15:55:24 +0100 INF Collecting data for user Tom
2026-09-15 15:55:24 +0100 CMD find "/root"/.local/share/ion/history \( -path "/sys" -o -path "/proc/sys/fs/binfmt_misc" -o -path "/root/uac-3.3.0" -o -path "/root/uac_output/uac-data.tmp" \) -prune -o -print 2> find: '/root/.local/share/ion/history': No such file or directory
2026-09-15 15:55:24 +0100 INF Collecting data for user _apt
2026-09-15 15:55:24 +0100 CMD find "/nonexistent"/.local/share/ion/history \( -path "/sys" -o -path "/proc/sys/fs/binfmt_misc" -o -path "/root/uac-3.3.0" -o -path "/root/uac_output/uac-data.tmp" \) -prune -o -print 2> find: '/nonexistent/.local/share/ion/history': No such file or directory
2026-09-15 15:55:24 +0100 INF Collecting data for user backup
2026-09-15 15:55:24 +0100 CMD find "/var/backups"/.local/share/ion/history \( -path "/sys" -o -path "/proc/sys/fs/binfmt_misc" -o -path "/root/uac-3.3.0" -o -path "/root/uac_output/uac-data.tmp" \) -prune -o -print 2> find: '/var/backups/.local/share/ion/history': No such file or directory
2026-09-15 15:55:24 +0100 INF Collecting data for user bin
2026-09-15 15:55:24 +0100 CMD find "/bin"/.local/share/ion/history \( -path "/sys" -o -path "/proc/sys/fs/binfmt_misc" -o -path "/root/uac-3.3.0" -o -path "/root/uac_output/uac-data.tmp" \) -prune -o -print 2> find: '/bin/.local/share/ion/history': No such file or directory
2026-09-15 15:55:24 +0100 INF Collecting data for user daemon
2026-09-15 15:55:24 +0100 CMD find "/usr/sbin"/.local/share/ion/history \( -path "/sys" -o -path "/proc/sys/fs/binfmt_misc" -o -path "/root/uac-3.3.0" -o -path "/root/uac_output/uac-data.tmp" \) -prune -o -print 2> find: '/usr/sbin/.local/share/ion/history': No such file or directory
2026-09-15 15:55:24 +0100 INF Collecting data for user games
2026-09-15 15:55:24 +0100 CMD find "/usr/games"/.local/share/ion/history \( -path "/sys" -o -path "/proc/sys/fs/binfmt_misc" -o -path "/root/uac-3.3.0" -o -path "/root/uac_output/uac-data.tmp" \) -prune -o -print 2> find: '/usr/games/.local/share/ion/history': No such file or directory
2026-09-15 15:55:24 +0100 INF Collecting data for user irc
2026-09-15 15:55:24 +0100 CMD find "/run/ircd"/.local/share/ion/history \( -path "/sys" -o -path "/proc/sys/fs/binfmt_misc" -o -path "/root/uac-3.3.0" -o -path "/root/uac_output/uac-data.tmp" \) -prune -o -print 2> find: '/run/ircd/.local/share/ion/history': No such file or directory
2026-09-15 15:55:24 +0100 INF Collecting data for user list
2026-09-15 15:55:24 +0100 CMD find "/var/list"/.local/share/ion/history \( -path "/sys" -o -path "/proc/sys/fs/binfmt_misc" -o -path "/root/uac-3.3.0" -o -path "/root/uac_output/uac-data.tmp" \) -prune -o -print 2> find: '/var/list/.local/share/ion/history': No such file or directory
2026-09-15 15:55:24 +0100 INF Collecting data for user lp
2026-09-15 15:55:24 +0100 CMD find "/var/spool/lpd"/.local/share/ion/history \( -path "/sys" -o -path "/proc/sys/fs/binfmt_misc" -o -path "/root/uac-3.3.0" -o -path "/root/uac_output/uac-data.tmp" \) -prune -o -print 2> find: '/var/spool/lpd/.local/share/ion/history': No such file or directory
2026-09-15 15:55:24 +0100 INF Collecting data for user mail
2026-09-15 15:55:24 +0100 CMD find "/var/mail"/.local/share/ion/history \( -path "/sys" -o -path "/proc/sys/fs/binfmt_misc" -o -path "/root/uac-3.3.0" -o -path "/root/uac_output/uac-data.tmp" \) -prune -o -print 2> find: '/var/mail/.local/share/ion/history': No such file or directory
2026-09-15 15:55:24 +0100 INF Collecting data for user man
2026-09-15 15:55:24 +0100 CMD find "/var/cache/man"/.local/share/ion/history \( -path "/sys" -o -path "/proc/sys/fs/binfmt_misc" -o -path "/root/uac-3.3.0" -o -path "/root/uac_output/uac-data.tmp" \) -prune -o -print 2> find: '/var/cache/man/.local/share/ion/history': No such file or directory
2026-09-15 15:55:24 +0100 INF Collecting data for user messagebus
2026-09-15 15:55:24 +0100 INF Skipping as home directory "/nonexistent"/.local/share/ion/history has been collected already
2026-09-15 15:55:24 +0100 INF Collecting data for user news
2026-09-15 15:55:24 +0100 CMD find "/var/spool/news"/.local/share/ion/history \( -path "/sys" -o -path "/proc/sys/fs/binfmt_misc" -o -path "/root/uac-3.3.0" -o -path "/root/uac_output/uac-data.tmp" \) -prune -o -print 2> find: '/var/spool/news/.local/share/ion/history': No such file or directory
2026-09-15 15:55:24 +0100 INF Collecting data for user nobody
2026-09-15 15:55:24 +0100 INF Skipping as home directory "/nonexistent"/.local/share/ion/history has been collected already
2026-09-15 15:55:24 +0100 INF Collecting data for user proxy
2026-09-15 15:55:24 +0100 INF Skipping as home directory "/bin"/.local/share/ion/history has been collected already
2026-09-15 15:55:24 +0100 INF Collecting data for user root
2026-09-15 15:55:24 +0100 INF Skipping as home directory "/root"/.local/share/ion/history has been collected already
2026-09-15 15:55:24 +0100 INF Collecting data for user sshd
2026-09-15 15:55:24 +0100 CMD find "/run/sshd"/.local/share/ion/history \( -path "/sys" -o -path "/proc/sys/fs/binfmt_misc" -o -path "/root/uac-3.3.0" -o -path "/root/uac_output/uac-data.tmp" \) -prune -o -print 2> find: '/run/sshd/.local/share/ion/history': No such file or directory
2026-09-15 15:55:24 +0100 INF Collecting data for user sync
2026-09-15 15:55:24 +0100 INF Skipping as home directory "/bin"/.local/share/ion/history has been collected already
2026-09-15 15:55:25 +0100 INF Collecting data for user sys
2026-09-15 15:55:25 +0100 CMD find "/dev"/.local/share/ion/history \( -path "/sys" -o -path "/proc/sys/fs/binfmt_misc" -o -path "/root/uac-3.3.0" -o -path "/root/uac_output/uac-data.tmp" \) -prune -o -print 2> find: '/dev/.local/share/ion/history': No such file or directory
2026-09-15 15:55:25 +0100 INF Collecting data for user systemd-network
2026-09-15 15:55:25 +0100 CMD find "/"/.local/share/ion/history \( -path "/sys" -o -path "/proc/sys/fs/binfmt_misc" -o -path "/root/uac-3.3.0" -o -path "/root/uac_output/uac-data.tmp" \) -prune -o -print 2> find: '//.local/share/ion/history': No such file or directory
2026-09-15 15:55:25 +0100 INF Collecting data for user systemd-timesync
2026-09-15 15:55:25 +0100 INF Skipping as home directory "/"/.local/share/ion/history has been collected already
2026-09-15 15:55:25 +0100 INF Collecting data for user uucp
2026-09-15 15:55:25 +0100 CMD find "/var/spool/uucp"/.local/share/ion/history \( -path "/sys" -o -path "/proc/sys/fs/binfmt_misc" -o -path "/root/uac-3.3.0" -o -path "/root/uac_output/uac-data.tmp" \) -prune -o -print 2> find: '/var/spool/uucp/.local/share/ion/history': No such file or directory
2026-09-15 15:55:25 +0100 INF Collecting data for user www-data
2026-09-15 15:55:25 +0100 CMD find "/var/www"/.local/share/ion/history \( -path "/sys" -o -path "/proc/sys/fs/binfmt_misc" -o -path "/root/uac-3.3.0" -o -path "/root/uac_output/uac-data.tmp" \) -prune -o -print 2> find: '/var/www/.local/share/ion/history': No such file or directory
2026-09-15 15:55:25 +0100 INF Collecting data for user Tom
2026-09-15 15:55:25 +0100 CMD find "/home/Tom"/.config/ion/initrc \( -path "/sys" -o -path "/proc/sys/fs/binfmt_misc" -o -path "/root/uac-3.3.0" -o -path "/root/uac_output/uac-data.tmp" \) -prune -o -print 2> find: '/home/Tom/.config/ion/initrc': No such file or directory
2026-09-15 15:55:25 +0100 INF Collecting data for user Tom
2026-09-15 15:55:25 +0100 CMD find "/root"/.config/ion/initrc \( -path "/sys" -o -path "/proc/sys/fs/binfmt_misc" -o -path "/root/uac-3.3.0" -o -path "/root/uac_output/uac-data.tmp" \) -prune -o -print 2> find: '/root/.config/ion/initrc': No such file or directory
2026-09-15 15:55:25 +0100 INF Collecting data for user _apt
2026-09-15 15:55:25 +0100 CMD find "/nonexistent"/.config/ion/initrc \( -path "/sys" -o -path "/proc/sys/fs/binfmt_misc" -o -path "/root/uac-3.3.0" -o -path "/root/uac_output/uac-data.tmp" \) -prune -o -print 2> find: '/nonexistent/.config/ion/initrc': No such file or directory
2026-09-15 15:55:25 +0100 INF Collecting data for user backup
2026-09-15 15:55:25 +0100 CMD find "/var/backups"/.config/ion/initrc \( -path "/sys" -o -path "/proc/sys/fs/binfmt_misc" -o -path "/root/uac-3.3.0" -o -path "/root/uac_output/uac-data.tmp" \) -prune -o -print 2> find: '/var/backups/.config/ion/initrc': No such file or directory
2026-09-15 15:55:25 +0100 INF Collecting data for user bin
2026-09-15 15:55:25 +0100 CMD find "/bin"/.config/ion/initrc \( -path "/sys" -o -path "/proc/sys/fs/binfmt_misc" -o -path "/root/uac-3.3.0" -o -path "/root/uac_output/uac-data.tmp" \) -prune -o -print 2> find: '/bin/.config/ion/initrc': No such file or directory
2026-09-15 15:55:25 +0100 INF Collecting data for user daemon
2026-09-15 15:55:25 +0100 CMD find "/usr/sbin"/.config/ion/initrc \( -path "/sys" -o -path "/proc/sys/fs/binfmt_misc" -o -path "/root/uac-3.3.0" -o -path "/root/uac_output/uac-data.tmp" \) -prune -o -print 2> find: '/usr/sbin/.config/ion/initrc': No such file or directory
2026-09-15 15:55:25 +0100 INF Collecting data for user games
2026-09-15 15:55:25 +0100 CMD find "/usr/games"/.config/ion/initrc \( -path "/sys" -o -path "/proc/sys/fs/binfmt_misc" -o -path "/root/uac-3.3.0" -o -path "/root/uac_output/uac-data.tmp" \) -prune -o -print 2> find: '/usr/games/.config/ion/initrc': No such file or directory
2026-09-15 15:55:25 +0100 INF Collecting data for user irc
2026-09-15 15:55:25 +0100 CMD find "/run/ircd"/.config/ion/initrc \( -path "/sys" -o -path "/proc/sys/fs/binfmt_misc" -o -path "/root/uac-3.3.0" -o -path "/root/uac_output/uac-data.tmp" \) -prune -o -print 2> find: '/run/ircd/.config/ion/initrc': No such file or directory
2026-09-15 15:55:25 +0100 INF Collecting data for user list
2026-09-15 15:55:25 +0100 CMD find "/var/list"/.config/ion/initrc \( -path "/sys" -o -path "/proc/sys/fs/binfmt_misc" -o -path "/root/uac-3.3.0" -o -path "/root/uac_output/uac-data.tmp" \) -prune -o -print 2> find: '/var/list/.config/ion/initrc': No such file or directory
2026-09-15 15:55:25 +0100 INF Collecting data for user lp
2026-09-15 15:55:25 +0100 CMD find "/var/spool/lpd"/.config/ion/initrc \( -path "/sys" -o -path "/proc/sys/fs/binfmt_misc" -o -path "/root/uac-3.3.0" -o -path "/root/uac_output/uac-data.tmp" \) -prune -o -print 2> find: '/var/spool/lpd/.config/ion/initrc': No such file or directory
2026-09-15 15:55:25 +0100 INF Collecting data for user mail
2026-09-15 15:55:25 +0100 CMD find "/var/mail"/.config/ion/initrc \( -path "/sys" -o -path "/proc/sys/fs/binfmt_misc" -o -path "/root/uac-3.3.0" -o -path "/root/uac_output/uac-data.tmp" \) -prune -o -print 2> find: '/var/mail/.config/ion/initrc': No such file or directory
2026-09-15 15:55:25 +0100 INF Collecting data for user man
2026-09-15 15:55:25 +0100 CMD find "/var/cache/man"/.config/ion/initrc \( -path "/sys" -o -path "/proc/sys/fs/binfmt_misc" -o -path "/root/uac-3.3.0" -o -path "/root/uac_output/uac-data.tmp" \) -prune -o -print 2> find: '/var/cache/man/.config/ion/initrc': No such file or directory
2026-09-15 15:55:25 +0100 INF Collecting data for user messagebus
2026-09-15 15:55:25 +0100 INF Skipping as home directory "/nonexistent"/.config/ion/initrc has been collected already
2026-09-15 15:55:25 +0100 INF Collecting data for user news
2026-09-15 15:55:25 +0100 CMD find "/var/spool/news"/.config/ion/initrc \( -path "/sys" -o -path "/proc/sys/fs/binfmt_misc" -o -path "/root/uac-3.3.0" -o -path "/root/uac_output/uac-data.tmp" \) -prune -o -print 2> find: '/var/spool/news/.config/ion/initrc': No such file or directory
2026-09-15 15:55:25 +0100 INF Collecting data for user nobody
2026-09-15 15:55:25 +0100 INF Skipping as home directory "/nonexistent"/.config/ion/initrc has been collected already
2026-09-15 15:55:25 +0100 INF Collecting data for user proxy
2026-09-15 15:55:25 +0100 INF Skipping as home directory "/bin"/.config/ion/initrc has been collected already
2026-09-15 15:55:25 +0100 INF Collecting data for user root
2026-09-15 15:55:25 +0100 INF Skipping as home directory "/root"/.config/ion/initrc has been collected already
2026-09-15 15:55:25 +0100 INF Collecting data for user sshd
2026-09-15 15:55:25 +0100 CMD find "/run/sshd"/.config/ion/initrc \( -path "/sys" -o -path "/proc/sys/fs/binfmt_misc" -o -path "/root/uac-3.3.0" -o -path "/root/uac_output/uac-data.tmp" \) -prune -o -print 2> find: '/run/sshd/.config/ion/initrc': No such file or directory
2026-09-15 15:55:25 +0100 INF Collecting data for user sync
2026-09-15 15:55:25 +0100 INF Skipping as home directory "/bin"/.config/ion/initrc has been collected already
2026-09-15 15:55:25 +0100 INF Collecting data for user sys
2026-09-15 15:55:25 +0100 CMD find "/dev"/.config/ion/initrc \( -path "/sys" -o -path "/proc/sys/fs/binfmt_misc" -o -path "/root/uac-3.3.0" -o -path "/root/uac_output/uac-data.tmp" \) -prune -o -print 2> find: '/dev/.config/ion/initrc': No such file or directory
2026-09-15 15:55:25 +0100 INF Collecting data for user systemd-network
2026-09-15 15:55:25 +0100 CMD find "/"/.config/ion/initrc \( -path "/sys" -o -path "/proc/sys/fs/binfmt_misc" -o -path "/root/uac-3.3.0" -o -path "/root/uac_output/uac-data.tmp" \) -prune -o -print 2> find: '//.config/ion/initrc': No such file or directory
2026-09-15 15:55:25 +0100 INF Collecting data for user systemd-timesync
2026-09-15 15:55:25 +0100 INF Skipping as home directory "/"/.config/ion/initrc has been collected already
2026-09-15 15:55:25 +0100 INF Collecting data for user uucp
2026-09-15 15:55:25 +0100 CMD find "/var/spool/uucp"/.config/ion/initrc \( -path "/sys" -o -path "/proc/sys/fs/binfmt_misc" -o -path "/root/uac-3.3.0" -o -path "/root/uac_output/uac-data.tmp" \) -prune -o -print 2> find: '/var/spool/uucp/.config/ion/initrc': No such file or directory
2026-09-15 15:55:25 +0100 INF Collecting data for user www-data
2026-09-15 15:55:25 +0100 CMD find "/var/www"/.config/ion/initrc \( -path "/sys" -o -path "/proc/sys/fs/binfmt_misc" -o -path "/root/uac-3.3.0" -o -path "/root/uac_output/uac-data.tmp" \) -prune -o -print 2> find: '/var/www/.config/ion/initrc': No such file or directory
2026-09-15 15:55:25 +0100 INF Parsing files/shell/osh.yaml
2026-09-15 15:55:25 +0100 INF Collecting data for user Tom
2026-09-15 15:55:25 +0100 CMD find "/home/Tom"/.osh_history \( -path "/sys" -o -path "/proc/sys/fs/binfmt_misc" -o -path "/root/uac-3.3.0" -o -path "/root/uac_output/uac-data.tmp" \) -prune -o -print 2> find: '/home/Tom/.osh_history': No such file or directory
2026-09-15 15:55:25 +0100 INF Collecting data for user Tom
2026-09-15 15:55:26 +0100 CMD find "/root"/.osh_history \( -path "/sys" -o -path "/proc/sys/fs/binfmt_misc" -o -path "/root/uac-3.3.0" -o -path "/root/uac_output/uac-data.tmp" \) -prune -o -print 2> find: '/root/.osh_history': No such file or directory
2026-09-15 15:55:26 +0100 INF Collecting data for user _apt
2026-09-15 15:55:26 +0100 CMD find "/nonexistent"/.osh_history \( -path "/sys" -o -path "/proc/sys/fs/binfmt_misc" -o -path "/root/uac-3.3.0" -o -path "/root/uac_output/uac-data.tmp" \) -prune -o -print 2> find: '/nonexistent/.osh_history': No such file or directory
2026-09-15 15:55:26 +0100 INF Collecting data for user backup
2026-09-15 15:55:26 +0100 CMD find "/var/backups"/.osh_history \( -path "/sys" -o -path "/proc/sys/fs/binfmt_misc" -o -path "/root/uac-3.3.0" -o -path "/root/uac_output/uac-data.tmp" \) -prune -o -print 2> find: '/var/backups/.osh_history': No such file or directory
2026-09-15 15:55:26 +0100 INF Collecting data for user bin
2026-09-15 15:55:26 +0100 CMD find "/bin"/.osh_history \( -path "/sys" -o -path "/proc/sys/fs/binfmt_misc" -o -path "/root/uac-3.3.0" -o -path "/root/uac_output/uac-data.tmp" \) -prune -o -print 2> find: '/bin/.osh_history': No such file or directory
2026-09-15 15:55:26 +0100 INF Collecting data for user daemon
2026-09-15 15:55:26 +0100 CMD find "/usr/sbin"/.osh_history \( -path "/sys" -o -path "/proc/sys/fs/binfmt_misc" -o -path "/root/uac-3.3.0" -o -path "/root/uac_output/uac-data.tmp" \) -prune -o -print 2> find: '/usr/sbin/.osh_history': No such file or directory
2026-09-15 15:55:26 +0100 INF Collecting data for user games
2026-09-15 15:55:26 +0100 CMD find "/usr/games"/.osh_history \( -path "/sys" -o -path "/proc/sys/fs/binfmt_misc" -o -path "/root/uac-3.3.0" -o -path "/root/uac_output/uac-data.tmp" \) -prune -o -print 2> find: '/usr/games/.osh_history': No such file or directory
2026-09-15 15:55:26 +0100 INF Collecting data for user irc
2026-09-15 15:55:26 +0100 CMD find "/run/ircd"/.osh_history \( -path "/sys" -o -path "/proc/sys/fs/binfmt_misc" -o -path "/root/uac-3.3.0" -o -path "/root/uac_output/uac-data.tmp" \) -prune -o -print 2> find: '/run/ircd/.osh_history': No such file or directory
2026-09-15 15:55:26 +0100 INF Collecting data for user list
2026-09-15 15:55:26 +0100 CMD find "/var/list"/.osh_history \( -path "/sys" -o -path "/proc/sys/fs/binfmt_misc" -o -path "/root/uac-3.3.0" -o -path "/root/uac_output/uac-data.tmp" \) -prune -o -print 2> find: '/var/list/.osh_history': No such file or directory
2026-09-15 15:55:26 +0100 INF Collecting data for user lp
2026-09-15 15:55:26 +0100 CMD find "/var/spool/lpd"/.osh_history \( -path "/sys" -o -path "/proc/sys/fs/binfmt_misc" -o -path "/root/uac-3.3.0" -o -path "/root/uac_output/uac-data.tmp" \) -prune -o -print 2> find: '/var/spool/lpd/.osh_history': No such file or directory
2026-09-15 15:55:26 +0100 INF Collecting data for user mail
2026-09-15 15:55:26 +0100 CMD find "/var/mail"/.osh_history \( -path "/sys" -o -path "/proc/sys/fs/binfmt_misc" -o -path "/root/uac-3.3.0" -o -path "/root/uac_output/uac-data.tmp" \) -prune -o -print 2> find: '/var/mail/.osh_history': No such file or directory
2026-09-15 15:55:26 +0100 INF Collecting data for user man
2026-09-15 15:55:26 +0100 CMD find "/var/cache/man"/.osh_history \( -path "/sys" -o -path "/proc/sys/fs/binfmt_misc" -o -path "/root/uac-3.3.0" -o -path "/root/uac_output/uac-data.tmp" \) -prune -o -print 2> find: '/var/cache/man/.osh_history': No such file or directory
2026-09-15 15:55:26 +0100 INF Collecting data for user messagebus
2026-09-15 15:55:26 +0100 INF Skipping as home directory "/nonexistent"/.osh_history has been collected already
2026-09-15 15:55:26 +0100 INF Collecting data for user news
2026-09-15 15:55:26 +0100 CMD find "/var/spool/news"/.osh_history \( -path "/sys" -o -path "/proc/sys/fs/binfmt_misc" -o -path "/root/uac-3.3.0" -o -path "/root/uac_output/uac-data.tmp" \) -prune -o -print 2> find: '/var/spool/news/.osh_history': No such file or directory
2026-09-15 15:55:26 +0100 INF Collecting data for user nobody
2026-09-15 15:55:26 +0100 INF Skipping as home directory "/nonexistent"/.osh_history has been collected already
2026-09-15 15:55:26 +0100 INF Collecting data for user proxy
2026-09-15 15:55:26 +0100 INF Skipping as home directory "/bin"/.osh_history has been collected already
2026-09-15 15:55:26 +0100 INF Collecting data for user root
2026-09-15 15:55:26 +0100 INF Skipping as home directory "/root"/.osh_history has been collected already
2026-09-15 15:55:26 +0100 INF Collecting data for user sshd
2026-09-15 15:55:26 +0100 CMD find "/run/sshd"/.osh_history \( -path "/sys" -o -path "/proc/sys/fs/binfmt_misc" -o -path "/root/uac-3.3.0" -o -path "/root/uac_output/uac-data.tmp" \) -prune -o -print 2> find: '/run/sshd/.osh_history': No such file or directory
2026-09-15 15:55:26 +0100 INF Collecting data for user sync
2026-09-15 15:55:26 +0100 INF Skipping as home directory "/bin"/.osh_history has been collected already
2026-09-15 15:55:26 +0100 INF Collecting data for user sys
2026-09-15 15:55:26 +0100 CMD find "/dev"/.osh_history \( -path "/sys" -o -path "/proc/sys/fs/binfmt_misc" -o -path "/root/uac-3.3.0" -o -path "/root/uac_output/uac-data.tmp" \) -prune -o -print 2> find: '/dev/.osh_history': No such file or directory
2026-09-15 15:55:26 +0100 INF Collecting data for user systemd-network
2026-09-15 15:55:26 +0100 CMD find "/"/.osh_history \( -path "/sys" -o -path "/proc/sys/fs/binfmt_misc" -o -path "/root/uac-3.3.0" -o -path "/root/uac_output/uac-data.tmp" \) -prune -o -print 2> find: '//.osh_history': No such file or directory
2026-09-15 15:55:26 +0100 INF Collecting data for user systemd-timesync
2026-09-15 15:55:26 +0100 INF Skipping as home directory "/"/.osh_history has been collected already
2026-09-15 15:55:26 +0100 INF Collecting data for user uucp
2026-09-15 15:55:26 +0100 CMD find "/var/spool/uucp"/.osh_history \( -path "/sys" -o -path "/proc/sys/fs/binfmt_misc" -o -path "/root/uac-3.3.0" -o -path "/root/uac_output/uac-data.tmp" \) -prune -o -print 2> find: '/var/spool/uucp/.osh_history': No such file or directory
2026-09-15 15:55:26 +0100 INF Collecting data for user www-data
2026-09-15 15:55:26 +0100 CMD find "/var/www"/.osh_history \( -path "/sys" -o -path "/proc/sys/fs/binfmt_misc" -o -path "/root/uac-3.3.0" -o -path "/root/uac_output/uac-data.tmp" \) -prune -o -print 2> find: '/var/www/.osh_history': No such file or directory
2026-09-15 15:55:26 +0100 INF Collecting data for user Tom
2026-09-15 15:55:26 +0100 CMD find "/home/Tom"/.config/oil/oshrc "/home/Tom"/.config/oil/yshrc \( -path "/sys" -o -path "/proc/sys/fs/binfmt_misc" -o -path "/root/uac-3.3.0" -o -path "/root/uac_output/uac-data.tmp" \) -prune -o -print 2> find: '/home/Tom/.config/oil/oshrc': No such file or directory/nfind: '/home/Tom/.config/oil/yshrc': No such file or directory
2026-09-15 15:55:26 +0100 INF Collecting data for user Tom
2026-09-15 15:55:26 +0100 CMD find "/root"/.config/oil/oshrc "/root"/.config/oil/yshrc \( -path "/sys" -o -path "/proc/sys/fs/binfmt_misc" -o -path "/root/uac-3.3.0" -o -path "/root/uac_output/uac-data.tmp" \) -prune -o -print 2> find: '/root/.config/oil/oshrc': No such file or directory/nfind: '/root/.config/oil/yshrc': No such file or directory
2026-09-15 15:55:26 +0100 INF Collecting data for user _apt
2026-09-15 15:55:26 +0100 CMD find "/nonexistent"/.config/oil/oshrc "/nonexistent"/.config/oil/yshrc \( -path "/sys" -o -path "/proc/sys/fs/binfmt_misc" -o -path "/root/uac-3.3.0" -o -path "/root/uac_output/uac-data.tmp" \) -prune -o -print 2> find: '/nonexistent/.config/oil/oshrc': No such file or directory/nfind: '/nonexistent/.config/oil/yshrc': No such file or directory
2026-09-15 15:55:26 +0100 INF Collecting data for user backup
2026-09-15 15:55:26 +0100 CMD find "/var/backups"/.config/oil/oshrc "/var/backups"/.config/oil/yshrc \( -path "/sys" -o -path "/proc/sys/fs/binfmt_misc" -o -path "/root/uac-3.3.0" -o -path "/root/uac_output/uac-data.tmp" \) -prune -o -print 2> find: '/var/backups/.config/oil/oshrc': No such file or directory/nfind: '/var/backups/.config/oil/yshrc': No such file or directory
2026-09-15 15:55:26 +0100 INF Collecting data for user bin
2026-09-15 15:55:26 +0100 CMD find "/bin"/.config/oil/oshrc "/bin"/.config/oil/yshrc \( -path "/sys" -o -path "/proc/sys/fs/binfmt_misc" -o -path "/root/uac-3.3.0" -o -path "/root/uac_output/uac-data.tmp" \) -prune -o -print 2> find: '/bin/.config/oil/oshrc': No such file or directory/nfind: '/bin/.config/oil/yshrc': No such file or directory
2026-09-15 15:55:26 +0100 INF Collecting data for user daemon
2026-09-15 15:55:26 +0100 CMD find "/usr/sbin"/.config/oil/oshrc "/usr/sbin"/.config/oil/yshrc \( -path "/sys" -o -path "/proc/sys/fs/binfmt_misc" -o -path "/root/uac-3.3.0" -o -path "/root/uac_output/uac-data.tmp" \) -prune -o -print 2> find: '/usr/sbin/.config/oil/oshrc': No such file or directory/nfind: '/usr/sbin/.config/oil/yshrc': No such file or directory
2026-09-15 15:55:26 +0100 INF Collecting data for user games
2026-09-15 15:55:26 +0100 CMD find "/usr/games"/.config/oil/oshrc "/usr/games"/.config/oil/yshrc \( -path "/sys" -o -path "/proc/sys/fs/binfmt_misc" -o -path "/root/uac-3.3.0" -o -path "/root/uac_output/uac-data.tmp" \) -prune -o -print 2> find: '/usr/games/.config/oil/oshrc': No such file or directory/nfind: '/usr/games/.config/oil/yshrc': No such file or directory
2026-09-15 15:55:26 +0100 INF Collecting data for user irc
2026-09-15 15:55:27 +0100 CMD find "/run/ircd"/.config/oil/oshrc "/run/ircd"/.config/oil/yshrc \( -path "/sys" -o -path "/proc/sys/fs/binfmt_misc" -o -path "/root/uac-3.3.0" -o -path "/root/uac_output/uac-data.tmp" \) -prune -o -print 2> find: '/run/ircd/.config/oil/oshrc': No such file or directory/nfind: '/run/ircd/.config/oil/yshrc': No such file or directory
2026-09-15 15:55:27 +0100 INF Collecting data for user list
2026-09-15 15:55:27 +0100 CMD find "/var/list"/.config/oil/oshrc "/var/list"/.config/oil/yshrc \( -path "/sys" -o -path "/proc/sys/fs/binfmt_misc" -o -path "/root/uac-3.3.0" -o -path "/root/uac_output/uac-data.tmp" \) -prune -o -print 2> find: '/var/list/.config/oil/oshrc': No such file or directory/nfind: '/var/list/.config/oil/yshrc': No such file or directory
2026-09-15 15:55:27 +0100 INF Collecting data for user lp
2026-09-15 15:55:27 +0100 CMD find "/var/spool/lpd"/.config/oil/oshrc "/var/spool/lpd"/.config/oil/yshrc \( -path "/sys" -o -path "/proc/sys/fs/binfmt_misc" -o -path "/root/uac-3.3.0" -o -path "/root/uac_output/uac-data.tmp" \) -prune -o -print 2> find: '/var/spool/lpd/.config/oil/oshrc': No such file or directory/nfind: '/var/spool/lpd/.config/oil/yshrc': No such file or directory
2026-09-15 15:55:27 +0100 INF Collecting data for user mail
2026-09-15 15:55:27 +0100 CMD find "/var/mail"/.config/oil/oshrc "/var/mail"/.config/oil/yshrc \( -path "/sys" -o -path "/proc/sys/fs/binfmt_misc" -o -path "/root/uac-3.3.0" -o -path "/root/uac_output/uac-data.tmp" \) -prune -o -print 2> find: '/var/mail/.config/oil/oshrc': No such file or directory/nfind: '/var/mail/.config/oil/yshrc': No such file or directory
2026-09-15 15:55:27 +0100 INF Collecting data for user man
2026-09-15 15:55:27 +0100 CMD find "/var/cache/man"/.config/oil/oshrc "/var/cache/man"/.config/oil/yshrc \( -path "/sys" -o -path "/proc/sys/fs/binfmt_misc" -o -path "/root/uac-3.3.0" -o -path "/root/uac_output/uac-data.tmp" \) -prune -o -print 2> find: '/var/cache/man/.config/oil/oshrc': No such file or directory/nfind: '/var/cache/man/.config/oil/yshrc': No such file or directory
2026-09-15 15:55:27 +0100 INF Collecting data for user messagebus
2026-09-15 15:55:27 +0100 INF Skipping as home directory "/nonexistent"/.config/oil/oshrc "/nonexistent"/.config/oil/yshrc has been collected already
2026-09-15 15:55:27 +0100 INF Collecting data for user news
2026-09-15 15:55:27 +0100 CMD find "/var/spool/news"/.config/oil/oshrc "/var/spool/news"/.config/oil/yshrc \( -path "/sys" -o -path "/proc/sys/fs/binfmt_misc" -o -path "/root/uac-3.3.0" -o -path "/root/uac_output/uac-data.tmp" \) -prune -o -print 2> find: '/var/spool/news/.config/oil/oshrc': No such file or directory/nfind: '/var/spool/news/.config/oil/yshrc': No such file or directory
2026-09-15 15:55:27 +0100 INF Collecting data for user nobody
2026-09-15 15:55:27 +0100 INF Skipping as home directory "/nonexistent"/.config/oil/oshrc "/nonexistent"/.config/oil/yshrc has been collected already
2026-09-15 15:55:27 +0100 INF Collecting data for user proxy
2026-09-15 15:55:27 +0100 INF Skipping as home directory "/bin"/.config/oil/oshrc "/bin"/.config/oil/yshrc has been collected already
2026-09-15 15:55:27 +0100 INF Collecting data for user root
2026-09-15 15:55:27 +0100 INF Skipping as home directory "/root"/.config/oil/oshrc "/root"/.config/oil/yshrc has been collected already
2026-09-15 15:55:27 +0100 INF Collecting data for user sshd
2026-09-15 15:55:27 +0100 CMD find "/run/sshd"/.config/oil/oshrc "/run/sshd"/.config/oil/yshrc \( -path "/sys" -o -path "/proc/sys/fs/binfmt_misc" -o -path "/root/uac-3.3.0" -o -path "/root/uac_output/uac-data.tmp" \) -prune -o -print 2> find: '/run/sshd/.config/oil/oshrc': No such file or directory/nfind: '/run/sshd/.config/oil/yshrc': No such file or directory
2026-09-15 15:55:27 +0100 INF Collecting data for user sync
2026-09-15 15:55:27 +0100 INF Skipping as home directory "/bin"/.config/oil/oshrc "/bin"/.config/oil/yshrc has been collected already
2026-09-15 15:55:27 +0100 INF Collecting data for user sys
2026-09-15 15:55:27 +0100 CMD find "/dev"/.config/oil/oshrc "/dev"/.config/oil/yshrc \( -path "/sys" -o -path "/proc/sys/fs/binfmt_misc" -o -path "/root/uac-3.3.0" -o -path "/root/uac_output/uac-data.tmp" \) -prune -o -print 2> find: '/dev/.config/oil/oshrc': No such file or directory/nfind: '/dev/.config/oil/yshrc': No such file or directory
2026-09-15 15:55:27 +0100 INF Collecting data for user systemd-network
2026-09-15 15:55:27 +0100 CMD find "/"/.config/oil/oshrc "/"/.config/oil/yshrc \( -path "/sys" -o -path "/proc/sys/fs/binfmt_misc" -o -path "/root/uac-3.3.0" -o -path "/root/uac_output/uac-data.tmp" \) -prune -o -print 2> find: '//.config/oil/oshrc': No such file or directory/nfind: '//.config/oil/yshrc': No such file or directory
2026-09-15 15:55:27 +0100 INF Collecting data for user systemd-timesync
2026-09-15 15:55:27 +0100 INF Skipping as home directory "/"/.config/oil/oshrc "/"/.config/oil/yshrc has been collected already
2026-09-15 15:55:27 +0100 INF Collecting data for user uucp
2026-09-15 15:55:27 +0100 CMD find "/var/spool/uucp"/.config/oil/oshrc "/var/spool/uucp"/.config/oil/yshrc \( -path "/sys" -o -path "/proc/sys/fs/binfmt_misc" -o -path "/root/uac-3.3.0" -o -path "/root/uac_output/uac-data.tmp" \) -prune -o -print 2> find: '/var/spool/uucp/.config/oil/oshrc': No such file or directory/nfind: '/var/spool/uucp/.config/oil/yshrc': No such file or directory
2026-09-15 15:55:27 +0100 INF Collecting data for user www-data
2026-09-15 15:55:27 +0100 CMD find "/var/www"/.config/oil/oshrc "/var/www"/.config/oil/yshrc \( -path "/sys" -o -path "/proc/sys/fs/binfmt_misc" -o -path "/root/uac-3.3.0" -o -path "/root/uac_output/uac-data.tmp" \) -prune -o -print 2> find: '/var/www/.config/oil/oshrc': No such file or directory/nfind: '/var/www/.config/oil/yshrc': No such file or directory
2026-09-15 15:55:27 +0100 INF Collecting data for user Tom
2026-09-15 15:55:27 +0100 CMD grep -E "HISTFILE=.*" "/home/Tom"/.config/oil/oshrc "/home/Tom"/.config/oil/yshrc | sed -e 's|.*HISTFILE=||' -e 's|^~/|/home/Tom/|' 2> grep: /home/Tom/.config/oil/oshrc: No such file or directory/ngrep: /home/Tom/.config/oil/yshrc: No such file or directory
2026-09-15 15:55:27 +0100 INF Collecting data for user Tom
2026-09-15 15:55:27 +0100 CMD grep -E "HISTFILE=.*" "/root"/.config/oil/oshrc "/root"/.config/oil/yshrc | sed -e 's|.*HISTFILE=||' -e 's|^~/|/root/|' 2> grep: /root/.config/oil/oshrc: No such file or directory/ngrep: /root/.config/oil/yshrc: No such file or directory
2026-09-15 15:55:27 +0100 INF Collecting data for user _apt
2026-09-15 15:55:27 +0100 CMD grep -E "HISTFILE=.*" "/nonexistent"/.config/oil/oshrc "/nonexistent"/.config/oil/yshrc | sed -e 's|.*HISTFILE=||' -e 's|^~/|/nonexistent/|' 2> grep: /nonexistent/.config/oil/oshrc: No such file or directory/ngrep: /nonexistent/.config/oil/yshrc: No such file or directory
2026-09-15 15:55:27 +0100 INF Collecting data for user backup
2026-09-15 15:55:27 +0100 CMD grep -E "HISTFILE=.*" "/var/backups"/.config/oil/oshrc "/var/backups"/.config/oil/yshrc | sed -e 's|.*HISTFILE=||' -e 's|^~/|/var/backups/|' 2> grep: /var/backups/.config/oil/oshrc: No such file or directory/ngrep: /var/backups/.config/oil/yshrc: No such file or directory
2026-09-15 15:55:27 +0100 INF Collecting data for user bin
2026-09-15 15:55:27 +0100 CMD grep -E "HISTFILE=.*" "/bin"/.config/oil/oshrc "/bin"/.config/oil/yshrc | sed -e 's|.*HISTFILE=||' -e 's|^~/|/bin/|' 2> grep: /bin/.config/oil/oshrc: No such file or directory/ngrep: /bin/.config/oil/yshrc: No such file or directory
2026-09-15 15:55:27 +0100 INF Collecting data for user daemon
2026-09-15 15:55:27 +0100 CMD grep -E "HISTFILE=.*" "/usr/sbin"/.config/oil/oshrc "/usr/sbin"/.config/oil/yshrc | sed -e 's|.*HISTFILE=||' -e 's|^~/|/usr/sbin/|' 2> grep: /usr/sbin/.config/oil/oshrc: No such file or directory/ngrep: /usr/sbin/.config/oil/yshrc: No such file or directory
2026-09-15 15:55:27 +0100 INF Collecting data for user games
2026-09-15 15:55:27 +0100 CMD grep -E "HISTFILE=.*" "/usr/games"/.config/oil/oshrc "/usr/games"/.config/oil/yshrc | sed -e 's|.*HISTFILE=||' -e 's|^~/|/usr/games/|' 2> grep: /usr/games/.config/oil/oshrc: No such file or directory/ngrep: /usr/games/.config/oil/yshrc: No such file or directory
2026-09-15 15:55:27 +0100 INF Collecting data for user irc
2026-09-15 15:55:27 +0100 CMD grep -E "HISTFILE=.*" "/run/ircd"/.config/oil/oshrc "/run/ircd"/.config/oil/yshrc | sed -e 's|.*HISTFILE=||' -e 's|^~/|/run/ircd/|' 2> grep: /run/ircd/.config/oil/oshrc: No such file or directory/ngrep: /run/ircd/.config/oil/yshrc: No such file or directory
2026-09-15 15:55:27 +0100 INF Collecting data for user list
2026-09-15 15:55:27 +0100 CMD grep -E "HISTFILE=.*" "/var/list"/.config/oil/oshrc "/var/list"/.config/oil/yshrc | sed -e 's|.*HISTFILE=||' -e 's|^~/|/var/list/|' 2> grep: /var/list/.config/oil/oshrc: No such file or directory/ngrep: /var/list/.config/oil/yshrc: No such file or directory
2026-09-15 15:55:27 +0100 INF Collecting data for user lp
2026-09-15 15:55:27 +0100 CMD grep -E "HISTFILE=.*" "/var/spool/lpd"/.config/oil/oshrc "/var/spool/lpd"/.config/oil/yshrc | sed -e 's|.*HISTFILE=||' -e 's|^~/|/var/spool/lpd/|' 2> grep: /var/spool/lpd/.config/oil/oshrc: No such file or directory/ngrep: /var/spool/lpd/.config/oil/yshrc: No such file or directory
2026-09-15 15:55:27 +0100 INF Collecting data for user mail
2026-09-15 15:55:27 +0100 CMD grep -E "HISTFILE=.*" "/var/mail"/.config/oil/oshrc "/var/mail"/.config/oil/yshrc | sed -e 's|.*HISTFILE=||' -e 's|^~/|/var/mail/|' 2> grep: /var/mail/.config/oil/oshrc: No such file or directory/ngrep: /var/mail/.config/oil/yshrc: No such file or directory
2026-09-15 15:55:27 +0100 INF Collecting data for user man
2026-09-15 15:55:27 +0100 CMD grep -E "HISTFILE=.*" "/var/cache/man"/.config/oil/oshrc "/var/cache/man"/.config/oil/yshrc | sed -e 's|.*HISTFILE=||' -e 's|^~/|/var/cache/man/|' 2> grep: /var/cache/man/.config/oil/oshrc: No such file or directory/ngrep: /var/cache/man/.config/oil/yshrc: No such file or directory
2026-09-15 15:55:27 +0100 INF Collecting data for user messagebus
2026-09-15 15:55:27 +0100 CMD grep -E "HISTFILE=.*" "/nonexistent"/.config/oil/oshrc "/nonexistent"/.config/oil/yshrc | sed -e 's|.*HISTFILE=||' -e 's|^~/|/nonexistent/|' 2> grep: /nonexistent/.config/oil/oshrc: No such file or directory/ngrep: /nonexistent/.config/oil/yshrc: No such file or directory
2026-09-15 15:55:27 +0100 INF Collecting data for user news
2026-09-15 15:55:27 +0100 CMD grep -E "HISTFILE=.*" "/var/spool/news"/.config/oil/oshrc "/var/spool/news"/.config/oil/yshrc | sed -e 's|.*HISTFILE=||' -e 's|^~/|/var/spool/news/|' 2> grep: /var/spool/news/.config/oil/oshrc: No such file or directory/ngrep: /var/spool/news/.config/oil/yshrc: No such file or directory
2026-09-15 15:55:27 +0100 INF Collecting data for user nobody
2026-09-15 15:55:27 +0100 CMD grep -E "HISTFILE=.*" "/nonexistent"/.config/oil/oshrc "/nonexistent"/.config/oil/yshrc | sed -e 's|.*HISTFILE=||' -e 's|^~/|/nonexistent/|' 2> grep: /nonexistent/.config/oil/oshrc: No such file or directory/ngrep: /nonexistent/.config/oil/yshrc: No such file or directory
2026-09-15 15:55:27 +0100 INF Collecting data for user proxy
2026-09-15 15:55:28 +0100 CMD grep -E "HISTFILE=.*" "/bin"/.config/oil/oshrc "/bin"/.config/oil/yshrc | sed -e 's|.*HISTFILE=||' -e 's|^~/|/bin/|' 2> grep: /bin/.config/oil/oshrc: No such file or directory/ngrep: /bin/.config/oil/yshrc: No such file or directory
2026-09-15 15:55:28 +0100 INF Collecting data for user root
2026-09-15 15:55:28 +0100 CMD grep -E "HISTFILE=.*" "/root"/.config/oil/oshrc "/root"/.config/oil/yshrc | sed -e 's|.*HISTFILE=||' -e 's|^~/|/root/|' 2> grep: /root/.config/oil/oshrc: No such file or directory/ngrep: /root/.config/oil/yshrc: No such file or directory
2026-09-15 15:55:28 +0100 INF Collecting data for user sshd
2026-09-15 15:55:28 +0100 CMD grep -E "HISTFILE=.*" "/run/sshd"/.config/oil/oshrc "/run/sshd"/.config/oil/yshrc | sed -e 's|.*HISTFILE=||' -e 's|^~/|/run/sshd/|' 2> grep: /run/sshd/.config/oil/oshrc: No such file or directory/ngrep: /run/sshd/.config/oil/yshrc: No such file or directory
2026-09-15 15:55:28 +0100 INF Collecting data for user sync
2026-09-15 15:55:28 +0100 CMD grep -E "HISTFILE=.*" "/bin"/.config/oil/oshrc "/bin"/.config/oil/yshrc | sed -e 's|.*HISTFILE=||' -e 's|^~/|/bin/|' 2> grep: /bin/.config/oil/oshrc: No such file or directory/ngrep: /bin/.config/oil/yshrc: No such file or directory
2026-09-15 15:55:28 +0100 INF Collecting data for user sys
2026-09-15 15:55:28 +0100 CMD grep -E "HISTFILE=.*" "/dev"/.config/oil/oshrc "/dev"/.config/oil/yshrc | sed -e 's|.*HISTFILE=||' -e 's|^~/|/dev/|' 2> grep: /dev/.config/oil/oshrc: No such file or directory/ngrep: /dev/.config/oil/yshrc: No such file or directory
2026-09-15 15:55:28 +0100 INF Collecting data for user systemd-network
2026-09-15 15:55:28 +0100 CMD grep -E "HISTFILE=.*" "/"/.config/oil/oshrc "/"/.config/oil/yshrc | sed -e 's|.*HISTFILE=||' -e 's|^~/|//|' 2> grep: //.config/oil/oshrc: No such file or directory/ngrep: //.config/oil/yshrc: No such file or directory
2026-09-15 15:55:28 +0100 INF Collecting data for user systemd-timesync
2026-09-15 15:55:28 +0100 CMD grep -E "HISTFILE=.*" "/"/.config/oil/oshrc "/"/.config/oil/yshrc | sed -e 's|.*HISTFILE=||' -e 's|^~/|//|' 2> grep: //.config/oil/oshrc: No such file or directory/ngrep: //.config/oil/yshrc: No such file or directory
2026-09-15 15:55:28 +0100 INF Collecting data for user uucp
2026-09-15 15:55:28 +0100 CMD grep -E "HISTFILE=.*" "/var/spool/uucp"/.config/oil/oshrc "/var/spool/uucp"/.config/oil/yshrc | sed -e 's|.*HISTFILE=||' -e 's|^~/|/var/spool/uucp/|' 2> grep: /var/spool/uucp/.config/oil/oshrc: No such file or directory/ngrep: /var/spool/uucp/.config/oil/yshrc: No such file or directory
2026-09-15 15:55:28 +0100 INF Collecting data for user www-data
2026-09-15 15:55:28 +0100 CMD grep -E "HISTFILE=.*" "/var/www"/.config/oil/oshrc "/var/www"/.config/oil/yshrc | sed -e 's|.*HISTFILE=||' -e 's|^~/|/var/www/|' 2> grep: /var/www/.config/oil/oshrc: No such file or directory/ngrep: /var/www/.config/oil/yshrc: No such file or directory
2026-09-15 15:55:28 +0100 ERR _find_based_collector: No such file or directory: '/root/uac_output/uac-data.tmp/tmp/files/shell/osh_histfile.txt'
2026-09-15 15:55:28 +0100 INF Parsing files/shell/powershell.yaml
2026-09-15 15:55:28 +0100 INF Collecting data for user Tom
2026-09-15 15:55:28 +0100 CMD find "/home/Tom"/.local/share/powershell/PSReadLine/ConsoleHost_history.txt "/home/Tom"/.local/share/powershell/PSReadLine/ConsoleHost_history.txt.* \( -path "/sys" -o -path "/proc/sys/fs/binfmt_misc" -o -path "/root/uac-3.3.0" -o -path "/root/uac_output/uac-data.tmp" \) -prune -o -print 2> find: '/home/Tom/.local/share/powershell/PSReadLine/ConsoleHost_history.txt': No such file or directory/nfind: '/home/Tom/.local/share/powershell/PSReadLine/ConsoleHost_history.txt.*': No such file or directory
2026-09-15 15:55:28 +0100 INF Collecting data for user Tom
2026-09-15 15:55:28 +0100 CMD find "/root"/.local/share/powershell/PSReadLine/ConsoleHost_history.txt "/root"/.local/share/powershell/PSReadLine/ConsoleHost_history.txt.* \( -path "/sys" -o -path "/proc/sys/fs/binfmt_misc" -o -path "/root/uac-3.3.0" -o -path "/root/uac_output/uac-data.tmp" \) -prune -o -print 2> find: '/root/.local/share/powershell/PSReadLine/ConsoleHost_history.txt': No such file or directory/nfind: '/root/.local/share/powershell/PSReadLine/ConsoleHost_history.txt.*': No such file or directory
2026-09-15 15:55:28 +0100 INF Collecting data for user _apt
2026-09-15 15:55:28 +0100 CMD find "/nonexistent"/.local/share/powershell/PSReadLine/ConsoleHost_history.txt "/nonexistent"/.local/share/powershell/PSReadLine/ConsoleHost_history.txt.* \( -path "/sys" -o -path "/proc/sys/fs/binfmt_misc" -o -path "/root/uac-3.3.0" -o -path "/root/uac_output/uac-data.tmp" \) -prune -o -print 2> find: '/nonexistent/.local/share/powershell/PSReadLine/ConsoleHost_history.txt': No such file or directory/nfind: '/nonexistent/.local/share/powershell/PSReadLine/ConsoleHost_history.txt.*': No such file or directory
2026-09-15 15:55:28 +0100 INF Collecting data for user backup
2026-09-15 15:55:28 +0100 CMD find "/var/backups"/.local/share/powershell/PSReadLine/ConsoleHost_history.txt "/var/backups"/.local/share/powershell/PSReadLine/ConsoleHost_history.txt.* \( -path "/sys" -o -path "/proc/sys/fs/binfmt_misc" -o -path "/root/uac-3.3.0" -o -path "/root/uac_output/uac-data.tmp" \) -prune -o -print 2> find: '/var/backups/.local/share/powershell/PSReadLine/ConsoleHost_history.txt': No such file or directory/nfind: '/var/backups/.local/share/powershell/PSReadLine/ConsoleHost_history.txt.*': No such file or directory
2026-09-15 15:55:28 +0100 INF Collecting data for user bin
2026-09-15 15:55:28 +0100 CMD find "/bin"/.local/share/powershell/PSReadLine/ConsoleHost_history.txt "/bin"/.local/share/powershell/PSReadLine/ConsoleHost_history.txt.* \( -path "/sys" -o -path "/proc/sys/fs/binfmt_misc" -o -path "/root/uac-3.3.0" -o -path "/root/uac_output/uac-data.tmp" \) -prune -o -print 2> find: '/bin/.local/share/powershell/PSReadLine/ConsoleHost_history.txt': No such file or directory/nfind: '/bin/.local/share/powershell/PSReadLine/ConsoleHost_history.txt.*': No such file or directory
2026-09-15 15:55:28 +0100 INF Collecting data for user daemon
2026-09-15 15:55:28 +0100 CMD find "/usr/sbin"/.local/share/powershell/PSReadLine/ConsoleHost_history.txt "/usr/sbin"/.local/share/powershell/PSReadLine/ConsoleHost_history.txt.* \( -path "/sys" -o -path "/proc/sys/fs/binfmt_misc" -o -path "/root/uac-3.3.0" -o -path "/root/uac_output/uac-data.tmp" \) -prune -o -print 2> find: '/usr/sbin/.local/share/powershell/PSReadLine/ConsoleHost_history.txt': No such file or directory/nfind: '/usr/sbin/.local/share/powershell/PSReadLine/ConsoleHost_history.txt.*': No such file or directory
2026-09-15 15:55:28 +0100 INF Collecting data for user games
2026-09-15 15:55:28 +0100 CMD find "/usr/games"/.local/share/powershell/PSReadLine/ConsoleHost_history.txt "/usr/games"/.local/share/powershell/PSReadLine/ConsoleHost_history.txt.* \( -path "/sys" -o -path "/proc/sys/fs/binfmt_misc" -o -path "/root/uac-3.3.0" -o -path "/root/uac_output/uac-data.tmp" \) -prune -o -print 2> find: '/usr/games/.local/share/powershell/PSReadLine/ConsoleHost_history.txt': No such file or directory/nfind: '/usr/games/.local/share/powershell/PSReadLine/ConsoleHost_history.txt.*': No such file or directory
2026-09-15 15:55:28 +0100 INF Collecting data for user irc
2026-09-15 15:55:28 +0100 CMD find "/run/ircd"/.local/share/powershell/PSReadLine/ConsoleHost_history.txt "/run/ircd"/.local/share/powershell/PSReadLine/ConsoleHost_history.txt.* \( -path "/sys" -o -path "/proc/sys/fs/binfmt_misc" -o -path "/root/uac-3.3.0" -o -path "/root/uac_output/uac-data.tmp" \) -prune -o -print 2> find: '/run/ircd/.local/share/powershell/PSReadLine/ConsoleHost_history.txt': No such file or directory/nfind: '/run/ircd/.local/share/powershell/PSReadLine/ConsoleHost_history.txt.*': No such file or directory
2026-09-15 15:55:28 +0100 INF Collecting data for user list
2026-09-15 15:55:28 +0100 CMD find "/var/list"/.local/share/powershell/PSReadLine/ConsoleHost_history.txt "/var/list"/.local/share/powershell/PSReadLine/ConsoleHost_history.txt.* \( -path "/sys" -o -path "/proc/sys/fs/binfmt_misc" -o -path "/root/uac-3.3.0" -o -path "/root/uac_output/uac-data.tmp" \) -prune -o -print 2> find: '/var/list/.local/share/powershell/PSReadLine/ConsoleHost_history.txt': No such file or directory/nfind: '/var/list/.local/share/powershell/PSReadLine/ConsoleHost_history.txt.*': No such file or directory
2026-09-15 15:55:28 +0100 INF Collecting data for user lp
2026-09-15 15:55:28 +0100 CMD find "/var/spool/lpd"/.local/share/powershell/PSReadLine/ConsoleHost_history.txt "/var/spool/lpd"/.local/share/powershell/PSReadLine/ConsoleHost_history.txt.* \( -path "/sys" -o -path "/proc/sys/fs/binfmt_misc" -o -path "/root/uac-3.3.0" -o -path "/root/uac_output/uac-data.tmp" \) -prune -o -print 2> find: '/var/spool/lpd/.local/share/powershell/PSReadLine/ConsoleHost_history.txt': No such file or directory/nfind: '/var/spool/lpd/.local/share/powershell/PSReadLine/ConsoleHost_history.txt.*': No such file or directory
2026-09-15 15:55:28 +0100 INF Collecting data for user mail
2026-09-15 15:55:28 +0100 CMD find "/var/mail"/.local/share/powershell/PSReadLine/ConsoleHost_history.txt "/var/mail"/.local/share/powershell/PSReadLine/ConsoleHost_history.txt.* \( -path "/sys" -o -path "/proc/sys/fs/binfmt_misc" -o -path "/root/uac-3.3.0" -o -path "/root/uac_output/uac-data.tmp" \) -prune -o -print 2> find: '/var/mail/.local/share/powershell/PSReadLine/ConsoleHost_history.txt': No such file or directory/nfind: '/var/mail/.local/share/powershell/PSReadLine/ConsoleHost_history.txt.*': No such file or directory
2026-09-15 15:55:28 +0100 INF Collecting data for user man
2026-09-15 15:55:28 +0100 CMD find "/var/cache/man"/.local/share/powershell/PSReadLine/ConsoleHost_history.txt "/var/cache/man"/.local/share/powershell/PSReadLine/ConsoleHost_history.txt.* \( -path "/sys" -o -path "/proc/sys/fs/binfmt_misc" -o -path "/root/uac-3.3.0" -o -path "/root/uac_output/uac-data.tmp" \) -prune -o -print 2> find: '/var/cache/man/.local/share/powershell/PSReadLine/ConsoleHost_history.txt': No such file or directory/nfind: '/var/cache/man/.local/share/powershell/PSReadLine/ConsoleHost_history.txt.*': No such file or directory
2026-09-15 15:55:28 +0100 INF Collecting data for user messagebus
2026-09-15 15:55:28 +0100 INF Skipping as home directory "/nonexistent"/.local/share/powershell/PSReadLine/ConsoleHost_history.txt "/nonexistent"/.local/share/powershell/PSReadLine/ConsoleHost_history.txt.* has been collected already
2026-09-15 15:55:28 +0100 INF Collecting data for user news
2026-09-15 15:55:28 +0100 CMD find "/var/spool/news"/.local/share/powershell/PSReadLine/ConsoleHost_history.txt "/var/spool/news"/.local/share/powershell/PSReadLine/ConsoleHost_history.txt.* \( -path "/sys" -o -path "/proc/sys/fs/binfmt_misc" -o -path "/root/uac-3.3.0" -o -path "/root/uac_output/uac-data.tmp" \) -prune -o -print 2> find: '/var/spool/news/.local/share/powershell/PSReadLine/ConsoleHost_history.txt': No such file or directory/nfind: '/var/spool/news/.local/share/powershell/PSReadLine/ConsoleHost_history.txt.*': No such file or directory
2026-09-15 15:55:28 +0100 INF Collecting data for user nobody
2026-09-15 15:55:28 +0100 INF Skipping as home directory "/nonexistent"/.local/share/powershell/PSReadLine/ConsoleHost_history.txt "/nonexistent"/.local/share/powershell/PSReadLine/ConsoleHost_history.txt.* has been collected already
2026-09-15 15:55:28 +0100 INF Collecting data for user proxy
2026-09-15 15:55:28 +0100 INF Skipping as home directory "/bin"/.local/share/powershell/PSReadLine/ConsoleHost_history.txt "/bin"/.local/share/powershell/PSReadLine/ConsoleHost_history.txt.* has been collected already
2026-09-15 15:55:28 +0100 INF Collecting data for user root
2026-09-15 15:55:28 +0100 INF Skipping as home directory "/root"/.local/share/powershell/PSReadLine/ConsoleHost_history.txt "/root"/.local/share/powershell/PSReadLine/ConsoleHost_history.txt.* has been collected already
2026-09-15 15:55:28 +0100 INF Collecting data for user sshd
2026-09-15 15:55:28 +0100 CMD find "/run/sshd"/.local/share/powershell/PSReadLine/ConsoleHost_history.txt "/run/sshd"/.local/share/powershell/PSReadLine/ConsoleHost_history.txt.* \( -path "/sys" -o -path "/proc/sys/fs/binfmt_misc" -o -path "/root/uac-3.3.0" -o -path "/root/uac_output/uac-data.tmp" \) -prune -o -print 2> find: '/run/sshd/.local/share/powershell/PSReadLine/ConsoleHost_history.txt': No such file or directory/nfind: '/run/sshd/.local/share/powershell/PSReadLine/ConsoleHost_history.txt.*': No such file or directory
2026-09-15 15:55:28 +0100 INF Collecting data for user sync
2026-09-15 15:55:28 +0100 INF Skipping as home directory "/bin"/.local/share/powershell/PSReadLine/ConsoleHost_history.txt "/bin"/.local/share/powershell/PSReadLine/ConsoleHost_history.txt.* has been collected already
2026-09-15 15:55:28 +0100 INF Collecting data for user sys
2026-09-15 15:55:28 +0100 CMD find "/dev"/.local/share/powershell/PSReadLine/ConsoleHost_history.txt "/dev"/.local/share/powershell/PSReadLine/ConsoleHost_history.txt.* \( -path "/sys" -o -path "/proc/sys/fs/binfmt_misc" -o -path "/root/uac-3.3.0" -o -path "/root/uac_output/uac-data.tmp" \) -prune -o -print 2> find: '/dev/.local/share/powershell/PSReadLine/ConsoleHost_history.txt': No such file or directory/nfind: '/dev/.local/share/powershell/PSReadLine/ConsoleHost_history.txt.*': No such file or directory
2026-09-15 15:55:28 +0100 INF Collecting data for user systemd-network
2026-09-15 15:55:29 +0100 CMD find "/"/.local/share/powershell/PSReadLine/ConsoleHost_history.txt "/"/.local/share/powershell/PSReadLine/ConsoleHost_history.txt.* \( -path "/sys" -o -path "/proc/sys/fs/binfmt_misc" -o -path "/root/uac-3.3.0" -o -path "/root/uac_output/uac-data.tmp" \) -prune -o -print 2> find: '//.local/share/powershell/PSReadLine/ConsoleHost_history.txt': No such file or directory/nfind: '//.local/share/powershell/PSReadLine/ConsoleHost_history.txt.*': No such file or directory
2026-09-15 15:55:29 +0100 INF Collecting data for user systemd-timesync
2026-09-15 15:55:29 +0100 INF Skipping as home directory "/"/.local/share/powershell/PSReadLine/ConsoleHost_history.txt "/"/.local/share/powershell/PSReadLine/ConsoleHost_history.txt.* has been collected already
2026-09-15 15:55:29 +0100 INF Collecting data for user uucp
2026-09-15 15:55:29 +0100 CMD find "/var/spool/uucp"/.local/share/powershell/PSReadLine/ConsoleHost_history.txt "/var/spool/uucp"/.local/share/powershell/PSReadLine/ConsoleHost_history.txt.* \( -path "/sys" -o -path "/proc/sys/fs/binfmt_misc" -o -path "/root/uac-3.3.0" -o -path "/root/uac_output/uac-data.tmp" \) -prune -o -print 2> find: '/var/spool/uucp/.local/share/powershell/PSReadLine/ConsoleHost_history.txt': No such file or directory/nfind: '/var/spool/uucp/.local/share/powershell/PSReadLine/ConsoleHost_history.txt.*': No such file or directory
2026-09-15 15:55:29 +0100 INF Collecting data for user www-data
2026-09-15 15:55:29 +0100 CMD find "/var/www"/.local/share/powershell/PSReadLine/ConsoleHost_history.txt "/var/www"/.local/share/powershell/PSReadLine/ConsoleHost_history.txt.* \( -path "/sys" -o -path "/proc/sys/fs/binfmt_misc" -o -path "/root/uac-3.3.0" -o -path "/root/uac_output/uac-data.tmp" \) -prune -o -print 2> find: '/var/www/.local/share/powershell/PSReadLine/ConsoleHost_history.txt': No such file or directory/nfind: '/var/www/.local/share/powershell/PSReadLine/ConsoleHost_history.txt.*': No such file or directory
2026-09-15 15:55:29 +0100 INF Collecting data for user Tom
2026-09-15 15:55:29 +0100 CMD find "/home/Tom"/.config/powershell/profile.ps1 \( -path "/sys" -o -path "/proc/sys/fs/binfmt_misc" -o -path "/root/uac-3.3.0" -o -path "/root/uac_output/uac-data.tmp" \) -prune -o -print 2> find: '/home/Tom/.config/powershell/profile.ps1': No such file or directory
2026-09-15 15:55:29 +0100 INF Collecting data for user Tom
2026-09-15 15:55:29 +0100 CMD find "/root"/.config/powershell/profile.ps1 \( -path "/sys" -o -path "/proc/sys/fs/binfmt_misc" -o -path "/root/uac-3.3.0" -o -path "/root/uac_output/uac-data.tmp" \) -prune -o -print 2> find: '/root/.config/powershell/profile.ps1': No such file or directory
2026-09-15 15:55:29 +0100 INF Collecting data for user _apt
2026-09-15 15:55:29 +0100 CMD find "/nonexistent"/.config/powershell/profile.ps1 \( -path "/sys" -o -path "/proc/sys/fs/binfmt_misc" -o -path "/root/uac-3.3.0" -o -path "/root/uac_output/uac-data.tmp" \) -prune -o -print 2> find: '/nonexistent/.config/powershell/profile.ps1': No such file or directory
2026-09-15 15:55:29 +0100 INF Collecting data for user backup
2026-09-15 15:55:29 +0100 CMD find "/var/backups"/.config/powershell/profile.ps1 \( -path "/sys" -o -path "/proc/sys/fs/binfmt_misc" -o -path "/root/uac-3.3.0" -o -path "/root/uac_output/uac-data.tmp" \) -prune -o -print 2> find: '/var/backups/.config/powershell/profile.ps1': No such file or directory
2026-09-15 15:55:29 +0100 INF Collecting data for user bin
2026-09-15 15:55:29 +0100 CMD find "/bin"/.config/powershell/profile.ps1 \( -path "/sys" -o -path "/proc/sys/fs/binfmt_misc" -o -path "/root/uac-3.3.0" -o -path "/root/uac_output/uac-data.tmp" \) -prune -o -print 2> find: '/bin/.config/powershell/profile.ps1': No such file or directory
2026-09-15 15:55:29 +0100 INF Collecting data for user daemon
2026-09-15 15:55:29 +0100 CMD find "/usr/sbin"/.config/powershell/profile.ps1 \( -path "/sys" -o -path "/proc/sys/fs/binfmt_misc" -o -path "/root/uac-3.3.0" -o -path "/root/uac_output/uac-data.tmp" \) -prune -o -print 2> find: '/usr/sbin/.config/powershell/profile.ps1': No such file or directory
2026-09-15 15:55:29 +0100 INF Collecting data for user games
2026-09-15 15:55:29 +0100 CMD find "/usr/games"/.config/powershell/profile.ps1 \( -path "/sys" -o -path "/proc/sys/fs/binfmt_misc" -o -path "/root/uac-3.3.0" -o -path "/root/uac_output/uac-data.tmp" \) -prune -o -print 2> find: '/usr/games/.config/powershell/profile.ps1': No such file or directory
2026-09-15 15:55:29 +0100 INF Collecting data for user irc
2026-09-15 15:55:29 +0100 CMD find "/run/ircd"/.config/powershell/profile.ps1 \( -path "/sys" -o -path "/proc/sys/fs/binfmt_misc" -o -path "/root/uac-3.3.0" -o -path "/root/uac_output/uac-data.tmp" \) -prune -o -print 2> find: '/run/ircd/.config/powershell/profile.ps1': No such file or directory
2026-09-15 15:55:29 +0100 INF Collecting data for user list
2026-09-15 15:55:29 +0100 CMD find "/var/list"/.config/powershell/profile.ps1 \( -path "/sys" -o -path "/proc/sys/fs/binfmt_misc" -o -path "/root/uac-3.3.0" -o -path "/root/uac_output/uac-data.tmp" \) -prune -o -print 2> find: '/var/list/.config/powershell/profile.ps1': No such file or directory
2026-09-15 15:55:29 +0100 INF Collecting data for user lp
2026-09-15 15:55:29 +0100 CMD find "/var/spool/lpd"/.config/powershell/profile.ps1 \( -path "/sys" -o -path "/proc/sys/fs/binfmt_misc" -o -path "/root/uac-3.3.0" -o -path "/root/uac_output/uac-data.tmp" \) -prune -o -print 2> find: '/var/spool/lpd/.config/powershell/profile.ps1': No such file or directory
2026-09-15 15:55:29 +0100 INF Collecting data for user mail
2026-09-15 15:55:29 +0100 CMD find "/var/mail"/.config/powershell/profile.ps1 \( -path "/sys" -o -path "/proc/sys/fs/binfmt_misc" -o -path "/root/uac-3.3.0" -o -path "/root/uac_output/uac-data.tmp" \) -prune -o -print 2> find: '/var/mail/.config/powershell/profile.ps1': No such file or directory
2026-09-15 15:55:29 +0100 INF Collecting data for user man
2026-09-15 15:55:29 +0100 CMD find "/var/cache/man"/.config/powershell/profile.ps1 \( -path "/sys" -o -path "/proc/sys/fs/binfmt_misc" -o -path "/root/uac-3.3.0" -o -path "/root/uac_output/uac-data.tmp" \) -prune -o -print 2> find: '/var/cache/man/.config/powershell/profile.ps1': No such file or directory
2026-09-15 15:55:29 +0100 INF Collecting data for user messagebus
2026-09-15 15:55:29 +0100 INF Skipping as home directory "/nonexistent"/.config/powershell/profile.ps1 has been collected already
2026-09-15 15:55:29 +0100 INF Collecting data for user news
2026-09-15 15:55:29 +0100 CMD find "/var/spool/news"/.config/powershell/profile.ps1 \( -path "/sys" -o -path "/proc/sys/fs/binfmt_misc" -o -path "/root/uac-3.3.0" -o -path "/root/uac_output/uac-data.tmp" \) -prune -o -print 2> find: '/var/spool/news/.config/powershell/profile.ps1': No such file or directory
2026-09-15 15:55:29 +0100 INF Collecting data for user nobody
2026-09-15 15:55:29 +0100 INF Skipping as home directory "/nonexistent"/.config/powershell/profile.ps1 has been collected already
2026-09-15 15:55:29 +0100 INF Collecting data for user proxy
2026-09-15 15:55:29 +0100 INF Skipping as home directory "/bin"/.config/powershell/profile.ps1 has been collected already
2026-09-15 15:55:29 +0100 INF Collecting data for user root
2026-09-15 15:55:29 +0100 INF Skipping as home directory "/root"/.config/powershell/profile.ps1 has been collected already
2026-09-15 15:55:29 +0100 INF Collecting data for user sshd
2026-09-15 15:55:29 +0100 CMD find "/run/sshd"/.config/powershell/profile.ps1 \( -path "/sys" -o -path "/proc/sys/fs/binfmt_misc" -o -path "/root/uac-3.3.0" -o -path "/root/uac_output/uac-data.tmp" \) -prune -o -print 2> find: '/run/sshd/.config/powershell/profile.ps1': No such file or directory
2026-09-15 15:55:29 +0100 INF Collecting data for user sync
2026-09-15 15:55:29 +0100 INF Skipping as home directory "/bin"/.config/powershell/profile.ps1 has been collected already
2026-09-15 15:55:29 +0100 INF Collecting data for user sys
2026-09-15 15:55:29 +0100 CMD find "/dev"/.config/powershell/profile.ps1 \( -path "/sys" -o -path "/proc/sys/fs/binfmt_misc" -o -path "/root/uac-3.3.0" -o -path "/root/uac_output/uac-data.tmp" \) -prune -o -print 2> find: '/dev/.config/powershell/profile.ps1': No such file or directory
2026-09-15 15:55:29 +0100 INF Collecting data for user systemd-network
2026-09-15 15:55:29 +0100 CMD find "/"/.config/powershell/profile.ps1 \( -path "/sys" -o -path "/proc/sys/fs/binfmt_misc" -o -path "/root/uac-3.3.0" -o -path "/root/uac_output/uac-data.tmp" \) -prune -o -print 2> find: '//.config/powershell/profile.ps1': No such file or directory
2026-09-15 15:55:29 +0100 INF Collecting data for user systemd-timesync
2026-09-15 15:55:29 +0100 INF Skipping as home directory "/"/.config/powershell/profile.ps1 has been collected already
2026-09-15 15:55:29 +0100 INF Collecting data for user uucp
2026-09-15 15:55:29 +0100 CMD find "/var/spool/uucp"/.config/powershell/profile.ps1 \( -path "/sys" -o -path "/proc/sys/fs/binfmt_misc" -o -path "/root/uac-3.3.0" -o -path "/root/uac_output/uac-data.tmp" \) -prune -o -print 2> find: '/var/spool/uucp/.config/powershell/profile.ps1': No such file or directory
2026-09-15 15:55:29 +0100 INF Collecting data for user www-data
2026-09-15 15:55:29 +0100 CMD find "/var/www"/.config/powershell/profile.ps1 \( -path "/sys" -o -path "/proc/sys/fs/binfmt_misc" -o -path "/root/uac-3.3.0" -o -path "/root/uac_output/uac-data.tmp" \) -prune -o -print 2> find: '/var/www/.config/powershell/profile.ps1': No such file or directory
2026-09-15 15:55:29 +0100 CMD find /etc/powershell/profile.ps1 \( -path "/sys" -o -path "/proc/sys/fs/binfmt_misc" -o -path "/root/uac-3.3.0" -o -path "/root/uac_output/uac-data.tmp" \) -prune -o -print 2> find: '/etc/powershell/profile.ps1': No such file or directory
2026-09-15 15:55:29 +0100 INF Parsing files/shell/zsh.yaml
2026-09-15 15:55:29 +0100 INF Collecting data for user Tom
2026-09-15 15:55:29 +0100 CMD find "/home/Tom"/.zsh_history "/home/Tom"/.zhistory "/home/Tom"/.zsh_history~ "/home/Tom"/.zsh_history.* "/home/Tom"/.zhistory~ "/home/Tom"/.zhistory.* \( -path "/sys" -o -path "/proc/sys/fs/binfmt_misc" -o -path "/root/uac-3.3.0" -o -path "/root/uac_output/uac-data.tmp" \) -prune -o -print 2> find: '/home/Tom/.zsh_history': No such file or directory/nfind: '/home/Tom/.zhistory': No such file or directory/nfind: '/home/Tom/.zsh_history~': No such file or directory/nfind: '/home/Tom/.zsh_history.*': No such file or directory/nfind: '/home/Tom/.zhistory~': No such file or directory/nfind: '/home/Tom/.zhistory.*': No such file or directory
2026-09-15 15:55:29 +0100 INF Collecting data for user Tom
2026-09-15 15:55:29 +0100 CMD find "/root"/.zsh_history "/root"/.zhistory "/root"/.zsh_history~ "/root"/.zsh_history.* "/root"/.zhistory~ "/root"/.zhistory.* \( -path "/sys" -o -path "/proc/sys/fs/binfmt_misc" -o -path "/root/uac-3.3.0" -o -path "/root/uac_output/uac-data.tmp" \) -prune -o -print 2> find: '/root/.zsh_history': No such file or directory/nfind: '/root/.zhistory': No such file or directory/nfind: '/root/.zsh_history~': No such file or directory/nfind: '/root/.zsh_history.*': No such file or directory/nfind: '/root/.zhistory~': No such file or directory/nfind: '/root/.zhistory.*': No such file or directory
2026-09-15 15:55:29 +0100 INF Collecting data for user _apt
2026-09-15 15:55:30 +0100 CMD find "/nonexistent"/.zsh_history "/nonexistent"/.zhistory "/nonexistent"/.zsh_history~ "/nonexistent"/.zsh_history.* "/nonexistent"/.zhistory~ "/nonexistent"/.zhistory.* \( -path "/sys" -o -path "/proc/sys/fs/binfmt_misc" -o -path "/root/uac-3.3.0" -o -path "/root/uac_output/uac-data.tmp" \) -prune -o -print 2> find: '/nonexistent/.zsh_history': No such file or directory/nfind: '/nonexistent/.zhistory': No such file or directory/nfind: '/nonexistent/.zsh_history~': No such file or directory/nfind: '/nonexistent/.zsh_history.*': No such file or directory/nfind: '/nonexistent/.zhistory~': No such file or directory/nfind: '/nonexistent/.zhistory.*': No such file or directory
2026-09-15 15:55:30 +0100 INF Collecting data for user backup
2026-09-15 15:55:30 +0100 CMD find "/var/backups"/.zsh_history "/var/backups"/.zhistory "/var/backups"/.zsh_history~ "/var/backups"/.zsh_history.* "/var/backups"/.zhistory~ "/var/backups"/.zhistory.* \( -path "/sys" -o -path "/proc/sys/fs/binfmt_misc" -o -path "/root/uac-3.3.0" -o -path "/root/uac_output/uac-data.tmp" \) -prune -o -print 2> find: '/var/backups/.zsh_history': No such file or directory/nfind: '/var/backups/.zhistory': No such file or directory/nfind: '/var/backups/.zsh_history~': No such file or directory/nfind: '/var/backups/.zsh_history.*': No such file or directory/nfind: '/var/backups/.zhistory~': No such file or directory/nfind: '/var/backups/.zhistory.*': No such file or directory
2026-09-15 15:55:30 +0100 INF Collecting data for user bin
2026-09-15 15:55:30 +0100 CMD find "/bin"/.zsh_history "/bin"/.zhistory "/bin"/.zsh_history~ "/bin"/.zsh_history.* "/bin"/.zhistory~ "/bin"/.zhistory.* \( -path "/sys" -o -path "/proc/sys/fs/binfmt_misc" -o -path "/root/uac-3.3.0" -o -path "/root/uac_output/uac-data.tmp" \) -prune -o -print 2> find: '/bin/.zsh_history': No such file or directory/nfind: '/bin/.zhistory': No such file or directory/nfind: '/bin/.zsh_history~': No such file or directory/nfind: '/bin/.zsh_history.*': No such file or directory/nfind: '/bin/.zhistory~': No such file or directory/nfind: '/bin/.zhistory.*': No such file or directory
2026-09-15 15:55:30 +0100 INF Collecting data for user daemon
2026-09-15 15:55:30 +0100 CMD find "/usr/sbin"/.zsh_history "/usr/sbin"/.zhistory "/usr/sbin"/.zsh_history~ "/usr/sbin"/.zsh_history.* "/usr/sbin"/.zhistory~ "/usr/sbin"/.zhistory.* \( -path "/sys" -o -path "/proc/sys/fs/binfmt_misc" -o -path "/root/uac-3.3.0" -o -path "/root/uac_output/uac-data.tmp" \) -prune -o -print 2> find: '/usr/sbin/.zsh_history': No such file or directory/nfind: '/usr/sbin/.zhistory': No such file or directory/nfind: '/usr/sbin/.zsh_history~': No such file or directory/nfind: '/usr/sbin/.zsh_history.*': No such file or directory/nfind: '/usr/sbin/.zhistory~': No such file or directory/nfind: '/usr/sbin/.zhistory.*': No such file or directory
2026-09-15 15:55:30 +0100 INF Collecting data for user games
2026-09-15 15:55:30 +0100 CMD find "/usr/games"/.zsh_history "/usr/games"/.zhistory "/usr/games"/.zsh_history~ "/usr/games"/.zsh_history.* "/usr/games"/.zhistory~ "/usr/games"/.zhistory.* \( -path "/sys" -o -path "/proc/sys/fs/binfmt_misc" -o -path "/root/uac-3.3.0" -o -path "/root/uac_output/uac-data.tmp" \) -prune -o -print 2> find: '/usr/games/.zsh_history': No such file or directory/nfind: '/usr/games/.zhistory': No such file or directory/nfind: '/usr/games/.zsh_history~': No such file or directory/nfind: '/usr/games/.zsh_history.*': No such file or directory/nfind: '/usr/games/.zhistory~': No such file or directory/nfind: '/usr/games/.zhistory.*': No such file or directory
2026-09-15 15:55:30 +0100 INF Collecting data for user irc
2026-09-15 15:55:30 +0100 CMD find "/run/ircd"/.zsh_history "/run/ircd"/.zhistory "/run/ircd"/.zsh_history~ "/run/ircd"/.zsh_history.* "/run/ircd"/.zhistory~ "/run/ircd"/.zhistory.* \( -path "/sys" -o -path "/proc/sys/fs/binfmt_misc" -o -path "/root/uac-3.3.0" -o -path "/root/uac_output/uac-data.tmp" \) -prune -o -print 2> find: '/run/ircd/.zsh_history': No such file or directory/nfind: '/run/ircd/.zhistory': No such file or directory/nfind: '/run/ircd/.zsh_history~': No such file or directory/nfind: '/run/ircd/.zsh_history.*': No such file or directory/nfind: '/run/ircd/.zhistory~': No such file or directory/nfind: '/run/ircd/.zhistory.*': No such file or directory
2026-09-15 15:55:30 +0100 INF Collecting data for user list
2026-09-15 15:55:30 +0100 CMD find "/var/list"/.zsh_history "/var/list"/.zhistory "/var/list"/.zsh_history~ "/var/list"/.zsh_history.* "/var/list"/.zhistory~ "/var/list"/.zhistory.* \( -path "/sys" -o -path "/proc/sys/fs/binfmt_misc" -o -path "/root/uac-3.3.0" -o -path "/root/uac_output/uac-data.tmp" \) -prune -o -print 2> find: '/var/list/.zsh_history': No such file or directory/nfind: '/var/list/.zhistory': No such file or directory/nfind: '/var/list/.zsh_history~': No such file or directory/nfind: '/var/list/.zsh_history.*': No such file or directory/nfind: '/var/list/.zhistory~': No such file or directory/nfind: '/var/list/.zhistory.*': No such file or directory
2026-09-15 15:55:30 +0100 INF Collecting data for user lp
2026-09-15 15:55:30 +0100 CMD find "/var/spool/lpd"/.zsh_history "/var/spool/lpd"/.zhistory "/var/spool/lpd"/.zsh_history~ "/var/spool/lpd"/.zsh_history.* "/var/spool/lpd"/.zhistory~ "/var/spool/lpd"/.zhistory.* \( -path "/sys" -o -path "/proc/sys/fs/binfmt_misc" -o -path "/root/uac-3.3.0" -o -path "/root/uac_output/uac-data.tmp" \) -prune -o -print 2> find: '/var/spool/lpd/.zsh_history': No such file or directory/nfind: '/var/spool/lpd/.zhistory': No such file or directory/nfind: '/var/spool/lpd/.zsh_history~': No such file or directory/nfind: '/var/spool/lpd/.zsh_history.*': No such file or directory/nfind: '/var/spool/lpd/.zhistory~': No such file or directory/nfind: '/var/spool/lpd/.zhistory.*': No such file or directory
2026-09-15 15:55:30 +0100 INF Collecting data for user mail
2026-09-15 15:55:30 +0100 CMD find "/var/mail"/.zsh_history "/var/mail"/.zhistory "/var/mail"/.zsh_history~ "/var/mail"/.zsh_history.* "/var/mail"/.zhistory~ "/var/mail"/.zhistory.* \( -path "/sys" -o -path "/proc/sys/fs/binfmt_misc" -o -path "/root/uac-3.3.0" -o -path "/root/uac_output/uac-data.tmp" \) -prune -o -print 2> find: '/var/mail/.zsh_history': No such file or directory/nfind: '/var/mail/.zhistory': No such file or directory/nfind: '/var/mail/.zsh_history~': No such file or directory/nfind: '/var/mail/.zsh_history.*': No such file or directory/nfind: '/var/mail/.zhistory~': No such file or directory/nfind: '/var/mail/.zhistory.*': No such file or directory
2026-09-15 15:55:30 +0100 INF Collecting data for user man
2026-09-15 15:55:30 +0100 CMD find "/var/cache/man"/.zsh_history "/var/cache/man"/.zhistory "/var/cache/man"/.zsh_history~ "/var/cache/man"/.zsh_history.* "/var/cache/man"/.zhistory~ "/var/cache/man"/.zhistory.* \( -path "/sys" -o -path "/proc/sys/fs/binfmt_misc" -o -path "/root/uac-3.3.0" -o -path "/root/uac_output/uac-data.tmp" \) -prune -o -print 2> find: '/var/cache/man/.zsh_history': No such file or directory/nfind: '/var/cache/man/.zhistory': No such file or directory/nfind: '/var/cache/man/.zsh_history~': No such file or directory/nfind: '/var/cache/man/.zsh_history.*': No such file or directory/nfind: '/var/cache/man/.zhistory~': No such file or directory/nfind: '/var/cache/man/.zhistory.*': No such file or directory
2026-09-15 15:55:30 +0100 INF Collecting data for user messagebus
2026-09-15 15:55:30 +0100 INF Skipping as home directory "/nonexistent"/.zsh_history "/nonexistent"/.zhistory "/nonexistent"/.zsh_history~ "/nonexistent"/.zsh_history.* "/nonexistent"/.zhistory~ "/nonexistent"/.zhistory.* has been collected already
2026-09-15 15:55:30 +0100 INF Collecting data for user news
2026-09-15 15:55:30 +0100 CMD find "/var/spool/news"/.zsh_history "/var/spool/news"/.zhistory "/var/spool/news"/.zsh_history~ "/var/spool/news"/.zsh_history.* "/var/spool/news"/.zhistory~ "/var/spool/news"/.zhistory.* \( -path "/sys" -o -path "/proc/sys/fs/binfmt_misc" -o -path "/root/uac-3.3.0" -o -path "/root/uac_output/uac-data.tmp" \) -prune -o -print 2> find: '/var/spool/news/.zsh_history': No such file or directory/nfind: '/var/spool/news/.zhistory': No such file or directory/nfind: '/var/spool/news/.zsh_history~': No such file or directory/nfind: '/var/spool/news/.zsh_history.*': No such file or directory/nfind: '/var/spool/news/.zhistory~': No such file or directory/nfind: '/var/spool/news/.zhistory.*': No such file or directory
2026-09-15 15:55:30 +0100 INF Collecting data for user nobody
2026-09-15 15:55:30 +0100 INF Skipping as home directory "/nonexistent"/.zsh_history "/nonexistent"/.zhistory "/nonexistent"/.zsh_history~ "/nonexistent"/.zsh_history.* "/nonexistent"/.zhistory~ "/nonexistent"/.zhistory.* has been collected already
2026-09-15 15:55:30 +0100 INF Collecting data for user proxy
2026-09-15 15:55:30 +0100 INF Skipping as home directory "/bin"/.zsh_history "/bin"/.zhistory "/bin"/.zsh_history~ "/bin"/.zsh_history.* "/bin"/.zhistory~ "/bin"/.zhistory.* has been collected already
2026-09-15 15:55:30 +0100 INF Collecting data for user root
2026-09-15 15:55:30 +0100 INF Skipping as home directory "/root"/.zsh_history "/root"/.zhistory "/root"/.zsh_history~ "/root"/.zsh_history.* "/root"/.zhistory~ "/root"/.zhistory.* has been collected already
2026-09-15 15:55:30 +0100 INF Collecting data for user sshd
2026-09-15 15:55:30 +0100 CMD find "/run/sshd"/.zsh_history "/run/sshd"/.zhistory "/run/sshd"/.zsh_history~ "/run/sshd"/.zsh_history.* "/run/sshd"/.zhistory~ "/run/sshd"/.zhistory.* \( -path "/sys" -o -path "/proc/sys/fs/binfmt_misc" -o -path "/root/uac-3.3.0" -o -path "/root/uac_output/uac-data.tmp" \) -prune -o -print 2> find: '/run/sshd/.zsh_history': No such file or directory/nfind: '/run/sshd/.zhistory': No such file or directory/nfind: '/run/sshd/.zsh_history~': No such file or directory/nfind: '/run/sshd/.zsh_history.*': No such file or directory/nfind: '/run/sshd/.zhistory~': No such file or directory/nfind: '/run/sshd/.zhistory.*': No such file or directory
2026-09-15 15:55:30 +0100 INF Collecting data for user sync
2026-09-15 15:55:30 +0100 INF Skipping as home directory "/bin"/.zsh_history "/bin"/.zhistory "/bin"/.zsh_history~ "/bin"/.zsh_history.* "/bin"/.zhistory~ "/bin"/.zhistory.* has been collected already
2026-09-15 15:55:30 +0100 INF Collecting data for user sys
2026-09-15 15:55:30 +0100 CMD find "/dev"/.zsh_history "/dev"/.zhistory "/dev"/.zsh_history~ "/dev"/.zsh_history.* "/dev"/.zhistory~ "/dev"/.zhistory.* \( -path "/sys" -o -path "/proc/sys/fs/binfmt_misc" -o -path "/root/uac-3.3.0" -o -path "/root/uac_output/uac-data.tmp" \) -prune -o -print 2> find: '/dev/.zsh_history': No such file or directory/nfind: '/dev/.zhistory': No such file or directory/nfind: '/dev/.zsh_history~': No such file or directory/nfind: '/dev/.zsh_history.*': No such file or directory/nfind: '/dev/.zhistory~': No such file or directory/nfind: '/dev/.zhistory.*': No such file or directory
2026-09-15 15:55:30 +0100 INF Collecting data for user systemd-network
2026-09-15 15:55:30 +0100 CMD find "/"/.zsh_history "/"/.zhistory "/"/.zsh_history~ "/"/.zsh_history.* "/"/.zhistory~ "/"/.zhistory.* \( -path "/sys" -o -path "/proc/sys/fs/binfmt_misc" -o -path "/root/uac-3.3.0" -o -path "/root/uac_output/uac-data.tmp" \) -prune -o -print 2> find: '//.zsh_history': No such file or directory/nfind: '//.zhistory': No such file or directory/nfind: '//.zsh_history~': No such file or directory/nfind: '//.zsh_history.*': No such file or directory/nfind: '//.zhistory~': No such file or directory/nfind: '//.zhistory.*': No such file or directory
2026-09-15 15:55:30 +0100 INF Collecting data for user systemd-timesync
2026-09-15 15:55:30 +0100 INF Skipping as home directory "/"/.zsh_history "/"/.zhistory "/"/.zsh_history~ "/"/.zsh_history.* "/"/.zhistory~ "/"/.zhistory.* has been collected already
2026-09-15 15:55:30 +0100 INF Collecting data for user uucp
2026-09-15 15:55:30 +0100 CMD find "/var/spool/uucp"/.zsh_history "/var/spool/uucp"/.zhistory "/var/spool/uucp"/.zsh_history~ "/var/spool/uucp"/.zsh_history.* "/var/spool/uucp"/.zhistory~ "/var/spool/uucp"/.zhistory.* \( -path "/sys" -o -path "/proc/sys/fs/binfmt_misc" -o -path "/root/uac-3.3.0" -o -path "/root/uac_output/uac-data.tmp" \) -prune -o -print 2> find: '/var/spool/uucp/.zsh_history': No such file or directory/nfind: '/var/spool/uucp/.zhistory': No such file or directory/nfind: '/var/spool/uucp/.zsh_history~': No such file or directory/nfind: '/var/spool/uucp/.zsh_history.*': No such file or directory/nfind: '/var/spool/uucp/.zhistory~': No such file or directory/nfind: '/var/spool/uucp/.zhistory.*': No such file or directory
2026-09-15 15:55:30 +0100 INF Collecting data for user www-data
2026-09-15 15:55:30 +0100 CMD find "/var/www"/.zsh_history "/var/www"/.zhistory "/var/www"/.zsh_history~ "/var/www"/.zsh_history.* "/var/www"/.zhistory~ "/var/www"/.zhistory.* \( -path "/sys" -o -path "/proc/sys/fs/binfmt_misc" -o -path "/root/uac-3.3.0" -o -path "/root/uac_output/uac-data.tmp" \) -prune -o -print 2> find: '/var/www/.zsh_history': No such file or directory/nfind: '/var/www/.zhistory': No such file or directory/nfind: '/var/www/.zsh_history~': No such file or directory/nfind: '/var/www/.zsh_history.*': No such file or directory/nfind: '/var/www/.zhistory~': No such file or directory/nfind: '/var/www/.zhistory.*': No such file or directory
2026-09-15 15:55:30 +0100 INF Collecting data for user Tom
2026-09-15 15:55:30 +0100 CMD find "/home/Tom"/.zlogin "/home/Tom"/.zprofile "/home/Tom"/.zshenv "/home/Tom"/.zshrc \( -path "/sys" -o -path "/proc/sys/fs/binfmt_misc" -o -path "/root/uac-3.3.0" -o -path "/root/uac_output/uac-data.tmp" \) -prune -o -print 2> find: '/home/Tom/.zlogin': No such file or directory/nfind: '/home/Tom/.zprofile': No such file or directory/nfind: '/home/Tom/.zshenv': No such file or directory/nfind: '/home/Tom/.zshrc': No such file or directory
2026-09-15 15:55:30 +0100 INF Collecting data for user Tom
2026-09-15 15:55:30 +0100 CMD find "/root"/.zlogin "/root"/.zprofile "/root"/.zshenv "/root"/.zshrc \( -path "/sys" -o -path "/proc/sys/fs/binfmt_misc" -o -path "/root/uac-3.3.0" -o -path "/root/uac_output/uac-data.tmp" \) -prune -o -print 2> find: '/root/.zlogin': No such file or directory/nfind: '/root/.zprofile': No such file or directory/nfind: '/root/.zshenv': No such file or directory/nfind: '/root/.zshrc': No such file or directory
2026-09-15 15:55:30 +0100 INF Collecting data for user _apt
2026-09-15 15:55:30 +0100 CMD find "/nonexistent"/.zlogin "/nonexistent"/.zprofile "/nonexistent"/.zshenv "/nonexistent"/.zshrc \( -path "/sys" -o -path "/proc/sys/fs/binfmt_misc" -o -path "/root/uac-3.3.0" -o -path "/root/uac_output/uac-data.tmp" \) -prune -o -print 2> find: '/nonexistent/.zlogin': No such file or directory/nfind: '/nonexistent/.zprofile': No such file or directory/nfind: '/nonexistent/.zshenv': No such file or directory/nfind: '/nonexistent/.zshrc': No such file or directory
2026-09-15 15:55:30 +0100 INF Collecting data for user backup
2026-09-15 15:55:30 +0100 CMD find "/var/backups"/.zlogin "/var/backups"/.zprofile "/var/backups"/.zshenv "/var/backups"/.zshrc \( -path "/sys" -o -path "/proc/sys/fs/binfmt_misc" -o -path "/root/uac-3.3.0" -o -path "/root/uac_output/uac-data.tmp" \) -prune -o -print 2> find: '/var/backups/.zlogin': No such file or directory/nfind: '/var/backups/.zprofile': No such file or directory/nfind: '/var/backups/.zshenv': No such file or directory/nfind: '/var/backups/.zshrc': No such file or directory
2026-09-15 15:55:30 +0100 INF Collecting data for user bin
2026-09-15 15:55:30 +0100 CMD find "/bin"/.zlogin "/bin"/.zprofile "/bin"/.zshenv "/bin"/.zshrc \( -path "/sys" -o -path "/proc/sys/fs/binfmt_misc" -o -path "/root/uac-3.3.0" -o -path "/root/uac_output/uac-data.tmp" \) -prune -o -print 2> find: '/bin/.zlogin': No such file or directory/nfind: '/bin/.zprofile': No such file or directory/nfind: '/bin/.zshenv': No such file or directory/nfind: '/bin/.zshrc': No such file or directory
2026-09-15 15:55:30 +0100 INF Collecting data for user daemon
2026-09-15 15:55:30 +0100 CMD find "/usr/sbin"/.zlogin "/usr/sbin"/.zprofile "/usr/sbin"/.zshenv "/usr/sbin"/.zshrc \( -path "/sys" -o -path "/proc/sys/fs/binfmt_misc" -o -path "/root/uac-3.3.0" -o -path "/root/uac_output/uac-data.tmp" \) -prune -o -print 2> find: '/usr/sbin/.zlogin': No such file or directory/nfind: '/usr/sbin/.zprofile': No such file or directory/nfind: '/usr/sbin/.zshenv': No such file or directory/nfind: '/usr/sbin/.zshrc': No such file or directory
2026-09-15 15:55:30 +0100 INF Collecting data for user games
2026-09-15 15:55:30 +0100 CMD find "/usr/games"/.zlogin "/usr/games"/.zprofile "/usr/games"/.zshenv "/usr/games"/.zshrc \( -path "/sys" -o -path "/proc/sys/fs/binfmt_misc" -o -path "/root/uac-3.3.0" -o -path "/root/uac_output/uac-data.tmp" \) -prune -o -print 2> find: '/usr/games/.zlogin': No such file or directory/nfind: '/usr/games/.zprofile': No such file or directory/nfind: '/usr/games/.zshenv': No such file or directory/nfind: '/usr/games/.zshrc': No such file or directory
2026-09-15 15:55:30 +0100 INF Collecting data for user irc
2026-09-15 15:55:30 +0100 CMD find "/run/ircd"/.zlogin "/run/ircd"/.zprofile "/run/ircd"/.zshenv "/run/ircd"/.zshrc \( -path "/sys" -o -path "/proc/sys/fs/binfmt_misc" -o -path "/root/uac-3.3.0" -o -path "/root/uac_output/uac-data.tmp" \) -prune -o -print 2> find: '/run/ircd/.zlogin': No such file or directory/nfind: '/run/ircd/.zprofile': No such file or directory/nfind: '/run/ircd/.zshenv': No such file or directory/nfind: '/run/ircd/.zshrc': No such file or directory
2026-09-15 15:55:30 +0100 INF Collecting data for user list
2026-09-15 15:55:31 +0100 CMD find "/var/list"/.zlogin "/var/list"/.zprofile "/var/list"/.zshenv "/var/list"/.zshrc \( -path "/sys" -o -path "/proc/sys/fs/binfmt_misc" -o -path "/root/uac-3.3.0" -o -path "/root/uac_output/uac-data.tmp" \) -prune -o -print 2> find: '/var/list/.zlogin': No such file or directory/nfind: '/var/list/.zprofile': No such file or directory/nfind: '/var/list/.zshenv': No such file or directory/nfind: '/var/list/.zshrc': No such file or directory
2026-09-15 15:55:31 +0100 INF Collecting data for user lp
2026-09-15 15:55:31 +0100 CMD find "/var/spool/lpd"/.zlogin "/var/spool/lpd"/.zprofile "/var/spool/lpd"/.zshenv "/var/spool/lpd"/.zshrc \( -path "/sys" -o -path "/proc/sys/fs/binfmt_misc" -o -path "/root/uac-3.3.0" -o -path "/root/uac_output/uac-data.tmp" \) -prune -o -print 2> find: '/var/spool/lpd/.zlogin': No such file or directory/nfind: '/var/spool/lpd/.zprofile': No such file or directory/nfind: '/var/spool/lpd/.zshenv': No such file or directory/nfind: '/var/spool/lpd/.zshrc': No such file or directory
2026-09-15 15:55:31 +0100 INF Collecting data for user mail
2026-09-15 15:55:31 +0100 CMD find "/var/mail"/.zlogin "/var/mail"/.zprofile "/var/mail"/.zshenv "/var/mail"/.zshrc \( -path "/sys" -o -path "/proc/sys/fs/binfmt_misc" -o -path "/root/uac-3.3.0" -o -path "/root/uac_output/uac-data.tmp" \) -prune -o -print 2> find: '/var/mail/.zlogin': No such file or directory/nfind: '/var/mail/.zprofile': No such file or directory/nfind: '/var/mail/.zshenv': No such file or directory/nfind: '/var/mail/.zshrc': No such file or directory
2026-09-15 15:55:31 +0100 INF Collecting data for user man
2026-09-15 15:55:31 +0100 CMD find "/var/cache/man"/.zlogin "/var/cache/man"/.zprofile "/var/cache/man"/.zshenv "/var/cache/man"/.zshrc \( -path "/sys" -o -path "/proc/sys/fs/binfmt_misc" -o -path "/root/uac-3.3.0" -o -path "/root/uac_output/uac-data.tmp" \) -prune -o -print 2> find: '/var/cache/man/.zlogin': No such file or directory/nfind: '/var/cache/man/.zprofile': No such file or directory/nfind: '/var/cache/man/.zshenv': No such file or directory/nfind: '/var/cache/man/.zshrc': No such file or directory
2026-09-15 15:55:31 +0100 INF Collecting data for user messagebus
2026-09-15 15:55:31 +0100 INF Skipping as home directory "/nonexistent"/.zlogin "/nonexistent"/.zprofile "/nonexistent"/.zshenv "/nonexistent"/.zshrc has been collected already
2026-09-15 15:55:31 +0100 INF Collecting data for user news
2026-09-15 15:55:31 +0100 CMD find "/var/spool/news"/.zlogin "/var/spool/news"/.zprofile "/var/spool/news"/.zshenv "/var/spool/news"/.zshrc \( -path "/sys" -o -path "/proc/sys/fs/binfmt_misc" -o -path "/root/uac-3.3.0" -o -path "/root/uac_output/uac-data.tmp" \) -prune -o -print 2> find: '/var/spool/news/.zlogin': No such file or directory/nfind: '/var/spool/news/.zprofile': No such file or directory/nfind: '/var/spool/news/.zshenv': No such file or directory/nfind: '/var/spool/news/.zshrc': No such file or directory
2026-09-15 15:55:31 +0100 INF Collecting data for user nobody
2026-09-15 15:55:31 +0100 INF Skipping as home directory "/nonexistent"/.zlogin "/nonexistent"/.zprofile "/nonexistent"/.zshenv "/nonexistent"/.zshrc has been collected already
2026-09-15 15:55:31 +0100 INF Collecting data for user proxy
2026-09-15 15:55:31 +0100 INF Skipping as home directory "/bin"/.zlogin "/bin"/.zprofile "/bin"/.zshenv "/bin"/.zshrc has been collected already
2026-09-15 15:55:31 +0100 INF Collecting data for user root
2026-09-15 15:55:31 +0100 INF Skipping as home directory "/root"/.zlogin "/root"/.zprofile "/root"/.zshenv "/root"/.zshrc has been collected already
2026-09-15 15:55:31 +0100 INF Collecting data for user sshd
2026-09-15 15:55:31 +0100 CMD find "/run/sshd"/.zlogin "/run/sshd"/.zprofile "/run/sshd"/.zshenv "/run/sshd"/.zshrc \( -path "/sys" -o -path "/proc/sys/fs/binfmt_misc" -o -path "/root/uac-3.3.0" -o -path "/root/uac_output/uac-data.tmp" \) -prune -o -print 2> find: '/run/sshd/.zlogin': No such file or directory/nfind: '/run/sshd/.zprofile': No such file or directory/nfind: '/run/sshd/.zshenv': No such file or directory/nfind: '/run/sshd/.zshrc': No such file or directory
2026-09-15 15:55:31 +0100 INF Collecting data for user sync
2026-09-15 15:55:31 +0100 INF Skipping as home directory "/bin"/.zlogin "/bin"/.zprofile "/bin"/.zshenv "/bin"/.zshrc has been collected already
2026-09-15 15:55:31 +0100 INF Collecting data for user sys
2026-09-15 15:55:31 +0100 CMD find "/dev"/.zlogin "/dev"/.zprofile "/dev"/.zshenv "/dev"/.zshrc \( -path "/sys" -o -path "/proc/sys/fs/binfmt_misc" -o -path "/root/uac-3.3.0" -o -path "/root/uac_output/uac-data.tmp" \) -prune -o -print 2> find: '/dev/.zlogin': No such file or directory/nfind: '/dev/.zprofile': No such file or directory/nfind: '/dev/.zshenv': No such file or directory/nfind: '/dev/.zshrc': No such file or directory
2026-09-15 15:55:31 +0100 INF Collecting data for user systemd-network
2026-09-15 15:55:31 +0100 CMD find "/"/.zlogin "/"/.zprofile "/"/.zshenv "/"/.zshrc \( -path "/sys" -o -path "/proc/sys/fs/binfmt_misc" -o -path "/root/uac-3.3.0" -o -path "/root/uac_output/uac-data.tmp" \) -prune -o -print 2> find: '//.zlogin': No such file or directory/nfind: '//.zprofile': No such file or directory/nfind: '//.zshenv': No such file or directory/nfind: '//.zshrc': No such file or directory
2026-09-15 15:55:31 +0100 INF Collecting data for user systemd-timesync
2026-09-15 15:55:31 +0100 INF Skipping as home directory "/"/.zlogin "/"/.zprofile "/"/.zshenv "/"/.zshrc has been collected already
2026-09-15 15:55:31 +0100 INF Collecting data for user uucp
2026-09-15 15:55:31 +0100 CMD find "/var/spool/uucp"/.zlogin "/var/spool/uucp"/.zprofile "/var/spool/uucp"/.zshenv "/var/spool/uucp"/.zshrc \( -path "/sys" -o -path "/proc/sys/fs/binfmt_misc" -o -path "/root/uac-3.3.0" -o -path "/root/uac_output/uac-data.tmp" \) -prune -o -print 2> find: '/var/spool/uucp/.zlogin': No such file or directory/nfind: '/var/spool/uucp/.zprofile': No such file or directory/nfind: '/var/spool/uucp/.zshenv': No such file or directory/nfind: '/var/spool/uucp/.zshrc': No such file or directory
2026-09-15 15:55:31 +0100 INF Collecting data for user www-data
2026-09-15 15:55:31 +0100 CMD find "/var/www"/.zlogin "/var/www"/.zprofile "/var/www"/.zshenv "/var/www"/.zshrc \( -path "/sys" -o -path "/proc/sys/fs/binfmt_misc" -o -path "/root/uac-3.3.0" -o -path "/root/uac_output/uac-data.tmp" \) -prune -o -print 2> find: '/var/www/.zlogin': No such file or directory/nfind: '/var/www/.zprofile': No such file or directory/nfind: '/var/www/.zshenv': No such file or directory/nfind: '/var/www/.zshrc': No such file or directory
2026-09-15 15:55:31 +0100 INF Collecting data for user Tom
2026-09-15 15:55:31 +0100 CMD find "/home/Tom"/.zsh_sessions \( -path "/sys" -o -path "/proc/sys/fs/binfmt_misc" -o -path "/root/uac-3.3.0" -o -path "/root/uac_output/uac-data.tmp" \) -prune -o -print 2> find: '/home/Tom/.zsh_sessions': No such file or directory
2026-09-15 15:55:31 +0100 INF Collecting data for user Tom
2026-09-15 15:55:31 +0100 CMD find "/root"/.zsh_sessions \( -path "/sys" -o -path "/proc/sys/fs/binfmt_misc" -o -path "/root/uac-3.3.0" -o -path "/root/uac_output/uac-data.tmp" \) -prune -o -print 2> find: '/root/.zsh_sessions': No such file or directory
2026-09-15 15:55:31 +0100 INF Collecting data for user _apt
2026-09-15 15:55:31 +0100 CMD find "/nonexistent"/.zsh_sessions \( -path "/sys" -o -path "/proc/sys/fs/binfmt_misc" -o -path "/root/uac-3.3.0" -o -path "/root/uac_output/uac-data.tmp" \) -prune -o -print 2> find: '/nonexistent/.zsh_sessions': No such file or directory
2026-09-15 15:55:31 +0100 INF Collecting data for user backup
2026-09-15 15:55:31 +0100 CMD find "/var/backups"/.zsh_sessions \( -path "/sys" -o -path "/proc/sys/fs/binfmt_misc" -o -path "/root/uac-3.3.0" -o -path "/root/uac_output/uac-data.tmp" \) -prune -o -print 2> find: '/var/backups/.zsh_sessions': No such file or directory
2026-09-15 15:55:31 +0100 INF Collecting data for user bin
2026-09-15 15:55:31 +0100 CMD find "/bin"/.zsh_sessions \( -path "/sys" -o -path "/proc/sys/fs/binfmt_misc" -o -path "/root/uac-3.3.0" -o -path "/root/uac_output/uac-data.tmp" \) -prune -o -print 2> find: '/bin/.zsh_sessions': No such file or directory
2026-09-15 15:55:31 +0100 INF Collecting data for user daemon
2026-09-15 15:55:31 +0100 CMD find "/usr/sbin"/.zsh_sessions \( -path "/sys" -o -path "/proc/sys/fs/binfmt_misc" -o -path "/root/uac-3.3.0" -o -path "/root/uac_output/uac-data.tmp" \) -prune -o -print 2> find: '/usr/sbin/.zsh_sessions': No such file or directory
2026-09-15 15:55:31 +0100 INF Collecting data for user games
2026-09-15 15:55:31 +0100 CMD find "/usr/games"/.zsh_sessions \( -path "/sys" -o -path "/proc/sys/fs/binfmt_misc" -o -path "/root/uac-3.3.0" -o -path "/root/uac_output/uac-data.tmp" \) -prune -o -print 2> find: '/usr/games/.zsh_sessions': No such file or directory
2026-09-15 15:55:31 +0100 INF Collecting data for user irc
2026-09-15 15:55:31 +0100 CMD find "/run/ircd"/.zsh_sessions \( -path "/sys" -o -path "/proc/sys/fs/binfmt_misc" -o -path "/root/uac-3.3.0" -o -path "/root/uac_output/uac-data.tmp" \) -prune -o -print 2> find: '/run/ircd/.zsh_sessions': No such file or directory
2026-09-15 15:55:31 +0100 INF Collecting data for user list
2026-09-15 15:55:31 +0100 CMD find "/var/list"/.zsh_sessions \( -path "/sys" -o -path "/proc/sys/fs/binfmt_misc" -o -path "/root/uac-3.3.0" -o -path "/root/uac_output/uac-data.tmp" \) -prune -o -print 2> find: '/var/list/.zsh_sessions': No such file or directory
2026-09-15 15:55:31 +0100 INF Collecting data for user lp
2026-09-15 15:55:31 +0100 CMD find "/var/spool/lpd"/.zsh_sessions \( -path "/sys" -o -path "/proc/sys/fs/binfmt_misc" -o -path "/root/uac-3.3.0" -o -path "/root/uac_output/uac-data.tmp" \) -prune -o -print 2> find: '/var/spool/lpd/.zsh_sessions': No such file or directory
2026-09-15 15:55:31 +0100 INF Collecting data for user mail
2026-09-15 15:55:31 +0100 CMD find "/var/mail"/.zsh_sessions \( -path "/sys" -o -path "/proc/sys/fs/binfmt_misc" -o -path "/root/uac-3.3.0" -o -path "/root/uac_output/uac-data.tmp" \) -prune -o -print 2> find: '/var/mail/.zsh_sessions': No such file or directory
2026-09-15 15:55:31 +0100 INF Collecting data for user man
2026-09-15 15:55:31 +0100 CMD find "/var/cache/man"/.zsh_sessions \( -path "/sys" -o -path "/proc/sys/fs/binfmt_misc" -o -path "/root/uac-3.3.0" -o -path "/root/uac_output/uac-data.tmp" \) -prune -o -print 2> find: '/var/cache/man/.zsh_sessions': No such file or directory
2026-09-15 15:55:31 +0100 INF Collecting data for user messagebus
2026-09-15 15:55:31 +0100 INF Skipping as home directory "/nonexistent"/.zsh_sessions has been collected already
2026-09-15 15:55:31 +0100 INF Collecting data for user news
2026-09-15 15:55:31 +0100 CMD find "/var/spool/news"/.zsh_sessions \( -path "/sys" -o -path "/proc/sys/fs/binfmt_misc" -o -path "/root/uac-3.3.0" -o -path "/root/uac_output/uac-data.tmp" \) -prune -o -print 2> find: '/var/spool/news/.zsh_sessions': No such file or directory
2026-09-15 15:55:31 +0100 INF Collecting data for user nobody
2026-09-15 15:55:31 +0100 INF Skipping as home directory "/nonexistent"/.zsh_sessions has been collected already
2026-09-15 15:55:31 +0100 INF Collecting data for user proxy
2026-09-15 15:55:31 +0100 INF Skipping as home directory "/bin"/.zsh_sessions has been collected already
2026-09-15 15:55:31 +0100 INF Collecting data for user root
2026-09-15 15:55:31 +0100 INF Skipping as home directory "/root"/.zsh_sessions has been collected already
2026-09-15 15:55:31 +0100 INF Collecting data for user sshd
2026-09-15 15:55:31 +0100 CMD find "/run/sshd"/.zsh_sessions \( -path "/sys" -o -path "/proc/sys/fs/binfmt_misc" -o -path "/root/uac-3.3.0" -o -path "/root/uac_output/uac-data.tmp" \) -prune -o -print 2> find: '/run/sshd/.zsh_sessions': No such file or directory
2026-09-15 15:55:31 +0100 INF Collecting data for user sync
2026-09-15 15:55:31 +0100 INF Skipping as home directory "/bin"/.zsh_sessions has been collected already
2026-09-15 15:55:31 +0100 INF Collecting data for user sys
2026-09-15 15:55:32 +0100 CMD find "/dev"/.zsh_sessions \( -path "/sys" -o -path "/proc/sys/fs/binfmt_misc" -o -path "/root/uac-3.3.0" -o -path "/root/uac_output/uac-data.tmp" \) -prune -o -print 2> find: '/dev/.zsh_sessions': No such file or directory
2026-09-15 15:55:32 +0100 INF Collecting data for user systemd-network
2026-09-15 15:55:32 +0100 CMD find "/"/.zsh_sessions \( -path "/sys" -o -path "/proc/sys/fs/binfmt_misc" -o -path "/root/uac-3.3.0" -o -path "/root/uac_output/uac-data.tmp" \) -prune -o -print 2> find: '//.zsh_sessions': No such file or directory
2026-09-15 15:55:32 +0100 INF Collecting data for user systemd-timesync
2026-09-15 15:55:32 +0100 INF Skipping as home directory "/"/.zsh_sessions has been collected already
2026-09-15 15:55:32 +0100 INF Collecting data for user uucp
2026-09-15 15:55:32 +0100 CMD find "/var/spool/uucp"/.zsh_sessions \( -path "/sys" -o -path "/proc/sys/fs/binfmt_misc" -o -path "/root/uac-3.3.0" -o -path "/root/uac_output/uac-data.tmp" \) -prune -o -print 2> find: '/var/spool/uucp/.zsh_sessions': No such file or directory
2026-09-15 15:55:32 +0100 INF Collecting data for user www-data
2026-09-15 15:55:32 +0100 CMD find "/var/www"/.zsh_sessions \( -path "/sys" -o -path "/proc/sys/fs/binfmt_misc" -o -path "/root/uac-3.3.0" -o -path "/root/uac_output/uac-data.tmp" \) -prune -o -print 2> find: '/var/www/.zsh_sessions': No such file or directory
2026-09-15 15:55:32 +0100 CMD find /etc/zshenv /etc/zprofile /etc/zshrc /etc/zlogin \( -path "/sys" -o -path "/proc/sys/fs/binfmt_misc" -o -path "/root/uac-3.3.0" -o -path "/root/uac_output/uac-data.tmp" \) -prune -o -print 2> find: '/etc/zshenv': No such file or directory/nfind: '/etc/zprofile': No such file or directory/nfind: '/etc/zshrc': No such file or directory/nfind: '/etc/zlogin': No such file or directory
2026-09-15 15:55:32 +0100 INF Collecting data for user Tom
2026-09-15 15:55:32 +0100 CMD grep -E "^HISTFILE=.*" "/home/Tom"/.zlogin "/home/Tom"/.zprofile "/home/Tom"/.zshenv "/home/Tom"/.zshrc /etc/zshenv /etc/zprofile /etc/zshrc /etc/zlogin | sed -e 's|.*HISTFILE=||' -e 's|^~/|/home/Tom/|' 2> grep: /home/Tom/.zlogin: No such file or directory/ngrep: /home/Tom/.zprofile: No such file or directory/ngrep: /home/Tom/.zshenv: No such file or directory/ngrep: /home/Tom/.zshrc: No such file or directory/ngrep: /etc/zshenv: No such file or directory/ngrep: /etc/zprofile: No such file or directory/ngrep: /etc/zshrc: No such file or directory/ngrep: /etc/zlogin: No such file or directory
2026-09-15 15:55:32 +0100 INF Collecting data for user Tom
2026-09-15 15:55:32 +0100 CMD grep -E "^HISTFILE=.*" "/root"/.zlogin "/root"/.zprofile "/root"/.zshenv "/root"/.zshrc /etc/zshenv /etc/zprofile /etc/zshrc /etc/zlogin | sed -e 's|.*HISTFILE=||' -e 's|^~/|/root/|' 2> grep: /root/.zlogin: No such file or directory/ngrep: /root/.zprofile: No such file or directory/ngrep: /root/.zshenv: No such file or directory/ngrep: /root/.zshrc: No such file or directory/ngrep: /etc/zshenv: No such file or directory/ngrep: /etc/zprofile: No such file or directory/ngrep: /etc/zshrc: No such file or directory/ngrep: /etc/zlogin: No such file or directory
2026-09-15 15:55:32 +0100 INF Collecting data for user _apt
2026-09-15 15:55:32 +0100 CMD grep -E "^HISTFILE=.*" "/nonexistent"/.zlogin "/nonexistent"/.zprofile "/nonexistent"/.zshenv "/nonexistent"/.zshrc /etc/zshenv /etc/zprofile /etc/zshrc /etc/zlogin | sed -e 's|.*HISTFILE=||' -e 's|^~/|/nonexistent/|' 2> grep: /nonexistent/.zlogin: No such file or directory/ngrep: /nonexistent/.zprofile: No such file or directory/ngrep: /nonexistent/.zshenv: No such file or directory/ngrep: /nonexistent/.zshrc: No such file or directory/ngrep: /etc/zshenv: No such file or directory/ngrep: /etc/zprofile: No such file or directory/ngrep: /etc/zshrc: No such file or directory/ngrep: /etc/zlogin: No such file or directory
2026-09-15 15:55:32 +0100 INF Collecting data for user backup
2026-09-15 15:55:32 +0100 CMD grep -E "^HISTFILE=.*" "/var/backups"/.zlogin "/var/backups"/.zprofile "/var/backups"/.zshenv "/var/backups"/.zshrc /etc/zshenv /etc/zprofile /etc/zshrc /etc/zlogin | sed -e 's|.*HISTFILE=||' -e 's|^~/|/var/backups/|' 2> grep: /var/backups/.zlogin: No such file or directory/ngrep: /var/backups/.zprofile: No such file or directory/ngrep: /var/backups/.zshenv: No such file or directory/ngrep: /var/backups/.zshrc: No such file or directory/ngrep: /etc/zshenv: No such file or directory/ngrep: /etc/zprofile: No such file or directory/ngrep: /etc/zshrc: No such file or directory/ngrep: /etc/zlogin: No such file or directory
2026-09-15 15:55:32 +0100 INF Collecting data for user bin
2026-09-15 15:55:32 +0100 CMD grep -E "^HISTFILE=.*" "/bin"/.zlogin "/bin"/.zprofile "/bin"/.zshenv "/bin"/.zshrc /etc/zshenv /etc/zprofile /etc/zshrc /etc/zlogin | sed -e 's|.*HISTFILE=||' -e 's|^~/|/bin/|' 2> grep: /bin/.zlogin: No such file or directory/ngrep: /bin/.zprofile: No such file or directory/ngrep: /bin/.zshenv: No such file or directory/ngrep: /bin/.zshrc: No such file or directory/ngrep: /etc/zshenv: No such file or directory/ngrep: /etc/zprofile: No such file or directory/ngrep: /etc/zshrc: No such file or directory/ngrep: /etc/zlogin: No such file or directory
2026-09-15 15:55:32 +0100 INF Collecting data for user daemon
2026-09-15 15:55:32 +0100 CMD grep -E "^HISTFILE=.*" "/usr/sbin"/.zlogin "/usr/sbin"/.zprofile "/usr/sbin"/.zshenv "/usr/sbin"/.zshrc /etc/zshenv /etc/zprofile /etc/zshrc /etc/zlogin | sed -e 's|.*HISTFILE=||' -e 's|^~/|/usr/sbin/|' 2> grep: /usr/sbin/.zlogin: No such file or directory/ngrep: /usr/sbin/.zprofile: No such file or directory/ngrep: /usr/sbin/.zshenv: No such file or directory/ngrep: /usr/sbin/.zshrc: No such file or directory/ngrep: /etc/zshenv: No such file or directory/ngrep: /etc/zprofile: No such file or directory/ngrep: /etc/zshrc: No such file or directory/ngrep: /etc/zlogin: No such file or directory
2026-09-15 15:55:32 +0100 INF Collecting data for user games
2026-09-15 15:55:32 +0100 CMD grep -E "^HISTFILE=.*" "/usr/games"/.zlogin "/usr/games"/.zprofile "/usr/games"/.zshenv "/usr/games"/.zshrc /etc/zshenv /etc/zprofile /etc/zshrc /etc/zlogin | sed -e 's|.*HISTFILE=||' -e 's|^~/|/usr/games/|' 2> grep: /usr/games/.zlogin: No such file or directory/ngrep: /usr/games/.zprofile: No such file or directory/ngrep: /usr/games/.zshenv: No such file or directory/ngrep: /usr/games/.zshrc: No such file or directory/ngrep: /etc/zshenv: No such file or directory/ngrep: /etc/zprofile: No such file or directory/ngrep: /etc/zshrc: No such file or directory/ngrep: /etc/zlogin: No such file or directory
2026-09-15 15:55:32 +0100 INF Collecting data for user irc
2026-09-15 15:55:32 +0100 CMD grep -E "^HISTFILE=.*" "/run/ircd"/.zlogin "/run/ircd"/.zprofile "/run/ircd"/.zshenv "/run/ircd"/.zshrc /etc/zshenv /etc/zprofile /etc/zshrc /etc/zlogin | sed -e 's|.*HISTFILE=||' -e 's|^~/|/run/ircd/|' 2> grep: /run/ircd/.zlogin: No such file or directory/ngrep: /run/ircd/.zprofile: No such file or directory/ngrep: /run/ircd/.zshenv: No such file or directory/ngrep: /run/ircd/.zshrc: No such file or directory/ngrep: /etc/zshenv: No such file or directory/ngrep: /etc/zprofile: No such file or directory/ngrep: /etc/zshrc: No such file or directory/ngrep: /etc/zlogin: No such file or directory
2026-09-15 15:55:32 +0100 INF Collecting data for user list
2026-09-15 15:55:32 +0100 CMD grep -E "^HISTFILE=.*" "/var/list"/.zlogin "/var/list"/.zprofile "/var/list"/.zshenv "/var/list"/.zshrc /etc/zshenv /etc/zprofile /etc/zshrc /etc/zlogin | sed -e 's|.*HISTFILE=||' -e 's|^~/|/var/list/|' 2> grep: /var/list/.zlogin: No such file or directory/ngrep: /var/list/.zprofile: No such file or directory/ngrep: /var/list/.zshenv: No such file or directory/ngrep: /var/list/.zshrc: No such file or directory/ngrep: /etc/zshenv: No such file or directory/ngrep: /etc/zprofile: No such file or directory/ngrep: /etc/zshrc: No such file or directory/ngrep: /etc/zlogin: No such file or directory
2026-09-15 15:55:32 +0100 INF Collecting data for user lp
2026-09-15 15:55:32 +0100 CMD grep -E "^HISTFILE=.*" "/var/spool/lpd"/.zlogin "/var/spool/lpd"/.zprofile "/var/spool/lpd"/.zshenv "/var/spool/lpd"/.zshrc /etc/zshenv /etc/zprofile /etc/zshrc /etc/zlogin | sed -e 's|.*HISTFILE=||' -e 's|^~/|/var/spool/lpd/|' 2> grep: /var/spool/lpd/.zlogin: No such file or directory/ngrep: /var/spool/lpd/.zprofile: No such file or directory/ngrep: /var/spool/lpd/.zshenv: No such file or directory/ngrep: /var/spool/lpd/.zshrc: No such file or directory/ngrep: /etc/zshenv: No such file or directory/ngrep: /etc/zprofile: No such file or directory/ngrep: /etc/zshrc: No such file or directory/ngrep: /etc/zlogin: No such file or directory
2026-09-15 15:55:32 +0100 INF Collecting data for user mail
2026-09-15 15:55:32 +0100 CMD grep -E "^HISTFILE=.*" "/var/mail"/.zlogin "/var/mail"/.zprofile "/var/mail"/.zshenv "/var/mail"/.zshrc /etc/zshenv /etc/zprofile /etc/zshrc /etc/zlogin | sed -e 's|.*HISTFILE=||' -e 's|^~/|/var/mail/|' 2> grep: /var/mail/.zlogin: No such file or directory/ngrep: /var/mail/.zprofile: No such file or directory/ngrep: /var/mail/.zshenv: No such file or directory/ngrep: /var/mail/.zshrc: No such file or directory/ngrep: /etc/zshenv: No such file or directory/ngrep: /etc/zprofile: No such file or directory/ngrep: /etc/zshrc: No such file or directory/ngrep: /etc/zlogin: No such file or directory
2026-09-15 15:55:32 +0100 INF Collecting data for user man
2026-09-15 15:55:32 +0100 CMD grep -E "^HISTFILE=.*" "/var/cache/man"/.zlogin "/var/cache/man"/.zprofile "/var/cache/man"/.zshenv "/var/cache/man"/.zshrc /etc/zshenv /etc/zprofile /etc/zshrc /etc/zlogin | sed -e 's|.*HISTFILE=||' -e 's|^~/|/var/cache/man/|' 2> grep: /var/cache/man/.zlogin: No such file or directory/ngrep: /var/cache/man/.zprofile: No such file or directory/ngrep: /var/cache/man/.zshenv: No such file or directory/ngrep: /var/cache/man/.zshrc: No such file or directory/ngrep: /etc/zshenv: No such file or directory/ngrep: /etc/zprofile: No such file or directory/ngrep: /etc/zshrc: No such file or directory/ngrep: /etc/zlogin: No such file or directory
2026-09-15 15:55:32 +0100 INF Collecting data for user messagebus
2026-09-15 15:55:32 +0100 CMD grep -E "^HISTFILE=.*" "/nonexistent"/.zlogin "/nonexistent"/.zprofile "/nonexistent"/.zshenv "/nonexistent"/.zshrc /etc/zshenv /etc/zprofile /etc/zshrc /etc/zlogin | sed -e 's|.*HISTFILE=||' -e 's|^~/|/nonexistent/|' 2> grep: /nonexistent/.zlogin: No such file or directory/ngrep: /nonexistent/.zprofile: No such file or directory/ngrep: /nonexistent/.zshenv: No such file or directory/ngrep: /nonexistent/.zshrc: No such file or directory/ngrep: /etc/zshenv: No such file or directory/ngrep: /etc/zprofile: No such file or directory/ngrep: /etc/zshrc: No such file or directory/ngrep: /etc/zlogin: No such file or directory
2026-09-15 15:55:32 +0100 INF Collecting data for user news
2026-09-15 15:55:32 +0100 CMD grep -E "^HISTFILE=.*" "/var/spool/news"/.zlogin "/var/spool/news"/.zprofile "/var/spool/news"/.zshenv "/var/spool/news"/.zshrc /etc/zshenv /etc/zprofile /etc/zshrc /etc/zlogin | sed -e 's|.*HISTFILE=||' -e 's|^~/|/var/spool/news/|' 2> grep: /var/spool/news/.zlogin: No such file or directory/ngrep: /var/spool/news/.zprofile: No such file or directory/ngrep: /var/spool/news/.zshenv: No such file or directory/ngrep: /var/spool/news/.zshrc: No such file or directory/ngrep: /etc/zshenv: No such file or directory/ngrep: /etc/zprofile: No such file or directory/ngrep: /etc/zshrc: No such file or directory/ngrep: /etc/zlogin: No such file or directory
2026-09-15 15:55:32 +0100 INF Collecting data for user nobody
2026-09-15 15:55:32 +0100 CMD grep -E "^HISTFILE=.*" "/nonexistent"/.zlogin "/nonexistent"/.zprofile "/nonexistent"/.zshenv "/nonexistent"/.zshrc /etc/zshenv /etc/zprofile /etc/zshrc /etc/zlogin | sed -e 's|.*HISTFILE=||' -e 's|^~/|/nonexistent/|' 2> grep: /nonexistent/.zlogin: No such file or directory/ngrep: /nonexistent/.zprofile: No such file or directory/ngrep: /nonexistent/.zshenv: No such file or directory/ngrep: /nonexistent/.zshrc: No such file or directory/ngrep: /etc/zshenv: No such file or directory/ngrep: /etc/zprofile: No such file or directory/ngrep: /etc/zshrc: No such file or directory/ngrep: /etc/zlogin: No such file or directory
2026-09-15 15:55:32 +0100 INF Collecting data for user proxy
2026-09-15 15:55:32 +0100 CMD grep -E "^HISTFILE=.*" "/bin"/.zlogin "/bin"/.zprofile "/bin"/.zshenv "/bin"/.zshrc /etc/zshenv /etc/zprofile /etc/zshrc /etc/zlogin | sed -e 's|.*HISTFILE=||' -e 's|^~/|/bin/|' 2> grep: /bin/.zlogin: No such file or directory/ngrep: /bin/.zprofile: No such file or directory/ngrep: /bin/.zshenv: No such file or directory/ngrep: /bin/.zshrc: No such file or directory/ngrep: /etc/zshenv: No such file or directory/ngrep: /etc/zprofile: No such file or directory/ngrep: /etc/zshrc: No such file or directory/ngrep: /etc/zlogin: No such file or directory
2026-09-15 15:55:32 +0100 INF Collecting data for user root
2026-09-15 15:55:32 +0100 CMD grep -E "^HISTFILE=.*" "/root"/.zlogin "/root"/.zprofile "/root"/.zshenv "/root"/.zshrc /etc/zshenv /etc/zprofile /etc/zshrc /etc/zlogin | sed -e 's|.*HISTFILE=||' -e 's|^~/|/root/|' 2> grep: /root/.zlogin: No such file or directory/ngrep: /root/.zprofile: No such file or directory/ngrep: /root/.zshenv: No such file or directory/ngrep: /root/.zshrc: No such file or directory/ngrep: /etc/zshenv: No such file or directory/ngrep: /etc/zprofile: No such file or directory/ngrep: /etc/zshrc: No such file or directory/ngrep: /etc/zlogin: No such file or directory
2026-09-15 15:55:32 +0100 INF Collecting data for user sshd
2026-09-15 15:55:32 +0100 CMD grep -E "^HISTFILE=.*" "/run/sshd"/.zlogin "/run/sshd"/.zprofile "/run/sshd"/.zshenv "/run/sshd"/.zshrc /etc/zshenv /etc/zprofile /etc/zshrc /etc/zlogin | sed -e 's|.*HISTFILE=||' -e 's|^~/|/run/sshd/|' 2> grep: /run/sshd/.zlogin: No such file or directory/ngrep: /run/sshd/.zprofile: No such file or directory/ngrep: /run/sshd/.zshenv: No such file or directory/ngrep: /run/sshd/.zshrc: No such file or directory/ngrep: /etc/zshenv: No such file or directory/ngrep: /etc/zprofile: No such file or directory/ngrep: /etc/zshrc: No such file or directory/ngrep: /etc/zlogin: No such file or directory
2026-09-15 15:55:32 +0100 INF Collecting data for user sync
2026-09-15 15:55:32 +0100 CMD grep -E "^HISTFILE=.*" "/bin"/.zlogin "/bin"/.zprofile "/bin"/.zshenv "/bin"/.zshrc /etc/zshenv /etc/zprofile /etc/zshrc /etc/zlogin | sed -e 's|.*HISTFILE=||' -e 's|^~/|/bin/|' 2> grep: /bin/.zlogin: No such file or directory/ngrep: /bin/.zprofile: No such file or directory/ngrep: /bin/.zshenv: No such file or directory/ngrep: /bin/.zshrc: No such file or directory/ngrep: /etc/zshenv: No such file or directory/ngrep: /etc/zprofile: No such file or directory/ngrep: /etc/zshrc: No such file or directory/ngrep: /etc/zlogin: No such file or directory
2026-09-15 15:55:32 +0100 INF Collecting data for user sys
2026-09-15 15:55:32 +0100 CMD grep -E "^HISTFILE=.*" "/dev"/.zlogin "/dev"/.zprofile "/dev"/.zshenv "/dev"/.zshrc /etc/zshenv /etc/zprofile /etc/zshrc /etc/zlogin | sed -e 's|.*HISTFILE=||' -e 's|^~/|/dev/|' 2> grep: /dev/.zlogin: No such file or directory/ngrep: /dev/.zprofile: No such file or directory/ngrep: /dev/.zshenv: No such file or directory/ngrep: /dev/.zshrc: No such file or directory/ngrep: /etc/zshenv: No such file or directory/ngrep: /etc/zprofile: No such file or directory/ngrep: /etc/zshrc: No such file or directory/ngrep: /etc/zlogin: No such file or directory
2026-09-15 15:55:32 +0100 INF Collecting data for user systemd-network
2026-09-15 15:55:32 +0100 CMD grep -E "^HISTFILE=.*" "/"/.zlogin "/"/.zprofile "/"/.zshenv "/"/.zshrc /etc/zshenv /etc/zprofile /etc/zshrc /etc/zlogin | sed -e 's|.*HISTFILE=||' -e 's|^~/|//|' 2> grep: //.zlogin: No such file or directory/ngrep: //.zprofile: No such file or directory/ngrep: //.zshenv: No such file or directory/ngrep: //.zshrc: No such file or directory/ngrep: /etc/zshenv: No such file or directory/ngrep: /etc/zprofile: No such file or directory/ngrep: /etc/zshrc: No such file or directory/ngrep: /etc/zlogin: No such file or directory
2026-09-15 15:55:32 +0100 INF Collecting data for user systemd-timesync
2026-09-15 15:55:32 +0100 CMD grep -E "^HISTFILE=.*" "/"/.zlogin "/"/.zprofile "/"/.zshenv "/"/.zshrc /etc/zshenv /etc/zprofile /etc/zshrc /etc/zlogin | sed -e 's|.*HISTFILE=||' -e 's|^~/|//|' 2> grep: //.zlogin: No such file or directory/ngrep: //.zprofile: No such file or directory/ngrep: //.zshenv: No such file or directory/ngrep: //.zshrc: No such file or directory/ngrep: /etc/zshenv: No such file or directory/ngrep: /etc/zprofile: No such file or directory/ngrep: /etc/zshrc: No such file or directory/ngrep: /etc/zlogin: No such file or directory
2026-09-15 15:55:32 +0100 INF Collecting data for user uucp
2026-09-15 15:55:32 +0100 CMD grep -E "^HISTFILE=.*" "/var/spool/uucp"/.zlogin "/var/spool/uucp"/.zprofile "/var/spool/uucp"/.zshenv "/var/spool/uucp"/.zshrc /etc/zshenv /etc/zprofile /etc/zshrc /etc/zlogin | sed -e 's|.*HISTFILE=||' -e 's|^~/|/var/spool/uucp/|' 2> grep: /var/spool/uucp/.zlogin: No such file or directory/ngrep: /var/spool/uucp/.zprofile: No such file or directory/ngrep: /var/spool/uucp/.zshenv: No such file or directory/ngrep: /var/spool/uucp/.zshrc: No such file or directory/ngrep: /etc/zshenv: No such file or directory/ngrep: /etc/zprofile: No such file or directory/ngrep: /etc/zshrc: No such file or directory/ngrep: /etc/zlogin: No such file or directory
2026-09-15 15:55:32 +0100 INF Collecting data for user www-data
2026-09-15 15:55:33 +0100 CMD grep -E "^HISTFILE=.*" "/var/www"/.zlogin "/var/www"/.zprofile "/var/www"/.zshenv "/var/www"/.zshrc /etc/zshenv /etc/zprofile /etc/zshrc /etc/zlogin | sed -e 's|.*HISTFILE=||' -e 's|^~/|/var/www/|' 2> grep: /var/www/.zlogin: No such file or directory/ngrep: /var/www/.zprofile: No such file or directory/ngrep: /var/www/.zshenv: No such file or directory/ngrep: /var/www/.zshrc: No such file or directory/ngrep: /etc/zshenv: No such file or directory/ngrep: /etc/zprofile: No such file or directory/ngrep: /etc/zshrc: No such file or directory/ngrep: /etc/zlogin: No such file or directory
2026-09-15 15:55:33 +0100 ERR _find_based_collector: No such file or directory: '/root/uac_output/uac-data.tmp/tmp/files/shell/zsh_histfile.txt'
2026-09-15 15:55:33 +0100 INF Parsing files/shell/mksh.yaml
2026-09-15 15:55:33 +0100 INF Collecting data for user Tom
2026-09-15 15:55:33 +0100 CMD find "/home/Tom"/.mksh_history "/home/Tom"/.mksh_history.* \( -path "/sys" -o -path "/proc/sys/fs/binfmt_misc" -o -path "/root/uac-3.3.0" -o -path "/root/uac_output/uac-data.tmp" \) -prune -o -print 2> find: '/home/Tom/.mksh_history': No such file or directory/nfind: '/home/Tom/.mksh_history.*': No such file or directory
2026-09-15 15:55:33 +0100 INF Collecting data for user Tom
2026-09-15 15:55:33 +0100 CMD find "/root"/.mksh_history "/root"/.mksh_history.* \( -path "/sys" -o -path "/proc/sys/fs/binfmt_misc" -o -path "/root/uac-3.3.0" -o -path "/root/uac_output/uac-data.tmp" \) -prune -o -print 2> find: '/root/.mksh_history': No such file or directory/nfind: '/root/.mksh_history.*': No such file or directory
2026-09-15 15:55:33 +0100 INF Collecting data for user _apt
2026-09-15 15:55:33 +0100 CMD find "/nonexistent"/.mksh_history "/nonexistent"/.mksh_history.* \( -path "/sys" -o -path "/proc/sys/fs/binfmt_misc" -o -path "/root/uac-3.3.0" -o -path "/root/uac_output/uac-data.tmp" \) -prune -o -print 2> find: '/nonexistent/.mksh_history': No such file or directory/nfind: '/nonexistent/.mksh_history.*': No such file or directory
2026-09-15 15:55:33 +0100 INF Collecting data for user backup
2026-09-15 15:55:33 +0100 CMD find "/var/backups"/.mksh_history "/var/backups"/.mksh_history.* \( -path "/sys" -o -path "/proc/sys/fs/binfmt_misc" -o -path "/root/uac-3.3.0" -o -path "/root/uac_output/uac-data.tmp" \) -prune -o -print 2> find: '/var/backups/.mksh_history': No such file or directory/nfind: '/var/backups/.mksh_history.*': No such file or directory
2026-09-15 15:55:33 +0100 INF Collecting data for user bin
2026-09-15 15:55:33 +0100 CMD find "/bin"/.mksh_history "/bin"/.mksh_history.* \( -path "/sys" -o -path "/proc/sys/fs/binfmt_misc" -o -path "/root/uac-3.3.0" -o -path "/root/uac_output/uac-data.tmp" \) -prune -o -print 2> find: '/bin/.mksh_history': No such file or directory/nfind: '/bin/.mksh_history.*': No such file or directory
2026-09-15 15:55:33 +0100 INF Collecting data for user daemon
2026-09-15 15:55:33 +0100 CMD find "/usr/sbin"/.mksh_history "/usr/sbin"/.mksh_history.* \( -path "/sys" -o -path "/proc/sys/fs/binfmt_misc" -o -path "/root/uac-3.3.0" -o -path "/root/uac_output/uac-data.tmp" \) -prune -o -print 2> find: '/usr/sbin/.mksh_history': No such file or directory/nfind: '/usr/sbin/.mksh_history.*': No such file or directory
2026-09-15 15:55:33 +0100 INF Collecting data for user games
2026-09-15 15:55:33 +0100 CMD find "/usr/games"/.mksh_history "/usr/games"/.mksh_history.* \( -path "/sys" -o -path "/proc/sys/fs/binfmt_misc" -o -path "/root/uac-3.3.0" -o -path "/root/uac_output/uac-data.tmp" \) -prune -o -print 2> find: '/usr/games/.mksh_history': No such file or directory/nfind: '/usr/games/.mksh_history.*': No such file or directory
2026-09-15 15:55:33 +0100 INF Collecting data for user irc
2026-09-15 15:55:33 +0100 CMD find "/run/ircd"/.mksh_history "/run/ircd"/.mksh_history.* \( -path "/sys" -o -path "/proc/sys/fs/binfmt_misc" -o -path "/root/uac-3.3.0" -o -path "/root/uac_output/uac-data.tmp" \) -prune -o -print 2> find: '/run/ircd/.mksh_history': No such file or directory/nfind: '/run/ircd/.mksh_history.*': No such file or directory
2026-09-15 15:55:33 +0100 INF Collecting data for user list
2026-09-15 15:55:33 +0100 CMD find "/var/list"/.mksh_history "/var/list"/.mksh_history.* \( -path "/sys" -o -path "/proc/sys/fs/binfmt_misc" -o -path "/root/uac-3.3.0" -o -path "/root/uac_output/uac-data.tmp" \) -prune -o -print 2> find: '/var/list/.mksh_history': No such file or directory/nfind: '/var/list/.mksh_history.*': No such file or directory
2026-09-15 15:55:33 +0100 INF Collecting data for user lp
2026-09-15 15:55:33 +0100 CMD find "/var/spool/lpd"/.mksh_history "/var/spool/lpd"/.mksh_history.* \( -path "/sys" -o -path "/proc/sys/fs/binfmt_misc" -o -path "/root/uac-3.3.0" -o -path "/root/uac_output/uac-data.tmp" \) -prune -o -print 2> find: '/var/spool/lpd/.mksh_history': No such file or directory/nfind: '/var/spool/lpd/.mksh_history.*': No such file or directory
2026-09-15 15:55:33 +0100 INF Collecting data for user mail
2026-09-15 15:55:33 +0100 CMD find "/var/mail"/.mksh_history "/var/mail"/.mksh_history.* \( -path "/sys" -o -path "/proc/sys/fs/binfmt_misc" -o -path "/root/uac-3.3.0" -o -path "/root/uac_output/uac-data.tmp" \) -prune -o -print 2> find: '/var/mail/.mksh_history': No such file or directory/nfind: '/var/mail/.mksh_history.*': No such file or directory
2026-09-15 15:55:33 +0100 INF Collecting data for user man
2026-09-15 15:55:33 +0100 CMD find "/var/cache/man"/.mksh_history "/var/cache/man"/.mksh_history.* \( -path "/sys" -o -path "/proc/sys/fs/binfmt_misc" -o -path "/root/uac-3.3.0" -o -path "/root/uac_output/uac-data.tmp" \) -prune -o -print 2> find: '/var/cache/man/.mksh_history': No such file or directory/nfind: '/var/cache/man/.mksh_history.*': No such file or directory
2026-09-15 15:55:33 +0100 INF Collecting data for user messagebus
2026-09-15 15:55:33 +0100 INF Skipping as home directory "/nonexistent"/.mksh_history "/nonexistent"/.mksh_history.* has been collected already
2026-09-15 15:55:33 +0100 INF Collecting data for user news
2026-09-15 15:55:33 +0100 CMD find "/var/spool/news"/.mksh_history "/var/spool/news"/.mksh_history.* \( -path "/sys" -o -path "/proc/sys/fs/binfmt_misc" -o -path "/root/uac-3.3.0" -o -path "/root/uac_output/uac-data.tmp" \) -prune -o -print 2> find: '/var/spool/news/.mksh_history': No such file or directory/nfind: '/var/spool/news/.mksh_history.*': No such file or directory
2026-09-15 15:55:33 +0100 INF Collecting data for user nobody
2026-09-15 15:55:33 +0100 INF Skipping as home directory "/nonexistent"/.mksh_history "/nonexistent"/.mksh_history.* has been collected already
2026-09-15 15:55:33 +0100 INF Collecting data for user proxy
2026-09-15 15:55:33 +0100 INF Skipping as home directory "/bin"/.mksh_history "/bin"/.mksh_history.* has been collected already
2026-09-15 15:55:33 +0100 INF Collecting data for user root
2026-09-15 15:55:33 +0100 INF Skipping as home directory "/root"/.mksh_history "/root"/.mksh_history.* has been collected already
2026-09-15 15:55:33 +0100 INF Collecting data for user sshd
2026-09-15 15:55:33 +0100 CMD find "/run/sshd"/.mksh_history "/run/sshd"/.mksh_history.* \( -path "/sys" -o -path "/proc/sys/fs/binfmt_misc" -o -path "/root/uac-3.3.0" -o -path "/root/uac_output/uac-data.tmp" \) -prune -o -print 2> find: '/run/sshd/.mksh_history': No such file or directory/nfind: '/run/sshd/.mksh_history.*': No such file or directory
2026-09-15 15:55:33 +0100 INF Collecting data for user sync
2026-09-15 15:55:33 +0100 INF Skipping as home directory "/bin"/.mksh_history "/bin"/.mksh_history.* has been collected already
2026-09-15 15:55:33 +0100 INF Collecting data for user sys
2026-09-15 15:55:33 +0100 CMD find "/dev"/.mksh_history "/dev"/.mksh_history.* \( -path "/sys" -o -path "/proc/sys/fs/binfmt_misc" -o -path "/root/uac-3.3.0" -o -path "/root/uac_output/uac-data.tmp" \) -prune -o -print 2> find: '/dev/.mksh_history': No such file or directory/nfind: '/dev/.mksh_history.*': No such file or directory
2026-09-15 15:55:33 +0100 INF Collecting data for user systemd-network
2026-09-15 15:55:33 +0100 CMD find "/"/.mksh_history "/"/.mksh_history.* \( -path "/sys" -o -path "/proc/sys/fs/binfmt_misc" -o -path "/root/uac-3.3.0" -o -path "/root/uac_output/uac-data.tmp" \) -prune -o -print 2> find: '//.mksh_history': No such file or directory/nfind: '//.mksh_history.*': No such file or directory
2026-09-15 15:55:33 +0100 INF Collecting data for user systemd-timesync
2026-09-15 15:55:33 +0100 INF Skipping as home directory "/"/.mksh_history "/"/.mksh_history.* has been collected already
2026-09-15 15:55:33 +0100 INF Collecting data for user uucp
2026-09-15 15:55:33 +0100 CMD find "/var/spool/uucp"/.mksh_history "/var/spool/uucp"/.mksh_history.* \( -path "/sys" -o -path "/proc/sys/fs/binfmt_misc" -o -path "/root/uac-3.3.0" -o -path "/root/uac_output/uac-data.tmp" \) -prune -o -print 2> find: '/var/spool/uucp/.mksh_history': No such file or directory/nfind: '/var/spool/uucp/.mksh_history.*': No such file or directory
2026-09-15 15:55:33 +0100 INF Collecting data for user www-data
2026-09-15 15:55:33 +0100 CMD find "/var/www"/.mksh_history "/var/www"/.mksh_history.* \( -path "/sys" -o -path "/proc/sys/fs/binfmt_misc" -o -path "/root/uac-3.3.0" -o -path "/root/uac_output/uac-data.tmp" \) -prune -o -print 2> find: '/var/www/.mksh_history': No such file or directory/nfind: '/var/www/.mksh_history.*': No such file or directory
2026-09-15 15:55:33 +0100 INF Collecting data for user Tom
2026-09-15 15:55:33 +0100 CMD find "/home/Tom"/.profile \( -path "/sys" -o -path "/proc/sys/fs/binfmt_misc" -o -path "/root/uac-3.3.0" -o -path "/root/uac_output/uac-data.tmp" \) -prune -o -print
2026-09-15 15:55:33 +0100 INF Collecting data for user Tom
2026-09-15 15:55:33 +0100 CMD find "/root"/.profile \( -path "/sys" -o -path "/proc/sys/fs/binfmt_misc" -o -path "/root/uac-3.3.0" -o -path "/root/uac_output/uac-data.tmp" \) -prune -o -print
2026-09-15 15:55:33 +0100 INF Collecting data for user _apt
2026-09-15 15:55:33 +0100 CMD find "/nonexistent"/.profile \( -path "/sys" -o -path "/proc/sys/fs/binfmt_misc" -o -path "/root/uac-3.3.0" -o -path "/root/uac_output/uac-data.tmp" \) -prune -o -print 2> find: '/nonexistent/.profile': No such file or directory
2026-09-15 15:55:33 +0100 INF Collecting data for user backup
2026-09-15 15:55:33 +0100 CMD find "/var/backups"/.profile \( -path "/sys" -o -path "/proc/sys/fs/binfmt_misc" -o -path "/root/uac-3.3.0" -o -path "/root/uac_output/uac-data.tmp" \) -prune -o -print 2> find: '/var/backups/.profile': No such file or directory
2026-09-15 15:55:33 +0100 INF Collecting data for user bin
2026-09-15 15:55:34 +0100 CMD find "/bin"/.profile \( -path "/sys" -o -path "/proc/sys/fs/binfmt_misc" -o -path "/root/uac-3.3.0" -o -path "/root/uac_output/uac-data.tmp" \) -prune -o -print 2> find: '/bin/.profile': No such file or directory
2026-09-15 15:55:34 +0100 INF Collecting data for user daemon
2026-09-15 15:55:34 +0100 CMD find "/usr/sbin"/.profile \( -path "/sys" -o -path "/proc/sys/fs/binfmt_misc" -o -path "/root/uac-3.3.0" -o -path "/root/uac_output/uac-data.tmp" \) -prune -o -print 2> find: '/usr/sbin/.profile': No such file or directory
2026-09-15 15:55:34 +0100 INF Collecting data for user games
2026-09-15 15:55:34 +0100 CMD find "/usr/games"/.profile \( -path "/sys" -o -path "/proc/sys/fs/binfmt_misc" -o -path "/root/uac-3.3.0" -o -path "/root/uac_output/uac-data.tmp" \) -prune -o -print 2> find: '/usr/games/.profile': No such file or directory
2026-09-15 15:55:34 +0100 INF Collecting data for user irc
2026-09-15 15:55:34 +0100 CMD find "/run/ircd"/.profile \( -path "/sys" -o -path "/proc/sys/fs/binfmt_misc" -o -path "/root/uac-3.3.0" -o -path "/root/uac_output/uac-data.tmp" \) -prune -o -print 2> find: '/run/ircd/.profile': No such file or directory
2026-09-15 15:55:34 +0100 INF Collecting data for user list
2026-09-15 15:55:34 +0100 CMD find "/var/list"/.profile \( -path "/sys" -o -path "/proc/sys/fs/binfmt_misc" -o -path "/root/uac-3.3.0" -o -path "/root/uac_output/uac-data.tmp" \) -prune -o -print 2> find: '/var/list/.profile': No such file or directory
2026-09-15 15:55:34 +0100 INF Collecting data for user lp
2026-09-15 15:55:34 +0100 CMD find "/var/spool/lpd"/.profile \( -path "/sys" -o -path "/proc/sys/fs/binfmt_misc" -o -path "/root/uac-3.3.0" -o -path "/root/uac_output/uac-data.tmp" \) -prune -o -print 2> find: '/var/spool/lpd/.profile': No such file or directory
2026-09-15 15:55:34 +0100 INF Collecting data for user mail
2026-09-15 15:55:34 +0100 CMD find "/var/mail"/.profile \( -path "/sys" -o -path "/proc/sys/fs/binfmt_misc" -o -path "/root/uac-3.3.0" -o -path "/root/uac_output/uac-data.tmp" \) -prune -o -print 2> find: '/var/mail/.profile': No such file or directory
2026-09-15 15:55:34 +0100 INF Collecting data for user man
2026-09-15 15:55:34 +0100 CMD find "/var/cache/man"/.profile \( -path "/sys" -o -path "/proc/sys/fs/binfmt_misc" -o -path "/root/uac-3.3.0" -o -path "/root/uac_output/uac-data.tmp" \) -prune -o -print 2> find: '/var/cache/man/.profile': No such file or directory
2026-09-15 15:55:34 +0100 INF Collecting data for user messagebus
2026-09-15 15:55:34 +0100 INF Skipping as home directory "/nonexistent"/.profile has been collected already
2026-09-15 15:55:34 +0100 INF Collecting data for user news
2026-09-15 15:55:34 +0100 CMD find "/var/spool/news"/.profile \( -path "/sys" -o -path "/proc/sys/fs/binfmt_misc" -o -path "/root/uac-3.3.0" -o -path "/root/uac_output/uac-data.tmp" \) -prune -o -print 2> find: '/var/spool/news/.profile': No such file or directory
2026-09-15 15:55:34 +0100 INF Collecting data for user nobody
2026-09-15 15:55:34 +0100 INF Skipping as home directory "/nonexistent"/.profile has been collected already
2026-09-15 15:55:34 +0100 INF Collecting data for user proxy
2026-09-15 15:55:34 +0100 INF Skipping as home directory "/bin"/.profile has been collected already
2026-09-15 15:55:34 +0100 INF Collecting data for user root
2026-09-15 15:55:34 +0100 INF Skipping as home directory "/root"/.profile has been collected already
2026-09-15 15:55:34 +0100 INF Collecting data for user sshd
2026-09-15 15:55:34 +0100 CMD find "/run/sshd"/.profile \( -path "/sys" -o -path "/proc/sys/fs/binfmt_misc" -o -path "/root/uac-3.3.0" -o -path "/root/uac_output/uac-data.tmp" \) -prune -o -print 2> find: '/run/sshd/.profile': No such file or directory
2026-09-15 15:55:34 +0100 INF Collecting data for user sync
2026-09-15 15:55:34 +0100 INF Skipping as home directory "/bin"/.profile has been collected already
2026-09-15 15:55:34 +0100 INF Collecting data for user sys
2026-09-15 15:55:34 +0100 CMD find "/dev"/.profile \( -path "/sys" -o -path "/proc/sys/fs/binfmt_misc" -o -path "/root/uac-3.3.0" -o -path "/root/uac_output/uac-data.tmp" \) -prune -o -print 2> find: '/dev/.profile': No such file or directory
2026-09-15 15:55:34 +0100 INF Collecting data for user systemd-network
2026-09-15 15:55:34 +0100 CMD find "/"/.profile \( -path "/sys" -o -path "/proc/sys/fs/binfmt_misc" -o -path "/root/uac-3.3.0" -o -path "/root/uac_output/uac-data.tmp" \) -prune -o -print 2> find: '//.profile': No such file or directory
2026-09-15 15:55:34 +0100 INF Collecting data for user systemd-timesync
2026-09-15 15:55:34 +0100 INF Skipping as home directory "/"/.profile has been collected already
2026-09-15 15:55:34 +0100 INF Collecting data for user uucp
2026-09-15 15:55:34 +0100 CMD find "/var/spool/uucp"/.profile \( -path "/sys" -o -path "/proc/sys/fs/binfmt_misc" -o -path "/root/uac-3.3.0" -o -path "/root/uac_output/uac-data.tmp" \) -prune -o -print 2> find: '/var/spool/uucp/.profile': No such file or directory
2026-09-15 15:55:34 +0100 INF Collecting data for user www-data
2026-09-15 15:55:34 +0100 CMD find "/var/www"/.profile \( -path "/sys" -o -path "/proc/sys/fs/binfmt_misc" -o -path "/root/uac-3.3.0" -o -path "/root/uac_output/uac-data.tmp" \) -prune -o -print 2> find: '/var/www/.profile': No such file or directory
2026-09-15 15:55:34 +0100 INF Collecting data for user Tom
2026-09-15 15:55:34 +0100 CMD grep -E "^HISTFILE=.*" "/home/Tom"/.profile | sed -e 's|.*HISTFILE=||' -e 's|^~/|/home/Tom/|'
2026-09-15 15:55:34 +0100 INF Collecting data for user Tom
2026-09-15 15:55:34 +0100 CMD grep -E "^HISTFILE=.*" "/root"/.profile | sed -e 's|.*HISTFILE=||' -e 's|^~/|/root/|'
2026-09-15 15:55:34 +0100 INF Collecting data for user _apt
2026-09-15 15:55:34 +0100 CMD grep -E "^HISTFILE=.*" "/nonexistent"/.profile | sed -e 's|.*HISTFILE=||' -e 's|^~/|/nonexistent/|' 2> grep: /nonexistent/.profile: No such file or directory
2026-09-15 15:55:34 +0100 INF Collecting data for user backup
2026-09-15 15:55:34 +0100 CMD grep -E "^HISTFILE=.*" "/var/backups"/.profile | sed -e 's|.*HISTFILE=||' -e 's|^~/|/var/backups/|' 2> grep: /var/backups/.profile: No such file or directory
2026-09-15 15:55:34 +0100 INF Collecting data for user bin
2026-09-15 15:55:34 +0100 CMD grep -E "^HISTFILE=.*" "/bin"/.profile | sed -e 's|.*HISTFILE=||' -e 's|^~/|/bin/|' 2> grep: /bin/.profile: No such file or directory
2026-09-15 15:55:34 +0100 INF Collecting data for user daemon
2026-09-15 15:55:34 +0100 CMD grep -E "^HISTFILE=.*" "/usr/sbin"/.profile | sed -e 's|.*HISTFILE=||' -e 's|^~/|/usr/sbin/|' 2> grep: /usr/sbin/.profile: No such file or directory
2026-09-15 15:55:34 +0100 INF Collecting data for user games
2026-09-15 15:55:34 +0100 CMD grep -E "^HISTFILE=.*" "/usr/games"/.profile | sed -e 's|.*HISTFILE=||' -e 's|^~/|/usr/games/|' 2> grep: /usr/games/.profile: No such file or directory
2026-09-15 15:55:34 +0100 INF Collecting data for user irc
2026-09-15 15:55:34 +0100 CMD grep -E "^HISTFILE=.*" "/run/ircd"/.profile | sed -e 's|.*HISTFILE=||' -e 's|^~/|/run/ircd/|' 2> grep: /run/ircd/.profile: No such file or directory
2026-09-15 15:55:34 +0100 INF Collecting data for user list
2026-09-15 15:55:34 +0100 CMD grep -E "^HISTFILE=.*" "/var/list"/.profile | sed -e 's|.*HISTFILE=||' -e 's|^~/|/var/list/|' 2> grep: /var/list/.profile: No such file or directory
2026-09-15 15:55:34 +0100 INF Collecting data for user lp
2026-09-15 15:55:34 +0100 CMD grep -E "^HISTFILE=.*" "/var/spool/lpd"/.profile | sed -e 's|.*HISTFILE=||' -e 's|^~/|/var/spool/lpd/|' 2> grep: /var/spool/lpd/.profile: No such file or directory
2026-09-15 15:55:34 +0100 INF Collecting data for user mail
2026-09-15 15:55:34 +0100 CMD grep -E "^HISTFILE=.*" "/var/mail"/.profile | sed -e 's|.*HISTFILE=||' -e 's|^~/|/var/mail/|' 2> grep: /var/mail/.profile: No such file or directory
2026-09-15 15:55:34 +0100 INF Collecting data for user man
2026-09-15 15:55:34 +0100 CMD grep -E "^HISTFILE=.*" "/var/cache/man"/.profile | sed -e 's|.*HISTFILE=||' -e 's|^~/|/var/cache/man/|' 2> grep: /var/cache/man/.profile: No such file or directory
2026-09-15 15:55:34 +0100 INF Collecting data for user messagebus
2026-09-15 15:55:35 +0100 CMD grep -E "^HISTFILE=.*" "/nonexistent"/.profile | sed -e 's|.*HISTFILE=||' -e 's|^~/|/nonexistent/|' 2> grep: /nonexistent/.profile: No such file or directory
2026-09-15 15:55:35 +0100 INF Collecting data for user news
2026-09-15 15:55:35 +0100 CMD grep -E "^HISTFILE=.*" "/var/spool/news"/.profile | sed -e 's|.*HISTFILE=||' -e 's|^~/|/var/spool/news/|' 2> grep: /var/spool/news/.profile: No such file or directory
2026-09-15 15:55:35 +0100 INF Collecting data for user nobody
2026-09-15 15:55:35 +0100 CMD grep -E "^HISTFILE=.*" "/nonexistent"/.profile | sed -e 's|.*HISTFILE=||' -e 's|^~/|/nonexistent/|' 2> grep: /nonexistent/.profile: No such file or directory
2026-09-15 15:55:35 +0100 INF Collecting data for user proxy
2026-09-15 15:55:35 +0100 CMD grep -E "^HISTFILE=.*" "/bin"/.profile | sed -e 's|.*HISTFILE=||' -e 's|^~/|/bin/|' 2> grep: /bin/.profile: No such file or directory
2026-09-15 15:55:35 +0100 INF Collecting data for user root
2026-09-15 15:55:35 +0100 CMD grep -E "^HISTFILE=.*" "/root"/.profile | sed -e 's|.*HISTFILE=||' -e 's|^~/|/root/|'
2026-09-15 15:55:35 +0100 INF Collecting data for user sshd
2026-09-15 15:55:35 +0100 CMD grep -E "^HISTFILE=.*" "/run/sshd"/.profile | sed -e 's|.*HISTFILE=||' -e 's|^~/|/run/sshd/|' 2> grep: /run/sshd/.profile: No such file or directory
2026-09-15 15:55:35 +0100 INF Collecting data for user sync
2026-09-15 15:55:35 +0100 CMD grep -E "^HISTFILE=.*" "/bin"/.profile | sed -e 's|.*HISTFILE=||' -e 's|^~/|/bin/|' 2> grep: /bin/.profile: No such file or directory
2026-09-15 15:55:35 +0100 INF Collecting data for user sys
2026-09-15 15:55:35 +0100 CMD grep -E "^HISTFILE=.*" "/dev"/.profile | sed -e 's|.*HISTFILE=||' -e 's|^~/|/dev/|' 2> grep: /dev/.profile: No such file or directory
2026-09-15 15:55:35 +0100 INF Collecting data for user systemd-network
2026-09-15 15:55:35 +0100 CMD grep -E "^HISTFILE=.*" "/"/.profile | sed -e 's|.*HISTFILE=||' -e 's|^~/|//|' 2> grep: //.profile: No such file or directory
2026-09-15 15:55:35 +0100 INF Collecting data for user systemd-timesync
2026-09-15 15:55:35 +0100 CMD grep -E "^HISTFILE=.*" "/"/.profile | sed -e 's|.*HISTFILE=||' -e 's|^~/|//|' 2> grep: //.profile: No such file or directory
2026-09-15 15:55:35 +0100 INF Collecting data for user uucp
2026-09-15 15:55:35 +0100 CMD grep -E "^HISTFILE=.*" "/var/spool/uucp"/.profile | sed -e 's|.*HISTFILE=||' -e 's|^~/|/var/spool/uucp/|' 2> grep: /var/spool/uucp/.profile: No such file or directory
2026-09-15 15:55:35 +0100 INF Collecting data for user www-data
2026-09-15 15:55:35 +0100 CMD grep -E "^HISTFILE=.*" "/var/www"/.profile | sed -e 's|.*HISTFILE=||' -e 's|^~/|/var/www/|' 2> grep: /var/www/.profile: No such file or directory
2026-09-15 15:55:35 +0100 ERR _find_based_collector: No such file or directory: '/root/uac_output/uac-data.tmp/tmp/files/shell/mksh_histfile.txt'
2026-09-15 15:55:35 +0100 INF Parsing files/shell/dash.yaml
2026-09-15 15:55:35 +0100 INF Collecting data for user Tom
2026-09-15 15:55:35 +0100 CMD find "/home/Tom"/.dash_history \( -path "/sys" -o -path "/proc/sys/fs/binfmt_misc" -o -path "/root/uac-3.3.0" -o -path "/root/uac_output/uac-data.tmp" \) -prune -o -print 2> find: '/home/Tom/.dash_history': No such file or directory
2026-09-15 15:55:35 +0100 INF Collecting data for user Tom
2026-09-15 15:55:35 +0100 CMD find "/root"/.dash_history \( -path "/sys" -o -path "/proc/sys/fs/binfmt_misc" -o -path "/root/uac-3.3.0" -o -path "/root/uac_output/uac-data.tmp" \) -prune -o -print 2> find: '/root/.dash_history': No such file or directory
2026-09-15 15:55:35 +0100 INF Collecting data for user _apt
2026-09-15 15:55:35 +0100 CMD find "/nonexistent"/.dash_history \( -path "/sys" -o -path "/proc/sys/fs/binfmt_misc" -o -path "/root/uac-3.3.0" -o -path "/root/uac_output/uac-data.tmp" \) -prune -o -print 2> find: '/nonexistent/.dash_history': No such file or directory
2026-09-15 15:55:35 +0100 INF Collecting data for user backup
2026-09-15 15:55:35 +0100 CMD find "/var/backups"/.dash_history \( -path "/sys" -o -path "/proc/sys/fs/binfmt_misc" -o -path "/root/uac-3.3.0" -o -path "/root/uac_output/uac-data.tmp" \) -prune -o -print 2> find: '/var/backups/.dash_history': No such file or directory
2026-09-15 15:55:35 +0100 INF Collecting data for user bin
2026-09-15 15:55:35 +0100 CMD find "/bin"/.dash_history \( -path "/sys" -o -path "/proc/sys/fs/binfmt_misc" -o -path "/root/uac-3.3.0" -o -path "/root/uac_output/uac-data.tmp" \) -prune -o -print 2> find: '/bin/.dash_history': No such file or directory
2026-09-15 15:55:35 +0100 INF Collecting data for user daemon
2026-09-15 15:55:35 +0100 CMD find "/usr/sbin"/.dash_history \( -path "/sys" -o -path "/proc/sys/fs/binfmt_misc" -o -path "/root/uac-3.3.0" -o -path "/root/uac_output/uac-data.tmp" \) -prune -o -print 2> find: '/usr/sbin/.dash_history': No such file or directory
2026-09-15 15:55:35 +0100 INF Collecting data for user games
2026-09-15 15:55:35 +0100 CMD find "/usr/games"/.dash_history \( -path "/sys" -o -path "/proc/sys/fs/binfmt_misc" -o -path "/root/uac-3.3.0" -o -path "/root/uac_output/uac-data.tmp" \) -prune -o -print 2> find: '/usr/games/.dash_history': No such file or directory
2026-09-15 15:55:35 +0100 INF Collecting data for user irc
2026-09-15 15:55:35 +0100 CMD find "/run/ircd"/.dash_history \( -path "/sys" -o -path "/proc/sys/fs/binfmt_misc" -o -path "/root/uac-3.3.0" -o -path "/root/uac_output/uac-data.tmp" \) -prune -o -print 2> find: '/run/ircd/.dash_history': No such file or directory
2026-09-15 15:55:35 +0100 INF Collecting data for user list
2026-09-15 15:55:35 +0100 CMD find "/var/list"/.dash_history \( -path "/sys" -o -path "/proc/sys/fs/binfmt_misc" -o -path "/root/uac-3.3.0" -o -path "/root/uac_output/uac-data.tmp" \) -prune -o -print 2> find: '/var/list/.dash_history': No such file or directory
2026-09-15 15:55:35 +0100 INF Collecting data for user lp
2026-09-15 15:55:35 +0100 CMD find "/var/spool/lpd"/.dash_history \( -path "/sys" -o -path "/proc/sys/fs/binfmt_misc" -o -path "/root/uac-3.3.0" -o -path "/root/uac_output/uac-data.tmp" \) -prune -o -print 2> find: '/var/spool/lpd/.dash_history': No such file or directory
2026-09-15 15:55:35 +0100 INF Collecting data for user mail
2026-09-15 15:55:35 +0100 CMD find "/var/mail"/.dash_history \( -path "/sys" -o -path "/proc/sys/fs/binfmt_misc" -o -path "/root/uac-3.3.0" -o -path "/root/uac_output/uac-data.tmp" \) -prune -o -print 2> find: '/var/mail/.dash_history': No such file or directory
2026-09-15 15:55:35 +0100 INF Collecting data for user man
2026-09-15 15:55:35 +0100 CMD find "/var/cache/man"/.dash_history \( -path "/sys" -o -path "/proc/sys/fs/binfmt_misc" -o -path "/root/uac-3.3.0" -o -path "/root/uac_output/uac-data.tmp" \) -prune -o -print 2> find: '/var/cache/man/.dash_history': No such file or directory
2026-09-15 15:55:35 +0100 INF Collecting data for user messagebus
2026-09-15 15:55:35 +0100 INF Skipping as home directory "/nonexistent"/.dash_history has been collected already
2026-09-15 15:55:35 +0100 INF Collecting data for user news
2026-09-15 15:55:35 +0100 CMD find "/var/spool/news"/.dash_history \( -path "/sys" -o -path "/proc/sys/fs/binfmt_misc" -o -path "/root/uac-3.3.0" -o -path "/root/uac_output/uac-data.tmp" \) -prune -o -print 2> find: '/var/spool/news/.dash_history': No such file or directory
2026-09-15 15:55:35 +0100 INF Collecting data for user nobody
2026-09-15 15:55:35 +0100 INF Skipping as home directory "/nonexistent"/.dash_history has been collected already
2026-09-15 15:55:35 +0100 INF Collecting data for user proxy
2026-09-15 15:55:35 +0100 INF Skipping as home directory "/bin"/.dash_history has been collected already
2026-09-15 15:55:35 +0100 INF Collecting data for user root
2026-09-15 15:55:35 +0100 INF Skipping as home directory "/root"/.dash_history has been collected already
2026-09-15 15:55:35 +0100 INF Collecting data for user sshd
2026-09-15 15:55:36 +0100 CMD find "/run/sshd"/.dash_history \( -path "/sys" -o -path "/proc/sys/fs/binfmt_misc" -o -path "/root/uac-3.3.0" -o -path "/root/uac_output/uac-data.tmp" \) -prune -o -print 2> find: '/run/sshd/.dash_history': No such file or directory
2026-09-15 15:55:36 +0100 INF Collecting data for user sync
2026-09-15 15:55:36 +0100 INF Skipping as home directory "/bin"/.dash_history has been collected already
2026-09-15 15:55:36 +0100 INF Collecting data for user sys
2026-09-15 15:55:36 +0100 CMD find "/dev"/.dash_history \( -path "/sys" -o -path "/proc/sys/fs/binfmt_misc" -o -path "/root/uac-3.3.0" -o -path "/root/uac_output/uac-data.tmp" \) -prune -o -print 2> find: '/dev/.dash_history': No such file or directory
2026-09-15 15:55:36 +0100 INF Collecting data for user systemd-network
2026-09-15 15:55:36 +0100 CMD find "/"/.dash_history \( -path "/sys" -o -path "/proc/sys/fs/binfmt_misc" -o -path "/root/uac-3.3.0" -o -path "/root/uac_output/uac-data.tmp" \) -prune -o -print 2> find: '//.dash_history': No such file or directory
2026-09-15 15:55:36 +0100 INF Collecting data for user systemd-timesync
2026-09-15 15:55:36 +0100 INF Skipping as home directory "/"/.dash_history has been collected already
2026-09-15 15:55:36 +0100 INF Collecting data for user uucp
2026-09-15 15:55:36 +0100 CMD find "/var/spool/uucp"/.dash_history \( -path "/sys" -o -path "/proc/sys/fs/binfmt_misc" -o -path "/root/uac-3.3.0" -o -path "/root/uac_output/uac-data.tmp" \) -prune -o -print 2> find: '/var/spool/uucp/.dash_history': No such file or directory
2026-09-15 15:55:36 +0100 INF Collecting data for user www-data
2026-09-15 15:55:36 +0100 CMD find "/var/www"/.dash_history \( -path "/sys" -o -path "/proc/sys/fs/binfmt_misc" -o -path "/root/uac-3.3.0" -o -path "/root/uac_output/uac-data.tmp" \) -prune -o -print 2> find: '/var/www/.dash_history': No such file or directory
2026-09-15 15:55:36 +0100 INF Collecting data for user Tom
2026-09-15 15:55:36 +0100 CMD find "/home/Tom"/.profile \( -path "/sys" -o -path "/proc/sys/fs/binfmt_misc" -o -path "/root/uac-3.3.0" -o -path "/root/uac_output/uac-data.tmp" \) -prune -o -print
2026-09-15 15:55:36 +0100 INF Collecting data for user Tom
2026-09-15 15:55:36 +0100 CMD find "/root"/.profile \( -path "/sys" -o -path "/proc/sys/fs/binfmt_misc" -o -path "/root/uac-3.3.0" -o -path "/root/uac_output/uac-data.tmp" \) -prune -o -print
2026-09-15 15:55:36 +0100 INF Collecting data for user _apt
2026-09-15 15:55:36 +0100 CMD find "/nonexistent"/.profile \( -path "/sys" -o -path "/proc/sys/fs/binfmt_misc" -o -path "/root/uac-3.3.0" -o -path "/root/uac_output/uac-data.tmp" \) -prune -o -print 2> find: '/nonexistent/.profile': No such file or directory
2026-09-15 15:55:36 +0100 INF Collecting data for user backup
2026-09-15 15:55:36 +0100 CMD find "/var/backups"/.profile \( -path "/sys" -o -path "/proc/sys/fs/binfmt_misc" -o -path "/root/uac-3.3.0" -o -path "/root/uac_output/uac-data.tmp" \) -prune -o -print 2> find: '/var/backups/.profile': No such file or directory
2026-09-15 15:55:36 +0100 INF Collecting data for user bin
2026-09-15 15:55:36 +0100 CMD find "/bin"/.profile \( -path "/sys" -o -path "/proc/sys/fs/binfmt_misc" -o -path "/root/uac-3.3.0" -o -path "/root/uac_output/uac-data.tmp" \) -prune -o -print 2> find: '/bin/.profile': No such file or directory
2026-09-15 15:55:36 +0100 INF Collecting data for user daemon
2026-09-15 15:55:36 +0100 CMD find "/usr/sbin"/.profile \( -path "/sys" -o -path "/proc/sys/fs/binfmt_misc" -o -path "/root/uac-3.3.0" -o -path "/root/uac_output/uac-data.tmp" \) -prune -o -print 2> find: '/usr/sbin/.profile': No such file or directory
2026-09-15 15:55:36 +0100 INF Collecting data for user games
2026-09-15 15:55:36 +0100 CMD find "/usr/games"/.profile \( -path "/sys" -o -path "/proc/sys/fs/binfmt_misc" -o -path "/root/uac-3.3.0" -o -path "/root/uac_output/uac-data.tmp" \) -prune -o -print 2> find: '/usr/games/.profile': No such file or directory
2026-09-15 15:55:36 +0100 INF Collecting data for user irc
2026-09-15 15:55:36 +0100 CMD find "/run/ircd"/.profile \( -path "/sys" -o -path "/proc/sys/fs/binfmt_misc" -o -path "/root/uac-3.3.0" -o -path "/root/uac_output/uac-data.tmp" \) -prune -o -print 2> find: '/run/ircd/.profile': No such file or directory
2026-09-15 15:55:36 +0100 INF Collecting data for user list
2026-09-15 15:55:36 +0100 CMD find "/var/list"/.profile \( -path "/sys" -o -path "/proc/sys/fs/binfmt_misc" -o -path "/root/uac-3.3.0" -o -path "/root/uac_output/uac-data.tmp" \) -prune -o -print 2> find: '/var/list/.profile': No such file or directory
2026-09-15 15:55:36 +0100 INF Collecting data for user lp
2026-09-15 15:55:36 +0100 CMD find "/var/spool/lpd"/.profile \( -path "/sys" -o -path "/proc/sys/fs/binfmt_misc" -o -path "/root/uac-3.3.0" -o -path "/root/uac_output/uac-data.tmp" \) -prune -o -print 2> find: '/var/spool/lpd/.profile': No such file or directory
2026-09-15 15:55:36 +0100 INF Collecting data for user mail
2026-09-15 15:55:36 +0100 CMD find "/var/mail"/.profile \( -path "/sys" -o -path "/proc/sys/fs/binfmt_misc" -o -path "/root/uac-3.3.0" -o -path "/root/uac_output/uac-data.tmp" \) -prune -o -print 2> find: '/var/mail/.profile': No such file or directory
2026-09-15 15:55:36 +0100 INF Collecting data for user man
2026-09-15 15:55:36 +0100 CMD find "/var/cache/man"/.profile \( -path "/sys" -o -path "/proc/sys/fs/binfmt_misc" -o -path "/root/uac-3.3.0" -o -path "/root/uac_output/uac-data.tmp" \) -prune -o -print 2> find: '/var/cache/man/.profile': No such file or directory
2026-09-15 15:55:36 +0100 INF Collecting data for user messagebus
2026-09-15 15:55:36 +0100 INF Skipping as home directory "/nonexistent"/.profile has been collected already
2026-09-15 15:55:36 +0100 INF Collecting data for user news
2026-09-15 15:55:36 +0100 CMD find "/var/spool/news"/.profile \( -path "/sys" -o -path "/proc/sys/fs/binfmt_misc" -o -path "/root/uac-3.3.0" -o -path "/root/uac_output/uac-data.tmp" \) -prune -o -print 2> find: '/var/spool/news/.profile': No such file or directory
2026-09-15 15:55:36 +0100 INF Collecting data for user nobody
2026-09-15 15:55:36 +0100 INF Skipping as home directory "/nonexistent"/.profile has been collected already
2026-09-15 15:55:36 +0100 INF Collecting data for user proxy
2026-09-15 15:55:36 +0100 INF Skipping as home directory "/bin"/.profile has been collected already
2026-09-15 15:55:36 +0100 INF Collecting data for user root
2026-09-15 15:55:36 +0100 INF Skipping as home directory "/root"/.profile has been collected already
2026-09-15 15:55:36 +0100 INF Collecting data for user sshd
2026-09-15 15:55:36 +0100 CMD find "/run/sshd"/.profile \( -path "/sys" -o -path "/proc/sys/fs/binfmt_misc" -o -path "/root/uac-3.3.0" -o -path "/root/uac_output/uac-data.tmp" \) -prune -o -print 2> find: '/run/sshd/.profile': No such file or directory
2026-09-15 15:55:36 +0100 INF Collecting data for user sync
2026-09-15 15:55:36 +0100 INF Skipping as home directory "/bin"/.profile has been collected already
2026-09-15 15:55:36 +0100 INF Collecting data for user sys
2026-09-15 15:55:36 +0100 CMD find "/dev"/.profile \( -path "/sys" -o -path "/proc/sys/fs/binfmt_misc" -o -path "/root/uac-3.3.0" -o -path "/root/uac_output/uac-data.tmp" \) -prune -o -print 2> find: '/dev/.profile': No such file or directory
2026-09-15 15:55:36 +0100 INF Collecting data for user systemd-network
2026-09-15 15:55:36 +0100 CMD find "/"/.profile \( -path "/sys" -o -path "/proc/sys/fs/binfmt_misc" -o -path "/root/uac-3.3.0" -o -path "/root/uac_output/uac-data.tmp" \) -prune -o -print 2> find: '//.profile': No such file or directory
2026-09-15 15:55:36 +0100 INF Collecting data for user systemd-timesync
2026-09-15 15:55:36 +0100 INF Skipping as home directory "/"/.profile has been collected already
2026-09-15 15:55:36 +0100 INF Collecting data for user uucp
2026-09-15 15:55:36 +0100 CMD find "/var/spool/uucp"/.profile \( -path "/sys" -o -path "/proc/sys/fs/binfmt_misc" -o -path "/root/uac-3.3.0" -o -path "/root/uac_output/uac-data.tmp" \) -prune -o -print 2> find: '/var/spool/uucp/.profile': No such file or directory
2026-09-15 15:55:36 +0100 INF Collecting data for user www-data
2026-09-15 15:55:36 +0100 CMD find "/var/www"/.profile \( -path "/sys" -o -path "/proc/sys/fs/binfmt_misc" -o -path "/root/uac-3.3.0" -o -path "/root/uac_output/uac-data.tmp" \) -prune -o -print 2> find: '/var/www/.profile': No such file or directory
2026-09-15 15:55:36 +0100 INF Collecting data for user Tom
2026-09-15 15:55:37 +0100 CMD grep -E "HISTFILE=.*" "/home/Tom"/.profile | sed -e 's|.*HISTFILE=||' -e 's|^~/|/home/Tom/|'
2026-09-15 15:55:37 +0100 INF Collecting data for user Tom
2026-09-15 15:55:37 +0100 CMD grep -E "HISTFILE=.*" "/root"/.profile | sed -e 's|.*HISTFILE=||' -e 's|^~/|/root/|'
2026-09-15 15:55:37 +0100 INF Collecting data for user _apt
2026-09-15 15:55:37 +0100 CMD grep -E "HISTFILE=.*" "/nonexistent"/.profile | sed -e 's|.*HISTFILE=||' -e 's|^~/|/nonexistent/|' 2> grep: /nonexistent/.profile: No such file or directory
2026-09-15 15:55:37 +0100 INF Collecting data for user backup
2026-09-15 15:55:37 +0100 CMD grep -E "HISTFILE=.*" "/var/backups"/.profile | sed -e 's|.*HISTFILE=||' -e 's|^~/|/var/backups/|' 2> grep: /var/backups/.profile: No such file or directory
2026-09-15 15:55:37 +0100 INF Collecting data for user bin
2026-09-15 15:55:37 +0100 CMD grep -E "HISTFILE=.*" "/bin"/.profile | sed -e 's|.*HISTFILE=||' -e 's|^~/|/bin/|' 2> grep: /bin/.profile: No such file or directory
2026-09-15 15:55:37 +0100 INF Collecting data for user daemon
2026-09-15 15:55:37 +0100 CMD grep -E "HISTFILE=.*" "/usr/sbin"/.profile | sed -e 's|.*HISTFILE=||' -e 's|^~/|/usr/sbin/|' 2> grep: /usr/sbin/.profile: No such file or directory
2026-09-15 15:55:37 +0100 INF Collecting data for user games
2026-09-15 15:55:37 +0100 CMD grep -E "HISTFILE=.*" "/usr/games"/.profile | sed -e 's|.*HISTFILE=||' -e 's|^~/|/usr/games/|' 2> grep: /usr/games/.profile: No such file or directory
2026-09-15 15:55:37 +0100 INF Collecting data for user irc
2026-09-15 15:55:37 +0100 CMD grep -E "HISTFILE=.*" "/run/ircd"/.profile | sed -e 's|.*HISTFILE=||' -e 's|^~/|/run/ircd/|' 2> grep: /run/ircd/.profile: No such file or directory
2026-09-15 15:55:37 +0100 INF Collecting data for user list
2026-09-15 15:55:37 +0100 CMD grep -E "HISTFILE=.*" "/var/list"/.profile | sed -e 's|.*HISTFILE=||' -e 's|^~/|/var/list/|' 2> grep: /var/list/.profile: No such file or directory
2026-09-15 15:55:37 +0100 INF Collecting data for user lp
2026-09-15 15:55:37 +0100 CMD grep -E "HISTFILE=.*" "/var/spool/lpd"/.profile | sed -e 's|.*HISTFILE=||' -e 's|^~/|/var/spool/lpd/|' 2> grep: /var/spool/lpd/.profile: No such file or directory
2026-09-15 15:55:37 +0100 INF Collecting data for user mail
2026-09-15 15:55:37 +0100 CMD grep -E "HISTFILE=.*" "/var/mail"/.profile | sed -e 's|.*HISTFILE=||' -e 's|^~/|/var/mail/|' 2> grep: /var/mail/.profile: No such file or directory
2026-09-15 15:55:37 +0100 INF Collecting data for user man
2026-09-15 15:55:37 +0100 CMD grep -E "HISTFILE=.*" "/var/cache/man"/.profile | sed -e 's|.*HISTFILE=||' -e 's|^~/|/var/cache/man/|' 2> grep: /var/cache/man/.profile: No such file or directory
2026-09-15 15:55:37 +0100 INF Collecting data for user messagebus
2026-09-15 15:55:37 +0100 CMD grep -E "HISTFILE=.*" "/nonexistent"/.profile | sed -e 's|.*HISTFILE=||' -e 's|^~/|/nonexistent/|' 2> grep: /nonexistent/.profile: No such file or directory
2026-09-15 15:55:37 +0100 INF Collecting data for user news
2026-09-15 15:55:37 +0100 CMD grep -E "HISTFILE=.*" "/var/spool/news"/.profile | sed -e 's|.*HISTFILE=||' -e 's|^~/|/var/spool/news/|' 2> grep: /var/spool/news/.profile: No such file or directory
2026-09-15 15:55:37 +0100 INF Collecting data for user nobody
2026-09-15 15:55:37 +0100 CMD grep -E "HISTFILE=.*" "/nonexistent"/.profile | sed -e 's|.*HISTFILE=||' -e 's|^~/|/nonexistent/|' 2> grep: /nonexistent/.profile: No such file or directory
2026-09-15 15:55:37 +0100 INF Collecting data for user proxy
2026-09-15 15:55:37 +0100 CMD grep -E "HISTFILE=.*" "/bin"/.profile | sed -e 's|.*HISTFILE=||' -e 's|^~/|/bin/|' 2> grep: /bin/.profile: No such file or directory
2026-09-15 15:55:37 +0100 INF Collecting data for user root
2026-09-15 15:55:37 +0100 CMD grep -E "HISTFILE=.*" "/root"/.profile | sed -e 's|.*HISTFILE=||' -e 's|^~/|/root/|'
2026-09-15 15:55:37 +0100 INF Collecting data for user sshd
2026-09-15 15:55:37 +0100 CMD grep -E "HISTFILE=.*" "/run/sshd"/.profile | sed -e 's|.*HISTFILE=||' -e 's|^~/|/run/sshd/|' 2> grep: /run/sshd/.profile: No such file or directory
2026-09-15 15:55:37 +0100 INF Collecting data for user sync
2026-09-15 15:55:37 +0100 CMD grep -E "HISTFILE=.*" "/bin"/.profile | sed -e 's|.*HISTFILE=||' -e 's|^~/|/bin/|' 2> grep: /bin/.profile: No such file or directory
2026-09-15 15:55:37 +0100 INF Collecting data for user sys
2026-09-15 15:55:37 +0100 CMD grep -E "HISTFILE=.*" "/dev"/.profile | sed -e 's|.*HISTFILE=||' -e 's|^~/|/dev/|' 2> grep: /dev/.profile: No such file or directory
2026-09-15 15:55:37 +0100 INF Collecting data for user systemd-network
2026-09-15 15:55:37 +0100 CMD grep -E "HISTFILE=.*" "/"/.profile | sed -e 's|.*HISTFILE=||' -e 's|^~/|//|' 2> grep: //.profile: No such file or directory
2026-09-15 15:55:37 +0100 INF Collecting data for user systemd-timesync
2026-09-15 15:55:37 +0100 CMD grep -E "HISTFILE=.*" "/"/.profile | sed -e 's|.*HISTFILE=||' -e 's|^~/|//|' 2> grep: //.profile: No such file or directory
2026-09-15 15:55:37 +0100 INF Collecting data for user uucp
2026-09-15 15:55:37 +0100 CMD grep -E "HISTFILE=.*" "/var/spool/uucp"/.profile | sed -e 's|.*HISTFILE=||' -e 's|^~/|/var/spool/uucp/|' 2> grep: /var/spool/uucp/.profile: No such file or directory
2026-09-15 15:55:37 +0100 INF Collecting data for user www-data
2026-09-15 15:55:37 +0100 CMD grep -E "HISTFILE=.*" "/var/www"/.profile | sed -e 's|.*HISTFILE=||' -e 's|^~/|/var/www/|' 2> grep: /var/www/.profile: No such file or directory
2026-09-15 15:55:37 +0100 ERR _find_based_collector: No such file or directory: '/root/uac_output/uac-data.tmp/tmp/files/shell/dash_histfile.txt'
2026-09-15 15:55:37 +0100 INF Parsing files/shell/ash.yaml
2026-09-15 15:55:37 +0100 INF Collecting data for user Tom
2026-09-15 15:55:37 +0100 CMD find "/home/Tom"/.ash_history /var/log/shell.log \( -path "/sys" -o -path "/proc/sys/fs/binfmt_misc" -o -path "/root/uac-3.3.0" -o -path "/root/uac_output/uac-data.tmp" \) -prune -o -print 2> find: '/home/Tom/.ash_history': No such file or directory/nfind: '/var/log/shell.log': No such file or directory
2026-09-15 15:55:37 +0100 INF Collecting data for user Tom
2026-09-15 15:55:37 +0100 CMD find "/root"/.ash_history /var/log/shell.log \( -path "/sys" -o -path "/proc/sys/fs/binfmt_misc" -o -path "/root/uac-3.3.0" -o -path "/root/uac_output/uac-data.tmp" \) -prune -o -print 2> find: '/root/.ash_history': No such file or directory/nfind: '/var/log/shell.log': No such file or directory
2026-09-15 15:55:37 +0100 INF Collecting data for user _apt
2026-09-15 15:55:37 +0100 CMD find "/nonexistent"/.ash_history /var/log/shell.log \( -path "/sys" -o -path "/proc/sys/fs/binfmt_misc" -o -path "/root/uac-3.3.0" -o -path "/root/uac_output/uac-data.tmp" \) -prune -o -print 2> find: '/nonexistent/.ash_history': No such file or directory/nfind: '/var/log/shell.log': No such file or directory
2026-09-15 15:55:37 +0100 INF Collecting data for user backup
2026-09-15 15:55:38 +0100 CMD find "/var/backups"/.ash_history /var/log/shell.log \( -path "/sys" -o -path "/proc/sys/fs/binfmt_misc" -o -path "/root/uac-3.3.0" -o -path "/root/uac_output/uac-data.tmp" \) -prune -o -print 2> find: '/var/backups/.ash_history': No such file or directory/nfind: '/var/log/shell.log': No such file or directory
2026-09-15 15:55:38 +0100 INF Collecting data for user bin
2026-09-15 15:55:38 +0100 CMD find "/bin"/.ash_history /var/log/shell.log \( -path "/sys" -o -path "/proc/sys/fs/binfmt_misc" -o -path "/root/uac-3.3.0" -o -path "/root/uac_output/uac-data.tmp" \) -prune -o -print 2> find: '/bin/.ash_history': No such file or directory/nfind: '/var/log/shell.log': No such file or directory
2026-09-15 15:55:38 +0100 INF Collecting data for user daemon
2026-09-15 15:55:38 +0100 CMD find "/usr/sbin"/.ash_history /var/log/shell.log \( -path "/sys" -o -path "/proc/sys/fs/binfmt_misc" -o -path "/root/uac-3.3.0" -o -path "/root/uac_output/uac-data.tmp" \) -prune -o -print 2> find: '/usr/sbin/.ash_history': No such file or directory/nfind: '/var/log/shell.log': No such file or directory
2026-09-15 15:55:38 +0100 INF Collecting data for user games
2026-09-15 15:55:38 +0100 CMD find "/usr/games"/.ash_history /var/log/shell.log \( -path "/sys" -o -path "/proc/sys/fs/binfmt_misc" -o -path "/root/uac-3.3.0" -o -path "/root/uac_output/uac-data.tmp" \) -prune -o -print 2> find: '/usr/games/.ash_history': No such file or directory/nfind: '/var/log/shell.log': No such file or directory
2026-09-15 15:55:38 +0100 INF Collecting data for user irc
2026-09-15 15:55:38 +0100 CMD find "/run/ircd"/.ash_history /var/log/shell.log \( -path "/sys" -o -path "/proc/sys/fs/binfmt_misc" -o -path "/root/uac-3.3.0" -o -path "/root/uac_output/uac-data.tmp" \) -prune -o -print 2> find: '/run/ircd/.ash_history': No such file or directory/nfind: '/var/log/shell.log': No such file or directory
2026-09-15 15:55:38 +0100 INF Collecting data for user list
2026-09-15 15:55:38 +0100 CMD find "/var/list"/.ash_history /var/log/shell.log \( -path "/sys" -o -path "/proc/sys/fs/binfmt_misc" -o -path "/root/uac-3.3.0" -o -path "/root/uac_output/uac-data.tmp" \) -prune -o -print 2> find: '/var/list/.ash_history': No such file or directory/nfind: '/var/log/shell.log': No such file or directory
2026-09-15 15:55:38 +0100 INF Collecting data for user lp
2026-09-15 15:55:38 +0100 CMD find "/var/spool/lpd"/.ash_history /var/log/shell.log \( -path "/sys" -o -path "/proc/sys/fs/binfmt_misc" -o -path "/root/uac-3.3.0" -o -path "/root/uac_output/uac-data.tmp" \) -prune -o -print 2> find: '/var/spool/lpd/.ash_history': No such file or directory/nfind: '/var/log/shell.log': No such file or directory
2026-09-15 15:55:38 +0100 INF Collecting data for user mail
2026-09-15 15:55:38 +0100 CMD find "/var/mail"/.ash_history /var/log/shell.log \( -path "/sys" -o -path "/proc/sys/fs/binfmt_misc" -o -path "/root/uac-3.3.0" -o -path "/root/uac_output/uac-data.tmp" \) -prune -o -print 2> find: '/var/mail/.ash_history': No such file or directory/nfind: '/var/log/shell.log': No such file or directory
2026-09-15 15:55:38 +0100 INF Collecting data for user man
2026-09-15 15:55:38 +0100 CMD find "/var/cache/man"/.ash_history /var/log/shell.log \( -path "/sys" -o -path "/proc/sys/fs/binfmt_misc" -o -path "/root/uac-3.3.0" -o -path "/root/uac_output/uac-data.tmp" \) -prune -o -print 2> find: '/var/cache/man/.ash_history': No such file or directory/nfind: '/var/log/shell.log': No such file or directory
2026-09-15 15:55:38 +0100 INF Collecting data for user messagebus
2026-09-15 15:55:38 +0100 INF Skipping as home directory "/nonexistent"/.ash_history /var/log/shell.log has been collected already
2026-09-15 15:55:38 +0100 INF Collecting data for user news
2026-09-15 15:55:38 +0100 CMD find "/var/spool/news"/.ash_history /var/log/shell.log \( -path "/sys" -o -path "/proc/sys/fs/binfmt_misc" -o -path "/root/uac-3.3.0" -o -path "/root/uac_output/uac-data.tmp" \) -prune -o -print 2> find: '/var/spool/news/.ash_history': No such file or directory/nfind: '/var/log/shell.log': No such file or directory
2026-09-15 15:55:38 +0100 INF Collecting data for user nobody
2026-09-15 15:55:38 +0100 INF Skipping as home directory "/nonexistent"/.ash_history /var/log/shell.log has been collected already
2026-09-15 15:55:38 +0100 INF Collecting data for user proxy
2026-09-15 15:55:38 +0100 INF Skipping as home directory "/bin"/.ash_history /var/log/shell.log has been collected already
2026-09-15 15:55:38 +0100 INF Collecting data for user root
2026-09-15 15:55:38 +0100 INF Skipping as home directory "/root"/.ash_history /var/log/shell.log has been collected already
2026-09-15 15:55:38 +0100 INF Collecting data for user sshd
2026-09-15 15:55:38 +0100 CMD find "/run/sshd"/.ash_history /var/log/shell.log \( -path "/sys" -o -path "/proc/sys/fs/binfmt_misc" -o -path "/root/uac-3.3.0" -o -path "/root/uac_output/uac-data.tmp" \) -prune -o -print 2> find: '/run/sshd/.ash_history': No such file or directory/nfind: '/var/log/shell.log': No such file or directory
2026-09-15 15:55:38 +0100 INF Collecting data for user sync
2026-09-15 15:55:38 +0100 INF Skipping as home directory "/bin"/.ash_history /var/log/shell.log has been collected already
2026-09-15 15:55:38 +0100 INF Collecting data for user sys
2026-09-15 15:55:38 +0100 CMD find "/dev"/.ash_history /var/log/shell.log \( -path "/sys" -o -path "/proc/sys/fs/binfmt_misc" -o -path "/root/uac-3.3.0" -o -path "/root/uac_output/uac-data.tmp" \) -prune -o -print 2> find: '/dev/.ash_history': No such file or directory/nfind: '/var/log/shell.log': No such file or directory
2026-09-15 15:55:38 +0100 INF Collecting data for user systemd-network
2026-09-15 15:55:38 +0100 CMD find "/"/.ash_history /var/log/shell.log \( -path "/sys" -o -path "/proc/sys/fs/binfmt_misc" -o -path "/root/uac-3.3.0" -o -path "/root/uac_output/uac-data.tmp" \) -prune -o -print 2> find: '//.ash_history': No such file or directory/nfind: '/var/log/shell.log': No such file or directory
2026-09-15 15:55:38 +0100 INF Collecting data for user systemd-timesync
2026-09-15 15:55:38 +0100 INF Skipping as home directory "/"/.ash_history /var/log/shell.log has been collected already
2026-09-15 15:55:38 +0100 INF Collecting data for user uucp
2026-09-15 15:55:38 +0100 CMD find "/var/spool/uucp"/.ash_history /var/log/shell.log \( -path "/sys" -o -path "/proc/sys/fs/binfmt_misc" -o -path "/root/uac-3.3.0" -o -path "/root/uac_output/uac-data.tmp" \) -prune -o -print 2> find: '/var/spool/uucp/.ash_history': No such file or directory/nfind: '/var/log/shell.log': No such file or directory
2026-09-15 15:55:38 +0100 INF Collecting data for user www-data
2026-09-15 15:55:38 +0100 CMD find "/var/www"/.ash_history /var/log/shell.log \( -path "/sys" -o -path "/proc/sys/fs/binfmt_misc" -o -path "/root/uac-3.3.0" -o -path "/root/uac_output/uac-data.tmp" \) -prune -o -print 2> find: '/var/www/.ash_history': No such file or directory/nfind: '/var/log/shell.log': No such file or directory
2026-09-15 15:55:38 +0100 CMD find /etc/profile.local /etc/rc.local.d/local.sh \( -path "/sys" -o -path "/proc/sys/fs/binfmt_misc" -o -path "/root/uac-3.3.0" -o -path "/root/uac_output/uac-data.tmp" \) -prune -o -print 2> find: '/etc/profile.local': No such file or directory/nfind: '/etc/rc.local.d/local.sh': No such file or directory
2026-09-15 15:55:38 +0100 INF Parsing files/shell/tcsh.yaml
2026-09-15 15:55:38 +0100 INF Collecting data for user Tom
2026-09-15 15:55:38 +0100 CMD find "/home/Tom"/.history "/home/Tom"/.history.* \( -path "/sys" -o -path "/proc/sys/fs/binfmt_misc" -o -path "/root/uac-3.3.0" -o -path "/root/uac_output/uac-data.tmp" \) -prune -o -print 2> find: '/home/Tom/.history': No such file or directory/nfind: '/home/Tom/.history.*': No such file or directory
2026-09-15 15:55:38 +0100 INF Collecting data for user Tom
2026-09-15 15:55:38 +0100 CMD find "/root"/.history "/root"/.history.* \( -path "/sys" -o -path "/proc/sys/fs/binfmt_misc" -o -path "/root/uac-3.3.0" -o -path "/root/uac_output/uac-data.tmp" \) -prune -o -print 2> find: '/root/.history': No such file or directory/nfind: '/root/.history.*': No such file or directory
2026-09-15 15:55:38 +0100 INF Collecting data for user _apt
2026-09-15 15:55:38 +0100 CMD find "/nonexistent"/.history "/nonexistent"/.history.* \( -path "/sys" -o -path "/proc/sys/fs/binfmt_misc" -o -path "/root/uac-3.3.0" -o -path "/root/uac_output/uac-data.tmp" \) -prune -o -print 2> find: '/nonexistent/.history': No such file or directory/nfind: '/nonexistent/.history.*': No such file or directory
2026-09-15 15:55:38 +0100 INF Collecting data for user backup
2026-09-15 15:55:38 +0100 CMD find "/var/backups"/.history "/var/backups"/.history.* \( -path "/sys" -o -path "/proc/sys/fs/binfmt_misc" -o -path "/root/uac-3.3.0" -o -path "/root/uac_output/uac-data.tmp" \) -prune -o -print 2> find: '/var/backups/.history': No such file or directory/nfind: '/var/backups/.history.*': No such file or directory
2026-09-15 15:55:38 +0100 INF Collecting data for user bin
2026-09-15 15:55:38 +0100 CMD find "/bin"/.history "/bin"/.history.* \( -path "/sys" -o -path "/proc/sys/fs/binfmt_misc" -o -path "/root/uac-3.3.0" -o -path "/root/uac_output/uac-data.tmp" \) -prune -o -print 2> find: '/bin/.history': No such file or directory/nfind: '/bin/.history.*': No such file or directory
2026-09-15 15:55:38 +0100 INF Collecting data for user daemon
2026-09-15 15:55:38 +0100 CMD find "/usr/sbin"/.history "/usr/sbin"/.history.* \( -path "/sys" -o -path "/proc/sys/fs/binfmt_misc" -o -path "/root/uac-3.3.0" -o -path "/root/uac_output/uac-data.tmp" \) -prune -o -print 2> find: '/usr/sbin/.history': No such file or directory/nfind: '/usr/sbin/.history.*': No such file or directory
2026-09-15 15:55:38 +0100 INF Collecting data for user games
2026-09-15 15:55:38 +0100 CMD find "/usr/games"/.history "/usr/games"/.history.* \( -path "/sys" -o -path "/proc/sys/fs/binfmt_misc" -o -path "/root/uac-3.3.0" -o -path "/root/uac_output/uac-data.tmp" \) -prune -o -print 2> find: '/usr/games/.history': No such file or directory/nfind: '/usr/games/.history.*': No such file or directory
2026-09-15 15:55:38 +0100 INF Collecting data for user irc
2026-09-15 15:55:38 +0100 CMD find "/run/ircd"/.history "/run/ircd"/.history.* \( -path "/sys" -o -path "/proc/sys/fs/binfmt_misc" -o -path "/root/uac-3.3.0" -o -path "/root/uac_output/uac-data.tmp" \) -prune -o -print 2> find: '/run/ircd/.history': No such file or directory/nfind: '/run/ircd/.history.*': No such file or directory
2026-09-15 15:55:38 +0100 INF Collecting data for user list
2026-09-15 15:55:38 +0100 CMD find "/var/list"/.history "/var/list"/.history.* \( -path "/sys" -o -path "/proc/sys/fs/binfmt_misc" -o -path "/root/uac-3.3.0" -o -path "/root/uac_output/uac-data.tmp" \) -prune -o -print 2> find: '/var/list/.history': No such file or directory/nfind: '/var/list/.history.*': No such file or directory
2026-09-15 15:55:38 +0100 INF Collecting data for user lp
2026-09-15 15:55:38 +0100 CMD find "/var/spool/lpd"/.history "/var/spool/lpd"/.history.* \( -path "/sys" -o -path "/proc/sys/fs/binfmt_misc" -o -path "/root/uac-3.3.0" -o -path "/root/uac_output/uac-data.tmp" \) -prune -o -print 2> find: '/var/spool/lpd/.history': No such file or directory/nfind: '/var/spool/lpd/.history.*': No such file or directory
2026-09-15 15:55:38 +0100 INF Collecting data for user mail
2026-09-15 15:55:38 +0100 CMD find "/var/mail"/.history "/var/mail"/.history.* \( -path "/sys" -o -path "/proc/sys/fs/binfmt_misc" -o -path "/root/uac-3.3.0" -o -path "/root/uac_output/uac-data.tmp" \) -prune -o -print 2> find: '/var/mail/.history': No such file or directory/nfind: '/var/mail/.history.*': No such file or directory
2026-09-15 15:55:38 +0100 INF Collecting data for user man
2026-09-15 15:55:38 +0100 CMD find "/var/cache/man"/.history "/var/cache/man"/.history.* \( -path "/sys" -o -path "/proc/sys/fs/binfmt_misc" -o -path "/root/uac-3.3.0" -o -path "/root/uac_output/uac-data.tmp" \) -prune -o -print 2> find: '/var/cache/man/.history': No such file or directory/nfind: '/var/cache/man/.history.*': No such file or directory
2026-09-15 15:55:38 +0100 INF Collecting data for user messagebus
2026-09-15 15:55:38 +0100 INF Skipping as home directory "/nonexistent"/.history "/nonexistent"/.history.* has been collected already
2026-09-15 15:55:38 +0100 INF Collecting data for user news
2026-09-15 15:55:39 +0100 CMD find "/var/spool/news"/.history "/var/spool/news"/.history.* \( -path "/sys" -o -path "/proc/sys/fs/binfmt_misc" -o -path "/root/uac-3.3.0" -o -path "/root/uac_output/uac-data.tmp" \) -prune -o -print 2> find: '/var/spool/news/.history': No such file or directory/nfind: '/var/spool/news/.history.*': No such file or directory
2026-09-15 15:55:39 +0100 INF Collecting data for user nobody
2026-09-15 15:55:39 +0100 INF Skipping as home directory "/nonexistent"/.history "/nonexistent"/.history.* has been collected already
2026-09-15 15:55:39 +0100 INF Collecting data for user proxy
2026-09-15 15:55:39 +0100 INF Skipping as home directory "/bin"/.history "/bin"/.history.* has been collected already
2026-09-15 15:55:39 +0100 INF Collecting data for user root
2026-09-15 15:55:39 +0100 INF Skipping as home directory "/root"/.history "/root"/.history.* has been collected already
2026-09-15 15:55:39 +0100 INF Collecting data for user sshd
2026-09-15 15:55:39 +0100 CMD find "/run/sshd"/.history "/run/sshd"/.history.* \( -path "/sys" -o -path "/proc/sys/fs/binfmt_misc" -o -path "/root/uac-3.3.0" -o -path "/root/uac_output/uac-data.tmp" \) -prune -o -print 2> find: '/run/sshd/.history': No such file or directory/nfind: '/run/sshd/.history.*': No such file or directory
2026-09-15 15:55:39 +0100 INF Collecting data for user sync
2026-09-15 15:55:39 +0100 INF Skipping as home directory "/bin"/.history "/bin"/.history.* has been collected already
2026-09-15 15:55:39 +0100 INF Collecting data for user sys
2026-09-15 15:55:39 +0100 CMD find "/dev"/.history "/dev"/.history.* \( -path "/sys" -o -path "/proc/sys/fs/binfmt_misc" -o -path "/root/uac-3.3.0" -o -path "/root/uac_output/uac-data.tmp" \) -prune -o -print 2> find: '/dev/.history': No such file or directory/nfind: '/dev/.history.*': No such file or directory
2026-09-15 15:55:39 +0100 INF Collecting data for user systemd-network
2026-09-15 15:55:39 +0100 CMD find "/"/.history "/"/.history.* \( -path "/sys" -o -path "/proc/sys/fs/binfmt_misc" -o -path "/root/uac-3.3.0" -o -path "/root/uac_output/uac-data.tmp" \) -prune -o -print 2> find: '//.history': No such file or directory/nfind: '//.history.*': No such file or directory
2026-09-15 15:55:39 +0100 INF Collecting data for user systemd-timesync
2026-09-15 15:55:39 +0100 INF Skipping as home directory "/"/.history "/"/.history.* has been collected already
2026-09-15 15:55:39 +0100 INF Collecting data for user uucp
2026-09-15 15:55:39 +0100 CMD find "/var/spool/uucp"/.history "/var/spool/uucp"/.history.* \( -path "/sys" -o -path "/proc/sys/fs/binfmt_misc" -o -path "/root/uac-3.3.0" -o -path "/root/uac_output/uac-data.tmp" \) -prune -o -print 2> find: '/var/spool/uucp/.history': No such file or directory/nfind: '/var/spool/uucp/.history.*': No such file or directory
2026-09-15 15:55:39 +0100 INF Collecting data for user www-data
2026-09-15 15:55:39 +0100 CMD find "/var/www"/.history "/var/www"/.history.* \( -path "/sys" -o -path "/proc/sys/fs/binfmt_misc" -o -path "/root/uac-3.3.0" -o -path "/root/uac_output/uac-data.tmp" \) -prune -o -print 2> find: '/var/www/.history': No such file or directory/nfind: '/var/www/.history.*': No such file or directory
2026-09-15 15:55:39 +0100 INF Collecting data for user Tom
2026-09-15 15:55:39 +0100 CMD find "/home/Tom"/.cshrc "/home/Tom"/.tcshrc "/home/Tom"/.login "/home/Tom"/.login_conf "/home/Tom"/.logout \( -path "/sys" -o -path "/proc/sys/fs/binfmt_misc" -o -path "/root/uac-3.3.0" -o -path "/root/uac_output/uac-data.tmp" \) -prune -o -print 2> find: '/home/Tom/.cshrc': No such file or directory/nfind: '/home/Tom/.tcshrc': No such file or directory/nfind: '/home/Tom/.login': No such file or directory/nfind: '/home/Tom/.login_conf': No such file or directory/nfind: '/home/Tom/.logout': No such file or directory
2026-09-15 15:55:39 +0100 INF Collecting data for user Tom
2026-09-15 15:55:39 +0100 CMD find "/root"/.cshrc "/root"/.tcshrc "/root"/.login "/root"/.login_conf "/root"/.logout \( -path "/sys" -o -path "/proc/sys/fs/binfmt_misc" -o -path "/root/uac-3.3.0" -o -path "/root/uac_output/uac-data.tmp" \) -prune -o -print 2> find: '/root/.cshrc': No such file or directory/nfind: '/root/.tcshrc': No such file or directory/nfind: '/root/.login': No such file or directory/nfind: '/root/.login_conf': No such file or directory/nfind: '/root/.logout': No such file or directory
2026-09-15 15:55:39 +0100 INF Collecting data for user _apt
2026-09-15 15:55:39 +0100 CMD find "/nonexistent"/.cshrc "/nonexistent"/.tcshrc "/nonexistent"/.login "/nonexistent"/.login_conf "/nonexistent"/.logout \( -path "/sys" -o -path "/proc/sys/fs/binfmt_misc" -o -path "/root/uac-3.3.0" -o -path "/root/uac_output/uac-data.tmp" \) -prune -o -print 2> find: '/nonexistent/.cshrc': No such file or directory/nfind: '/nonexistent/.tcshrc': No such file or directory/nfind: '/nonexistent/.login': No such file or directory/nfind: '/nonexistent/.login_conf': No such file or directory/nfind: '/nonexistent/.logout': No such file or directory
2026-09-15 15:55:39 +0100 INF Collecting data for user backup
2026-09-15 15:55:39 +0100 CMD find "/var/backups"/.cshrc "/var/backups"/.tcshrc "/var/backups"/.login "/var/backups"/.login_conf "/var/backups"/.logout \( -path "/sys" -o -path "/proc/sys/fs/binfmt_misc" -o -path "/root/uac-3.3.0" -o -path "/root/uac_output/uac-data.tmp" \) -prune -o -print 2> find: '/var/backups/.cshrc': No such file or directory/nfind: '/var/backups/.tcshrc': No such file or directory/nfind: '/var/backups/.login': No such file or directory/nfind: '/var/backups/.login_conf': No such file or directory/nfind: '/var/backups/.logout': No such file or directory
2026-09-15 15:55:39 +0100 INF Collecting data for user bin
2026-09-15 15:55:39 +0100 CMD find "/bin"/.cshrc "/bin"/.tcshrc "/bin"/.login "/bin"/.login_conf "/bin"/.logout \( -path "/sys" -o -path "/proc/sys/fs/binfmt_misc" -o -path "/root/uac-3.3.0" -o -path "/root/uac_output/uac-data.tmp" \) -prune -o -print 2> find: '/bin/.cshrc': No such file or directory/nfind: '/bin/.tcshrc': No such file or directory/nfind: '/bin/.login': No such file or directory/nfind: '/bin/.login_conf': No such file or directory/nfind: '/bin/.logout': No such file or directory
2026-09-15 15:55:39 +0100 INF Collecting data for user daemon
2026-09-15 15:55:39 +0100 CMD find "/usr/sbin"/.cshrc "/usr/sbin"/.tcshrc "/usr/sbin"/.login "/usr/sbin"/.login_conf "/usr/sbin"/.logout \( -path "/sys" -o -path "/proc/sys/fs/binfmt_misc" -o -path "/root/uac-3.3.0" -o -path "/root/uac_output/uac-data.tmp" \) -prune -o -print 2> find: '/usr/sbin/.cshrc': No such file or directory/nfind: '/usr/sbin/.tcshrc': No such file or directory/nfind: '/usr/sbin/.login': No such file or directory/nfind: '/usr/sbin/.login_conf': No such file or directory/nfind: '/usr/sbin/.logout': No such file or directory
2026-09-15 15:55:39 +0100 INF Collecting data for user games
2026-09-15 15:55:39 +0100 CMD find "/usr/games"/.cshrc "/usr/games"/.tcshrc "/usr/games"/.login "/usr/games"/.login_conf "/usr/games"/.logout \( -path "/sys" -o -path "/proc/sys/fs/binfmt_misc" -o -path "/root/uac-3.3.0" -o -path "/root/uac_output/uac-data.tmp" \) -prune -o -print 2> find: '/usr/games/.cshrc': No such file or directory/nfind: '/usr/games/.tcshrc': No such file or directory/nfind: '/usr/games/.login': No such file or directory/nfind: '/usr/games/.login_conf': No such file or directory/nfind: '/usr/games/.logout': No such file or directory
2026-09-15 15:55:39 +0100 INF Collecting data for user irc
2026-09-15 15:55:39 +0100 CMD find "/run/ircd"/.cshrc "/run/ircd"/.tcshrc "/run/ircd"/.login "/run/ircd"/.login_conf "/run/ircd"/.logout \( -path "/sys" -o -path "/proc/sys/fs/binfmt_misc" -o -path "/root/uac-3.3.0" -o -path "/root/uac_output/uac-data.tmp" \) -prune -o -print 2> find: '/run/ircd/.cshrc': No such file or directory/nfind: '/run/ircd/.tcshrc': No such file or directory/nfind: '/run/ircd/.login': No such file or directory/nfind: '/run/ircd/.login_conf': No such file or directory/nfind: '/run/ircd/.logout': No such file or directory
2026-09-15 15:55:39 +0100 INF Collecting data for user list
2026-09-15 15:55:39 +0100 CMD find "/var/list"/.cshrc "/var/list"/.tcshrc "/var/list"/.login "/var/list"/.login_conf "/var/list"/.logout \( -path "/sys" -o -path "/proc/sys/fs/binfmt_misc" -o -path "/root/uac-3.3.0" -o -path "/root/uac_output/uac-data.tmp" \) -prune -o -print 2> find: '/var/list/.cshrc': No such file or directory/nfind: '/var/list/.tcshrc': No such file or directory/nfind: '/var/list/.login': No such file or directory/nfind: '/var/list/.login_conf': No such file or directory/nfind: '/var/list/.logout': No such file or directory
2026-09-15 15:55:39 +0100 INF Collecting data for user lp
2026-09-15 15:55:39 +0100 CMD find "/var/spool/lpd"/.cshrc "/var/spool/lpd"/.tcshrc "/var/spool/lpd"/.login "/var/spool/lpd"/.login_conf "/var/spool/lpd"/.logout \( -path "/sys" -o -path "/proc/sys/fs/binfmt_misc" -o -path "/root/uac-3.3.0" -o -path "/root/uac_output/uac-data.tmp" \) -prune -o -print 2> find: '/var/spool/lpd/.cshrc': No such file or directory/nfind: '/var/spool/lpd/.tcshrc': No such file or directory/nfind: '/var/spool/lpd/.login': No such file or directory/nfind: '/var/spool/lpd/.login_conf': No such file or directory/nfind: '/var/spool/lpd/.logout': No such file or directory
2026-09-15 15:55:39 +0100 INF Collecting data for user mail
2026-09-15 15:55:39 +0100 CMD find "/var/mail"/.cshrc "/var/mail"/.tcshrc "/var/mail"/.login "/var/mail"/.login_conf "/var/mail"/.logout \( -path "/sys" -o -path "/proc/sys/fs/binfmt_misc" -o -path "/root/uac-3.3.0" -o -path "/root/uac_output/uac-data.tmp" \) -prune -o -print 2> find: '/var/mail/.cshrc': No such file or directory/nfind: '/var/mail/.tcshrc': No such file or directory/nfind: '/var/mail/.login': No such file or directory/nfind: '/var/mail/.login_conf': No such file or directory/nfind: '/var/mail/.logout': No such file or directory
2026-09-15 15:55:39 +0100 INF Collecting data for user man
2026-09-15 15:55:39 +0100 CMD find "/var/cache/man"/.cshrc "/var/cache/man"/.tcshrc "/var/cache/man"/.login "/var/cache/man"/.login_conf "/var/cache/man"/.logout \( -path "/sys" -o -path "/proc/sys/fs/binfmt_misc" -o -path "/root/uac-3.3.0" -o -path "/root/uac_output/uac-data.tmp" \) -prune -o -print 2> find: '/var/cache/man/.cshrc': No such file or directory/nfind: '/var/cache/man/.tcshrc': No such file or directory/nfind: '/var/cache/man/.login': No such file or directory/nfind: '/var/cache/man/.login_conf': No such file or directory/nfind: '/var/cache/man/.logout': No such file or directory
2026-09-15 15:55:39 +0100 INF Collecting data for user messagebus
2026-09-15 15:55:39 +0100 INF Skipping as home directory "/nonexistent"/.cshrc "/nonexistent"/.tcshrc "/nonexistent"/.login "/nonexistent"/.login_conf "/nonexistent"/.logout has been collected already
2026-09-15 15:55:39 +0100 INF Collecting data for user news
2026-09-15 15:55:39 +0100 CMD find "/var/spool/news"/.cshrc "/var/spool/news"/.tcshrc "/var/spool/news"/.login "/var/spool/news"/.login_conf "/var/spool/news"/.logout \( -path "/sys" -o -path "/proc/sys/fs/binfmt_misc" -o -path "/root/uac-3.3.0" -o -path "/root/uac_output/uac-data.tmp" \) -prune -o -print 2> find: '/var/spool/news/.cshrc': No such file or directory/nfind: '/var/spool/news/.tcshrc': No such file or directory/nfind: '/var/spool/news/.login': No such file or directory/nfind: '/var/spool/news/.login_conf': No such file or directory/nfind: '/var/spool/news/.logout': No such file or directory
2026-09-15 15:55:39 +0100 INF Collecting data for user nobody
2026-09-15 15:55:39 +0100 INF Skipping as home directory "/nonexistent"/.cshrc "/nonexistent"/.tcshrc "/nonexistent"/.login "/nonexistent"/.login_conf "/nonexistent"/.logout has been collected already
2026-09-15 15:55:39 +0100 INF Collecting data for user proxy
2026-09-15 15:55:39 +0100 INF Skipping as home directory "/bin"/.cshrc "/bin"/.tcshrc "/bin"/.login "/bin"/.login_conf "/bin"/.logout has been collected already
2026-09-15 15:55:39 +0100 INF Collecting data for user root
2026-09-15 15:55:39 +0100 INF Skipping as home directory "/root"/.cshrc "/root"/.tcshrc "/root"/.login "/root"/.login_conf "/root"/.logout has been collected already
2026-09-15 15:55:39 +0100 INF Collecting data for user sshd
2026-09-15 15:55:39 +0100 CMD find "/run/sshd"/.cshrc "/run/sshd"/.tcshrc "/run/sshd"/.login "/run/sshd"/.login_conf "/run/sshd"/.logout \( -path "/sys" -o -path "/proc/sys/fs/binfmt_misc" -o -path "/root/uac-3.3.0" -o -path "/root/uac_output/uac-data.tmp" \) -prune -o -print 2> find: '/run/sshd/.cshrc': No such file or directory/nfind: '/run/sshd/.tcshrc': No such file or directory/nfind: '/run/sshd/.login': No such file or directory/nfind: '/run/sshd/.login_conf': No such file or directory/nfind: '/run/sshd/.logout': No such file or directory
2026-09-15 15:55:39 +0100 INF Collecting data for user sync
2026-09-15 15:55:39 +0100 INF Skipping as home directory "/bin"/.cshrc "/bin"/.tcshrc "/bin"/.login "/bin"/.login_conf "/bin"/.logout has been collected already
2026-09-15 15:55:39 +0100 INF Collecting data for user sys
2026-09-15 15:55:39 +0100 CMD find "/dev"/.cshrc "/dev"/.tcshrc "/dev"/.login "/dev"/.login_conf "/dev"/.logout \( -path "/sys" -o -path "/proc/sys/fs/binfmt_misc" -o -path "/root/uac-3.3.0" -o -path "/root/uac_output/uac-data.tmp" \) -prune -o -print 2> find: '/dev/.cshrc': No such file or directory/nfind: '/dev/.tcshrc': No such file or directory/nfind: '/dev/.login': No such file or directory/nfind: '/dev/.login_conf': No such file or directory/nfind: '/dev/.logout': No such file or directory
2026-09-15 15:55:39 +0100 INF Collecting data for user systemd-network
2026-09-15 15:55:39 +0100 CMD find "/"/.cshrc "/"/.tcshrc "/"/.login "/"/.login_conf "/"/.logout \( -path "/sys" -o -path "/proc/sys/fs/binfmt_misc" -o -path "/root/uac-3.3.0" -o -path "/root/uac_output/uac-data.tmp" \) -prune -o -print 2> find: '//.cshrc': No such file or directory/nfind: '//.tcshrc': No such file or directory/nfind: '//.login': No such file or directory/nfind: '//.login_conf': No such file or directory/nfind: '//.logout': No such file or directory
2026-09-15 15:55:39 +0100 INF Collecting data for user systemd-timesync
2026-09-15 15:55:39 +0100 INF Skipping as home directory "/"/.cshrc "/"/.tcshrc "/"/.login "/"/.login_conf "/"/.logout has been collected already
2026-09-15 15:55:39 +0100 INF Collecting data for user uucp
2026-09-15 15:55:40 +0100 CMD find "/var/spool/uucp"/.cshrc "/var/spool/uucp"/.tcshrc "/var/spool/uucp"/.login "/var/spool/uucp"/.login_conf "/var/spool/uucp"/.logout \( -path "/sys" -o -path "/proc/sys/fs/binfmt_misc" -o -path "/root/uac-3.3.0" -o -path "/root/uac_output/uac-data.tmp" \) -prune -o -print 2> find: '/var/spool/uucp/.cshrc': No such file or directory/nfind: '/var/spool/uucp/.tcshrc': No such file or directory/nfind: '/var/spool/uucp/.login': No such file or directory/nfind: '/var/spool/uucp/.login_conf': No such file or directory/nfind: '/var/spool/uucp/.logout': No such file or directory
2026-09-15 15:55:40 +0100 INF Collecting data for user www-data
2026-09-15 15:55:40 +0100 CMD find "/var/www"/.cshrc "/var/www"/.tcshrc "/var/www"/.login "/var/www"/.login_conf "/var/www"/.logout \( -path "/sys" -o -path "/proc/sys/fs/binfmt_misc" -o -path "/root/uac-3.3.0" -o -path "/root/uac_output/uac-data.tmp" \) -prune -o -print 2> find: '/var/www/.cshrc': No such file or directory/nfind: '/var/www/.tcshrc': No such file or directory/nfind: '/var/www/.login': No such file or directory/nfind: '/var/www/.login_conf': No such file or directory/nfind: '/var/www/.logout': No such file or directory
2026-09-15 15:55:40 +0100 CMD find /etc/csh.cshrc /etc/csh.login /etc/csh.logout \( -path "/sys" -o -path "/proc/sys/fs/binfmt_misc" -o -path "/root/uac-3.3.0" -o -path "/root/uac_output/uac-data.tmp" \) -prune -o -print 2> find: '/etc/csh.cshrc': No such file or directory/nfind: '/etc/csh.login': No such file or directory/nfind: '/etc/csh.logout': No such file or directory
2026-09-15 15:55:40 +0100 INF Collecting data for user Tom
2026-09-15 15:55:40 +0100 CMD grep -E "HISTFILE=.*" "/home/Tom"/.cshrc "/home/Tom"/.tcshrc "/home/Tom"/.login "/home/Tom"/.login_conf "/home/Tom"/.logout /etc/csh.cshrc /etc/csh.login /etc/csh.logout | sed -e 's|.*HISTFILE=||' -e 's|^~/|/home/Tom/|' 2> grep: /home/Tom/.cshrc: No such file or directory/ngrep: /home/Tom/.tcshrc: No such file or directory/ngrep: /home/Tom/.login: No such file or directory/ngrep: /home/Tom/.login_conf: No such file or directory/ngrep: /home/Tom/.logout: No such file or directory/ngrep: /etc/csh.cshrc: No such file or directory/ngrep: /etc/csh.login: No such file or directory/ngrep: /etc/csh.logout: No such file or directory
2026-09-15 15:55:40 +0100 INF Collecting data for user Tom
2026-09-15 15:55:40 +0100 CMD grep -E "HISTFILE=.*" "/root"/.cshrc "/root"/.tcshrc "/root"/.login "/root"/.login_conf "/root"/.logout /etc/csh.cshrc /etc/csh.login /etc/csh.logout | sed -e 's|.*HISTFILE=||' -e 's|^~/|/root/|' 2> grep: /root/.cshrc: No such file or directory/ngrep: /root/.tcshrc: No such file or directory/ngrep: /root/.login: No such file or directory/ngrep: /root/.login_conf: No such file or directory/ngrep: /root/.logout: No such file or directory/ngrep: /etc/csh.cshrc: No such file or directory/ngrep: /etc/csh.login: No such file or directory/ngrep: /etc/csh.logout: No such file or directory
2026-09-15 15:55:40 +0100 INF Collecting data for user _apt
2026-09-15 15:55:40 +0100 CMD grep -E "HISTFILE=.*" "/nonexistent"/.cshrc "/nonexistent"/.tcshrc "/nonexistent"/.login "/nonexistent"/.login_conf "/nonexistent"/.logout /etc/csh.cshrc /etc/csh.login /etc/csh.logout | sed -e 's|.*HISTFILE=||' -e 's|^~/|/nonexistent/|' 2> grep: /nonexistent/.cshrc: No such file or directory/ngrep: /nonexistent/.tcshrc: No such file or directory/ngrep: /nonexistent/.login: No such file or directory/ngrep: /nonexistent/.login_conf: No such file or directory/ngrep: /nonexistent/.logout: No such file or directory/ngrep: /etc/csh.cshrc: No such file or directory/ngrep: /etc/csh.login: No such file or directory/ngrep: /etc/csh.logout: No such file or directory
2026-09-15 15:55:40 +0100 INF Collecting data for user backup
2026-09-15 15:55:40 +0100 CMD grep -E "HISTFILE=.*" "/var/backups"/.cshrc "/var/backups"/.tcshrc "/var/backups"/.login "/var/backups"/.login_conf "/var/backups"/.logout /etc/csh.cshrc /etc/csh.login /etc/csh.logout | sed -e 's|.*HISTFILE=||' -e 's|^~/|/var/backups/|' 2> grep: /var/backups/.cshrc: No such file or directory/ngrep: /var/backups/.tcshrc: No such file or directory/ngrep: /var/backups/.login: No such file or directory/ngrep: /var/backups/.login_conf: No such file or directory/ngrep: /var/backups/.logout: No such file or directory/ngrep: /etc/csh.cshrc: No such file or directory/ngrep: /etc/csh.login: No such file or directory/ngrep: /etc/csh.logout: No such file or directory
2026-09-15 15:55:40 +0100 INF Collecting data for user bin
2026-09-15 15:55:40 +0100 CMD grep -E "HISTFILE=.*" "/bin"/.cshrc "/bin"/.tcshrc "/bin"/.login "/bin"/.login_conf "/bin"/.logout /etc/csh.cshrc /etc/csh.login /etc/csh.logout | sed -e 's|.*HISTFILE=||' -e 's|^~/|/bin/|' 2> grep: /bin/.cshrc: No such file or directory/ngrep: /bin/.tcshrc: No such file or directory/ngrep: /bin/.login: No such file or directory/ngrep: /bin/.login_conf: No such file or directory/ngrep: /bin/.logout: No such file or directory/ngrep: /etc/csh.cshrc: No such file or directory/ngrep: /etc/csh.login: No such file or directory/ngrep: /etc/csh.logout: No such file or directory
2026-09-15 15:55:40 +0100 INF Collecting data for user daemon
2026-09-15 15:55:40 +0100 CMD grep -E "HISTFILE=.*" "/usr/sbin"/.cshrc "/usr/sbin"/.tcshrc "/usr/sbin"/.login "/usr/sbin"/.login_conf "/usr/sbin"/.logout /etc/csh.cshrc /etc/csh.login /etc/csh.logout | sed -e 's|.*HISTFILE=||' -e 's|^~/|/usr/sbin/|' 2> grep: /usr/sbin/.cshrc: No such file or directory/ngrep: /usr/sbin/.tcshrc: No such file or directory/ngrep: /usr/sbin/.login: No such file or directory/ngrep: /usr/sbin/.login_conf: No such file or directory/ngrep: /usr/sbin/.logout: No such file or directory/ngrep: /etc/csh.cshrc: No such file or directory/ngrep: /etc/csh.login: No such file or directory/ngrep: /etc/csh.logout: No such file or directory
2026-09-15 15:55:40 +0100 INF Collecting data for user games
2026-09-15 15:55:40 +0100 CMD grep -E "HISTFILE=.*" "/usr/games"/.cshrc "/usr/games"/.tcshrc "/usr/games"/.login "/usr/games"/.login_conf "/usr/games"/.logout /etc/csh.cshrc /etc/csh.login /etc/csh.logout | sed -e 's|.*HISTFILE=||' -e 's|^~/|/usr/games/|' 2> grep: /usr/games/.cshrc: No such file or directory/ngrep: /usr/games/.tcshrc: No such file or directory/ngrep: /usr/games/.login: No such file or directory/ngrep: /usr/games/.login_conf: No such file or directory/ngrep: /usr/games/.logout: No such file or directory/ngrep: /etc/csh.cshrc: No such file or directory/ngrep: /etc/csh.login: No such file or directory/ngrep: /etc/csh.logout: No such file or directory
2026-09-15 15:55:40 +0100 INF Collecting data for user irc
2026-09-15 15:55:40 +0100 CMD grep -E "HISTFILE=.*" "/run/ircd"/.cshrc "/run/ircd"/.tcshrc "/run/ircd"/.login "/run/ircd"/.login_conf "/run/ircd"/.logout /etc/csh.cshrc /etc/csh.login /etc/csh.logout | sed -e 's|.*HISTFILE=||' -e 's|^~/|/run/ircd/|' 2> grep: /run/ircd/.cshrc: No such file or directory/ngrep: /run/ircd/.tcshrc: No such file or directory/ngrep: /run/ircd/.login: No such file or directory/ngrep: /run/ircd/.login_conf: No such file or directory/ngrep: /run/ircd/.logout: No such file or directory/ngrep: /etc/csh.cshrc: No such file or directory/ngrep: /etc/csh.login: No such file or directory/ngrep: /etc/csh.logout: No such file or directory
2026-09-15 15:55:40 +0100 INF Collecting data for user list
2026-09-15 15:55:40 +0100 CMD grep -E "HISTFILE=.*" "/var/list"/.cshrc "/var/list"/.tcshrc "/var/list"/.login "/var/list"/.login_conf "/var/list"/.logout /etc/csh.cshrc /etc/csh.login /etc/csh.logout | sed -e 's|.*HISTFILE=||' -e 's|^~/|/var/list/|' 2> grep: /var/list/.cshrc: No such file or directory/ngrep: /var/list/.tcshrc: No such file or directory/ngrep: /var/list/.login: No such file or directory/ngrep: /var/list/.login_conf: No such file or directory/ngrep: /var/list/.logout: No such file or directory/ngrep: /etc/csh.cshrc: No such file or directory/ngrep: /etc/csh.login: No such file or directory/ngrep: /etc/csh.logout: No such file or directory
2026-09-15 15:55:40 +0100 INF Collecting data for user lp
2026-09-15 15:55:40 +0100 CMD grep -E "HISTFILE=.*" "/var/spool/lpd"/.cshrc "/var/spool/lpd"/.tcshrc "/var/spool/lpd"/.login "/var/spool/lpd"/.login_conf "/var/spool/lpd"/.logout /etc/csh.cshrc /etc/csh.login /etc/csh.logout | sed -e 's|.*HISTFILE=||' -e 's|^~/|/var/spool/lpd/|' 2> grep: /var/spool/lpd/.cshrc: No such file or directory/ngrep: /var/spool/lpd/.tcshrc: No such file or directory/ngrep: /var/spool/lpd/.login: No such file or directory/ngrep: /var/spool/lpd/.login_conf: No such file or directory/ngrep: /var/spool/lpd/.logout: No such file or directory/ngrep: /etc/csh.cshrc: No such file or directory/ngrep: /etc/csh.login: No such file or directory/ngrep: /etc/csh.logout: No such file or directory
2026-09-15 15:55:40 +0100 INF Collecting data for user mail
2026-09-15 15:55:40 +0100 CMD grep -E "HISTFILE=.*" "/var/mail"/.cshrc "/var/mail"/.tcshrc "/var/mail"/.login "/var/mail"/.login_conf "/var/mail"/.logout /etc/csh.cshrc /etc/csh.login /etc/csh.logout | sed -e 's|.*HISTFILE=||' -e 's|^~/|/var/mail/|' 2> grep: /var/mail/.cshrc: No such file or directory/ngrep: /var/mail/.tcshrc: No such file or directory/ngrep: /var/mail/.login: No such file or directory/ngrep: /var/mail/.login_conf: No such file or directory/ngrep: /var/mail/.logout: No such file or directory/ngrep: /etc/csh.cshrc: No such file or directory/ngrep: /etc/csh.login: No such file or directory/ngrep: /etc/csh.logout: No such file or directory
2026-09-15 15:55:40 +0100 INF Collecting data for user man
2026-09-15 15:55:40 +0100 CMD grep -E "HISTFILE=.*" "/var/cache/man"/.cshrc "/var/cache/man"/.tcshrc "/var/cache/man"/.login "/var/cache/man"/.login_conf "/var/cache/man"/.logout /etc/csh.cshrc /etc/csh.login /etc/csh.logout | sed -e 's|.*HISTFILE=||' -e 's|^~/|/var/cache/man/|' 2> grep: /var/cache/man/.cshrc: No such file or directory/ngrep: /var/cache/man/.tcshrc: No such file or directory/ngrep: /var/cache/man/.login: No such file or directory/ngrep: /var/cache/man/.login_conf: No such file or directory/ngrep: /var/cache/man/.logout: No such file or directory/ngrep: /etc/csh.cshrc: No such file or directory/ngrep: /etc/csh.login: No such file or directory/ngrep: /etc/csh.logout: No such file or directory
2026-09-15 15:55:40 +0100 INF Collecting data for user messagebus
2026-09-15 15:55:40 +0100 CMD grep -E "HISTFILE=.*" "/nonexistent"/.cshrc "/nonexistent"/.tcshrc "/nonexistent"/.login "/nonexistent"/.login_conf "/nonexistent"/.logout /etc/csh.cshrc /etc/csh.login /etc/csh.logout | sed -e 's|.*HISTFILE=||' -e 's|^~/|/nonexistent/|' 2> grep: /nonexistent/.cshrc: No such file or directory/ngrep: /nonexistent/.tcshrc: No such file or directory/ngrep: /nonexistent/.login: No such file or directory/ngrep: /nonexistent/.login_conf: No such file or directory/ngrep: /nonexistent/.logout: No such file or directory/ngrep: /etc/csh.cshrc: No such file or directory/ngrep: /etc/csh.login: No such file or directory/ngrep: /etc/csh.logout: No such file or directory
2026-09-15 15:55:40 +0100 INF Collecting data for user news
2026-09-15 15:55:40 +0100 CMD grep -E "HISTFILE=.*" "/var/spool/news"/.cshrc "/var/spool/news"/.tcshrc "/var/spool/news"/.login "/var/spool/news"/.login_conf "/var/spool/news"/.logout /etc/csh.cshrc /etc/csh.login /etc/csh.logout | sed -e 's|.*HISTFILE=||' -e 's|^~/|/var/spool/news/|' 2> grep: /var/spool/news/.cshrc: No such file or directory/ngrep: /var/spool/news/.tcshrc: No such file or directory/ngrep: /var/spool/news/.login: No such file or directory/ngrep: /var/spool/news/.login_conf: No such file or directory/ngrep: /var/spool/news/.logout: No such file or directory/ngrep: /etc/csh.cshrc: No such file or directory/ngrep: /etc/csh.login: No such file or directory/ngrep: /etc/csh.logout: No such file or directory
2026-09-15 15:55:40 +0100 INF Collecting data for user nobody
2026-09-15 15:55:40 +0100 CMD grep -E "HISTFILE=.*" "/nonexistent"/.cshrc "/nonexistent"/.tcshrc "/nonexistent"/.login "/nonexistent"/.login_conf "/nonexistent"/.logout /etc/csh.cshrc /etc/csh.login /etc/csh.logout | sed -e 's|.*HISTFILE=||' -e 's|^~/|/nonexistent/|' 2> grep: /nonexistent/.cshrc: No such file or directory/ngrep: /nonexistent/.tcshrc: No such file or directory/ngrep: /nonexistent/.login: No such file or directory/ngrep: /nonexistent/.login_conf: No such file or directory/ngrep: /nonexistent/.logout: No such file or directory/ngrep: /etc/csh.cshrc: No such file or directory/ngrep: /etc/csh.login: No such file or directory/ngrep: /etc/csh.logout: No such file or directory
2026-09-15 15:55:40 +0100 INF Collecting data for user proxy
2026-09-15 15:55:40 +0100 CMD grep -E "HISTFILE=.*" "/bin"/.cshrc "/bin"/.tcshrc "/bin"/.login "/bin"/.login_conf "/bin"/.logout /etc/csh.cshrc /etc/csh.login /etc/csh.logout | sed -e 's|.*HISTFILE=||' -e 's|^~/|/bin/|' 2> grep: /bin/.cshrc: No such file or directory/ngrep: /bin/.tcshrc: No such file or directory/ngrep: /bin/.login: No such file or directory/ngrep: /bin/.login_conf: No such file or directory/ngrep: /bin/.logout: No such file or directory/ngrep: /etc/csh.cshrc: No such file or directory/ngrep: /etc/csh.login: No such file or directory/ngrep: /etc/csh.logout: No such file or directory
2026-09-15 15:55:40 +0100 INF Collecting data for user root
2026-09-15 15:55:40 +0100 CMD grep -E "HISTFILE=.*" "/root"/.cshrc "/root"/.tcshrc "/root"/.login "/root"/.login_conf "/root"/.logout /etc/csh.cshrc /etc/csh.login /etc/csh.logout | sed -e 's|.*HISTFILE=||' -e 's|^~/|/root/|' 2> grep: /root/.cshrc: No such file or directory/ngrep: /root/.tcshrc: No such file or directory/ngrep: /root/.login: No such file or directory/ngrep: /root/.login_conf: No such file or directory/ngrep: /root/.logout: No such file or directory/ngrep: /etc/csh.cshrc: No such file or directory/ngrep: /etc/csh.login: No such file or directory/ngrep: /etc/csh.logout: No such file or directory
2026-09-15 15:55:40 +0100 INF Collecting data for user sshd
2026-09-15 15:55:40 +0100 CMD grep -E "HISTFILE=.*" "/run/sshd"/.cshrc "/run/sshd"/.tcshrc "/run/sshd"/.login "/run/sshd"/.login_conf "/run/sshd"/.logout /etc/csh.cshrc /etc/csh.login /etc/csh.logout | sed -e 's|.*HISTFILE=||' -e 's|^~/|/run/sshd/|' 2> grep: /run/sshd/.cshrc: No such file or directory/ngrep: /run/sshd/.tcshrc: No such file or directory/ngrep: /run/sshd/.login: No such file or directory/ngrep: /run/sshd/.login_conf: No such file or directory/ngrep: /run/sshd/.logout: No such file or directory/ngrep: /etc/csh.cshrc: No such file or directory/ngrep: /etc/csh.login: No such file or directory/ngrep: /etc/csh.logout: No such file or directory
2026-09-15 15:55:40 +0100 INF Collecting data for user sync
2026-09-15 15:55:40 +0100 CMD grep -E "HISTFILE=.*" "/bin"/.cshrc "/bin"/.tcshrc "/bin"/.login "/bin"/.login_conf "/bin"/.logout /etc/csh.cshrc /etc/csh.login /etc/csh.logout | sed -e 's|.*HISTFILE=||' -e 's|^~/|/bin/|' 2> grep: /bin/.cshrc: No such file or directory/ngrep: /bin/.tcshrc: No such file or directory/ngrep: /bin/.login: No such file or directory/ngrep: /bin/.login_conf: No such file or directory/ngrep: /bin/.logout: No such file or directory/ngrep: /etc/csh.cshrc: No such file or directory/ngrep: /etc/csh.login: No such file or directory/ngrep: /etc/csh.logout: No such file or directory
2026-09-15 15:55:40 +0100 INF Collecting data for user sys
2026-09-15 15:55:40 +0100 CMD grep -E "HISTFILE=.*" "/dev"/.cshrc "/dev"/.tcshrc "/dev"/.login "/dev"/.login_conf "/dev"/.logout /etc/csh.cshrc /etc/csh.login /etc/csh.logout | sed -e 's|.*HISTFILE=||' -e 's|^~/|/dev/|' 2> grep: /dev/.cshrc: No such file or directory/ngrep: /dev/.tcshrc: No such file or directory/ngrep: /dev/.login: No such file or directory/ngrep: /dev/.login_conf: No such file or directory/ngrep: /dev/.logout: No such file or directory/ngrep: /etc/csh.cshrc: No such file or directory/ngrep: /etc/csh.login: No such file or directory/ngrep: /etc/csh.logout: No such file or directory
2026-09-15 15:55:40 +0100 INF Collecting data for user systemd-network
2026-09-15 15:55:40 +0100 CMD grep -E "HISTFILE=.*" "/"/.cshrc "/"/.tcshrc "/"/.login "/"/.login_conf "/"/.logout /etc/csh.cshrc /etc/csh.login /etc/csh.logout | sed -e 's|.*HISTFILE=||' -e 's|^~/|//|' 2> grep: //.cshrc: No such file or directory/ngrep: //.tcshrc: No such file or directory/ngrep: //.login: No such file or directory/ngrep: //.login_conf: No such file or directory/ngrep: //.logout: No such file or directory/ngrep: /etc/csh.cshrc: No such file or directory/ngrep: /etc/csh.login: No such file or directory/ngrep: /etc/csh.logout: No such file or directory
2026-09-15 15:55:40 +0100 INF Collecting data for user systemd-timesync
2026-09-15 15:55:40 +0100 CMD grep -E "HISTFILE=.*" "/"/.cshrc "/"/.tcshrc "/"/.login "/"/.login_conf "/"/.logout /etc/csh.cshrc /etc/csh.login /etc/csh.logout | sed -e 's|.*HISTFILE=||' -e 's|^~/|//|' 2> grep: //.cshrc: No such file or directory/ngrep: //.tcshrc: No such file or directory/ngrep: //.login: No such file or directory/ngrep: //.login_conf: No such file or directory/ngrep: //.logout: No such file or directory/ngrep: /etc/csh.cshrc: No such file or directory/ngrep: /etc/csh.login: No such file or directory/ngrep: /etc/csh.logout: No such file or directory
2026-09-15 15:55:40 +0100 INF Collecting data for user uucp
2026-09-15 15:55:40 +0100 CMD grep -E "HISTFILE=.*" "/var/spool/uucp"/.cshrc "/var/spool/uucp"/.tcshrc "/var/spool/uucp"/.login "/var/spool/uucp"/.login_conf "/var/spool/uucp"/.logout /etc/csh.cshrc /etc/csh.login /etc/csh.logout | sed -e 's|.*HISTFILE=||' -e 's|^~/|/var/spool/uucp/|' 2> grep: /var/spool/uucp/.cshrc: No such file or directory/ngrep: /var/spool/uucp/.tcshrc: No such file or directory/ngrep: /var/spool/uucp/.login: No such file or directory/ngrep: /var/spool/uucp/.login_conf: No such file or directory/ngrep: /var/spool/uucp/.logout: No such file or directory/ngrep: /etc/csh.cshrc: No such file or directory/ngrep: /etc/csh.login: No such file or directory/ngrep: /etc/csh.logout: No such file or directory
2026-09-15 15:55:40 +0100 INF Collecting data for user www-data
2026-09-15 15:55:40 +0100 CMD grep -E "HISTFILE=.*" "/var/www"/.cshrc "/var/www"/.tcshrc "/var/www"/.login "/var/www"/.login_conf "/var/www"/.logout /etc/csh.cshrc /etc/csh.login /etc/csh.logout | sed -e 's|.*HISTFILE=||' -e 's|^~/|/var/www/|' 2> grep: /var/www/.cshrc: No such file or directory/ngrep: /var/www/.tcshrc: No such file or directory/ngrep: /var/www/.login: No such file or directory/ngrep: /var/www/.login_conf: No such file or directory/ngrep: /var/www/.logout: No such file or directory/ngrep: /etc/csh.cshrc: No such file or directory/ngrep: /etc/csh.login: No such file or directory/ngrep: /etc/csh.logout: No such file or directory
2026-09-15 15:55:40 +0100 ERR _find_based_collector: No such file or directory: '/root/uac_output/uac-data.tmp/tmp/files/shell/tcsh_histfile.txt'
2026-09-15 15:55:40 +0100 INF Parsing files/shell/common.yaml
2026-09-15 15:55:40 +0100 CMD find /etc/.login /etc/profile /etc/shells /etc/profile.d/* \( -path "/sys" -o -path "/proc/sys/fs/binfmt_misc" -o -path "/root/uac-3.3.0" -o -path "/root/uac_output/uac-data.tmp" \) -prune -o -print 2> find: '/etc/.login': No such file or directory
2026-09-15 15:55:41 +0100 INF Collecting data for user Tom
2026-09-15 15:55:41 +0100 CMD grep -E "^HISTFILE=.*" /etc/profile | sed -e 's|.*HISTFILE=||' -e 's|^~/|/home/Tom/|'
2026-09-15 15:55:41 +0100 INF Collecting data for user Tom
2026-09-15 15:55:41 +0100 CMD grep -E "^HISTFILE=.*" /etc/profile | sed -e 's|.*HISTFILE=||' -e 's|^~/|/root/|'
2026-09-15 15:55:41 +0100 INF Collecting data for user _apt
2026-09-15 15:55:41 +0100 CMD grep -E "^HISTFILE=.*" /etc/profile | sed -e 's|.*HISTFILE=||' -e 's|^~/|/nonexistent/|'
2026-09-15 15:55:41 +0100 INF Collecting data for user backup
2026-09-15 15:55:41 +0100 CMD grep -E "^HISTFILE=.*" /etc/profile | sed -e 's|.*HISTFILE=||' -e 's|^~/|/var/backups/|'
2026-09-15 15:55:41 +0100 INF Collecting data for user bin
2026-09-15 15:55:41 +0100 CMD grep -E "^HISTFILE=.*" /etc/profile | sed -e 's|.*HISTFILE=||' -e 's|^~/|/bin/|'
2026-09-15 15:55:41 +0100 INF Collecting data for user daemon
2026-09-15 15:55:41 +0100 CMD grep -E "^HISTFILE=.*" /etc/profile | sed -e 's|.*HISTFILE=||' -e 's|^~/|/usr/sbin/|'
2026-09-15 15:55:41 +0100 INF Collecting data for user games
2026-09-15 15:55:41 +0100 CMD grep -E "^HISTFILE=.*" /etc/profile | sed -e 's|.*HISTFILE=||' -e 's|^~/|/usr/games/|'
2026-09-15 15:55:41 +0100 INF Collecting data for user irc
2026-09-15 15:55:41 +0100 CMD grep -E "^HISTFILE=.*" /etc/profile | sed -e 's|.*HISTFILE=||' -e 's|^~/|/run/ircd/|'
2026-09-15 15:55:41 +0100 INF Collecting data for user list
2026-09-15 15:55:41 +0100 CMD grep -E "^HISTFILE=.*" /etc/profile | sed -e 's|.*HISTFILE=||' -e 's|^~/|/var/list/|'
2026-09-15 15:55:41 +0100 INF Collecting data for user lp
2026-09-15 15:55:41 +0100 CMD grep -E "^HISTFILE=.*" /etc/profile | sed -e 's|.*HISTFILE=||' -e 's|^~/|/var/spool/lpd/|'
2026-09-15 15:55:41 +0100 INF Collecting data for user mail
2026-09-15 15:55:41 +0100 CMD grep -E "^HISTFILE=.*" /etc/profile | sed -e 's|.*HISTFILE=||' -e 's|^~/|/var/mail/|'
2026-09-15 15:55:41 +0100 INF Collecting data for user man
2026-09-15 15:55:41 +0100 CMD grep -E "^HISTFILE=.*" /etc/profile | sed -e 's|.*HISTFILE=||' -e 's|^~/|/var/cache/man/|'
2026-09-15 15:55:41 +0100 INF Collecting data for user messagebus
2026-09-15 15:55:41 +0100 CMD grep -E "^HISTFILE=.*" /etc/profile | sed -e 's|.*HISTFILE=||' -e 's|^~/|/nonexistent/|'
2026-09-15 15:55:41 +0100 INF Collecting data for user news
2026-09-15 15:55:41 +0100 CMD grep -E "^HISTFILE=.*" /etc/profile | sed -e 's|.*HISTFILE=||' -e 's|^~/|/var/spool/news/|'
2026-09-15 15:55:41 +0100 INF Collecting data for user nobody
2026-09-15 15:55:41 +0100 CMD grep -E "^HISTFILE=.*" /etc/profile | sed -e 's|.*HISTFILE=||' -e 's|^~/|/nonexistent/|'
2026-09-15 15:55:41 +0100 INF Collecting data for user proxy
2026-09-15 15:55:41 +0100 CMD grep -E "^HISTFILE=.*" /etc/profile | sed -e 's|.*HISTFILE=||' -e 's|^~/|/bin/|'
2026-09-15 15:55:41 +0100 INF Collecting data for user root
2026-09-15 15:55:41 +0100 CMD grep -E "^HISTFILE=.*" /etc/profile | sed -e 's|.*HISTFILE=||' -e 's|^~/|/root/|'
2026-09-15 15:55:41 +0100 INF Collecting data for user sshd
2026-09-15 15:55:41 +0100 CMD grep -E "^HISTFILE=.*" /etc/profile | sed -e 's|.*HISTFILE=||' -e 's|^~/|/run/sshd/|'
2026-09-15 15:55:41 +0100 INF Collecting data for user sync
2026-09-15 15:55:41 +0100 CMD grep -E "^HISTFILE=.*" /etc/profile | sed -e 's|.*HISTFILE=||' -e 's|^~/|/bin/|'
2026-09-15 15:55:41 +0100 INF Collecting data for user sys
2026-09-15 15:55:41 +0100 CMD grep -E "^HISTFILE=.*" /etc/profile | sed -e 's|.*HISTFILE=||' -e 's|^~/|/dev/|'
2026-09-15 15:55:41 +0100 INF Collecting data for user systemd-network
2026-09-15 15:55:41 +0100 CMD grep -E "^HISTFILE=.*" /etc/profile | sed -e 's|.*HISTFILE=||' -e 's|^~/|//|'
2026-09-15 15:55:41 +0100 INF Collecting data for user systemd-timesync
2026-09-15 15:55:41 +0100 CMD grep -E "^HISTFILE=.*" /etc/profile | sed -e 's|.*HISTFILE=||' -e 's|^~/|//|'
2026-09-15 15:55:41 +0100 INF Collecting data for user uucp
2026-09-15 15:55:41 +0100 CMD grep -E "^HISTFILE=.*" /etc/profile | sed -e 's|.*HISTFILE=||' -e 's|^~/|/var/spool/uucp/|'
2026-09-15 15:55:41 +0100 INF Collecting data for user www-data
2026-09-15 15:55:41 +0100 CMD grep -E "^HISTFILE=.*" /etc/profile | sed -e 's|.*HISTFILE=||' -e 's|^~/|/var/www/|'
2026-09-15 15:55:41 +0100 ERR _find_based_collector: No such file or directory: '/root/uac_output/uac-data.tmp/tmp/files/shell/common_histfile.txt'
2026-09-15 15:55:41 +0100 INF Parsing files/shell/ksh.yaml
2026-09-15 15:55:41 +0100 INF Collecting data for user Tom
2026-09-15 15:55:41 +0100 CMD find "/home/Tom"/.sh_history "/home/Tom"/.sh_history.* \( -path "/sys" -o -path "/proc/sys/fs/binfmt_misc" -o -path "/root/uac-3.3.0" -o -path "/root/uac_output/uac-data.tmp" \) -prune -o -print 2> find: '/home/Tom/.sh_history': No such file or directory/nfind: '/home/Tom/.sh_history.*': No such file or directory
2026-09-15 15:55:41 +0100 INF Collecting data for user Tom
2026-09-15 15:55:41 +0100 CMD find "/root"/.sh_history "/root"/.sh_history.* \( -path "/sys" -o -path "/proc/sys/fs/binfmt_misc" -o -path "/root/uac-3.3.0" -o -path "/root/uac_output/uac-data.tmp" \) -prune -o -print 2> find: '/root/.sh_history': No such file or directory/nfind: '/root/.sh_history.*': No such file or directory
2026-09-15 15:55:41 +0100 INF Collecting data for user _apt
2026-09-15 15:55:41 +0100 CMD find "/nonexistent"/.sh_history "/nonexistent"/.sh_history.* \( -path "/sys" -o -path "/proc/sys/fs/binfmt_misc" -o -path "/root/uac-3.3.0" -o -path "/root/uac_output/uac-data.tmp" \) -prune -o -print 2> find: '/nonexistent/.sh_history': No such file or directory/nfind: '/nonexistent/.sh_history.*': No such file or directory
2026-09-15 15:55:41 +0100 INF Collecting data for user backup
2026-09-15 15:55:41 +0100 CMD find "/var/backups"/.sh_history "/var/backups"/.sh_history.* \( -path "/sys" -o -path "/proc/sys/fs/binfmt_misc" -o -path "/root/uac-3.3.0" -o -path "/root/uac_output/uac-data.tmp" \) -prune -o -print 2> find: '/var/backups/.sh_history': No such file or directory/nfind: '/var/backups/.sh_history.*': No such file or directory
2026-09-15 15:55:41 +0100 INF Collecting data for user bin
2026-09-15 15:55:42 +0100 CMD find "/bin"/.sh_history "/bin"/.sh_history.* \( -path "/sys" -o -path "/proc/sys/fs/binfmt_misc" -o -path "/root/uac-3.3.0" -o -path "/root/uac_output/uac-data.tmp" \) -prune -o -print 2> find: '/bin/.sh_history': No such file or directory/nfind: '/bin/.sh_history.*': No such file or directory
2026-09-15 15:55:42 +0100 INF Collecting data for user daemon
2026-09-15 15:55:42 +0100 CMD find "/usr/sbin"/.sh_history "/usr/sbin"/.sh_history.* \( -path "/sys" -o -path "/proc/sys/fs/binfmt_misc" -o -path "/root/uac-3.3.0" -o -path "/root/uac_output/uac-data.tmp" \) -prune -o -print 2> find: '/usr/sbin/.sh_history': No such file or directory/nfind: '/usr/sbin/.sh_history.*': No such file or directory
2026-09-15 15:55:42 +0100 INF Collecting data for user games
2026-09-15 15:55:42 +0100 CMD find "/usr/games"/.sh_history "/usr/games"/.sh_history.* \( -path "/sys" -o -path "/proc/sys/fs/binfmt_misc" -o -path "/root/uac-3.3.0" -o -path "/root/uac_output/uac-data.tmp" \) -prune -o -print 2> find: '/usr/games/.sh_history': No such file or directory/nfind: '/usr/games/.sh_history.*': No such file or directory
2026-09-15 15:55:42 +0100 INF Collecting data for user irc
2026-09-15 15:55:42 +0100 CMD find "/run/ircd"/.sh_history "/run/ircd"/.sh_history.* \( -path "/sys" -o -path "/proc/sys/fs/binfmt_misc" -o -path "/root/uac-3.3.0" -o -path "/root/uac_output/uac-data.tmp" \) -prune -o -print 2> find: '/run/ircd/.sh_history': No such file or directory/nfind: '/run/ircd/.sh_history.*': No such file or directory
2026-09-15 15:55:42 +0100 INF Collecting data for user list
2026-09-15 15:55:42 +0100 CMD find "/var/list"/.sh_history "/var/list"/.sh_history.* \( -path "/sys" -o -path "/proc/sys/fs/binfmt_misc" -o -path "/root/uac-3.3.0" -o -path "/root/uac_output/uac-data.tmp" \) -prune -o -print 2> find: '/var/list/.sh_history': No such file or directory/nfind: '/var/list/.sh_history.*': No such file or directory
2026-09-15 15:55:42 +0100 INF Collecting data for user lp
2026-09-15 15:55:42 +0100 CMD find "/var/spool/lpd"/.sh_history "/var/spool/lpd"/.sh_history.* \( -path "/sys" -o -path "/proc/sys/fs/binfmt_misc" -o -path "/root/uac-3.3.0" -o -path "/root/uac_output/uac-data.tmp" \) -prune -o -print 2> find: '/var/spool/lpd/.sh_history': No such file or directory/nfind: '/var/spool/lpd/.sh_history.*': No such file or directory
2026-09-15 15:55:42 +0100 INF Collecting data for user mail
2026-09-15 15:55:42 +0100 CMD find "/var/mail"/.sh_history "/var/mail"/.sh_history.* \( -path "/sys" -o -path "/proc/sys/fs/binfmt_misc" -o -path "/root/uac-3.3.0" -o -path "/root/uac_output/uac-data.tmp" \) -prune -o -print 2> find: '/var/mail/.sh_history': No such file or directory/nfind: '/var/mail/.sh_history.*': No such file or directory
2026-09-15 15:55:42 +0100 INF Collecting data for user man
2026-09-15 15:55:42 +0100 CMD find "/var/cache/man"/.sh_history "/var/cache/man"/.sh_history.* \( -path "/sys" -o -path "/proc/sys/fs/binfmt_misc" -o -path "/root/uac-3.3.0" -o -path "/root/uac_output/uac-data.tmp" \) -prune -o -print 2> find: '/var/cache/man/.sh_history': No such file or directory/nfind: '/var/cache/man/.sh_history.*': No such file or directory
2026-09-15 15:55:42 +0100 INF Collecting data for user messagebus
2026-09-15 15:55:42 +0100 INF Skipping as home directory "/nonexistent"/.sh_history "/nonexistent"/.sh_history.* has been collected already
2026-09-15 15:55:42 +0100 INF Collecting data for user news
2026-09-15 15:55:42 +0100 CMD find "/var/spool/news"/.sh_history "/var/spool/news"/.sh_history.* \( -path "/sys" -o -path "/proc/sys/fs/binfmt_misc" -o -path "/root/uac-3.3.0" -o -path "/root/uac_output/uac-data.tmp" \) -prune -o -print 2> find: '/var/spool/news/.sh_history': No such file or directory/nfind: '/var/spool/news/.sh_history.*': No such file or directory
2026-09-15 15:55:42 +0100 INF Collecting data for user nobody
2026-09-15 15:55:42 +0100 INF Skipping as home directory "/nonexistent"/.sh_history "/nonexistent"/.sh_history.* has been collected already
2026-09-15 15:55:42 +0100 INF Collecting data for user proxy
2026-09-15 15:55:42 +0100 INF Skipping as home directory "/bin"/.sh_history "/bin"/.sh_history.* has been collected already
2026-09-15 15:55:42 +0100 INF Collecting data for user root
2026-09-15 15:55:42 +0100 INF Skipping as home directory "/root"/.sh_history "/root"/.sh_history.* has been collected already
2026-09-15 15:55:42 +0100 INF Collecting data for user sshd
2026-09-15 15:55:42 +0100 CMD find "/run/sshd"/.sh_history "/run/sshd"/.sh_history.* \( -path "/sys" -o -path "/proc/sys/fs/binfmt_misc" -o -path "/root/uac-3.3.0" -o -path "/root/uac_output/uac-data.tmp" \) -prune -o -print 2> find: '/run/sshd/.sh_history': No such file or directory/nfind: '/run/sshd/.sh_history.*': No such file or directory
2026-09-15 15:55:42 +0100 INF Collecting data for user sync
2026-09-15 15:55:42 +0100 INF Skipping as home directory "/bin"/.sh_history "/bin"/.sh_history.* has been collected already
2026-09-15 15:55:42 +0100 INF Collecting data for user sys
2026-09-15 15:55:42 +0100 CMD find "/dev"/.sh_history "/dev"/.sh_history.* \( -path "/sys" -o -path "/proc/sys/fs/binfmt_misc" -o -path "/root/uac-3.3.0" -o -path "/root/uac_output/uac-data.tmp" \) -prune -o -print 2> find: '/dev/.sh_history': No such file or directory/nfind: '/dev/.sh_history.*': No such file or directory
2026-09-15 15:55:42 +0100 INF Collecting data for user systemd-network
2026-09-15 15:55:42 +0100 CMD find "/"/.sh_history "/"/.sh_history.* \( -path "/sys" -o -path "/proc/sys/fs/binfmt_misc" -o -path "/root/uac-3.3.0" -o -path "/root/uac_output/uac-data.tmp" \) -prune -o -print 2> find: '//.sh_history': No such file or directory/nfind: '//.sh_history.*': No such file or directory
2026-09-15 15:55:42 +0100 INF Collecting data for user systemd-timesync
2026-09-15 15:55:42 +0100 INF Skipping as home directory "/"/.sh_history "/"/.sh_history.* has been collected already
2026-09-15 15:55:42 +0100 INF Collecting data for user uucp
2026-09-15 15:55:42 +0100 CMD find "/var/spool/uucp"/.sh_history "/var/spool/uucp"/.sh_history.* \( -path "/sys" -o -path "/proc/sys/fs/binfmt_misc" -o -path "/root/uac-3.3.0" -o -path "/root/uac_output/uac-data.tmp" \) -prune -o -print 2> find: '/var/spool/uucp/.sh_history': No such file or directory/nfind: '/var/spool/uucp/.sh_history.*': No such file or directory
2026-09-15 15:55:42 +0100 INF Collecting data for user www-data
2026-09-15 15:55:42 +0100 CMD find "/var/www"/.sh_history "/var/www"/.sh_history.* \( -path "/sys" -o -path "/proc/sys/fs/binfmt_misc" -o -path "/root/uac-3.3.0" -o -path "/root/uac_output/uac-data.tmp" \) -prune -o -print 2> find: '/var/www/.sh_history': No such file or directory/nfind: '/var/www/.sh_history.*': No such file or directory
2026-09-15 15:55:42 +0100 INF Collecting data for user Tom
2026-09-15 15:55:42 +0100 CMD find "/home/Tom"/.shrc "/home/Tom"/.kshrc "/home/Tom"/.profile \( -path "/sys" -o -path "/proc/sys/fs/binfmt_misc" -o -path "/root/uac-3.3.0" -o -path "/root/uac_output/uac-data.tmp" \) -prune -o -print 2> find: '/home/Tom/.shrc': No such file or directory/nfind: '/home/Tom/.kshrc': No such file or directory
2026-09-15 15:55:42 +0100 INF Collecting data for user Tom
2026-09-15 15:55:42 +0100 CMD find "/root"/.shrc "/root"/.kshrc "/root"/.profile \( -path "/sys" -o -path "/proc/sys/fs/binfmt_misc" -o -path "/root/uac-3.3.0" -o -path "/root/uac_output/uac-data.tmp" \) -prune -o -print 2> find: '/root/.shrc': No such file or directory/nfind: '/root/.kshrc': No such file or directory
2026-09-15 15:55:42 +0100 INF Collecting data for user _apt
2026-09-15 15:55:42 +0100 CMD find "/nonexistent"/.shrc "/nonexistent"/.kshrc "/nonexistent"/.profile \( -path "/sys" -o -path "/proc/sys/fs/binfmt_misc" -o -path "/root/uac-3.3.0" -o -path "/root/uac_output/uac-data.tmp" \) -prune -o -print 2> find: '/nonexistent/.shrc': No such file or directory/nfind: '/nonexistent/.kshrc': No such file or directory/nfind: '/nonexistent/.profile': No such file or directory
2026-09-15 15:55:42 +0100 INF Collecting data for user backup
2026-09-15 15:55:42 +0100 CMD find "/var/backups"/.shrc "/var/backups"/.kshrc "/var/backups"/.profile \( -path "/sys" -o -path "/proc/sys/fs/binfmt_misc" -o -path "/root/uac-3.3.0" -o -path "/root/uac_output/uac-data.tmp" \) -prune -o -print 2> find: '/var/backups/.shrc': No such file or directory/nfind: '/var/backups/.kshrc': No such file or directory/nfind: '/var/backups/.profile': No such file or directory
2026-09-15 15:55:42 +0100 INF Collecting data for user bin
2026-09-15 15:55:42 +0100 CMD find "/bin"/.shrc "/bin"/.kshrc "/bin"/.profile \( -path "/sys" -o -path "/proc/sys/fs/binfmt_misc" -o -path "/root/uac-3.3.0" -o -path "/root/uac_output/uac-data.tmp" \) -prune -o -print 2> find: '/bin/.shrc': No such file or directory/nfind: '/bin/.kshrc': No such file or directory/nfind: '/bin/.profile': No such file or directory
2026-09-15 15:55:42 +0100 INF Collecting data for user daemon
2026-09-15 15:55:42 +0100 CMD find "/usr/sbin"/.shrc "/usr/sbin"/.kshrc "/usr/sbin"/.profile \( -path "/sys" -o -path "/proc/sys/fs/binfmt_misc" -o -path "/root/uac-3.3.0" -o -path "/root/uac_output/uac-data.tmp" \) -prune -o -print 2> find: '/usr/sbin/.shrc': No such file or directory/nfind: '/usr/sbin/.kshrc': No such file or directory/nfind: '/usr/sbin/.profile': No such file or directory
2026-09-15 15:55:42 +0100 INF Collecting data for user games
2026-09-15 15:55:42 +0100 CMD find "/usr/games"/.shrc "/usr/games"/.kshrc "/usr/games"/.profile \( -path "/sys" -o -path "/proc/sys/fs/binfmt_misc" -o -path "/root/uac-3.3.0" -o -path "/root/uac_output/uac-data.tmp" \) -prune -o -print 2> find: '/usr/games/.shrc': No such file or directory/nfind: '/usr/games/.kshrc': No such file or directory/nfind: '/usr/games/.profile': No such file or directory
2026-09-15 15:55:42 +0100 INF Collecting data for user irc
2026-09-15 15:55:42 +0100 CMD find "/run/ircd"/.shrc "/run/ircd"/.kshrc "/run/ircd"/.profile \( -path "/sys" -o -path "/proc/sys/fs/binfmt_misc" -o -path "/root/uac-3.3.0" -o -path "/root/uac_output/uac-data.tmp" \) -prune -o -print 2> find: '/run/ircd/.shrc': No such file or directory/nfind: '/run/ircd/.kshrc': No such file or directory/nfind: '/run/ircd/.profile': No such file or directory
2026-09-15 15:55:42 +0100 INF Collecting data for user list
2026-09-15 15:55:42 +0100 CMD find "/var/list"/.shrc "/var/list"/.kshrc "/var/list"/.profile \( -path "/sys" -o -path "/proc/sys/fs/binfmt_misc" -o -path "/root/uac-3.3.0" -o -path "/root/uac_output/uac-data.tmp" \) -prune -o -print 2> find: '/var/list/.shrc': No such file or directory/nfind: '/var/list/.kshrc': No such file or directory/nfind: '/var/list/.profile': No such file or directory
2026-09-15 15:55:42 +0100 INF Collecting data for user lp
2026-09-15 15:55:42 +0100 CMD find "/var/spool/lpd"/.shrc "/var/spool/lpd"/.kshrc "/var/spool/lpd"/.profile \( -path "/sys" -o -path "/proc/sys/fs/binfmt_misc" -o -path "/root/uac-3.3.0" -o -path "/root/uac_output/uac-data.tmp" \) -prune -o -print 2> find: '/var/spool/lpd/.shrc': No such file or directory/nfind: '/var/spool/lpd/.kshrc': No such file or directory/nfind: '/var/spool/lpd/.profile': No such file or directory
2026-09-15 15:55:42 +0100 INF Collecting data for user mail
2026-09-15 15:55:43 +0100 CMD find "/var/mail"/.shrc "/var/mail"/.kshrc "/var/mail"/.profile \( -path "/sys" -o -path "/proc/sys/fs/binfmt_misc" -o -path "/root/uac-3.3.0" -o -path "/root/uac_output/uac-data.tmp" \) -prune -o -print 2> find: '/var/mail/.shrc': No such file or directory/nfind: '/var/mail/.kshrc': No such file or directory/nfind: '/var/mail/.profile': No such file or directory
2026-09-15 15:55:43 +0100 INF Collecting data for user man
2026-09-15 15:55:43 +0100 CMD find "/var/cache/man"/.shrc "/var/cache/man"/.kshrc "/var/cache/man"/.profile \( -path "/sys" -o -path "/proc/sys/fs/binfmt_misc" -o -path "/root/uac-3.3.0" -o -path "/root/uac_output/uac-data.tmp" \) -prune -o -print 2> find: '/var/cache/man/.shrc': No such file or directory/nfind: '/var/cache/man/.kshrc': No such file or directory/nfind: '/var/cache/man/.profile': No such file or directory
2026-09-15 15:55:43 +0100 INF Collecting data for user messagebus
2026-09-15 15:55:43 +0100 INF Skipping as home directory "/nonexistent"/.shrc "/nonexistent"/.kshrc "/nonexistent"/.profile has been collected already
2026-09-15 15:55:43 +0100 INF Collecting data for user news
2026-09-15 15:55:43 +0100 CMD find "/var/spool/news"/.shrc "/var/spool/news"/.kshrc "/var/spool/news"/.profile \( -path "/sys" -o -path "/proc/sys/fs/binfmt_misc" -o -path "/root/uac-3.3.0" -o -path "/root/uac_output/uac-data.tmp" \) -prune -o -print 2> find: '/var/spool/news/.shrc': No such file or directory/nfind: '/var/spool/news/.kshrc': No such file or directory/nfind: '/var/spool/news/.profile': No such file or directory
2026-09-15 15:55:43 +0100 INF Collecting data for user nobody
2026-09-15 15:55:43 +0100 INF Skipping as home directory "/nonexistent"/.shrc "/nonexistent"/.kshrc "/nonexistent"/.profile has been collected already
2026-09-15 15:55:43 +0100 INF Collecting data for user proxy
2026-09-15 15:55:43 +0100 INF Skipping as home directory "/bin"/.shrc "/bin"/.kshrc "/bin"/.profile has been collected already
2026-09-15 15:55:43 +0100 INF Collecting data for user root
2026-09-15 15:55:43 +0100 INF Skipping as home directory "/root"/.shrc "/root"/.kshrc "/root"/.profile has been collected already
2026-09-15 15:55:43 +0100 INF Collecting data for user sshd
2026-09-15 15:55:43 +0100 CMD find "/run/sshd"/.shrc "/run/sshd"/.kshrc "/run/sshd"/.profile \( -path "/sys" -o -path "/proc/sys/fs/binfmt_misc" -o -path "/root/uac-3.3.0" -o -path "/root/uac_output/uac-data.tmp" \) -prune -o -print 2> find: '/run/sshd/.shrc': No such file or directory/nfind: '/run/sshd/.kshrc': No such file or directory/nfind: '/run/sshd/.profile': No such file or directory
2026-09-15 15:55:43 +0100 INF Collecting data for user sync
2026-09-15 15:55:43 +0100 INF Skipping as home directory "/bin"/.shrc "/bin"/.kshrc "/bin"/.profile has been collected already
2026-09-15 15:55:43 +0100 INF Collecting data for user sys
2026-09-15 15:55:43 +0100 CMD find "/dev"/.shrc "/dev"/.kshrc "/dev"/.profile \( -path "/sys" -o -path "/proc/sys/fs/binfmt_misc" -o -path "/root/uac-3.3.0" -o -path "/root/uac_output/uac-data.tmp" \) -prune -o -print 2> find: '/dev/.shrc': No such file or directory/nfind: '/dev/.kshrc': No such file or directory/nfind: '/dev/.profile': No such file or directory
2026-09-15 15:55:43 +0100 INF Collecting data for user systemd-network
2026-09-15 15:55:43 +0100 CMD find "/"/.shrc "/"/.kshrc "/"/.profile \( -path "/sys" -o -path "/proc/sys/fs/binfmt_misc" -o -path "/root/uac-3.3.0" -o -path "/root/uac_output/uac-data.tmp" \) -prune -o -print 2> find: '//.shrc': No such file or directory/nfind: '//.kshrc': No such file or directory/nfind: '//.profile': No such file or directory
2026-09-15 15:55:43 +0100 INF Collecting data for user systemd-timesync
2026-09-15 15:55:43 +0100 INF Skipping as home directory "/"/.shrc "/"/.kshrc "/"/.profile has been collected already
2026-09-15 15:55:43 +0100 INF Collecting data for user uucp
2026-09-15 15:55:43 +0100 CMD find "/var/spool/uucp"/.shrc "/var/spool/uucp"/.kshrc "/var/spool/uucp"/.profile \( -path "/sys" -o -path "/proc/sys/fs/binfmt_misc" -o -path "/root/uac-3.3.0" -o -path "/root/uac_output/uac-data.tmp" \) -prune -o -print 2> find: '/var/spool/uucp/.shrc': No such file or directory/nfind: '/var/spool/uucp/.kshrc': No such file or directory/nfind: '/var/spool/uucp/.profile': No such file or directory
2026-09-15 15:55:43 +0100 INF Collecting data for user www-data
2026-09-15 15:55:43 +0100 CMD find "/var/www"/.shrc "/var/www"/.kshrc "/var/www"/.profile \( -path "/sys" -o -path "/proc/sys/fs/binfmt_misc" -o -path "/root/uac-3.3.0" -o -path "/root/uac_output/uac-data.tmp" \) -prune -o -print 2> find: '/var/www/.shrc': No such file or directory/nfind: '/var/www/.kshrc': No such file or directory/nfind: '/var/www/.profile': No such file or directory
2026-09-15 15:55:43 +0100 CMD find /etc/environment \( -path "/sys" -o -path "/proc/sys/fs/binfmt_misc" -o -path "/root/uac-3.3.0" -o -path "/root/uac_output/uac-data.tmp" \) -prune -o -print
2026-09-15 15:55:43 +0100 INF Collecting data for user Tom
2026-09-15 15:55:43 +0100 CMD grep -E "^HISTFILE=.*" "/home/Tom"/.shrc "/home/Tom"/.kshrc "/home/Tom"/.profile | sed -e 's|.*HISTFILE=||' -e 's|^~/|/home/Tom/|' 2> grep: /home/Tom/.shrc: No such file or directory/ngrep: /home/Tom/.kshrc: No such file or directory
2026-09-15 15:55:43 +0100 INF Collecting data for user Tom
2026-09-15 15:55:43 +0100 CMD grep -E "^HISTFILE=.*" "/root"/.shrc "/root"/.kshrc "/root"/.profile | sed -e 's|.*HISTFILE=||' -e 's|^~/|/root/|' 2> grep: /root/.shrc: No such file or directory/ngrep: /root/.kshrc: No such file or directory
2026-09-15 15:55:43 +0100 INF Collecting data for user _apt
2026-09-15 15:55:43 +0100 CMD grep -E "^HISTFILE=.*" "/nonexistent"/.shrc "/nonexistent"/.kshrc "/nonexistent"/.profile | sed -e 's|.*HISTFILE=||' -e 's|^~/|/nonexistent/|' 2> grep: /nonexistent/.shrc: No such file or directory/ngrep: /nonexistent/.kshrc: No such file or directory/ngrep: /nonexistent/.profile: No such file or directory
2026-09-15 15:55:43 +0100 INF Collecting data for user backup
2026-09-15 15:55:43 +0100 CMD grep -E "^HISTFILE=.*" "/var/backups"/.shrc "/var/backups"/.kshrc "/var/backups"/.profile | sed -e 's|.*HISTFILE=||' -e 's|^~/|/var/backups/|' 2> grep: /var/backups/.shrc: No such file or directory/ngrep: /var/backups/.kshrc: No such file or directory/ngrep: /var/backups/.profile: No such file or directory
2026-09-15 15:55:43 +0100 INF Collecting data for user bin
2026-09-15 15:55:43 +0100 CMD grep -E "^HISTFILE=.*" "/bin"/.shrc "/bin"/.kshrc "/bin"/.profile | sed -e 's|.*HISTFILE=||' -e 's|^~/|/bin/|' 2> grep: /bin/.shrc: No such file or directory/ngrep: /bin/.kshrc: No such file or directory/ngrep: /bin/.profile: No such file or directory
2026-09-15 15:55:43 +0100 INF Collecting data for user daemon
2026-09-15 15:55:43 +0100 CMD grep -E "^HISTFILE=.*" "/usr/sbin"/.shrc "/usr/sbin"/.kshrc "/usr/sbin"/.profile | sed -e 's|.*HISTFILE=||' -e 's|^~/|/usr/sbin/|' 2> grep: /usr/sbin/.shrc: No such file or directory/ngrep: /usr/sbin/.kshrc: No such file or directory/ngrep: /usr/sbin/.profile: No such file or directory
2026-09-15 15:55:43 +0100 INF Collecting data for user games
2026-09-15 15:55:43 +0100 CMD grep -E "^HISTFILE=.*" "/usr/games"/.shrc "/usr/games"/.kshrc "/usr/games"/.profile | sed -e 's|.*HISTFILE=||' -e 's|^~/|/usr/games/|' 2> grep: /usr/games/.shrc: No such file or directory/ngrep: /usr/games/.kshrc: No such file or directory/ngrep: /usr/games/.profile: No such file or directory
2026-09-15 15:55:43 +0100 INF Collecting data for user irc
2026-09-15 15:55:43 +0100 CMD grep -E "^HISTFILE=.*" "/run/ircd"/.shrc "/run/ircd"/.kshrc "/run/ircd"/.profile | sed -e 's|.*HISTFILE=||' -e 's|^~/|/run/ircd/|' 2> grep: /run/ircd/.shrc: No such file or directory/ngrep: /run/ircd/.kshrc: No such file or directory/ngrep: /run/ircd/.profile: No such file or directory
2026-09-15 15:55:43 +0100 INF Collecting data for user list
2026-09-15 15:55:43 +0100 CMD grep -E "^HISTFILE=.*" "/var/list"/.shrc "/var/list"/.kshrc "/var/list"/.profile | sed -e 's|.*HISTFILE=||' -e 's|^~/|/var/list/|' 2> grep: /var/list/.shrc: No such file or directory/ngrep: /var/list/.kshrc: No such file or directory/ngrep: /var/list/.profile: No such file or directory
2026-09-15 15:55:43 +0100 INF Collecting data for user lp
2026-09-15 15:55:43 +0100 CMD grep -E "^HISTFILE=.*" "/var/spool/lpd"/.shrc "/var/spool/lpd"/.kshrc "/var/spool/lpd"/.profile | sed -e 's|.*HISTFILE=||' -e 's|^~/|/var/spool/lpd/|' 2> grep: /var/spool/lpd/.shrc: No such file or directory/ngrep: /var/spool/lpd/.kshrc: No such file or directory/ngrep: /var/spool/lpd/.profile: No such file or directory
2026-09-15 15:55:43 +0100 INF Collecting data for user mail
2026-09-15 15:55:43 +0100 CMD grep -E "^HISTFILE=.*" "/var/mail"/.shrc "/var/mail"/.kshrc "/var/mail"/.profile | sed -e 's|.*HISTFILE=||' -e 's|^~/|/var/mail/|' 2> grep: /var/mail/.shrc: No such file or directory/ngrep: /var/mail/.kshrc: No such file or directory/ngrep: /var/mail/.profile: No such file or directory
2026-09-15 15:55:43 +0100 INF Collecting data for user man
2026-09-15 15:55:43 +0100 CMD grep -E "^HISTFILE=.*" "/var/cache/man"/.shrc "/var/cache/man"/.kshrc "/var/cache/man"/.profile | sed -e 's|.*HISTFILE=||' -e 's|^~/|/var/cache/man/|' 2> grep: /var/cache/man/.shrc: No such file or directory/ngrep: /var/cache/man/.kshrc: No such file or directory/ngrep: /var/cache/man/.profile: No such file or directory
2026-09-15 15:55:43 +0100 INF Collecting data for user messagebus
2026-09-15 15:55:43 +0100 CMD grep -E "^HISTFILE=.*" "/nonexistent"/.shrc "/nonexistent"/.kshrc "/nonexistent"/.profile | sed -e 's|.*HISTFILE=||' -e 's|^~/|/nonexistent/|' 2> grep: /nonexistent/.shrc: No such file or directory/ngrep: /nonexistent/.kshrc: No such file or directory/ngrep: /nonexistent/.profile: No such file or directory
2026-09-15 15:55:43 +0100 INF Collecting data for user news
2026-09-15 15:55:43 +0100 CMD grep -E "^HISTFILE=.*" "/var/spool/news"/.shrc "/var/spool/news"/.kshrc "/var/spool/news"/.profile | sed -e 's|.*HISTFILE=||' -e 's|^~/|/var/spool/news/|' 2> grep: /var/spool/news/.shrc: No such file or directory/ngrep: /var/spool/news/.kshrc: No such file or directory/ngrep: /var/spool/news/.profile: No such file or directory
2026-09-15 15:55:43 +0100 INF Collecting data for user nobody
2026-09-15 15:55:43 +0100 CMD grep -E "^HISTFILE=.*" "/nonexistent"/.shrc "/nonexistent"/.kshrc "/nonexistent"/.profile | sed -e 's|.*HISTFILE=||' -e 's|^~/|/nonexistent/|' 2> grep: /nonexistent/.shrc: No such file or directory/ngrep: /nonexistent/.kshrc: No such file or directory/ngrep: /nonexistent/.profile: No such file or directory
2026-09-15 15:55:43 +0100 INF Collecting data for user proxy
2026-09-15 15:55:43 +0100 CMD grep -E "^HISTFILE=.*" "/bin"/.shrc "/bin"/.kshrc "/bin"/.profile | sed -e 's|.*HISTFILE=||' -e 's|^~/|/bin/|' 2> grep: /bin/.shrc: No such file or directory/ngrep: /bin/.kshrc: No such file or directory/ngrep: /bin/.profile: No such file or directory
2026-09-15 15:55:43 +0100 INF Collecting data for user root
2026-09-15 15:55:43 +0100 CMD grep -E "^HISTFILE=.*" "/root"/.shrc "/root"/.kshrc "/root"/.profile | sed -e 's|.*HISTFILE=||' -e 's|^~/|/root/|' 2> grep: /root/.shrc: No such file or directory/ngrep: /root/.kshrc: No such file or directory
2026-09-15 15:55:43 +0100 INF Collecting data for user sshd
2026-09-15 15:55:43 +0100 CMD grep -E "^HISTFILE=.*" "/run/sshd"/.shrc "/run/sshd"/.kshrc "/run/sshd"/.profile | sed -e 's|.*HISTFILE=||' -e 's|^~/|/run/sshd/|' 2> grep: /run/sshd/.shrc: No such file or directory/ngrep: /run/sshd/.kshrc: No such file or directory/ngrep: /run/sshd/.profile: No such file or directory
2026-09-15 15:55:43 +0100 INF Collecting data for user sync
2026-09-15 15:55:44 +0100 CMD grep -E "^HISTFILE=.*" "/bin"/.shrc "/bin"/.kshrc "/bin"/.profile | sed -e 's|.*HISTFILE=||' -e 's|^~/|/bin/|' 2> grep: /bin/.shrc: No such file or directory/ngrep: /bin/.kshrc: No such file or directory/ngrep: /bin/.profile: No such file or directory
2026-09-15 15:55:44 +0100 INF Collecting data for user sys
2026-09-15 15:55:44 +0100 CMD grep -E "^HISTFILE=.*" "/dev"/.shrc "/dev"/.kshrc "/dev"/.profile | sed -e 's|.*HISTFILE=||' -e 's|^~/|/dev/|' 2> grep: /dev/.shrc: No such file or directory/ngrep: /dev/.kshrc: No such file or directory/ngrep: /dev/.profile: No such file or directory
2026-09-15 15:55:44 +0100 INF Collecting data for user systemd-network
2026-09-15 15:55:44 +0100 CMD grep -E "^HISTFILE=.*" "/"/.shrc "/"/.kshrc "/"/.profile | sed -e 's|.*HISTFILE=||' -e 's|^~/|//|' 2> grep: //.shrc: No such file or directory/ngrep: //.kshrc: No such file or directory/ngrep: //.profile: No such file or directory
2026-09-15 15:55:44 +0100 INF Collecting data for user systemd-timesync
2026-09-15 15:55:44 +0100 CMD grep -E "^HISTFILE=.*" "/"/.shrc "/"/.kshrc "/"/.profile | sed -e 's|.*HISTFILE=||' -e 's|^~/|//|' 2> grep: //.shrc: No such file or directory/ngrep: //.kshrc: No such file or directory/ngrep: //.profile: No such file or directory
2026-09-15 15:55:44 +0100 INF Collecting data for user uucp
2026-09-15 15:55:44 +0100 CMD grep -E "^HISTFILE=.*" "/var/spool/uucp"/.shrc "/var/spool/uucp"/.kshrc "/var/spool/uucp"/.profile | sed -e 's|.*HISTFILE=||' -e 's|^~/|/var/spool/uucp/|' 2> grep: /var/spool/uucp/.shrc: No such file or directory/ngrep: /var/spool/uucp/.kshrc: No such file or directory/ngrep: /var/spool/uucp/.profile: No such file or directory
2026-09-15 15:55:44 +0100 INF Collecting data for user www-data
2026-09-15 15:55:44 +0100 CMD grep -E "^HISTFILE=.*" "/var/www"/.shrc "/var/www"/.kshrc "/var/www"/.profile | sed -e 's|.*HISTFILE=||' -e 's|^~/|/var/www/|' 2> grep: /var/www/.shrc: No such file or directory/ngrep: /var/www/.kshrc: No such file or directory/ngrep: /var/www/.profile: No such file or directory
2026-09-15 15:55:44 +0100 ERR _find_based_collector: No such file or directory: '/root/uac_output/uac-data.tmp/tmp/files/shell/ksh_histfile.txt'
2026-09-15 15:55:44 +0100 INF Parsing files/shell/elvish.yaml
2026-09-15 15:55:44 +0100 INF Collecting data for user Tom
2026-09-15 15:55:44 +0100 CMD find "/home/Tom"/.local/share/elvish/db.bolt \( -path "/sys" -o -path "/proc/sys/fs/binfmt_misc" -o -path "/root/uac-3.3.0" -o -path "/root/uac_output/uac-data.tmp" \) -prune -o -print 2> find: '/home/Tom/.local/share/elvish/db.bolt': No such file or directory
2026-09-15 15:55:44 +0100 INF Collecting data for user Tom
2026-09-15 15:55:44 +0100 CMD find "/root"/.local/share/elvish/db.bolt \( -path "/sys" -o -path "/proc/sys/fs/binfmt_misc" -o -path "/root/uac-3.3.0" -o -path "/root/uac_output/uac-data.tmp" \) -prune -o -print 2> find: '/root/.local/share/elvish/db.bolt': No such file or directory
2026-09-15 15:55:44 +0100 INF Collecting data for user _apt
2026-09-15 15:55:44 +0100 CMD find "/nonexistent"/.local/share/elvish/db.bolt \( -path "/sys" -o -path "/proc/sys/fs/binfmt_misc" -o -path "/root/uac-3.3.0" -o -path "/root/uac_output/uac-data.tmp" \) -prune -o -print 2> find: '/nonexistent/.local/share/elvish/db.bolt': No such file or directory
2026-09-15 15:55:44 +0100 INF Collecting data for user backup
2026-09-15 15:55:44 +0100 CMD find "/var/backups"/.local/share/elvish/db.bolt \( -path "/sys" -o -path "/proc/sys/fs/binfmt_misc" -o -path "/root/uac-3.3.0" -o -path "/root/uac_output/uac-data.tmp" \) -prune -o -print 2> find: '/var/backups/.local/share/elvish/db.bolt': No such file or directory
2026-09-15 15:55:44 +0100 INF Collecting data for user bin
2026-09-15 15:55:44 +0100 CMD find "/bin"/.local/share/elvish/db.bolt \( -path "/sys" -o -path "/proc/sys/fs/binfmt_misc" -o -path "/root/uac-3.3.0" -o -path "/root/uac_output/uac-data.tmp" \) -prune -o -print 2> find: '/bin/.local/share/elvish/db.bolt': No such file or directory
2026-09-15 15:55:44 +0100 INF Collecting data for user daemon
2026-09-15 15:55:44 +0100 CMD find "/usr/sbin"/.local/share/elvish/db.bolt \( -path "/sys" -o -path "/proc/sys/fs/binfmt_misc" -o -path "/root/uac-3.3.0" -o -path "/root/uac_output/uac-data.tmp" \) -prune -o -print 2> find: '/usr/sbin/.local/share/elvish/db.bolt': No such file or directory
2026-09-15 15:55:44 +0100 INF Collecting data for user games
2026-09-15 15:55:44 +0100 CMD find "/usr/games"/.local/share/elvish/db.bolt \( -path "/sys" -o -path "/proc/sys/fs/binfmt_misc" -o -path "/root/uac-3.3.0" -o -path "/root/uac_output/uac-data.tmp" \) -prune -o -print 2> find: '/usr/games/.local/share/elvish/db.bolt': No such file or directory
2026-09-15 15:55:44 +0100 INF Collecting data for user irc
2026-09-15 15:55:44 +0100 CMD find "/run/ircd"/.local/share/elvish/db.bolt \( -path "/sys" -o -path "/proc/sys/fs/binfmt_misc" -o -path "/root/uac-3.3.0" -o -path "/root/uac_output/uac-data.tmp" \) -prune -o -print 2> find: '/run/ircd/.local/share/elvish/db.bolt': No such file or directory
2026-09-15 15:55:44 +0100 INF Collecting data for user list
2026-09-15 15:55:44 +0100 CMD find "/var/list"/.local/share/elvish/db.bolt \( -path "/sys" -o -path "/proc/sys/fs/binfmt_misc" -o -path "/root/uac-3.3.0" -o -path "/root/uac_output/uac-data.tmp" \) -prune -o -print 2> find: '/var/list/.local/share/elvish/db.bolt': No such file or directory
2026-09-15 15:55:44 +0100 INF Collecting data for user lp
2026-09-15 15:55:44 +0100 CMD find "/var/spool/lpd"/.local/share/elvish/db.bolt \( -path "/sys" -o -path "/proc/sys/fs/binfmt_misc" -o -path "/root/uac-3.3.0" -o -path "/root/uac_output/uac-data.tmp" \) -prune -o -print 2> find: '/var/spool/lpd/.local/share/elvish/db.bolt': No such file or directory
2026-09-15 15:55:44 +0100 INF Collecting data for user mail
2026-09-15 15:55:44 +0100 CMD find "/var/mail"/.local/share/elvish/db.bolt \( -path "/sys" -o -path "/proc/sys/fs/binfmt_misc" -o -path "/root/uac-3.3.0" -o -path "/root/uac_output/uac-data.tmp" \) -prune -o -print 2> find: '/var/mail/.local/share/elvish/db.bolt': No such file or directory
2026-09-15 15:55:44 +0100 INF Collecting data for user man
2026-09-15 15:55:44 +0100 CMD find "/var/cache/man"/.local/share/elvish/db.bolt \( -path "/sys" -o -path "/proc/sys/fs/binfmt_misc" -o -path "/root/uac-3.3.0" -o -path "/root/uac_output/uac-data.tmp" \) -prune -o -print 2> find: '/var/cache/man/.local/share/elvish/db.bolt': No such file or directory
2026-09-15 15:55:44 +0100 INF Collecting data for user messagebus
2026-09-15 15:55:44 +0100 INF Skipping as home directory "/nonexistent"/.local/share/elvish/db.bolt has been collected already
2026-09-15 15:55:44 +0100 INF Collecting data for user news
2026-09-15 15:55:44 +0100 CMD find "/var/spool/news"/.local/share/elvish/db.bolt \( -path "/sys" -o -path "/proc/sys/fs/binfmt_misc" -o -path "/root/uac-3.3.0" -o -path "/root/uac_output/uac-data.tmp" \) -prune -o -print 2> find: '/var/spool/news/.local/share/elvish/db.bolt': No such file or directory
2026-09-15 15:55:44 +0100 INF Collecting data for user nobody
2026-09-15 15:55:44 +0100 INF Skipping as home directory "/nonexistent"/.local/share/elvish/db.bolt has been collected already
2026-09-15 15:55:44 +0100 INF Collecting data for user proxy
2026-09-15 15:55:44 +0100 INF Skipping as home directory "/bin"/.local/share/elvish/db.bolt has been collected already
2026-09-15 15:55:44 +0100 INF Collecting data for user root
2026-09-15 15:55:44 +0100 INF Skipping as home directory "/root"/.local/share/elvish/db.bolt has been collected already
2026-09-15 15:55:44 +0100 INF Collecting data for user sshd
2026-09-15 15:55:44 +0100 CMD find "/run/sshd"/.local/share/elvish/db.bolt \( -path "/sys" -o -path "/proc/sys/fs/binfmt_misc" -o -path "/root/uac-3.3.0" -o -path "/root/uac_output/uac-data.tmp" \) -prune -o -print 2> find: '/run/sshd/.local/share/elvish/db.bolt': No such file or directory
2026-09-15 15:55:44 +0100 INF Collecting data for user sync
2026-09-15 15:55:44 +0100 INF Skipping as home directory "/bin"/.local/share/elvish/db.bolt has been collected already
2026-09-15 15:55:44 +0100 INF Collecting data for user sys
2026-09-15 15:55:44 +0100 CMD find "/dev"/.local/share/elvish/db.bolt \( -path "/sys" -o -path "/proc/sys/fs/binfmt_misc" -o -path "/root/uac-3.3.0" -o -path "/root/uac_output/uac-data.tmp" \) -prune -o -print 2> find: '/dev/.local/share/elvish/db.bolt': No such file or directory
2026-09-15 15:55:44 +0100 INF Collecting data for user systemd-network
2026-09-15 15:55:44 +0100 CMD find "/"/.local/share/elvish/db.bolt \( -path "/sys" -o -path "/proc/sys/fs/binfmt_misc" -o -path "/root/uac-3.3.0" -o -path "/root/uac_output/uac-data.tmp" \) -prune -o -print 2> find: '//.local/share/elvish/db.bolt': No such file or directory
2026-09-15 15:55:44 +0100 INF Collecting data for user systemd-timesync
2026-09-15 15:55:44 +0100 INF Skipping as home directory "/"/.local/share/elvish/db.bolt has been collected already
2026-09-15 15:55:44 +0100 INF Collecting data for user uucp
2026-09-15 15:55:44 +0100 CMD find "/var/spool/uucp"/.local/share/elvish/db.bolt \( -path "/sys" -o -path "/proc/sys/fs/binfmt_misc" -o -path "/root/uac-3.3.0" -o -path "/root/uac_output/uac-data.tmp" \) -prune -o -print 2> find: '/var/spool/uucp/.local/share/elvish/db.bolt': No such file or directory
2026-09-15 15:55:44 +0100 INF Collecting data for user www-data
2026-09-15 15:55:44 +0100 CMD find "/var/www"/.local/share/elvish/db.bolt \( -path "/sys" -o -path "/proc/sys/fs/binfmt_misc" -o -path "/root/uac-3.3.0" -o -path "/root/uac_output/uac-data.tmp" \) -prune -o -print 2> find: '/var/www/.local/share/elvish/db.bolt': No such file or directory
2026-09-15 15:55:45 +0100 INF Collecting data for user Tom
2026-09-15 15:55:45 +0100 CMD find "/home/Tom"/.config/elvish/rc.elv \( -path "/sys" -o -path "/proc/sys/fs/binfmt_misc" -o -path "/root/uac-3.3.0" -o -path "/root/uac_output/uac-data.tmp" \) -prune -o -print 2> find: '/home/Tom/.config/elvish/rc.elv': No such file or directory
2026-09-15 15:55:45 +0100 INF Collecting data for user Tom
2026-09-15 15:55:45 +0100 CMD find "/root"/.config/elvish/rc.elv \( -path "/sys" -o -path "/proc/sys/fs/binfmt_misc" -o -path "/root/uac-3.3.0" -o -path "/root/uac_output/uac-data.tmp" \) -prune -o -print 2> find: '/root/.config/elvish/rc.elv': No such file or directory
2026-09-15 15:55:45 +0100 INF Collecting data for user _apt
2026-09-15 15:55:45 +0100 CMD find "/nonexistent"/.config/elvish/rc.elv \( -path "/sys" -o -path "/proc/sys/fs/binfmt_misc" -o -path "/root/uac-3.3.0" -o -path "/root/uac_output/uac-data.tmp" \) -prune -o -print 2> find: '/nonexistent/.config/elvish/rc.elv': No such file or directory
2026-09-15 15:55:45 +0100 INF Collecting data for user backup
2026-09-15 15:55:45 +0100 CMD find "/var/backups"/.config/elvish/rc.elv \( -path "/sys" -o -path "/proc/sys/fs/binfmt_misc" -o -path "/root/uac-3.3.0" -o -path "/root/uac_output/uac-data.tmp" \) -prune -o -print 2> find: '/var/backups/.config/elvish/rc.elv': No such file or directory
2026-09-15 15:55:45 +0100 INF Collecting data for user bin
2026-09-15 15:55:45 +0100 CMD find "/bin"/.config/elvish/rc.elv \( -path "/sys" -o -path "/proc/sys/fs/binfmt_misc" -o -path "/root/uac-3.3.0" -o -path "/root/uac_output/uac-data.tmp" \) -prune -o -print 2> find: '/bin/.config/elvish/rc.elv': No such file or directory
2026-09-15 15:55:45 +0100 INF Collecting data for user daemon
2026-09-15 15:55:45 +0100 CMD find "/usr/sbin"/.config/elvish/rc.elv \( -path "/sys" -o -path "/proc/sys/fs/binfmt_misc" -o -path "/root/uac-3.3.0" -o -path "/root/uac_output/uac-data.tmp" \) -prune -o -print 2> find: '/usr/sbin/.config/elvish/rc.elv': No such file or directory
2026-09-15 15:55:45 +0100 INF Collecting data for user games
2026-09-15 15:55:45 +0100 CMD find "/usr/games"/.config/elvish/rc.elv \( -path "/sys" -o -path "/proc/sys/fs/binfmt_misc" -o -path "/root/uac-3.3.0" -o -path "/root/uac_output/uac-data.tmp" \) -prune -o -print 2> find: '/usr/games/.config/elvish/rc.elv': No such file or directory
2026-09-15 15:55:45 +0100 INF Collecting data for user irc
2026-09-15 15:55:45 +0100 CMD find "/run/ircd"/.config/elvish/rc.elv \( -path "/sys" -o -path "/proc/sys/fs/binfmt_misc" -o -path "/root/uac-3.3.0" -o -path "/root/uac_output/uac-data.tmp" \) -prune -o -print 2> find: '/run/ircd/.config/elvish/rc.elv': No such file or directory
2026-09-15 15:55:45 +0100 INF Collecting data for user list
2026-09-15 15:55:45 +0100 CMD find "/var/list"/.config/elvish/rc.elv \( -path "/sys" -o -path "/proc/sys/fs/binfmt_misc" -o -path "/root/uac-3.3.0" -o -path "/root/uac_output/uac-data.tmp" \) -prune -o -print 2> find: '/var/list/.config/elvish/rc.elv': No such file or directory
2026-09-15 15:55:45 +0100 INF Collecting data for user lp
2026-09-15 15:55:45 +0100 CMD find "/var/spool/lpd"/.config/elvish/rc.elv \( -path "/sys" -o -path "/proc/sys/fs/binfmt_misc" -o -path "/root/uac-3.3.0" -o -path "/root/uac_output/uac-data.tmp" \) -prune -o -print 2> find: '/var/spool/lpd/.config/elvish/rc.elv': No such file or directory
2026-09-15 15:55:45 +0100 INF Collecting data for user mail
2026-09-15 15:55:45 +0100 CMD find "/var/mail"/.config/elvish/rc.elv \( -path "/sys" -o -path "/proc/sys/fs/binfmt_misc" -o -path "/root/uac-3.3.0" -o -path "/root/uac_output/uac-data.tmp" \) -prune -o -print 2> find: '/var/mail/.config/elvish/rc.elv': No such file or directory
2026-09-15 15:55:45 +0100 INF Collecting data for user man
2026-09-15 15:55:45 +0100 CMD find "/var/cache/man"/.config/elvish/rc.elv \( -path "/sys" -o -path "/proc/sys/fs/binfmt_misc" -o -path "/root/uac-3.3.0" -o -path "/root/uac_output/uac-data.tmp" \) -prune -o -print 2> find: '/var/cache/man/.config/elvish/rc.elv': No such file or directory
2026-09-15 15:55:45 +0100 INF Collecting data for user messagebus
2026-09-15 15:55:45 +0100 INF Skipping as home directory "/nonexistent"/.config/elvish/rc.elv has been collected already
2026-09-15 15:55:45 +0100 INF Collecting data for user news
2026-09-15 15:55:45 +0100 CMD find "/var/spool/news"/.config/elvish/rc.elv \( -path "/sys" -o -path "/proc/sys/fs/binfmt_misc" -o -path "/root/uac-3.3.0" -o -path "/root/uac_output/uac-data.tmp" \) -prune -o -print 2> find: '/var/spool/news/.config/elvish/rc.elv': No such file or directory
2026-09-15 15:55:45 +0100 INF Collecting data for user nobody
2026-09-15 15:55:45 +0100 INF Skipping as home directory "/nonexistent"/.config/elvish/rc.elv has been collected already
2026-09-15 15:55:45 +0100 INF Collecting data for user proxy
2026-09-15 15:55:45 +0100 INF Skipping as home directory "/bin"/.config/elvish/rc.elv has been collected already
2026-09-15 15:55:45 +0100 INF Collecting data for user root
2026-09-15 15:55:45 +0100 INF Skipping as home directory "/root"/.config/elvish/rc.elv has been collected already
2026-09-15 15:55:45 +0100 INF Collecting data for user sshd
2026-09-15 15:55:45 +0100 CMD find "/run/sshd"/.config/elvish/rc.elv \( -path "/sys" -o -path "/proc/sys/fs/binfmt_misc" -o -path "/root/uac-3.3.0" -o -path "/root/uac_output/uac-data.tmp" \) -prune -o -print 2> find: '/run/sshd/.config/elvish/rc.elv': No such file or directory
2026-09-15 15:55:45 +0100 INF Collecting data for user sync
2026-09-15 15:55:45 +0100 INF Skipping as home directory "/bin"/.config/elvish/rc.elv has been collected already
2026-09-15 15:55:45 +0100 INF Collecting data for user sys
2026-09-15 15:55:45 +0100 CMD find "/dev"/.config/elvish/rc.elv \( -path "/sys" -o -path "/proc/sys/fs/binfmt_misc" -o -path "/root/uac-3.3.0" -o -path "/root/uac_output/uac-data.tmp" \) -prune -o -print 2> find: '/dev/.config/elvish/rc.elv': No such file or directory
2026-09-15 15:55:45 +0100 INF Collecting data for user systemd-network
2026-09-15 15:55:45 +0100 CMD find "/"/.config/elvish/rc.elv \( -path "/sys" -o -path "/proc/sys/fs/binfmt_misc" -o -path "/root/uac-3.3.0" -o -path "/root/uac_output/uac-data.tmp" \) -prune -o -print 2> find: '//.config/elvish/rc.elv': No such file or directory
2026-09-15 15:55:45 +0100 INF Collecting data for user systemd-timesync
2026-09-15 15:55:45 +0100 INF Skipping as home directory "/"/.config/elvish/rc.elv has been collected already
2026-09-15 15:55:45 +0100 INF Collecting data for user uucp
2026-09-15 15:55:45 +0100 CMD find "/var/spool/uucp"/.config/elvish/rc.elv \( -path "/sys" -o -path "/proc/sys/fs/binfmt_misc" -o -path "/root/uac-3.3.0" -o -path "/root/uac_output/uac-data.tmp" \) -prune -o -print 2> find: '/var/spool/uucp/.config/elvish/rc.elv': No such file or directory
2026-09-15 15:55:45 +0100 INF Collecting data for user www-data
2026-09-15 15:55:45 +0100 CMD find "/var/www"/.config/elvish/rc.elv \( -path "/sys" -o -path "/proc/sys/fs/binfmt_misc" -o -path "/root/uac-3.3.0" -o -path "/root/uac_output/uac-data.tmp" \) -prune -o -print 2> find: '/var/www/.config/elvish/rc.elv': No such file or directory
2026-09-15 15:55:45 +0100 INF Parsing files/shell/xonsh.yaml
2026-09-15 15:55:45 +0100 INF Collecting data for user Tom
2026-09-15 15:55:45 +0100 CMD find "/home/Tom"/.local/share/xonsh/xonsh_history.sqlite* \( -path "/sys" -o -path "/proc/sys/fs/binfmt_misc" -o -path "/root/uac-3.3.0" -o -path "/root/uac_output/uac-data.tmp" \) -prune -o -print 2> find: '/home/Tom/.local/share/xonsh/xonsh_history.sqlite*': No such file or directory
2026-09-15 15:55:45 +0100 INF Collecting data for user Tom
2026-09-15 15:55:45 +0100 CMD find "/root"/.local/share/xonsh/xonsh_history.sqlite* \( -path "/sys" -o -path "/proc/sys/fs/binfmt_misc" -o -path "/root/uac-3.3.0" -o -path "/root/uac_output/uac-data.tmp" \) -prune -o -print 2> find: '/root/.local/share/xonsh/xonsh_history.sqlite*': No such file or directory
2026-09-15 15:55:45 +0100 INF Collecting data for user _apt
2026-09-15 15:55:45 +0100 CMD find "/nonexistent"/.local/share/xonsh/xonsh_history.sqlite* \( -path "/sys" -o -path "/proc/sys/fs/binfmt_misc" -o -path "/root/uac-3.3.0" -o -path "/root/uac_output/uac-data.tmp" \) -prune -o -print 2> find: '/nonexistent/.local/share/xonsh/xonsh_history.sqlite*': No such file or directory
2026-09-15 15:55:45 +0100 INF Collecting data for user backup
2026-09-15 15:55:45 +0100 CMD find "/var/backups"/.local/share/xonsh/xonsh_history.sqlite* \( -path "/sys" -o -path "/proc/sys/fs/binfmt_misc" -o -path "/root/uac-3.3.0" -o -path "/root/uac_output/uac-data.tmp" \) -prune -o -print 2> find: '/var/backups/.local/share/xonsh/xonsh_history.sqlite*': No such file or directory
2026-09-15 15:55:45 +0100 INF Collecting data for user bin
2026-09-15 15:55:45 +0100 CMD find "/bin"/.local/share/xonsh/xonsh_history.sqlite* \( -path "/sys" -o -path "/proc/sys/fs/binfmt_misc" -o -path "/root/uac-3.3.0" -o -path "/root/uac_output/uac-data.tmp" \) -prune -o -print 2> find: '/bin/.local/share/xonsh/xonsh_history.sqlite*': No such file or directory
2026-09-15 15:55:45 +0100 INF Collecting data for user daemon
2026-09-15 15:55:46 +0100 CMD find "/usr/sbin"/.local/share/xonsh/xonsh_history.sqlite* \( -path "/sys" -o -path "/proc/sys/fs/binfmt_misc" -o -path "/root/uac-3.3.0" -o -path "/root/uac_output/uac-data.tmp" \) -prune -o -print 2> find: '/usr/sbin/.local/share/xonsh/xonsh_history.sqlite*': No such file or directory
2026-09-15 15:55:46 +0100 INF Collecting data for user games
2026-09-15 15:55:46 +0100 CMD find "/usr/games"/.local/share/xonsh/xonsh_history.sqlite* \( -path "/sys" -o -path "/proc/sys/fs/binfmt_misc" -o -path "/root/uac-3.3.0" -o -path "/root/uac_output/uac-data.tmp" \) -prune -o -print 2> find: '/usr/games/.local/share/xonsh/xonsh_history.sqlite*': No such file or directory
2026-09-15 15:55:46 +0100 INF Collecting data for user irc
2026-09-15 15:55:46 +0100 CMD find "/run/ircd"/.local/share/xonsh/xonsh_history.sqlite* \( -path "/sys" -o -path "/proc/sys/fs/binfmt_misc" -o -path "/root/uac-3.3.0" -o -path "/root/uac_output/uac-data.tmp" \) -prune -o -print 2> find: '/run/ircd/.local/share/xonsh/xonsh_history.sqlite*': No such file or directory
2026-09-15 15:55:46 +0100 INF Collecting data for user list
2026-09-15 15:55:46 +0100 CMD find "/var/list"/.local/share/xonsh/xonsh_history.sqlite* \( -path "/sys" -o -path "/proc/sys/fs/binfmt_misc" -o -path "/root/uac-3.3.0" -o -path "/root/uac_output/uac-data.tmp" \) -prune -o -print 2> find: '/var/list/.local/share/xonsh/xonsh_history.sqlite*': No such file or directory
2026-09-15 15:55:46 +0100 INF Collecting data for user lp
2026-09-15 15:55:46 +0100 CMD find "/var/spool/lpd"/.local/share/xonsh/xonsh_history.sqlite* \( -path "/sys" -o -path "/proc/sys/fs/binfmt_misc" -o -path "/root/uac-3.3.0" -o -path "/root/uac_output/uac-data.tmp" \) -prune -o -print 2> find: '/var/spool/lpd/.local/share/xonsh/xonsh_history.sqlite*': No such file or directory
2026-09-15 15:55:46 +0100 INF Collecting data for user mail
2026-09-15 15:55:46 +0100 CMD find "/var/mail"/.local/share/xonsh/xonsh_history.sqlite* \( -path "/sys" -o -path "/proc/sys/fs/binfmt_misc" -o -path "/root/uac-3.3.0" -o -path "/root/uac_output/uac-data.tmp" \) -prune -o -print 2> find: '/var/mail/.local/share/xonsh/xonsh_history.sqlite*': No such file or directory
2026-09-15 15:55:46 +0100 INF Collecting data for user man
2026-09-15 15:55:46 +0100 CMD find "/var/cache/man"/.local/share/xonsh/xonsh_history.sqlite* \( -path "/sys" -o -path "/proc/sys/fs/binfmt_misc" -o -path "/root/uac-3.3.0" -o -path "/root/uac_output/uac-data.tmp" \) -prune -o -print 2> find: '/var/cache/man/.local/share/xonsh/xonsh_history.sqlite*': No such file or directory
2026-09-15 15:55:46 +0100 INF Collecting data for user messagebus
2026-09-15 15:55:46 +0100 CMD find "/nonexistent"/.local/share/xonsh/xonsh_history.sqlite* \( -path "/sys" -o -path "/proc/sys/fs/binfmt_misc" -o -path "/root/uac-3.3.0" -o -path "/root/uac_output/uac-data.tmp" \) -prune -o -print 2> find: '/nonexistent/.local/share/xonsh/xonsh_history.sqlite*': No such file or directory
2026-09-15 15:55:46 +0100 INF Collecting data for user news
2026-09-15 15:55:46 +0100 CMD find "/var/spool/news"/.local/share/xonsh/xonsh_history.sqlite* \( -path "/sys" -o -path "/proc/sys/fs/binfmt_misc" -o -path "/root/uac-3.3.0" -o -path "/root/uac_output/uac-data.tmp" \) -prune -o -print 2> find: '/var/spool/news/.local/share/xonsh/xonsh_history.sqlite*': No such file or directory
2026-09-15 15:55:46 +0100 INF Collecting data for user nobody
2026-09-15 15:55:46 +0100 CMD find "/nonexistent"/.local/share/xonsh/xonsh_history.sqlite* \( -path "/sys" -o -path "/proc/sys/fs/binfmt_misc" -o -path "/root/uac-3.3.0" -o -path "/root/uac_output/uac-data.tmp" \) -prune -o -print 2> find: '/nonexistent/.local/share/xonsh/xonsh_history.sqlite*': No such file or directory
2026-09-15 15:55:46 +0100 INF Collecting data for user proxy
2026-09-15 15:55:46 +0100 CMD find "/bin"/.local/share/xonsh/xonsh_history.sqlite* \( -path "/sys" -o -path "/proc/sys/fs/binfmt_misc" -o -path "/root/uac-3.3.0" -o -path "/root/uac_output/uac-data.tmp" \) -prune -o -print 2> find: '/bin/.local/share/xonsh/xonsh_history.sqlite*': No such file or directory
2026-09-15 15:55:46 +0100 INF Collecting data for user root
2026-09-15 15:55:46 +0100 CMD find "/root"/.local/share/xonsh/xonsh_history.sqlite* \( -path "/sys" -o -path "/proc/sys/fs/binfmt_misc" -o -path "/root/uac-3.3.0" -o -path "/root/uac_output/uac-data.tmp" \) -prune -o -print 2> find: '/root/.local/share/xonsh/xonsh_history.sqlite*': No such file or directory
2026-09-15 15:55:46 +0100 INF Collecting data for user sshd
2026-09-15 15:55:46 +0100 CMD find "/run/sshd"/.local/share/xonsh/xonsh_history.sqlite* \( -path "/sys" -o -path "/proc/sys/fs/binfmt_misc" -o -path "/root/uac-3.3.0" -o -path "/root/uac_output/uac-data.tmp" \) -prune -o -print 2> find: '/run/sshd/.local/share/xonsh/xonsh_history.sqlite*': No such file or directory
2026-09-15 15:55:46 +0100 INF Collecting data for user sync
2026-09-15 15:55:46 +0100 CMD find "/bin"/.local/share/xonsh/xonsh_history.sqlite* \( -path "/sys" -o -path "/proc/sys/fs/binfmt_misc" -o -path "/root/uac-3.3.0" -o -path "/root/uac_output/uac-data.tmp" \) -prune -o -print 2> find: '/bin/.local/share/xonsh/xonsh_history.sqlite*': No such file or directory
2026-09-15 15:55:46 +0100 INF Collecting data for user sys
2026-09-15 15:55:46 +0100 CMD find "/dev"/.local/share/xonsh/xonsh_history.sqlite* \( -path "/sys" -o -path "/proc/sys/fs/binfmt_misc" -o -path "/root/uac-3.3.0" -o -path "/root/uac_output/uac-data.tmp" \) -prune -o -print 2> find: '/dev/.local/share/xonsh/xonsh_history.sqlite*': No such file or directory
2026-09-15 15:55:46 +0100 INF Collecting data for user systemd-network
2026-09-15 15:55:46 +0100 CMD find "/"/.local/share/xonsh/xonsh_history.sqlite* \( -path "/sys" -o -path "/proc/sys/fs/binfmt_misc" -o -path "/root/uac-3.3.0" -o -path "/root/uac_output/uac-data.tmp" \) -prune -o -print 2> find: '//.local/share/xonsh/xonsh_history.sqlite*': No such file or directory
2026-09-15 15:55:46 +0100 INF Collecting data for user systemd-timesync
2026-09-15 15:55:46 +0100 CMD find "/"/.local/share/xonsh/xonsh_history.sqlite* \( -path "/sys" -o -path "/proc/sys/fs/binfmt_misc" -o -path "/root/uac-3.3.0" -o -path "/root/uac_output/uac-data.tmp" \) -prune -o -print 2> find: '//.local/share/xonsh/xonsh_history.sqlite*': No such file or directory
2026-09-15 15:55:46 +0100 INF Collecting data for user uucp
2026-09-15 15:55:46 +0100 CMD find "/var/spool/uucp"/.local/share/xonsh/xonsh_history.sqlite* \( -path "/sys" -o -path "/proc/sys/fs/binfmt_misc" -o -path "/root/uac-3.3.0" -o -path "/root/uac_output/uac-data.tmp" \) -prune -o -print 2> find: '/var/spool/uucp/.local/share/xonsh/xonsh_history.sqlite*': No such file or directory
2026-09-15 15:55:46 +0100 INF Collecting data for user www-data
2026-09-15 15:55:46 +0100 CMD find "/var/www"/.local/share/xonsh/xonsh_history.sqlite* \( -path "/sys" -o -path "/proc/sys/fs/binfmt_misc" -o -path "/root/uac-3.3.0" -o -path "/root/uac_output/uac-data.tmp" \) -prune -o -print 2> find: '/var/www/.local/share/xonsh/xonsh_history.sqlite*': No such file or directory
2026-09-15 15:55:46 +0100 INF Collecting data for user Tom
2026-09-15 15:55:46 +0100 CMD find "/home/Tom"/.xonshrc \( -path "/sys" -o -path "/proc/sys/fs/binfmt_misc" -o -path "/root/uac-3.3.0" -o -path "/root/uac_output/uac-data.tmp" \) -prune -o -print 2> find: '/home/Tom/.xonshrc': No such file or directory
2026-09-15 15:55:46 +0100 INF Collecting data for user Tom
2026-09-15 15:55:46 +0100 CMD find "/root"/.xonshrc \( -path "/sys" -o -path "/proc/sys/fs/binfmt_misc" -o -path "/root/uac-3.3.0" -o -path "/root/uac_output/uac-data.tmp" \) -prune -o -print 2> find: '/root/.xonshrc': No such file or directory
2026-09-15 15:55:46 +0100 INF Collecting data for user _apt
2026-09-15 15:55:46 +0100 CMD find "/nonexistent"/.xonshrc \( -path "/sys" -o -path "/proc/sys/fs/binfmt_misc" -o -path "/root/uac-3.3.0" -o -path "/root/uac_output/uac-data.tmp" \) -prune -o -print 2> find: '/nonexistent/.xonshrc': No such file or directory
2026-09-15 15:55:46 +0100 INF Collecting data for user backup
2026-09-15 15:55:46 +0100 CMD find "/var/backups"/.xonshrc \( -path "/sys" -o -path "/proc/sys/fs/binfmt_misc" -o -path "/root/uac-3.3.0" -o -path "/root/uac_output/uac-data.tmp" \) -prune -o -print 2> find: '/var/backups/.xonshrc': No such file or directory
2026-09-15 15:55:46 +0100 INF Collecting data for user bin
2026-09-15 15:55:46 +0100 CMD find "/bin"/.xonshrc \( -path "/sys" -o -path "/proc/sys/fs/binfmt_misc" -o -path "/root/uac-3.3.0" -o -path "/root/uac_output/uac-data.tmp" \) -prune -o -print 2> find: '/bin/.xonshrc': No such file or directory
2026-09-15 15:55:46 +0100 INF Collecting data for user daemon
2026-09-15 15:55:46 +0100 CMD find "/usr/sbin"/.xonshrc \( -path "/sys" -o -path "/proc/sys/fs/binfmt_misc" -o -path "/root/uac-3.3.0" -o -path "/root/uac_output/uac-data.tmp" \) -prune -o -print 2> find: '/usr/sbin/.xonshrc': No such file or directory
2026-09-15 15:55:46 +0100 INF Collecting data for user games
2026-09-15 15:55:46 +0100 CMD find "/usr/games"/.xonshrc \( -path "/sys" -o -path "/proc/sys/fs/binfmt_misc" -o -path "/root/uac-3.3.0" -o -path "/root/uac_output/uac-data.tmp" \) -prune -o -print 2> find: '/usr/games/.xonshrc': No such file or directory
2026-09-15 15:55:46 +0100 INF Collecting data for user irc
2026-09-15 15:55:47 +0100 CMD find "/run/ircd"/.xonshrc \( -path "/sys" -o -path "/proc/sys/fs/binfmt_misc" -o -path "/root/uac-3.3.0" -o -path "/root/uac_output/uac-data.tmp" \) -prune -o -print 2> find: '/run/ircd/.xonshrc': No such file or directory
2026-09-15 15:55:47 +0100 INF Collecting data for user list
2026-09-15 15:55:47 +0100 CMD find "/var/list"/.xonshrc \( -path "/sys" -o -path "/proc/sys/fs/binfmt_misc" -o -path "/root/uac-3.3.0" -o -path "/root/uac_output/uac-data.tmp" \) -prune -o -print 2> find: '/var/list/.xonshrc': No such file or directory
2026-09-15 15:55:47 +0100 INF Collecting data for user lp
2026-09-15 15:55:47 +0100 CMD find "/var/spool/lpd"/.xonshrc \( -path "/sys" -o -path "/proc/sys/fs/binfmt_misc" -o -path "/root/uac-3.3.0" -o -path "/root/uac_output/uac-data.tmp" \) -prune -o -print 2> find: '/var/spool/lpd/.xonshrc': No such file or directory
2026-09-15 15:55:47 +0100 INF Collecting data for user mail
2026-09-15 15:55:47 +0100 CMD find "/var/mail"/.xonshrc \( -path "/sys" -o -path "/proc/sys/fs/binfmt_misc" -o -path "/root/uac-3.3.0" -o -path "/root/uac_output/uac-data.tmp" \) -prune -o -print 2> find: '/var/mail/.xonshrc': No such file or directory
2026-09-15 15:55:47 +0100 INF Collecting data for user man
2026-09-15 15:55:47 +0100 CMD find "/var/cache/man"/.xonshrc \( -path "/sys" -o -path "/proc/sys/fs/binfmt_misc" -o -path "/root/uac-3.3.0" -o -path "/root/uac_output/uac-data.tmp" \) -prune -o -print 2> find: '/var/cache/man/.xonshrc': No such file or directory
2026-09-15 15:55:47 +0100 INF Collecting data for user messagebus
2026-09-15 15:55:47 +0100 INF Skipping as home directory "/nonexistent"/.xonshrc has been collected already
2026-09-15 15:55:47 +0100 INF Collecting data for user news
2026-09-15 15:55:47 +0100 CMD find "/var/spool/news"/.xonshrc \( -path "/sys" -o -path "/proc/sys/fs/binfmt_misc" -o -path "/root/uac-3.3.0" -o -path "/root/uac_output/uac-data.tmp" \) -prune -o -print 2> find: '/var/spool/news/.xonshrc': No such file or directory
2026-09-15 15:55:47 +0100 INF Collecting data for user nobody
2026-09-15 15:55:47 +0100 INF Skipping as home directory "/nonexistent"/.xonshrc has been collected already
2026-09-15 15:55:47 +0100 INF Collecting data for user proxy
2026-09-15 15:55:47 +0100 INF Skipping as home directory "/bin"/.xonshrc has been collected already
2026-09-15 15:55:47 +0100 INF Collecting data for user root
2026-09-15 15:55:47 +0100 INF Skipping as home directory "/root"/.xonshrc has been collected already
2026-09-15 15:55:47 +0100 INF Collecting data for user sshd
2026-09-15 15:55:47 +0100 CMD find "/run/sshd"/.xonshrc \( -path "/sys" -o -path "/proc/sys/fs/binfmt_misc" -o -path "/root/uac-3.3.0" -o -path "/root/uac_output/uac-data.tmp" \) -prune -o -print 2> find: '/run/sshd/.xonshrc': No such file or directory
2026-09-15 15:55:47 +0100 INF Collecting data for user sync
2026-09-15 15:55:47 +0100 INF Skipping as home directory "/bin"/.xonshrc has been collected already
2026-09-15 15:55:47 +0100 INF Collecting data for user sys
2026-09-15 15:55:47 +0100 CMD find "/dev"/.xonshrc \( -path "/sys" -o -path "/proc/sys/fs/binfmt_misc" -o -path "/root/uac-3.3.0" -o -path "/root/uac_output/uac-data.tmp" \) -prune -o -print 2> find: '/dev/.xonshrc': No such file or directory
2026-09-15 15:55:47 +0100 INF Collecting data for user systemd-network
2026-09-15 15:55:47 +0100 CMD find "/"/.xonshrc \( -path "/sys" -o -path "/proc/sys/fs/binfmt_misc" -o -path "/root/uac-3.3.0" -o -path "/root/uac_output/uac-data.tmp" \) -prune -o -print 2> find: '//.xonshrc': No such file or directory
2026-09-15 15:55:47 +0100 INF Collecting data for user systemd-timesync
2026-09-15 15:55:47 +0100 INF Skipping as home directory "/"/.xonshrc has been collected already
2026-09-15 15:55:47 +0100 INF Collecting data for user uucp
2026-09-15 15:55:47 +0100 CMD find "/var/spool/uucp"/.xonshrc \( -path "/sys" -o -path "/proc/sys/fs/binfmt_misc" -o -path "/root/uac-3.3.0" -o -path "/root/uac_output/uac-data.tmp" \) -prune -o -print 2> find: '/var/spool/uucp/.xonshrc': No such file or directory
2026-09-15 15:55:47 +0100 INF Collecting data for user www-data
2026-09-15 15:55:47 +0100 CMD find "/var/www"/.xonshrc \( -path "/sys" -o -path "/proc/sys/fs/binfmt_misc" -o -path "/root/uac-3.3.0" -o -path "/root/uac_output/uac-data.tmp" \) -prune -o -print 2> find: '/var/www/.xonshrc': No such file or directory
2026-09-15 15:55:47 +0100 CMD find /etc/xonshrc \( -path "/sys" -o -path "/proc/sys/fs/binfmt_misc" -o -path "/root/uac-3.3.0" -o -path "/root/uac_output/uac-data.tmp" \) -prune -o -print 2> find: '/etc/xonshrc': No such file or directory
2026-09-15 15:55:47 +0100 INF Collecting data for user Tom
2026-09-15 15:55:47 +0100 CMD grep -E "XONSH_HISTORY_FILE=.*" "/home/Tom"/.xonshrc /etc/xonshrc | sed -e 's|.*XONSH_HISTORY_FILE=||' -e 's|^~/|/home/Tom/|' 2> grep: /home/Tom/.xonshrc: No such file or directory/ngrep: /etc/xonshrc: No such file or directory
2026-09-15 15:55:47 +0100 INF Collecting data for user Tom
2026-09-15 15:55:47 +0100 CMD grep -E "XONSH_HISTORY_FILE=.*" "/root"/.xonshrc /etc/xonshrc | sed -e 's|.*XONSH_HISTORY_FILE=||' -e 's|^~/|/root/|' 2> grep: /root/.xonshrc: No such file or directory/ngrep: /etc/xonshrc: No such file or directory
2026-09-15 15:55:47 +0100 INF Collecting data for user _apt
2026-09-15 15:55:47 +0100 CMD grep -E "XONSH_HISTORY_FILE=.*" "/nonexistent"/.xonshrc /etc/xonshrc | sed -e 's|.*XONSH_HISTORY_FILE=||' -e 's|^~/|/nonexistent/|' 2> grep: /nonexistent/.xonshrc: No such file or directory/ngrep: /etc/xonshrc: No such file or directory
2026-09-15 15:55:47 +0100 INF Collecting data for user backup
2026-09-15 15:55:47 +0100 CMD grep -E "XONSH_HISTORY_FILE=.*" "/var/backups"/.xonshrc /etc/xonshrc | sed -e 's|.*XONSH_HISTORY_FILE=||' -e 's|^~/|/var/backups/|' 2> grep: /var/backups/.xonshrc: No such file or directory/ngrep: /etc/xonshrc: No such file or directory
2026-09-15 15:55:47 +0100 INF Collecting data for user bin
2026-09-15 15:55:47 +0100 CMD grep -E "XONSH_HISTORY_FILE=.*" "/bin"/.xonshrc /etc/xonshrc | sed -e 's|.*XONSH_HISTORY_FILE=||' -e 's|^~/|/bin/|' 2> grep: /bin/.xonshrc: No such file or directory/ngrep: /etc/xonshrc: No such file or directory
2026-09-15 15:55:47 +0100 INF Collecting data for user daemon
2026-09-15 15:55:47 +0100 CMD grep -E "XONSH_HISTORY_FILE=.*" "/usr/sbin"/.xonshrc /etc/xonshrc | sed -e 's|.*XONSH_HISTORY_FILE=||' -e 's|^~/|/usr/sbin/|' 2> grep: /usr/sbin/.xonshrc: No such file or directory/ngrep: /etc/xonshrc: No such file or directory
2026-09-15 15:55:47 +0100 INF Collecting data for user games
2026-09-15 15:55:47 +0100 CMD grep -E "XONSH_HISTORY_FILE=.*" "/usr/games"/.xonshrc /etc/xonshrc | sed -e 's|.*XONSH_HISTORY_FILE=||' -e 's|^~/|/usr/games/|' 2> grep: /usr/games/.xonshrc: No such file or directory/ngrep: /etc/xonshrc: No such file or directory
2026-09-15 15:55:47 +0100 INF Collecting data for user irc
2026-09-15 15:55:47 +0100 CMD grep -E "XONSH_HISTORY_FILE=.*" "/run/ircd"/.xonshrc /etc/xonshrc | sed -e 's|.*XONSH_HISTORY_FILE=||' -e 's|^~/|/run/ircd/|' 2> grep: /run/ircd/.xonshrc: No such file or directory/ngrep: /etc/xonshrc: No such file or directory
2026-09-15 15:55:47 +0100 INF Collecting data for user list
2026-09-15 15:55:47 +0100 CMD grep -E "XONSH_HISTORY_FILE=.*" "/var/list"/.xonshrc /etc/xonshrc | sed -e 's|.*XONSH_HISTORY_FILE=||' -e 's|^~/|/var/list/|' 2> grep: /var/list/.xonshrc: No such file or directory/ngrep: /etc/xonshrc: No such file or directory
2026-09-15 15:55:47 +0100 INF Collecting data for user lp
2026-09-15 15:55:47 +0100 CMD grep -E "XONSH_HISTORY_FILE=.*" "/var/spool/lpd"/.xonshrc /etc/xonshrc | sed -e 's|.*XONSH_HISTORY_FILE=||' -e 's|^~/|/var/spool/lpd/|' 2> grep: /var/spool/lpd/.xonshrc: No such file or directory/ngrep: /etc/xonshrc: No such file or directory
2026-09-15 15:55:47 +0100 INF Collecting data for user mail
2026-09-15 15:55:47 +0100 CMD grep -E "XONSH_HISTORY_FILE=.*" "/var/mail"/.xonshrc /etc/xonshrc | sed -e 's|.*XONSH_HISTORY_FILE=||' -e 's|^~/|/var/mail/|' 2> grep: /var/mail/.xonshrc: No such file or directory/ngrep: /etc/xonshrc: No such file or directory
2026-09-15 15:55:47 +0100 INF Collecting data for user man
2026-09-15 15:55:47 +0100 CMD grep -E "XONSH_HISTORY_FILE=.*" "/var/cache/man"/.xonshrc /etc/xonshrc | sed -e 's|.*XONSH_HISTORY_FILE=||' -e 's|^~/|/var/cache/man/|' 2> grep: /var/cache/man/.xonshrc: No such file or directory/ngrep: /etc/xonshrc: No such file or directory
2026-09-15 15:55:47 +0100 INF Collecting data for user messagebus
2026-09-15 15:55:47 +0100 CMD grep -E "XONSH_HISTORY_FILE=.*" "/nonexistent"/.xonshrc /etc/xonshrc | sed -e 's|.*XONSH_HISTORY_FILE=||' -e 's|^~/|/nonexistent/|' 2> grep: /nonexistent/.xonshrc: No such file or directory/ngrep: /etc/xonshrc: No such file or directory
2026-09-15 15:55:47 +0100 INF Collecting data for user news
2026-09-15 15:55:47 +0100 CMD grep -E "XONSH_HISTORY_FILE=.*" "/var/spool/news"/.xonshrc /etc/xonshrc | sed -e 's|.*XONSH_HISTORY_FILE=||' -e 's|^~/|/var/spool/news/|' 2> grep: /var/spool/news/.xonshrc: No such file or directory/ngrep: /etc/xonshrc: No such file or directory
2026-09-15 15:55:48 +0100 INF Collecting data for user nobody
2026-09-15 15:55:48 +0100 CMD grep -E "XONSH_HISTORY_FILE=.*" "/nonexistent"/.xonshrc /etc/xonshrc | sed -e 's|.*XONSH_HISTORY_FILE=||' -e 's|^~/|/nonexistent/|' 2> grep: /nonexistent/.xonshrc: No such file or directory/ngrep: /etc/xonshrc: No such file or directory
2026-09-15 15:55:48 +0100 INF Collecting data for user proxy
2026-09-15 15:55:48 +0100 CMD grep -E "XONSH_HISTORY_FILE=.*" "/bin"/.xonshrc /etc/xonshrc | sed -e 's|.*XONSH_HISTORY_FILE=||' -e 's|^~/|/bin/|' 2> grep: /bin/.xonshrc: No such file or directory/ngrep: /etc/xonshrc: No such file or directory
2026-09-15 15:55:48 +0100 INF Collecting data for user root
2026-09-15 15:55:48 +0100 CMD grep -E "XONSH_HISTORY_FILE=.*" "/root"/.xonshrc /etc/xonshrc | sed -e 's|.*XONSH_HISTORY_FILE=||' -e 's|^~/|/root/|' 2> grep: /root/.xonshrc: No such file or directory/ngrep: /etc/xonshrc: No such file or directory
2026-09-15 15:55:48 +0100 INF Collecting data for user sshd
2026-09-15 15:55:48 +0100 CMD grep -E "XONSH_HISTORY_FILE=.*" "/run/sshd"/.xonshrc /etc/xonshrc | sed -e 's|.*XONSH_HISTORY_FILE=||' -e 's|^~/|/run/sshd/|' 2> grep: /run/sshd/.xonshrc: No such file or directory/ngrep: /etc/xonshrc: No such file or directory
2026-09-15 15:55:48 +0100 INF Collecting data for user sync
2026-09-15 15:55:48 +0100 CMD grep -E "XONSH_HISTORY_FILE=.*" "/bin"/.xonshrc /etc/xonshrc | sed -e 's|.*XONSH_HISTORY_FILE=||' -e 's|^~/|/bin/|' 2> grep: /bin/.xonshrc: No such file or directory/ngrep: /etc/xonshrc: No such file or directory
2026-09-15 15:55:48 +0100 INF Collecting data for user sys
2026-09-15 15:55:48 +0100 CMD grep -E "XONSH_HISTORY_FILE=.*" "/dev"/.xonshrc /etc/xonshrc | sed -e 's|.*XONSH_HISTORY_FILE=||' -e 's|^~/|/dev/|' 2> grep: /dev/.xonshrc: No such file or directory/ngrep: /etc/xonshrc: No such file or directory
2026-09-15 15:55:48 +0100 INF Collecting data for user systemd-network
2026-09-15 15:55:48 +0100 CMD grep -E "XONSH_HISTORY_FILE=.*" "/"/.xonshrc /etc/xonshrc | sed -e 's|.*XONSH_HISTORY_FILE=||' -e 's|^~/|//|' 2> grep: //.xonshrc: No such file or directory/ngrep: /etc/xonshrc: No such file or directory
2026-09-15 15:55:48 +0100 INF Collecting data for user systemd-timesync
2026-09-15 15:55:48 +0100 CMD grep -E "XONSH_HISTORY_FILE=.*" "/"/.xonshrc /etc/xonshrc | sed -e 's|.*XONSH_HISTORY_FILE=||' -e 's|^~/|//|' 2> grep: //.xonshrc: No such file or directory/ngrep: /etc/xonshrc: No such file or directory
2026-09-15 15:55:48 +0100 INF Collecting data for user uucp
2026-09-15 15:55:48 +0100 CMD grep -E "XONSH_HISTORY_FILE=.*" "/var/spool/uucp"/.xonshrc /etc/xonshrc | sed -e 's|.*XONSH_HISTORY_FILE=||' -e 's|^~/|/var/spool/uucp/|' 2> grep: /var/spool/uucp/.xonshrc: No such file or directory/ngrep: /etc/xonshrc: No such file or directory
2026-09-15 15:55:48 +0100 INF Collecting data for user www-data
2026-09-15 15:55:48 +0100 CMD grep -E "XONSH_HISTORY_FILE=.*" "/var/www"/.xonshrc /etc/xonshrc | sed -e 's|.*XONSH_HISTORY_FILE=||' -e 's|^~/|/var/www/|' 2> grep: /var/www/.xonshrc: No such file or directory/ngrep: /etc/xonshrc: No such file or directory
2026-09-15 15:55:48 +0100 ERR _find_based_collector: No such file or directory: '/root/uac_output/uac-data.tmp/tmp/files/shell/xonsh_history_file.txt'
2026-09-15 15:55:48 +0100 INF Parsing files/ssh/public_keys.yaml
2026-09-15 15:55:48 +0100 INF Collecting data for user Tom
2026-09-15 15:55:48 +0100 CMD find "/home/Tom"/.ssh/*.pub \( -path "/sys" -o -path "/proc/sys/fs/binfmt_misc" -o -path "/root/uac-3.3.0" -o -path "/root/uac_output/uac-data.tmp" \) -prune -o -print 2> find: '/home/Tom/.ssh/*.pub': No such file or directory
2026-09-15 15:55:48 +0100 INF Collecting data for user Tom
2026-09-15 15:55:48 +0100 CMD find "/root"/.ssh/*.pub \( -path "/sys" -o -path "/proc/sys/fs/binfmt_misc" -o -path "/root/uac-3.3.0" -o -path "/root/uac_output/uac-data.tmp" \) -prune -o -print 2> find: '/root/.ssh/*.pub': No such file or directory
2026-09-15 15:55:48 +0100 INF Collecting data for user _apt
2026-09-15 15:55:48 +0100 CMD find "/nonexistent"/.ssh/*.pub \( -path "/sys" -o -path "/proc/sys/fs/binfmt_misc" -o -path "/root/uac-3.3.0" -o -path "/root/uac_output/uac-data.tmp" \) -prune -o -print 2> find: '/nonexistent/.ssh/*.pub': No such file or directory
2026-09-15 15:55:48 +0100 INF Collecting data for user backup
2026-09-15 15:55:48 +0100 CMD find "/var/backups"/.ssh/*.pub \( -path "/sys" -o -path "/proc/sys/fs/binfmt_misc" -o -path "/root/uac-3.3.0" -o -path "/root/uac_output/uac-data.tmp" \) -prune -o -print 2> find: '/var/backups/.ssh/*.pub': No such file or directory
2026-09-15 15:55:48 +0100 INF Collecting data for user bin
2026-09-15 15:55:48 +0100 CMD find "/bin"/.ssh/*.pub \( -path "/sys" -o -path "/proc/sys/fs/binfmt_misc" -o -path "/root/uac-3.3.0" -o -path "/root/uac_output/uac-data.tmp" \) -prune -o -print 2> find: '/bin/.ssh/*.pub': No such file or directory
2026-09-15 15:55:48 +0100 INF Collecting data for user daemon
2026-09-15 15:55:48 +0100 CMD find "/usr/sbin"/.ssh/*.pub \( -path "/sys" -o -path "/proc/sys/fs/binfmt_misc" -o -path "/root/uac-3.3.0" -o -path "/root/uac_output/uac-data.tmp" \) -prune -o -print 2> find: '/usr/sbin/.ssh/*.pub': No such file or directory
2026-09-15 15:55:48 +0100 INF Collecting data for user games
2026-09-15 15:55:48 +0100 CMD find "/usr/games"/.ssh/*.pub \( -path "/sys" -o -path "/proc/sys/fs/binfmt_misc" -o -path "/root/uac-3.3.0" -o -path "/root/uac_output/uac-data.tmp" \) -prune -o -print 2> find: '/usr/games/.ssh/*.pub': No such file or directory
2026-09-15 15:55:48 +0100 INF Collecting data for user irc
2026-09-15 15:55:48 +0100 CMD find "/run/ircd"/.ssh/*.pub \( -path "/sys" -o -path "/proc/sys/fs/binfmt_misc" -o -path "/root/uac-3.3.0" -o -path "/root/uac_output/uac-data.tmp" \) -prune -o -print 2> find: '/run/ircd/.ssh/*.pub': No such file or directory
2026-09-15 15:55:48 +0100 INF Collecting data for user list
2026-09-15 15:55:48 +0100 CMD find "/var/list"/.ssh/*.pub \( -path "/sys" -o -path "/proc/sys/fs/binfmt_misc" -o -path "/root/uac-3.3.0" -o -path "/root/uac_output/uac-data.tmp" \) -prune -o -print 2> find: '/var/list/.ssh/*.pub': No such file or directory
2026-09-15 15:55:48 +0100 INF Collecting data for user lp
2026-09-15 15:55:48 +0100 CMD find "/var/spool/lpd"/.ssh/*.pub \( -path "/sys" -o -path "/proc/sys/fs/binfmt_misc" -o -path "/root/uac-3.3.0" -o -path "/root/uac_output/uac-data.tmp" \) -prune -o -print 2> find: '/var/spool/lpd/.ssh/*.pub': No such file or directory
2026-09-15 15:55:48 +0100 INF Collecting data for user mail
2026-09-15 15:55:48 +0100 CMD find "/var/mail"/.ssh/*.pub \( -path "/sys" -o -path "/proc/sys/fs/binfmt_misc" -o -path "/root/uac-3.3.0" -o -path "/root/uac_output/uac-data.tmp" \) -prune -o -print 2> find: '/var/mail/.ssh/*.pub': No such file or directory
2026-09-15 15:55:48 +0100 INF Collecting data for user man
2026-09-15 15:55:48 +0100 CMD find "/var/cache/man"/.ssh/*.pub \( -path "/sys" -o -path "/proc/sys/fs/binfmt_misc" -o -path "/root/uac-3.3.0" -o -path "/root/uac_output/uac-data.tmp" \) -prune -o -print 2> find: '/var/cache/man/.ssh/*.pub': No such file or directory
2026-09-15 15:55:48 +0100 INF Collecting data for user messagebus
2026-09-15 15:55:48 +0100 CMD find "/nonexistent"/.ssh/*.pub \( -path "/sys" -o -path "/proc/sys/fs/binfmt_misc" -o -path "/root/uac-3.3.0" -o -path "/root/uac_output/uac-data.tmp" \) -prune -o -print 2> find: '/nonexistent/.ssh/*.pub': No such file or directory
2026-09-15 15:55:48 +0100 INF Collecting data for user news
2026-09-15 15:55:48 +0100 CMD find "/var/spool/news"/.ssh/*.pub \( -path "/sys" -o -path "/proc/sys/fs/binfmt_misc" -o -path "/root/uac-3.3.0" -o -path "/root/uac_output/uac-data.tmp" \) -prune -o -print 2> find: '/var/spool/news/.ssh/*.pub': No such file or directory
2026-09-15 15:55:48 +0100 INF Collecting data for user nobody
2026-09-15 15:55:48 +0100 CMD find "/nonexistent"/.ssh/*.pub \( -path "/sys" -o -path "/proc/sys/fs/binfmt_misc" -o -path "/root/uac-3.3.0" -o -path "/root/uac_output/uac-data.tmp" \) -prune -o -print 2> find: '/nonexistent/.ssh/*.pub': No such file or directory
2026-09-15 15:55:48 +0100 INF Collecting data for user proxy
2026-09-15 15:55:49 +0100 CMD find "/bin"/.ssh/*.pub \( -path "/sys" -o -path "/proc/sys/fs/binfmt_misc" -o -path "/root/uac-3.3.0" -o -path "/root/uac_output/uac-data.tmp" \) -prune -o -print 2> find: '/bin/.ssh/*.pub': No such file or directory
2026-09-15 15:55:49 +0100 INF Collecting data for user root
2026-09-15 15:55:49 +0100 CMD find "/root"/.ssh/*.pub \( -path "/sys" -o -path "/proc/sys/fs/binfmt_misc" -o -path "/root/uac-3.3.0" -o -path "/root/uac_output/uac-data.tmp" \) -prune -o -print 2> find: '/root/.ssh/*.pub': No such file or directory
2026-09-15 15:55:49 +0100 INF Collecting data for user sshd
2026-09-15 15:55:49 +0100 CMD find "/run/sshd"/.ssh/*.pub \( -path "/sys" -o -path "/proc/sys/fs/binfmt_misc" -o -path "/root/uac-3.3.0" -o -path "/root/uac_output/uac-data.tmp" \) -prune -o -print 2> find: '/run/sshd/.ssh/*.pub': No such file or directory
2026-09-15 15:55:49 +0100 INF Collecting data for user sync
2026-09-15 15:55:49 +0100 CMD find "/bin"/.ssh/*.pub \( -path "/sys" -o -path "/proc/sys/fs/binfmt_misc" -o -path "/root/uac-3.3.0" -o -path "/root/uac_output/uac-data.tmp" \) -prune -o -print 2> find: '/bin/.ssh/*.pub': No such file or directory
2026-09-15 15:55:49 +0100 INF Collecting data for user sys
2026-09-15 15:55:49 +0100 CMD find "/dev"/.ssh/*.pub \( -path "/sys" -o -path "/proc/sys/fs/binfmt_misc" -o -path "/root/uac-3.3.0" -o -path "/root/uac_output/uac-data.tmp" \) -prune -o -print 2> find: '/dev/.ssh/*.pub': No such file or directory
2026-09-15 15:55:49 +0100 INF Collecting data for user systemd-network
2026-09-15 15:55:49 +0100 CMD find "/"/.ssh/*.pub \( -path "/sys" -o -path "/proc/sys/fs/binfmt_misc" -o -path "/root/uac-3.3.0" -o -path "/root/uac_output/uac-data.tmp" \) -prune -o -print 2> find: '//.ssh/*.pub': No such file or directory
2026-09-15 15:55:49 +0100 INF Collecting data for user systemd-timesync
2026-09-15 15:55:49 +0100 CMD find "/"/.ssh/*.pub \( -path "/sys" -o -path "/proc/sys/fs/binfmt_misc" -o -path "/root/uac-3.3.0" -o -path "/root/uac_output/uac-data.tmp" \) -prune -o -print 2> find: '//.ssh/*.pub': No such file or directory
2026-09-15 15:55:49 +0100 INF Collecting data for user uucp
2026-09-15 15:55:49 +0100 CMD find "/var/spool/uucp"/.ssh/*.pub \( -path "/sys" -o -path "/proc/sys/fs/binfmt_misc" -o -path "/root/uac-3.3.0" -o -path "/root/uac_output/uac-data.tmp" \) -prune -o -print 2> find: '/var/spool/uucp/.ssh/*.pub': No such file or directory
2026-09-15 15:55:49 +0100 INF Collecting data for user www-data
2026-09-15 15:55:49 +0100 CMD find "/var/www"/.ssh/*.pub \( -path "/sys" -o -path "/proc/sys/fs/binfmt_misc" -o -path "/root/uac-3.3.0" -o -path "/root/uac_output/uac-data.tmp" \) -prune -o -print 2> find: '/var/www/.ssh/*.pub': No such file or directory
2026-09-15 15:55:49 +0100 INF Parsing files/ssh/authorized_keys.yaml
2026-09-15 15:55:49 +0100 INF Collecting data for user Tom
2026-09-15 15:55:49 +0100 CMD find "/home/Tom"/.ssh/authorized_keys* \( -path "/sys" -o -path "/proc/sys/fs/binfmt_misc" -o -path "/root/uac-3.3.0" -o -path "/root/uac_output/uac-data.tmp" \) -prune -o -print
2026-09-15 15:55:49 +0100 INF Collecting data for user Tom
2026-09-15 15:55:49 +0100 CMD find "/root"/.ssh/authorized_keys* \( -path "/sys" -o -path "/proc/sys/fs/binfmt_misc" -o -path "/root/uac-3.3.0" -o -path "/root/uac_output/uac-data.tmp" \) -prune -o -print 2> find: '/root/.ssh/authorized_keys*': No such file or directory
2026-09-15 15:55:49 +0100 INF Collecting data for user _apt
2026-09-15 15:55:49 +0100 CMD find "/nonexistent"/.ssh/authorized_keys* \( -path "/sys" -o -path "/proc/sys/fs/binfmt_misc" -o -path "/root/uac-3.3.0" -o -path "/root/uac_output/uac-data.tmp" \) -prune -o -print 2> find: '/nonexistent/.ssh/authorized_keys*': No such file or directory
2026-09-15 15:55:49 +0100 INF Collecting data for user backup
2026-09-15 15:55:49 +0100 CMD find "/var/backups"/.ssh/authorized_keys* \( -path "/sys" -o -path "/proc/sys/fs/binfmt_misc" -o -path "/root/uac-3.3.0" -o -path "/root/uac_output/uac-data.tmp" \) -prune -o -print 2> find: '/var/backups/.ssh/authorized_keys*': No such file or directory
2026-09-15 15:55:49 +0100 INF Collecting data for user bin
2026-09-15 15:55:49 +0100 CMD find "/bin"/.ssh/authorized_keys* \( -path "/sys" -o -path "/proc/sys/fs/binfmt_misc" -o -path "/root/uac-3.3.0" -o -path "/root/uac_output/uac-data.tmp" \) -prune -o -print 2> find: '/bin/.ssh/authorized_keys*': No such file or directory
2026-09-15 15:55:49 +0100 INF Collecting data for user daemon
2026-09-15 15:55:49 +0100 CMD find "/usr/sbin"/.ssh/authorized_keys* \( -path "/sys" -o -path "/proc/sys/fs/binfmt_misc" -o -path "/root/uac-3.3.0" -o -path "/root/uac_output/uac-data.tmp" \) -prune -o -print 2> find: '/usr/sbin/.ssh/authorized_keys*': No such file or directory
2026-09-15 15:55:49 +0100 INF Collecting data for user games
2026-09-15 15:55:49 +0100 CMD find "/usr/games"/.ssh/authorized_keys* \( -path "/sys" -o -path "/proc/sys/fs/binfmt_misc" -o -path "/root/uac-3.3.0" -o -path "/root/uac_output/uac-data.tmp" \) -prune -o -print 2> find: '/usr/games/.ssh/authorized_keys*': No such file or directory
2026-09-15 15:55:49 +0100 INF Collecting data for user irc
2026-09-15 15:55:49 +0100 CMD find "/run/ircd"/.ssh/authorized_keys* \( -path "/sys" -o -path "/proc/sys/fs/binfmt_misc" -o -path "/root/uac-3.3.0" -o -path "/root/uac_output/uac-data.tmp" \) -prune -o -print 2> find: '/run/ircd/.ssh/authorized_keys*': No such file or directory
2026-09-15 15:55:49 +0100 INF Collecting data for user list
2026-09-15 15:55:49 +0100 CMD find "/var/list"/.ssh/authorized_keys* \( -path "/sys" -o -path "/proc/sys/fs/binfmt_misc" -o -path "/root/uac-3.3.0" -o -path "/root/uac_output/uac-data.tmp" \) -prune -o -print 2> find: '/var/list/.ssh/authorized_keys*': No such file or directory
2026-09-15 15:55:49 +0100 INF Collecting data for user lp
2026-09-15 15:55:49 +0100 CMD find "/var/spool/lpd"/.ssh/authorized_keys* \( -path "/sys" -o -path "/proc/sys/fs/binfmt_misc" -o -path "/root/uac-3.3.0" -o -path "/root/uac_output/uac-data.tmp" \) -prune -o -print 2> find: '/var/spool/lpd/.ssh/authorized_keys*': No such file or directory
2026-09-15 15:55:49 +0100 INF Collecting data for user mail
2026-09-15 15:55:49 +0100 CMD find "/var/mail"/.ssh/authorized_keys* \( -path "/sys" -o -path "/proc/sys/fs/binfmt_misc" -o -path "/root/uac-3.3.0" -o -path "/root/uac_output/uac-data.tmp" \) -prune -o -print 2> find: '/var/mail/.ssh/authorized_keys*': No such file or directory
2026-09-15 15:55:49 +0100 INF Collecting data for user man
2026-09-15 15:55:49 +0100 CMD find "/var/cache/man"/.ssh/authorized_keys* \( -path "/sys" -o -path "/proc/sys/fs/binfmt_misc" -o -path "/root/uac-3.3.0" -o -path "/root/uac_output/uac-data.tmp" \) -prune -o -print 2> find: '/var/cache/man/.ssh/authorized_keys*': No such file or directory
2026-09-15 15:55:49 +0100 INF Collecting data for user messagebus
2026-09-15 15:55:49 +0100 CMD find "/nonexistent"/.ssh/authorized_keys* \( -path "/sys" -o -path "/proc/sys/fs/binfmt_misc" -o -path "/root/uac-3.3.0" -o -path "/root/uac_output/uac-data.tmp" \) -prune -o -print 2> find: '/nonexistent/.ssh/authorized_keys*': No such file or directory
2026-09-15 15:55:49 +0100 INF Collecting data for user news
2026-09-15 15:55:49 +0100 CMD find "/var/spool/news"/.ssh/authorized_keys* \( -path "/sys" -o -path "/proc/sys/fs/binfmt_misc" -o -path "/root/uac-3.3.0" -o -path "/root/uac_output/uac-data.tmp" \) -prune -o -print 2> find: '/var/spool/news/.ssh/authorized_keys*': No such file or directory
2026-09-15 15:55:49 +0100 INF Collecting data for user nobody
2026-09-15 15:55:49 +0100 CMD find "/nonexistent"/.ssh/authorized_keys* \( -path "/sys" -o -path "/proc/sys/fs/binfmt_misc" -o -path "/root/uac-3.3.0" -o -path "/root/uac_output/uac-data.tmp" \) -prune -o -print 2> find: '/nonexistent/.ssh/authorized_keys*': No such file or directory
2026-09-15 15:55:49 +0100 INF Collecting data for user proxy
2026-09-15 15:55:49 +0100 CMD find "/bin"/.ssh/authorized_keys* \( -path "/sys" -o -path "/proc/sys/fs/binfmt_misc" -o -path "/root/uac-3.3.0" -o -path "/root/uac_output/uac-data.tmp" \) -prune -o -print 2> find: '/bin/.ssh/authorized_keys*': No such file or directory
2026-09-15 15:55:49 +0100 INF Collecting data for user root
2026-09-15 15:55:50 +0100 CMD find "/root"/.ssh/authorized_keys* \( -path "/sys" -o -path "/proc/sys/fs/binfmt_misc" -o -path "/root/uac-3.3.0" -o -path "/root/uac_output/uac-data.tmp" \) -prune -o -print 2> find: '/root/.ssh/authorized_keys*': No such file or directory
2026-09-15 15:55:50 +0100 INF Collecting data for user sshd
2026-09-15 15:55:50 +0100 CMD find "/run/sshd"/.ssh/authorized_keys* \( -path "/sys" -o -path "/proc/sys/fs/binfmt_misc" -o -path "/root/uac-3.3.0" -o -path "/root/uac_output/uac-data.tmp" \) -prune -o -print 2> find: '/run/sshd/.ssh/authorized_keys*': No such file or directory
2026-09-15 15:55:50 +0100 INF Collecting data for user sync
2026-09-15 15:55:50 +0100 CMD find "/bin"/.ssh/authorized_keys* \( -path "/sys" -o -path "/proc/sys/fs/binfmt_misc" -o -path "/root/uac-3.3.0" -o -path "/root/uac_output/uac-data.tmp" \) -prune -o -print 2> find: '/bin/.ssh/authorized_keys*': No such file or directory
2026-09-15 15:55:50 +0100 INF Collecting data for user sys
2026-09-15 15:55:50 +0100 CMD find "/dev"/.ssh/authorized_keys* \( -path "/sys" -o -path "/proc/sys/fs/binfmt_misc" -o -path "/root/uac-3.3.0" -o -path "/root/uac_output/uac-data.tmp" \) -prune -o -print 2> find: '/dev/.ssh/authorized_keys*': No such file or directory
2026-09-15 15:55:50 +0100 INF Collecting data for user systemd-network
2026-09-15 15:55:50 +0100 CMD find "/"/.ssh/authorized_keys* \( -path "/sys" -o -path "/proc/sys/fs/binfmt_misc" -o -path "/root/uac-3.3.0" -o -path "/root/uac_output/uac-data.tmp" \) -prune -o -print 2> find: '//.ssh/authorized_keys*': No such file or directory
2026-09-15 15:55:50 +0100 INF Collecting data for user systemd-timesync
2026-09-15 15:55:50 +0100 CMD find "/"/.ssh/authorized_keys* \( -path "/sys" -o -path "/proc/sys/fs/binfmt_misc" -o -path "/root/uac-3.3.0" -o -path "/root/uac_output/uac-data.tmp" \) -prune -o -print 2> find: '//.ssh/authorized_keys*': No such file or directory
2026-09-15 15:55:50 +0100 INF Collecting data for user uucp
2026-09-15 15:55:50 +0100 CMD find "/var/spool/uucp"/.ssh/authorized_keys* \( -path "/sys" -o -path "/proc/sys/fs/binfmt_misc" -o -path "/root/uac-3.3.0" -o -path "/root/uac_output/uac-data.tmp" \) -prune -o -print 2> find: '/var/spool/uucp/.ssh/authorized_keys*': No such file or directory
2026-09-15 15:55:50 +0100 INF Collecting data for user www-data
2026-09-15 15:55:50 +0100 CMD find "/var/www"/.ssh/authorized_keys* \( -path "/sys" -o -path "/proc/sys/fs/binfmt_misc" -o -path "/root/uac-3.3.0" -o -path "/root/uac_output/uac-data.tmp" \) -prune -o -print 2> find: '/var/www/.ssh/authorized_keys*': No such file or directory
2026-09-15 15:55:50 +0100 INF Parsing files/ssh/rc.yaml
2026-09-15 15:55:50 +0100 INF Collecting data for user Tom
2026-09-15 15:55:50 +0100 CMD find "/home/Tom"/.ssh/rc \( -path "/sys" -o -path "/proc/sys/fs/binfmt_misc" -o -path "/root/uac-3.3.0" -o -path "/root/uac_output/uac-data.tmp" \) -prune -o -print 2> find: '/home/Tom/.ssh/rc': No such file or directory
2026-09-15 15:55:50 +0100 INF Collecting data for user Tom
2026-09-15 15:55:50 +0100 CMD find "/root"/.ssh/rc \( -path "/sys" -o -path "/proc/sys/fs/binfmt_misc" -o -path "/root/uac-3.3.0" -o -path "/root/uac_output/uac-data.tmp" \) -prune -o -print 2> find: '/root/.ssh/rc': No such file or directory
2026-09-15 15:55:50 +0100 INF Collecting data for user _apt
2026-09-15 15:55:50 +0100 CMD find "/nonexistent"/.ssh/rc \( -path "/sys" -o -path "/proc/sys/fs/binfmt_misc" -o -path "/root/uac-3.3.0" -o -path "/root/uac_output/uac-data.tmp" \) -prune -o -print 2> find: '/nonexistent/.ssh/rc': No such file or directory
2026-09-15 15:55:50 +0100 INF Collecting data for user backup
2026-09-15 15:55:50 +0100 CMD find "/var/backups"/.ssh/rc \( -path "/sys" -o -path "/proc/sys/fs/binfmt_misc" -o -path "/root/uac-3.3.0" -o -path "/root/uac_output/uac-data.tmp" \) -prune -o -print 2> find: '/var/backups/.ssh/rc': No such file or directory
2026-09-15 15:55:50 +0100 INF Collecting data for user bin
2026-09-15 15:55:50 +0100 CMD find "/bin"/.ssh/rc \( -path "/sys" -o -path "/proc/sys/fs/binfmt_misc" -o -path "/root/uac-3.3.0" -o -path "/root/uac_output/uac-data.tmp" \) -prune -o -print 2> find: '/bin/.ssh/rc': No such file or directory
2026-09-15 15:55:50 +0100 INF Collecting data for user daemon
2026-09-15 15:55:50 +0100 CMD find "/usr/sbin"/.ssh/rc \( -path "/sys" -o -path "/proc/sys/fs/binfmt_misc" -o -path "/root/uac-3.3.0" -o -path "/root/uac_output/uac-data.tmp" \) -prune -o -print 2> find: '/usr/sbin/.ssh/rc': No such file or directory
2026-09-15 15:55:50 +0100 INF Collecting data for user games
2026-09-15 15:55:50 +0100 CMD find "/usr/games"/.ssh/rc \( -path "/sys" -o -path "/proc/sys/fs/binfmt_misc" -o -path "/root/uac-3.3.0" -o -path "/root/uac_output/uac-data.tmp" \) -prune -o -print 2> find: '/usr/games/.ssh/rc': No such file or directory
2026-09-15 15:55:50 +0100 INF Collecting data for user irc
2026-09-15 15:55:50 +0100 CMD find "/run/ircd"/.ssh/rc \( -path "/sys" -o -path "/proc/sys/fs/binfmt_misc" -o -path "/root/uac-3.3.0" -o -path "/root/uac_output/uac-data.tmp" \) -prune -o -print 2> find: '/run/ircd/.ssh/rc': No such file or directory
2026-09-15 15:55:50 +0100 INF Collecting data for user list
2026-09-15 15:55:50 +0100 CMD find "/var/list"/.ssh/rc \( -path "/sys" -o -path "/proc/sys/fs/binfmt_misc" -o -path "/root/uac-3.3.0" -o -path "/root/uac_output/uac-data.tmp" \) -prune -o -print 2> find: '/var/list/.ssh/rc': No such file or directory
2026-09-15 15:55:50 +0100 INF Collecting data for user lp
2026-09-15 15:55:50 +0100 CMD find "/var/spool/lpd"/.ssh/rc \( -path "/sys" -o -path "/proc/sys/fs/binfmt_misc" -o -path "/root/uac-3.3.0" -o -path "/root/uac_output/uac-data.tmp" \) -prune -o -print 2> find: '/var/spool/lpd/.ssh/rc': No such file or directory
2026-09-15 15:55:50 +0100 INF Collecting data for user mail
2026-09-15 15:55:50 +0100 CMD find "/var/mail"/.ssh/rc \( -path "/sys" -o -path "/proc/sys/fs/binfmt_misc" -o -path "/root/uac-3.3.0" -o -path "/root/uac_output/uac-data.tmp" \) -prune -o -print 2> find: '/var/mail/.ssh/rc': No such file or directory
2026-09-15 15:55:50 +0100 INF Collecting data for user man
2026-09-15 15:55:50 +0100 CMD find "/var/cache/man"/.ssh/rc \( -path "/sys" -o -path "/proc/sys/fs/binfmt_misc" -o -path "/root/uac-3.3.0" -o -path "/root/uac_output/uac-data.tmp" \) -prune -o -print 2> find: '/var/cache/man/.ssh/rc': No such file or directory
2026-09-15 15:55:50 +0100 INF Collecting data for user messagebus
2026-09-15 15:55:50 +0100 INF Skipping as home directory "/nonexistent"/.ssh/rc has been collected already
2026-09-15 15:55:50 +0100 INF Collecting data for user news
2026-09-15 15:55:50 +0100 CMD find "/var/spool/news"/.ssh/rc \( -path "/sys" -o -path "/proc/sys/fs/binfmt_misc" -o -path "/root/uac-3.3.0" -o -path "/root/uac_output/uac-data.tmp" \) -prune -o -print 2> find: '/var/spool/news/.ssh/rc': No such file or directory
2026-09-15 15:55:50 +0100 INF Collecting data for user nobody
2026-09-15 15:55:50 +0100 INF Skipping as home directory "/nonexistent"/.ssh/rc has been collected already
2026-09-15 15:55:50 +0100 INF Collecting data for user proxy
2026-09-15 15:55:50 +0100 INF Skipping as home directory "/bin"/.ssh/rc has been collected already
2026-09-15 15:55:50 +0100 INF Collecting data for user root
2026-09-15 15:55:50 +0100 INF Skipping as home directory "/root"/.ssh/rc has been collected already
2026-09-15 15:55:50 +0100 INF Collecting data for user sshd
2026-09-15 15:55:50 +0100 CMD find "/run/sshd"/.ssh/rc \( -path "/sys" -o -path "/proc/sys/fs/binfmt_misc" -o -path "/root/uac-3.3.0" -o -path "/root/uac_output/uac-data.tmp" \) -prune -o -print 2> find: '/run/sshd/.ssh/rc': No such file or directory
2026-09-15 15:55:50 +0100 INF Collecting data for user sync
2026-09-15 15:55:50 +0100 INF Skipping as home directory "/bin"/.ssh/rc has been collected already
2026-09-15 15:55:50 +0100 INF Collecting data for user sys
2026-09-15 15:55:50 +0100 CMD find "/dev"/.ssh/rc \( -path "/sys" -o -path "/proc/sys/fs/binfmt_misc" -o -path "/root/uac-3.3.0" -o -path "/root/uac_output/uac-data.tmp" \) -prune -o -print 2> find: '/dev/.ssh/rc': No such file or directory
2026-09-15 15:55:50 +0100 INF Collecting data for user systemd-network
2026-09-15 15:55:50 +0100 CMD find "/"/.ssh/rc \( -path "/sys" -o -path "/proc/sys/fs/binfmt_misc" -o -path "/root/uac-3.3.0" -o -path "/root/uac_output/uac-data.tmp" \) -prune -o -print 2> find: '//.ssh/rc': No such file or directory
2026-09-15 15:55:50 +0100 INF Collecting data for user systemd-timesync
2026-09-15 15:55:50 +0100 INF Skipping as home directory "/"/.ssh/rc has been collected already
2026-09-15 15:55:50 +0100 INF Collecting data for user uucp
2026-09-15 15:55:50 +0100 CMD find "/var/spool/uucp"/.ssh/rc \( -path "/sys" -o -path "/proc/sys/fs/binfmt_misc" -o -path "/root/uac-3.3.0" -o -path "/root/uac_output/uac-data.tmp" \) -prune -o -print 2> find: '/var/spool/uucp/.ssh/rc': No such file or directory
2026-09-15 15:55:50 +0100 INF Collecting data for user www-data
2026-09-15 15:55:50 +0100 CMD find "/var/www"/.ssh/rc \( -path "/sys" -o -path "/proc/sys/fs/binfmt_misc" -o -path "/root/uac-3.3.0" -o -path "/root/uac_output/uac-data.tmp" \) -prune -o -print 2> find: '/var/www/.ssh/rc': No such file or directory
2026-09-15 15:55:51 +0100 INF Parsing files/ssh/known_hosts.yaml
2026-09-15 15:55:51 +0100 INF Collecting data for user Tom
2026-09-15 15:55:51 +0100 CMD find "/home/Tom"/.ssh/known_hosts* \( -path "/sys" -o -path "/proc/sys/fs/binfmt_misc" -o -path "/root/uac-3.3.0" -o -path "/root/uac_output/uac-data.tmp" \) -prune -o -print 2> find: '/home/Tom/.ssh/known_hosts*': No such file or directory
2026-09-15 15:55:51 +0100 INF Collecting data for user Tom
2026-09-15 15:55:51 +0100 CMD find "/root"/.ssh/known_hosts* \( -path "/sys" -o -path "/proc/sys/fs/binfmt_misc" -o -path "/root/uac-3.3.0" -o -path "/root/uac_output/uac-data.tmp" \) -prune -o -print 2> find: '/root/.ssh/known_hosts*': No such file or directory
2026-09-15 15:55:51 +0100 INF Collecting data for user _apt
2026-09-15 15:55:51 +0100 CMD find "/nonexistent"/.ssh/known_hosts* \( -path "/sys" -o -path "/proc/sys/fs/binfmt_misc" -o -path "/root/uac-3.3.0" -o -path "/root/uac_output/uac-data.tmp" \) -prune -o -print 2> find: '/nonexistent/.ssh/known_hosts*': No such file or directory
2026-09-15 15:55:51 +0100 INF Collecting data for user backup
2026-09-15 15:55:51 +0100 CMD find "/var/backups"/.ssh/known_hosts* \( -path "/sys" -o -path "/proc/sys/fs/binfmt_misc" -o -path "/root/uac-3.3.0" -o -path "/root/uac_output/uac-data.tmp" \) -prune -o -print 2> find: '/var/backups/.ssh/known_hosts*': No such file or directory
2026-09-15 15:55:51 +0100 INF Collecting data for user bin
2026-09-15 15:55:51 +0100 CMD find "/bin"/.ssh/known_hosts* \( -path "/sys" -o -path "/proc/sys/fs/binfmt_misc" -o -path "/root/uac-3.3.0" -o -path "/root/uac_output/uac-data.tmp" \) -prune -o -print 2> find: '/bin/.ssh/known_hosts*': No such file or directory
2026-09-15 15:55:51 +0100 INF Collecting data for user daemon
2026-09-15 15:55:51 +0100 CMD find "/usr/sbin"/.ssh/known_hosts* \( -path "/sys" -o -path "/proc/sys/fs/binfmt_misc" -o -path "/root/uac-3.3.0" -o -path "/root/uac_output/uac-data.tmp" \) -prune -o -print 2> find: '/usr/sbin/.ssh/known_hosts*': No such file or directory
2026-09-15 15:55:51 +0100 INF Collecting data for user games
2026-09-15 15:55:51 +0100 CMD find "/usr/games"/.ssh/known_hosts* \( -path "/sys" -o -path "/proc/sys/fs/binfmt_misc" -o -path "/root/uac-3.3.0" -o -path "/root/uac_output/uac-data.tmp" \) -prune -o -print 2> find: '/usr/games/.ssh/known_hosts*': No such file or directory
2026-09-15 15:55:51 +0100 INF Collecting data for user irc
2026-09-15 15:55:51 +0100 CMD find "/run/ircd"/.ssh/known_hosts* \( -path "/sys" -o -path "/proc/sys/fs/binfmt_misc" -o -path "/root/uac-3.3.0" -o -path "/root/uac_output/uac-data.tmp" \) -prune -o -print 2> find: '/run/ircd/.ssh/known_hosts*': No such file or directory
2026-09-15 15:55:51 +0100 INF Collecting data for user list
2026-09-15 15:55:51 +0100 CMD find "/var/list"/.ssh/known_hosts* \( -path "/sys" -o -path "/proc/sys/fs/binfmt_misc" -o -path "/root/uac-3.3.0" -o -path "/root/uac_output/uac-data.tmp" \) -prune -o -print 2> find: '/var/list/.ssh/known_hosts*': No such file or directory
2026-09-15 15:55:51 +0100 INF Collecting data for user lp
2026-09-15 15:55:51 +0100 CMD find "/var/spool/lpd"/.ssh/known_hosts* \( -path "/sys" -o -path "/proc/sys/fs/binfmt_misc" -o -path "/root/uac-3.3.0" -o -path "/root/uac_output/uac-data.tmp" \) -prune -o -print 2> find: '/var/spool/lpd/.ssh/known_hosts*': No such file or directory
2026-09-15 15:55:51 +0100 INF Collecting data for user mail
2026-09-15 15:55:51 +0100 CMD find "/var/mail"/.ssh/known_hosts* \( -path "/sys" -o -path "/proc/sys/fs/binfmt_misc" -o -path "/root/uac-3.3.0" -o -path "/root/uac_output/uac-data.tmp" \) -prune -o -print 2> find: '/var/mail/.ssh/known_hosts*': No such file or directory
2026-09-15 15:55:51 +0100 INF Collecting data for user man
2026-09-15 15:55:51 +0100 CMD find "/var/cache/man"/.ssh/known_hosts* \( -path "/sys" -o -path "/proc/sys/fs/binfmt_misc" -o -path "/root/uac-3.3.0" -o -path "/root/uac_output/uac-data.tmp" \) -prune -o -print 2> find: '/var/cache/man/.ssh/known_hosts*': No such file or directory
2026-09-15 15:55:51 +0100 INF Collecting data for user messagebus
2026-09-15 15:55:51 +0100 CMD find "/nonexistent"/.ssh/known_hosts* \( -path "/sys" -o -path "/proc/sys/fs/binfmt_misc" -o -path "/root/uac-3.3.0" -o -path "/root/uac_output/uac-data.tmp" \) -prune -o -print 2> find: '/nonexistent/.ssh/known_hosts*': No such file or directory
2026-09-15 15:55:51 +0100 INF Collecting data for user news
2026-09-15 15:55:51 +0100 CMD find "/var/spool/news"/.ssh/known_hosts* \( -path "/sys" -o -path "/proc/sys/fs/binfmt_misc" -o -path "/root/uac-3.3.0" -o -path "/root/uac_output/uac-data.tmp" \) -prune -o -print 2> find: '/var/spool/news/.ssh/known_hosts*': No such file or directory
2026-09-15 15:55:51 +0100 INF Collecting data for user nobody
2026-09-15 15:55:51 +0100 CMD find "/nonexistent"/.ssh/known_hosts* \( -path "/sys" -o -path "/proc/sys/fs/binfmt_misc" -o -path "/root/uac-3.3.0" -o -path "/root/uac_output/uac-data.tmp" \) -prune -o -print 2> find: '/nonexistent/.ssh/known_hosts*': No such file or directory
2026-09-15 15:55:51 +0100 INF Collecting data for user proxy
2026-09-15 15:55:51 +0100 CMD find "/bin"/.ssh/known_hosts* \( -path "/sys" -o -path "/proc/sys/fs/binfmt_misc" -o -path "/root/uac-3.3.0" -o -path "/root/uac_output/uac-data.tmp" \) -prune -o -print 2> find: '/bin/.ssh/known_hosts*': No such file or directory
2026-09-15 15:55:51 +0100 INF Collecting data for user root
2026-09-15 15:55:51 +0100 CMD find "/root"/.ssh/known_hosts* \( -path "/sys" -o -path "/proc/sys/fs/binfmt_misc" -o -path "/root/uac-3.3.0" -o -path "/root/uac_output/uac-data.tmp" \) -prune -o -print 2> find: '/root/.ssh/known_hosts*': No such file or directory
2026-09-15 15:55:51 +0100 INF Collecting data for user sshd
2026-09-15 15:55:51 +0100 CMD find "/run/sshd"/.ssh/known_hosts* \( -path "/sys" -o -path "/proc/sys/fs/binfmt_misc" -o -path "/root/uac-3.3.0" -o -path "/root/uac_output/uac-data.tmp" \) -prune -o -print 2> find: '/run/sshd/.ssh/known_hosts*': No such file or directory
2026-09-15 15:55:51 +0100 INF Collecting data for user sync
2026-09-15 15:55:51 +0100 CMD find "/bin"/.ssh/known_hosts* \( -path "/sys" -o -path "/proc/sys/fs/binfmt_misc" -o -path "/root/uac-3.3.0" -o -path "/root/uac_output/uac-data.tmp" \) -prune -o -print 2> find: '/bin/.ssh/known_hosts*': No such file or directory
2026-09-15 15:55:51 +0100 INF Collecting data for user sys
2026-09-15 15:55:51 +0100 CMD find "/dev"/.ssh/known_hosts* \( -path "/sys" -o -path "/proc/sys/fs/binfmt_misc" -o -path "/root/uac-3.3.0" -o -path "/root/uac_output/uac-data.tmp" \) -prune -o -print 2> find: '/dev/.ssh/known_hosts*': No such file or directory
2026-09-15 15:55:51 +0100 INF Collecting data for user systemd-network
2026-09-15 15:55:51 +0100 CMD find "/"/.ssh/known_hosts* \( -path "/sys" -o -path "/proc/sys/fs/binfmt_misc" -o -path "/root/uac-3.3.0" -o -path "/root/uac_output/uac-data.tmp" \) -prune -o -print 2> find: '//.ssh/known_hosts*': No such file or directory
2026-09-15 15:55:51 +0100 INF Collecting data for user systemd-timesync
2026-09-15 15:55:51 +0100 CMD find "/"/.ssh/known_hosts* \( -path "/sys" -o -path "/proc/sys/fs/binfmt_misc" -o -path "/root/uac-3.3.0" -o -path "/root/uac_output/uac-data.tmp" \) -prune -o -print 2> find: '//.ssh/known_hosts*': No such file or directory
2026-09-15 15:55:51 +0100 INF Collecting data for user uucp
2026-09-15 15:55:51 +0100 CMD find "/var/spool/uucp"/.ssh/known_hosts* \( -path "/sys" -o -path "/proc/sys/fs/binfmt_misc" -o -path "/root/uac-3.3.0" -o -path "/root/uac_output/uac-data.tmp" \) -prune -o -print 2> find: '/var/spool/uucp/.ssh/known_hosts*': No such file or directory
2026-09-15 15:55:51 +0100 INF Collecting data for user www-data
2026-09-15 15:55:51 +0100 CMD find "/var/www"/.ssh/known_hosts* \( -path "/sys" -o -path "/proc/sys/fs/binfmt_misc" -o -path "/root/uac-3.3.0" -o -path "/root/uac_output/uac-data.tmp" \) -prune -o -print 2> find: '/var/www/.ssh/known_hosts*': No such file or directory
2026-09-15 15:55:51 +0100 INF Parsing files/system/tmp.yaml
2026-09-15 15:55:52 +0100 CMD find /tmp \( -path "/sys" -o -path "/proc/sys/fs/binfmt_misc" -o -path "/root/uac-3.3.0" -o -path "/root/uac_output/uac-data.tmp" \) -prune -o \( -type f -o -type l \) -size -10485760c -print
2026-09-15 15:55:52 +0100 INF Parsing files/system/etc.yaml
2026-09-15 15:55:52 +0100 CMD find /etc \( -path "/sys" -o -path "/proc/sys/fs/binfmt_misc" -o -path "/root/uac-3.3.0" -o -path "/root/uac_output/uac-data.tmp" \) -prune -o \( -name "shadow" -o -name "shadow-" -o -name "master.passwd" -o -name "spwd.db" -o -name "gshadow" -o -name "gshadow-" \) -prune -o -print
2026-09-15 15:55:52 +0100 CMD find /usr/local/etc \( -path "/sys" -o -path "/proc/sys/fs/binfmt_misc" -o -path "/root/uac-3.3.0" -o -path "/root/uac_output/uac-data.tmp" \) -prune -o -print
2026-09-15 15:55:52 +0100 INF Parsing files/system/desktop.yaml
2026-09-15 15:55:52 +0100 INF Collecting data for user Tom
2026-09-15 15:55:52 +0100 CMD find "/home/Tom" -maxdepth 6 \( -path "/sys" -o -path "/proc/sys/fs/binfmt_misc" -o -path "/root/uac-3.3.0" -o -path "/root/uac_output/uac-data.tmp" \) -prune -o -name "*.desktop" -print
2026-09-15 15:55:52 +0100 INF Collecting data for user Tom
2026-09-15 15:55:52 +0100 CMD find "/root" -maxdepth 6 \( -path "/sys" -o -path "/proc/sys/fs/binfmt_misc" -o -path "/root/uac-3.3.0" -o -path "/root/uac_output/uac-data.tmp" \) -prune -o -name "*.desktop" -print
2026-09-15 15:55:52 +0100 INF Collecting data for user root
2026-09-15 15:55:52 +0100 INF Skipping as home directory "/root" has been collected already
2026-09-15 15:55:52 +0100 INF Parsing files/system/gvfs_metadata.yaml
2026-09-15 15:55:52 +0100 INF Collecting data for user Tom
2026-09-15 15:55:52 +0100 CMD find "/home/Tom"/.local/share/gvfs-metadata \( -path "/sys" -o -path "/proc/sys/fs/binfmt_misc" -o -path "/root/uac-3.3.0" -o -path "/root/uac_output/uac-data.tmp" \) -prune -o -print 2> find: '/home/Tom/.local/share/gvfs-metadata': No such file or directory
2026-09-15 15:55:52 +0100 INF Collecting data for user Tom
2026-09-15 15:55:52 +0100 CMD find "/root"/.local/share/gvfs-metadata \( -path "/sys" -o -path "/proc/sys/fs/binfmt_misc" -o -path "/root/uac-3.3.0" -o -path "/root/uac_output/uac-data.tmp" \) -prune -o -print 2> find: '/root/.local/share/gvfs-metadata': No such file or directory
2026-09-15 15:55:52 +0100 INF Collecting data for user root
2026-09-15 15:55:52 +0100 INF Skipping as home directory "/root"/.local/share/gvfs-metadata has been collected already
2026-09-15 15:55:52 +0100 INF Parsing files/system/dev_shm.yaml
2026-09-15 15:55:52 +0100 CMD find /dev/shm \( -path "/sys" -o -path "/proc/sys/fs/binfmt_misc" -o -path "/root/uac-3.3.0" -o -path "/root/uac_output/uac-data.tmp" \) -prune -o \( -type f -o -type l \) -size -10485760c -print
2026-09-15 15:55:52 +0100 INF Parsing files/system/systemd.yaml
2026-09-15 15:55:52 +0100 CMD find /etc/systemd /lib/systemd/system /usr/lib/systemd /usr/local/lib/systemd/system /usr/local/lib/systemd/user /usr/local/share/systemd/user /usr/share/systemd/user \( -path "/sys" -o -path "/proc/sys/fs/binfmt_misc" -o -path "/root/uac-3.3.0" -o -path "/root/uac_output/uac-data.tmp" \) -prune -o -print 2> find: '/usr/local/lib/systemd/system': No such file or directory/nfind: '/usr/local/lib/systemd/user': No such file or directory/nfind: '/usr/local/share/systemd/user': No such file or directory/nfind: '/usr/share/systemd/user': No such file or directory
2026-09-15 15:55:52 +0100 CMD find /run/systemd/sessions \( -path "/sys" -o -path "/proc/sys/fs/binfmt_misc" -o -path "/root/uac-3.3.0" -o -path "/root/uac_output/uac-data.tmp" \) -prune -o -print
2026-09-15 15:55:52 +0100 CMD find /run/systemd/system \( -path "/sys" -o -path "/proc/sys/fs/binfmt_misc" -o -path "/root/uac-3.3.0" -o -path "/root/uac_output/uac-data.tmp" \) -prune -o -print
2026-09-15 15:55:52 +0100 CMD find /run/systemd/transient \( -path "/sys" -o -path "/proc/sys/fs/binfmt_misc" -o -path "/root/uac-3.3.0" -o -path "/root/uac_output/uac-data.tmp" \) -prune -o \( -name "*.scope" -o -name "*.service" -o -name "*.timer" \) -print
2026-09-15 15:55:52 +0100 INF Collecting data for user Tom
2026-09-15 15:55:52 +0100 CMD find "/home/Tom"/.config/systemd "/home/Tom"/.local/share/systemd \( -path "/sys" -o -path "/proc/sys/fs/binfmt_misc" -o -path "/root/uac-3.3.0" -o -path "/root/uac_output/uac-data.tmp" \) -prune -o -print 2> find: '/home/Tom/.config/systemd': No such file or directory/nfind: '/home/Tom/.local/share/systemd': No such file or directory
2026-09-15 15:55:52 +0100 INF Collecting data for user Tom
2026-09-15 15:55:52 +0100 CMD find "/root"/.config/systemd "/root"/.local/share/systemd \( -path "/sys" -o -path "/proc/sys/fs/binfmt_misc" -o -path "/root/uac-3.3.0" -o -path "/root/uac_output/uac-data.tmp" \) -prune -o -print 2> find: '/root/.config/systemd': No such file or directory/nfind: '/root/.local/share/systemd': No such file or directory
2026-09-15 15:55:52 +0100 INF Collecting data for user _apt
2026-09-15 15:55:52 +0100 CMD find "/nonexistent"/.config/systemd "/nonexistent"/.local/share/systemd \( -path "/sys" -o -path "/proc/sys/fs/binfmt_misc" -o -path "/root/uac-3.3.0" -o -path "/root/uac_output/uac-data.tmp" \) -prune -o -print 2> find: '/nonexistent/.config/systemd': No such file or directory/nfind: '/nonexistent/.local/share/systemd': No such file or directory
2026-09-15 15:55:52 +0100 INF Collecting data for user backup
2026-09-15 15:55:52 +0100 CMD find "/var/backups"/.config/systemd "/var/backups"/.local/share/systemd \( -path "/sys" -o -path "/proc/sys/fs/binfmt_misc" -o -path "/root/uac-3.3.0" -o -path "/root/uac_output/uac-data.tmp" \) -prune -o -print 2> find: '/var/backups/.config/systemd': No such file or directory/nfind: '/var/backups/.local/share/systemd': No such file or directory
2026-09-15 15:55:52 +0100 INF Collecting data for user bin
2026-09-15 15:55:52 +0100 CMD find "/bin"/.config/systemd "/bin"/.local/share/systemd \( -path "/sys" -o -path "/proc/sys/fs/binfmt_misc" -o -path "/root/uac-3.3.0" -o -path "/root/uac_output/uac-data.tmp" \) -prune -o -print 2> find: '/bin/.config/systemd': No such file or directory/nfind: '/bin/.local/share/systemd': No such file or directory
2026-09-15 15:55:52 +0100 INF Collecting data for user daemon
2026-09-15 15:55:52 +0100 CMD find "/usr/sbin"/.config/systemd "/usr/sbin"/.local/share/systemd \( -path "/sys" -o -path "/proc/sys/fs/binfmt_misc" -o -path "/root/uac-3.3.0" -o -path "/root/uac_output/uac-data.tmp" \) -prune -o -print 2> find: '/usr/sbin/.config/systemd': No such file or directory/nfind: '/usr/sbin/.local/share/systemd': No such file or directory
2026-09-15 15:55:52 +0100 INF Collecting data for user games
2026-09-15 15:55:52 +0100 CMD find "/usr/games"/.config/systemd "/usr/games"/.local/share/systemd \( -path "/sys" -o -path "/proc/sys/fs/binfmt_misc" -o -path "/root/uac-3.3.0" -o -path "/root/uac_output/uac-data.tmp" \) -prune -o -print 2> find: '/usr/games/.config/systemd': No such file or directory/nfind: '/usr/games/.local/share/systemd': No such file or directory
2026-09-15 15:55:52 +0100 INF Collecting data for user irc
2026-09-15 15:55:52 +0100 CMD find "/run/ircd"/.config/systemd "/run/ircd"/.local/share/systemd \( -path "/sys" -o -path "/proc/sys/fs/binfmt_misc" -o -path "/root/uac-3.3.0" -o -path "/root/uac_output/uac-data.tmp" \) -prune -o -print 2> find: '/run/ircd/.config/systemd': No such file or directory/nfind: '/run/ircd/.local/share/systemd': No such file or directory
2026-09-15 15:55:52 +0100 INF Collecting data for user list
2026-09-15 15:55:52 +0100 CMD find "/var/list"/.config/systemd "/var/list"/.local/share/systemd \( -path "/sys" -o -path "/proc/sys/fs/binfmt_misc" -o -path "/root/uac-3.3.0" -o -path "/root/uac_output/uac-data.tmp" \) -prune -o -print 2> find: '/var/list/.config/systemd': No such file or directory/nfind: '/var/list/.local/share/systemd': No such file or directory
2026-09-15 15:55:52 +0100 INF Collecting data for user lp
2026-09-15 15:55:52 +0100 CMD find "/var/spool/lpd"/.config/systemd "/var/spool/lpd"/.local/share/systemd \( -path "/sys" -o -path "/proc/sys/fs/binfmt_misc" -o -path "/root/uac-3.3.0" -o -path "/root/uac_output/uac-data.tmp" \) -prune -o -print 2> find: '/var/spool/lpd/.config/systemd': No such file or directory/nfind: '/var/spool/lpd/.local/share/systemd': No such file or directory
2026-09-15 15:55:52 +0100 INF Collecting data for user mail
2026-09-15 15:55:52 +0100 CMD find "/var/mail"/.config/systemd "/var/mail"/.local/share/systemd \( -path "/sys" -o -path "/proc/sys/fs/binfmt_misc" -o -path "/root/uac-3.3.0" -o -path "/root/uac_output/uac-data.tmp" \) -prune -o -print 2> find: '/var/mail/.config/systemd': No such file or directory/nfind: '/var/mail/.local/share/systemd': No such file or directory
2026-09-15 15:55:52 +0100 INF Collecting data for user man
2026-09-15 15:55:53 +0100 CMD find "/var/cache/man"/.config/systemd "/var/cache/man"/.local/share/systemd \( -path "/sys" -o -path "/proc/sys/fs/binfmt_misc" -o -path "/root/uac-3.3.0" -o -path "/root/uac_output/uac-data.tmp" \) -prune -o -print 2> find: '/var/cache/man/.config/systemd': No such file or directory/nfind: '/var/cache/man/.local/share/systemd': No such file or directory
2026-09-15 15:55:53 +0100 INF Collecting data for user messagebus
2026-09-15 15:55:53 +0100 INF Skipping as home directory "/nonexistent"/.config/systemd "/nonexistent"/.local/share/systemd has been collected already
2026-09-15 15:55:53 +0100 INF Collecting data for user news
2026-09-15 15:55:53 +0100 CMD find "/var/spool/news"/.config/systemd "/var/spool/news"/.local/share/systemd \( -path "/sys" -o -path "/proc/sys/fs/binfmt_misc" -o -path "/root/uac-3.3.0" -o -path "/root/uac_output/uac-data.tmp" \) -prune -o -print 2> find: '/var/spool/news/.config/systemd': No such file or directory/nfind: '/var/spool/news/.local/share/systemd': No such file or directory
2026-09-15 15:55:53 +0100 INF Collecting data for user nobody
2026-09-15 15:55:53 +0100 INF Skipping as home directory "/nonexistent"/.config/systemd "/nonexistent"/.local/share/systemd has been collected already
2026-09-15 15:55:53 +0100 INF Collecting data for user proxy
2026-09-15 15:55:53 +0100 INF Skipping as home directory "/bin"/.config/systemd "/bin"/.local/share/systemd has been collected already
2026-09-15 15:55:53 +0100 INF Collecting data for user root
2026-09-15 15:55:53 +0100 INF Skipping as home directory "/root"/.config/systemd "/root"/.local/share/systemd has been collected already
2026-09-15 15:55:53 +0100 INF Collecting data for user sshd
2026-09-15 15:55:53 +0100 CMD find "/run/sshd"/.config/systemd "/run/sshd"/.local/share/systemd \( -path "/sys" -o -path "/proc/sys/fs/binfmt_misc" -o -path "/root/uac-3.3.0" -o -path "/root/uac_output/uac-data.tmp" \) -prune -o -print 2> find: '/run/sshd/.config/systemd': No such file or directory/nfind: '/run/sshd/.local/share/systemd': No such file or directory
2026-09-15 15:55:53 +0100 INF Collecting data for user sync
2026-09-15 15:55:53 +0100 INF Skipping as home directory "/bin"/.config/systemd "/bin"/.local/share/systemd has been collected already
2026-09-15 15:55:53 +0100 INF Collecting data for user sys
2026-09-15 15:55:53 +0100 CMD find "/dev"/.config/systemd "/dev"/.local/share/systemd \( -path "/sys" -o -path "/proc/sys/fs/binfmt_misc" -o -path "/root/uac-3.3.0" -o -path "/root/uac_output/uac-data.tmp" \) -prune -o -print 2> find: '/dev/.config/systemd': No such file or directory/nfind: '/dev/.local/share/systemd': No such file or directory
2026-09-15 15:55:53 +0100 INF Collecting data for user systemd-network
2026-09-15 15:55:53 +0100 CMD find "/"/.config/systemd "/"/.local/share/systemd \( -path "/sys" -o -path "/proc/sys/fs/binfmt_misc" -o -path "/root/uac-3.3.0" -o -path "/root/uac_output/uac-data.tmp" \) -prune -o -print 2> find: '//.config/systemd': No such file or directory/nfind: '//.local/share/systemd': No such file or directory
2026-09-15 15:55:53 +0100 INF Collecting data for user systemd-timesync
2026-09-15 15:55:53 +0100 INF Skipping as home directory "/"/.config/systemd "/"/.local/share/systemd has been collected already
2026-09-15 15:55:53 +0100 INF Collecting data for user uucp
2026-09-15 15:55:53 +0100 CMD find "/var/spool/uucp"/.config/systemd "/var/spool/uucp"/.local/share/systemd \( -path "/sys" -o -path "/proc/sys/fs/binfmt_misc" -o -path "/root/uac-3.3.0" -o -path "/root/uac_output/uac-data.tmp" \) -prune -o -print 2> find: '/var/spool/uucp/.config/systemd': No such file or directory/nfind: '/var/spool/uucp/.local/share/systemd': No such file or directory
2026-09-15 15:55:53 +0100 INF Collecting data for user www-data
2026-09-15 15:55:53 +0100 CMD find "/var/www"/.config/systemd "/var/www"/.local/share/systemd \( -path "/sys" -o -path "/proc/sys/fs/binfmt_misc" -o -path "/root/uac-3.3.0" -o -path "/root/uac_output/uac-data.tmp" \) -prune -o -print 2> find: '/var/www/.config/systemd': No such file or directory/nfind: '/var/www/.local/share/systemd': No such file or directory
2026-09-15 15:55:53 +0100 CMD find /run/user/*/systemd/transient \( -path "/sys" -o -path "/proc/sys/fs/binfmt_misc" -o -path "/root/uac-3.3.0" -o -path "/root/uac_output/uac-data.tmp" \) -prune -o \( -name "*.scope" -o -name "*.service" -o -name "*.timer" \) -print 2> find: '/run/user/*/systemd/transient': No such file or directory
2026-09-15 15:55:53 +0100 INF Parsing files/system/polkit.yaml
2026-09-15 15:55:53 +0100 CMD find /etc/polkit-1 /usr/share/polkit-1 /usr/lib/polkit-1 /var/lib/polkit-1 \( -path "/sys" -o -path "/proc/sys/fs/binfmt_misc" -o -path "/root/uac-3.3.0" -o -path "/root/uac_output/uac-data.tmp" \) -prune -o -print 2> find: '/etc/polkit-1': No such file or directory/nfind: '/usr/lib/polkit-1': No such file or directory/nfind: '/var/lib/polkit-1': No such file or directory
2026-09-15 15:55:53 +0100 INF Parsing files/system/utmp.yaml
2026-09-15 15:55:53 +0100 CMD find /var/run/utmp \( -path "/sys" -o -path "/proc/sys/fs/binfmt_misc" -o -path "/root/uac-3.3.0" -o -path "/root/uac_output/uac-data.tmp" \) -prune -o -print
2026-09-15 15:55:53 +0100 INF Parsing files/system/dracut.yaml
2026-09-15 15:55:53 +0100 CMD find /lib/dracut /usr/lib/dracut \( -path "/sys" -o -path "/proc/sys/fs/binfmt_misc" -o -path "/root/uac-3.3.0" -o -path "/root/uac_output/uac-data.tmp" \) -prune -o -print 2> find: '/lib/dracut': No such file or directory/nfind: '/usr/lib/dracut': No such file or directory
2026-09-15 15:55:53 +0100 INF Parsing files/system/xdg_autostart.yaml
2026-09-15 15:55:53 +0100 CMD find /etc/xdg/autostart /usr/share/autostart \( -path "/sys" -o -path "/proc/sys/fs/binfmt_misc" -o -path "/root/uac-3.3.0" -o -path "/root/uac_output/uac-data.tmp" \) -prune -o -print 2> find: '/usr/share/autostart': No such file or directory
2026-09-15 15:55:53 +0100 INF Collecting data for user Tom
2026-09-15 15:55:53 +0100 CMD find "/home/Tom"/.config/autostart "/home/Tom"/.local/share/autostart \( -path "/sys" -o -path "/proc/sys/fs/binfmt_misc" -o -path "/root/uac-3.3.0" -o -path "/root/uac_output/uac-data.tmp" \) -prune -o -print 2> find: '/home/Tom/.config/autostart': No such file or directory/nfind: '/home/Tom/.local/share/autostart': No such file or directory
2026-09-15 15:55:53 +0100 INF Collecting data for user Tom
2026-09-15 15:55:53 +0100 CMD find "/root"/.config/autostart "/root"/.local/share/autostart \( -path "/sys" -o -path "/proc/sys/fs/binfmt_misc" -o -path "/root/uac-3.3.0" -o -path "/root/uac_output/uac-data.tmp" \) -prune -o -print 2> find: '/root/.config/autostart': No such file or directory/nfind: '/root/.local/share/autostart': No such file or directory
2026-09-15 15:55:53 +0100 INF Collecting data for user _apt
2026-09-15 15:55:53 +0100 CMD find "/nonexistent"/.config/autostart "/nonexistent"/.local/share/autostart \( -path "/sys" -o -path "/proc/sys/fs/binfmt_misc" -o -path "/root/uac-3.3.0" -o -path "/root/uac_output/uac-data.tmp" \) -prune -o -print 2> find: '/nonexistent/.config/autostart': No such file or directory/nfind: '/nonexistent/.local/share/autostart': No such file or directory
2026-09-15 15:55:53 +0100 INF Collecting data for user backup
2026-09-15 15:55:53 +0100 CMD find "/var/backups"/.config/autostart "/var/backups"/.local/share/autostart \( -path "/sys" -o -path "/proc/sys/fs/binfmt_misc" -o -path "/root/uac-3.3.0" -o -path "/root/uac_output/uac-data.tmp" \) -prune -o -print 2> find: '/var/backups/.config/autostart': No such file or directory/nfind: '/var/backups/.local/share/autostart': No such file or directory
2026-09-15 15:55:53 +0100 INF Collecting data for user bin
2026-09-15 15:55:53 +0100 CMD find "/bin"/.config/autostart "/bin"/.local/share/autostart \( -path "/sys" -o -path "/proc/sys/fs/binfmt_misc" -o -path "/root/uac-3.3.0" -o -path "/root/uac_output/uac-data.tmp" \) -prune -o -print 2> find: '/bin/.config/autostart': No such file or directory/nfind: '/bin/.local/share/autostart': No such file or directory
2026-09-15 15:55:53 +0100 INF Collecting data for user daemon
2026-09-15 15:55:53 +0100 CMD find "/usr/sbin"/.config/autostart "/usr/sbin"/.local/share/autostart \( -path "/sys" -o -path "/proc/sys/fs/binfmt_misc" -o -path "/root/uac-3.3.0" -o -path "/root/uac_output/uac-data.tmp" \) -prune -o -print 2> find: '/usr/sbin/.config/autostart': No such file or directory/nfind: '/usr/sbin/.local/share/autostart': No such file or directory
2026-09-15 15:55:53 +0100 INF Collecting data for user games
2026-09-15 15:55:53 +0100 CMD find "/usr/games"/.config/autostart "/usr/games"/.local/share/autostart \( -path "/sys" -o -path "/proc/sys/fs/binfmt_misc" -o -path "/root/uac-3.3.0" -o -path "/root/uac_output/uac-data.tmp" \) -prune -o -print 2> find: '/usr/games/.config/autostart': No such file or directory/nfind: '/usr/games/.local/share/autostart': No such file or directory
2026-09-15 15:55:53 +0100 INF Collecting data for user irc
2026-09-15 15:55:53 +0100 CMD find "/run/ircd"/.config/autostart "/run/ircd"/.local/share/autostart \( -path "/sys" -o -path "/proc/sys/fs/binfmt_misc" -o -path "/root/uac-3.3.0" -o -path "/root/uac_output/uac-data.tmp" \) -prune -o -print 2> find: '/run/ircd/.config/autostart': No such file or directory/nfind: '/run/ircd/.local/share/autostart': No such file or directory
2026-09-15 15:55:53 +0100 INF Collecting data for user list
2026-09-15 15:55:54 +0100 CMD find "/var/list"/.config/autostart "/var/list"/.local/share/autostart \( -path "/sys" -o -path "/proc/sys/fs/binfmt_misc" -o -path "/root/uac-3.3.0" -o -path "/root/uac_output/uac-data.tmp" \) -prune -o -print 2> find: '/var/list/.config/autostart': No such file or directory/nfind: '/var/list/.local/share/autostart': No such file or directory
2026-09-15 15:55:54 +0100 INF Collecting data for user lp
2026-09-15 15:55:54 +0100 CMD find "/var/spool/lpd"/.config/autostart "/var/spool/lpd"/.local/share/autostart \( -path "/sys" -o -path "/proc/sys/fs/binfmt_misc" -o -path "/root/uac-3.3.0" -o -path "/root/uac_output/uac-data.tmp" \) -prune -o -print 2> find: '/var/spool/lpd/.config/autostart': No such file or directory/nfind: '/var/spool/lpd/.local/share/autostart': No such file or directory
2026-09-15 15:55:54 +0100 INF Collecting data for user mail
2026-09-15 15:55:54 +0100 CMD find "/var/mail"/.config/autostart "/var/mail"/.local/share/autostart \( -path "/sys" -o -path "/proc/sys/fs/binfmt_misc" -o -path "/root/uac-3.3.0" -o -path "/root/uac_output/uac-data.tmp" \) -prune -o -print 2> find: '/var/mail/.config/autostart': No such file or directory/nfind: '/var/mail/.local/share/autostart': No such file or directory
2026-09-15 15:55:54 +0100 INF Collecting data for user man
2026-09-15 15:55:54 +0100 CMD find "/var/cache/man"/.config/autostart "/var/cache/man"/.local/share/autostart \( -path "/sys" -o -path "/proc/sys/fs/binfmt_misc" -o -path "/root/uac-3.3.0" -o -path "/root/uac_output/uac-data.tmp" \) -prune -o -print 2> find: '/var/cache/man/.config/autostart': No such file or directory/nfind: '/var/cache/man/.local/share/autostart': No such file or directory
2026-09-15 15:55:54 +0100 INF Collecting data for user messagebus
2026-09-15 15:55:54 +0100 INF Skipping as home directory "/nonexistent"/.config/autostart "/nonexistent"/.local/share/autostart has been collected already
2026-09-15 15:55:54 +0100 INF Collecting data for user news
2026-09-15 15:55:54 +0100 CMD find "/var/spool/news"/.config/autostart "/var/spool/news"/.local/share/autostart \( -path "/sys" -o -path "/proc/sys/fs/binfmt_misc" -o -path "/root/uac-3.3.0" -o -path "/root/uac_output/uac-data.tmp" \) -prune -o -print 2> find: '/var/spool/news/.config/autostart': No such file or directory/nfind: '/var/spool/news/.local/share/autostart': No such file or directory
2026-09-15 15:55:54 +0100 INF Collecting data for user nobody
2026-09-15 15:55:54 +0100 INF Skipping as home directory "/nonexistent"/.config/autostart "/nonexistent"/.local/share/autostart has been collected already
2026-09-15 15:55:54 +0100 INF Collecting data for user proxy
2026-09-15 15:55:54 +0100 INF Skipping as home directory "/bin"/.config/autostart "/bin"/.local/share/autostart has been collected already
2026-09-15 15:55:54 +0100 INF Collecting data for user root
2026-09-15 15:55:54 +0100 INF Skipping as home directory "/root"/.config/autostart "/root"/.local/share/autostart has been collected already
2026-09-15 15:55:54 +0100 INF Collecting data for user sshd
2026-09-15 15:55:54 +0100 CMD find "/run/sshd"/.config/autostart "/run/sshd"/.local/share/autostart \( -path "/sys" -o -path "/proc/sys/fs/binfmt_misc" -o -path "/root/uac-3.3.0" -o -path "/root/uac_output/uac-data.tmp" \) -prune -o -print 2> find: '/run/sshd/.config/autostart': No such file or directory/nfind: '/run/sshd/.local/share/autostart': No such file or directory
2026-09-15 15:55:54 +0100 INF Collecting data for user sync
2026-09-15 15:55:54 +0100 INF Skipping as home directory "/bin"/.config/autostart "/bin"/.local/share/autostart has been collected already
2026-09-15 15:55:54 +0100 INF Collecting data for user sys
2026-09-15 15:55:54 +0100 CMD find "/dev"/.config/autostart "/dev"/.local/share/autostart \( -path "/sys" -o -path "/proc/sys/fs/binfmt_misc" -o -path "/root/uac-3.3.0" -o -path "/root/uac_output/uac-data.tmp" \) -prune -o -print 2> find: '/dev/.config/autostart': No such file or directory/nfind: '/dev/.local/share/autostart': No such file or directory
2026-09-15 15:55:54 +0100 INF Collecting data for user systemd-network
2026-09-15 15:55:54 +0100 CMD find "/"/.config/autostart "/"/.local/share/autostart \( -path "/sys" -o -path "/proc/sys/fs/binfmt_misc" -o -path "/root/uac-3.3.0" -o -path "/root/uac_output/uac-data.tmp" \) -prune -o -print 2> find: '//.config/autostart': No such file or directory/nfind: '//.local/share/autostart': No such file or directory
2026-09-15 15:55:54 +0100 INF Collecting data for user systemd-timesync
2026-09-15 15:55:54 +0100 INF Skipping as home directory "/"/.config/autostart "/"/.local/share/autostart has been collected already
2026-09-15 15:55:54 +0100 INF Collecting data for user uucp
2026-09-15 15:55:54 +0100 CMD find "/var/spool/uucp"/.config/autostart "/var/spool/uucp"/.local/share/autostart \( -path "/sys" -o -path "/proc/sys/fs/binfmt_misc" -o -path "/root/uac-3.3.0" -o -path "/root/uac_output/uac-data.tmp" \) -prune -o -print 2> find: '/var/spool/uucp/.config/autostart': No such file or directory/nfind: '/var/spool/uucp/.local/share/autostart': No such file or directory
2026-09-15 15:55:54 +0100 INF Collecting data for user www-data
2026-09-15 15:55:54 +0100 CMD find "/var/www"/.config/autostart "/var/www"/.local/share/autostart \( -path "/sys" -o -path "/proc/sys/fs/binfmt_misc" -o -path "/root/uac-3.3.0" -o -path "/root/uac_output/uac-data.tmp" \) -prune -o -print 2> find: '/var/www/.config/autostart': No such file or directory/nfind: '/var/www/.local/share/autostart': No such file or directory
2026-09-15 15:55:54 +0100 INF Collecting data for user Tom
2026-09-15 15:55:54 +0100 CMD find "/home/Tom"/.config/autostart-scripts \( -path "/sys" -o -path "/proc/sys/fs/binfmt_misc" -o -path "/root/uac-3.3.0" -o -path "/root/uac_output/uac-data.tmp" \) -prune -o -print 2> find: '/home/Tom/.config/autostart-scripts': No such file or directory
2026-09-15 15:55:54 +0100 INF Collecting data for user Tom
2026-09-15 15:55:54 +0100 CMD find "/root"/.config/autostart-scripts \( -path "/sys" -o -path "/proc/sys/fs/binfmt_misc" -o -path "/root/uac-3.3.0" -o -path "/root/uac_output/uac-data.tmp" \) -prune -o -print 2> find: '/root/.config/autostart-scripts': No such file or directory
2026-09-15 15:55:54 +0100 INF Collecting data for user _apt
2026-09-15 15:55:54 +0100 CMD find "/nonexistent"/.config/autostart-scripts \( -path "/sys" -o -path "/proc/sys/fs/binfmt_misc" -o -path "/root/uac-3.3.0" -o -path "/root/uac_output/uac-data.tmp" \) -prune -o -print 2> find: '/nonexistent/.config/autostart-scripts': No such file or directory
2026-09-15 15:55:54 +0100 INF Collecting data for user backup
2026-09-15 15:55:54 +0100 CMD find "/var/backups"/.config/autostart-scripts \( -path "/sys" -o -path "/proc/sys/fs/binfmt_misc" -o -path "/root/uac-3.3.0" -o -path "/root/uac_output/uac-data.tmp" \) -prune -o -print 2> find: '/var/backups/.config/autostart-scripts': No such file or directory
2026-09-15 15:55:54 +0100 INF Collecting data for user bin
2026-09-15 15:55:54 +0100 CMD find "/bin"/.config/autostart-scripts \( -path "/sys" -o -path "/proc/sys/fs/binfmt_misc" -o -path "/root/uac-3.3.0" -o -path "/root/uac_output/uac-data.tmp" \) -prune -o -print 2> find: '/bin/.config/autostart-scripts': No such file or directory
2026-09-15 15:55:54 +0100 INF Collecting data for user daemon
2026-09-15 15:55:54 +0100 CMD find "/usr/sbin"/.config/autostart-scripts \( -path "/sys" -o -path "/proc/sys/fs/binfmt_misc" -o -path "/root/uac-3.3.0" -o -path "/root/uac_output/uac-data.tmp" \) -prune -o -print 2> find: '/usr/sbin/.config/autostart-scripts': No such file or directory
2026-09-15 15:55:54 +0100 INF Collecting data for user games
2026-09-15 15:55:54 +0100 CMD find "/usr/games"/.config/autostart-scripts \( -path "/sys" -o -path "/proc/sys/fs/binfmt_misc" -o -path "/root/uac-3.3.0" -o -path "/root/uac_output/uac-data.tmp" \) -prune -o -print 2> find: '/usr/games/.config/autostart-scripts': No such file or directory
2026-09-15 15:55:54 +0100 INF Collecting data for user irc
2026-09-15 15:55:54 +0100 CMD find "/run/ircd"/.config/autostart-scripts \( -path "/sys" -o -path "/proc/sys/fs/binfmt_misc" -o -path "/root/uac-3.3.0" -o -path "/root/uac_output/uac-data.tmp" \) -prune -o -print 2> find: '/run/ircd/.config/autostart-scripts': No such file or directory
2026-09-15 15:55:54 +0100 INF Collecting data for user list
2026-09-15 15:55:54 +0100 CMD find "/var/list"/.config/autostart-scripts \( -path "/sys" -o -path "/proc/sys/fs/binfmt_misc" -o -path "/root/uac-3.3.0" -o -path "/root/uac_output/uac-data.tmp" \) -prune -o -print 2> find: '/var/list/.config/autostart-scripts': No such file or directory
2026-09-15 15:55:54 +0100 INF Collecting data for user lp
2026-09-15 15:55:54 +0100 CMD find "/var/spool/lpd"/.config/autostart-scripts \( -path "/sys" -o -path "/proc/sys/fs/binfmt_misc" -o -path "/root/uac-3.3.0" -o -path "/root/uac_output/uac-data.tmp" \) -prune -o -print 2> find: '/var/spool/lpd/.config/autostart-scripts': No such file or directory
2026-09-15 15:55:54 +0100 INF Collecting data for user mail
2026-09-15 15:55:54 +0100 CMD find "/var/mail"/.config/autostart-scripts \( -path "/sys" -o -path "/proc/sys/fs/binfmt_misc" -o -path "/root/uac-3.3.0" -o -path "/root/uac_output/uac-data.tmp" \) -prune -o -print 2> find: '/var/mail/.config/autostart-scripts': No such file or directory
2026-09-15 15:55:54 +0100 INF Collecting data for user man
2026-09-15 15:55:54 +0100 CMD find "/var/cache/man"/.config/autostart-scripts \( -path "/sys" -o -path "/proc/sys/fs/binfmt_misc" -o -path "/root/uac-3.3.0" -o -path "/root/uac_output/uac-data.tmp" \) -prune -o -print 2> find: '/var/cache/man/.config/autostart-scripts': No such file or directory
2026-09-15 15:55:54 +0100 INF Collecting data for user messagebus
2026-09-15 15:55:54 +0100 INF Skipping as home directory "/nonexistent"/.config/autostart-scripts has been collected already
2026-09-15 15:55:54 +0100 INF Collecting data for user news
2026-09-15 15:55:54 +0100 CMD find "/var/spool/news"/.config/autostart-scripts \( -path "/sys" -o -path "/proc/sys/fs/binfmt_misc" -o -path "/root/uac-3.3.0" -o -path "/root/uac_output/uac-data.tmp" \) -prune -o -print 2> find: '/var/spool/news/.config/autostart-scripts': No such file or directory
2026-09-15 15:55:54 +0100 INF Collecting data for user nobody
2026-09-15 15:55:54 +0100 INF Skipping as home directory "/nonexistent"/.config/autostart-scripts has been collected already
2026-09-15 15:55:54 +0100 INF Collecting data for user proxy
2026-09-15 15:55:54 +0100 INF Skipping as home directory "/bin"/.config/autostart-scripts has been collected already
2026-09-15 15:55:54 +0100 INF Collecting data for user root
2026-09-15 15:55:54 +0100 INF Skipping as home directory "/root"/.config/autostart-scripts has been collected already
2026-09-15 15:55:55 +0100 INF Collecting data for user sshd
2026-09-15 15:55:55 +0100 CMD find "/run/sshd"/.config/autostart-scripts \( -path "/sys" -o -path "/proc/sys/fs/binfmt_misc" -o -path "/root/uac-3.3.0" -o -path "/root/uac_output/uac-data.tmp" \) -prune -o -print 2> find: '/run/sshd/.config/autostart-scripts': No such file or directory
2026-09-15 15:55:55 +0100 INF Collecting data for user sync
2026-09-15 15:55:55 +0100 INF Skipping as home directory "/bin"/.config/autostart-scripts has been collected already
2026-09-15 15:55:55 +0100 INF Collecting data for user sys
2026-09-15 15:55:55 +0100 CMD find "/dev"/.config/autostart-scripts \( -path "/sys" -o -path "/proc/sys/fs/binfmt_misc" -o -path "/root/uac-3.3.0" -o -path "/root/uac_output/uac-data.tmp" \) -prune -o -print 2> find: '/dev/.config/autostart-scripts': No such file or directory
2026-09-15 15:55:55 +0100 INF Collecting data for user systemd-network
2026-09-15 15:55:55 +0100 CMD find "/"/.config/autostart-scripts \( -path "/sys" -o -path "/proc/sys/fs/binfmt_misc" -o -path "/root/uac-3.3.0" -o -path "/root/uac_output/uac-data.tmp" \) -prune -o -print 2> find: '//.config/autostart-scripts': No such file or directory
2026-09-15 15:55:55 +0100 INF Collecting data for user systemd-timesync
2026-09-15 15:55:55 +0100 INF Skipping as home directory "/"/.config/autostart-scripts has been collected already
2026-09-15 15:55:55 +0100 INF Collecting data for user uucp
2026-09-15 15:55:55 +0100 CMD find "/var/spool/uucp"/.config/autostart-scripts \( -path "/sys" -o -path "/proc/sys/fs/binfmt_misc" -o -path "/root/uac-3.3.0" -o -path "/root/uac_output/uac-data.tmp" \) -prune -o -print 2> find: '/var/spool/uucp/.config/autostart-scripts': No such file or directory
2026-09-15 15:55:55 +0100 INF Collecting data for user www-data
2026-09-15 15:55:55 +0100 CMD find "/var/www"/.config/autostart-scripts \( -path "/sys" -o -path "/proc/sys/fs/binfmt_misc" -o -path "/root/uac-3.3.0" -o -path "/root/uac_output/uac-data.tmp" \) -prune -o -print 2> find: '/var/www/.config/autostart-scripts': No such file or directory
2026-09-15 15:55:55 +0100 INF Parsing files/system/dbus.yaml
2026-09-15 15:55:55 +0100 CMD find /etc/dbus-1 /usr/share/dbus-1 \( -path "/sys" -o -path "/proc/sys/fs/binfmt_misc" -o -path "/root/uac-3.3.0" -o -path "/root/uac_output/uac-data.tmp" \) -prune -o -print
2026-09-15 15:55:55 +0100 INF Collecting data for user Tom
2026-09-15 15:55:55 +0100 CMD find "/home/Tom"/.local/share/dbus-1 \( -path "/sys" -o -path "/proc/sys/fs/binfmt_misc" -o -path "/root/uac-3.3.0" -o -path "/root/uac_output/uac-data.tmp" \) -prune -o -print 2> find: '/home/Tom/.local/share/dbus-1': No such file or directory
2026-09-15 15:55:55 +0100 INF Collecting data for user Tom
2026-09-15 15:55:55 +0100 CMD find "/root"/.local/share/dbus-1 \( -path "/sys" -o -path "/proc/sys/fs/binfmt_misc" -o -path "/root/uac-3.3.0" -o -path "/root/uac_output/uac-data.tmp" \) -prune -o -print 2> find: '/root/.local/share/dbus-1': No such file or directory
2026-09-15 15:55:55 +0100 INF Collecting data for user _apt
2026-09-15 15:55:55 +0100 CMD find "/nonexistent"/.local/share/dbus-1 \( -path "/sys" -o -path "/proc/sys/fs/binfmt_misc" -o -path "/root/uac-3.3.0" -o -path "/root/uac_output/uac-data.tmp" \) -prune -o -print 2> find: '/nonexistent/.local/share/dbus-1': No such file or directory
2026-09-15 15:55:55 +0100 INF Collecting data for user backup
2026-09-15 15:55:55 +0100 CMD find "/var/backups"/.local/share/dbus-1 \( -path "/sys" -o -path "/proc/sys/fs/binfmt_misc" -o -path "/root/uac-3.3.0" -o -path "/root/uac_output/uac-data.tmp" \) -prune -o -print 2> find: '/var/backups/.local/share/dbus-1': No such file or directory
2026-09-15 15:55:55 +0100 INF Collecting data for user bin
2026-09-15 15:55:55 +0100 CMD find "/bin"/.local/share/dbus-1 \( -path "/sys" -o -path "/proc/sys/fs/binfmt_misc" -o -path "/root/uac-3.3.0" -o -path "/root/uac_output/uac-data.tmp" \) -prune -o -print 2> find: '/bin/.local/share/dbus-1': No such file or directory
2026-09-15 15:55:55 +0100 INF Collecting data for user daemon
2026-09-15 15:55:55 +0100 CMD find "/usr/sbin"/.local/share/dbus-1 \( -path "/sys" -o -path "/proc/sys/fs/binfmt_misc" -o -path "/root/uac-3.3.0" -o -path "/root/uac_output/uac-data.tmp" \) -prune -o -print 2> find: '/usr/sbin/.local/share/dbus-1': No such file or directory
2026-09-15 15:55:55 +0100 INF Collecting data for user games
2026-09-15 15:55:55 +0100 CMD find "/usr/games"/.local/share/dbus-1 \( -path "/sys" -o -path "/proc/sys/fs/binfmt_misc" -o -path "/root/uac-3.3.0" -o -path "/root/uac_output/uac-data.tmp" \) -prune -o -print 2> find: '/usr/games/.local/share/dbus-1': No such file or directory
2026-09-15 15:55:55 +0100 INF Collecting data for user irc
2026-09-15 15:55:55 +0100 CMD find "/run/ircd"/.local/share/dbus-1 \( -path "/sys" -o -path "/proc/sys/fs/binfmt_misc" -o -path "/root/uac-3.3.0" -o -path "/root/uac_output/uac-data.tmp" \) -prune -o -print 2> find: '/run/ircd/.local/share/dbus-1': No such file or directory
2026-09-15 15:55:55 +0100 INF Collecting data for user list
2026-09-15 15:55:55 +0100 CMD find "/var/list"/.local/share/dbus-1 \( -path "/sys" -o -path "/proc/sys/fs/binfmt_misc" -o -path "/root/uac-3.3.0" -o -path "/root/uac_output/uac-data.tmp" \) -prune -o -print 2> find: '/var/list/.local/share/dbus-1': No such file or directory
2026-09-15 15:55:55 +0100 INF Collecting data for user lp
2026-09-15 15:55:55 +0100 CMD find "/var/spool/lpd"/.local/share/dbus-1 \( -path "/sys" -o -path "/proc/sys/fs/binfmt_misc" -o -path "/root/uac-3.3.0" -o -path "/root/uac_output/uac-data.tmp" \) -prune -o -print 2> find: '/var/spool/lpd/.local/share/dbus-1': No such file or directory
2026-09-15 15:55:55 +0100 INF Collecting data for user mail
2026-09-15 15:55:55 +0100 CMD find "/var/mail"/.local/share/dbus-1 \( -path "/sys" -o -path "/proc/sys/fs/binfmt_misc" -o -path "/root/uac-3.3.0" -o -path "/root/uac_output/uac-data.tmp" \) -prune -o -print 2> find: '/var/mail/.local/share/dbus-1': No such file or directory
2026-09-15 15:55:55 +0100 INF Collecting data for user man
2026-09-15 15:55:55 +0100 CMD find "/var/cache/man"/.local/share/dbus-1 \( -path "/sys" -o -path "/proc/sys/fs/binfmt_misc" -o -path "/root/uac-3.3.0" -o -path "/root/uac_output/uac-data.tmp" \) -prune -o -print 2> find: '/var/cache/man/.local/share/dbus-1': No such file or directory
2026-09-15 15:55:55 +0100 INF Collecting data for user messagebus
2026-09-15 15:55:55 +0100 INF Skipping as home directory "/nonexistent"/.local/share/dbus-1 has been collected already
2026-09-15 15:55:55 +0100 INF Collecting data for user news
2026-09-15 15:55:55 +0100 CMD find "/var/spool/news"/.local/share/dbus-1 \( -path "/sys" -o -path "/proc/sys/fs/binfmt_misc" -o -path "/root/uac-3.3.0" -o -path "/root/uac_output/uac-data.tmp" \) -prune -o -print 2> find: '/var/spool/news/.local/share/dbus-1': No such file or directory
2026-09-15 15:55:55 +0100 INF Collecting data for user nobody
2026-09-15 15:55:55 +0100 INF Skipping as home directory "/nonexistent"/.local/share/dbus-1 has been collected already
2026-09-15 15:55:55 +0100 INF Collecting data for user proxy
2026-09-15 15:55:55 +0100 INF Skipping as home directory "/bin"/.local/share/dbus-1 has been collected already
2026-09-15 15:55:55 +0100 INF Collecting data for user root
2026-09-15 15:55:55 +0100 INF Skipping as home directory "/root"/.local/share/dbus-1 has been collected already
2026-09-15 15:55:55 +0100 INF Collecting data for user sshd
2026-09-15 15:55:55 +0100 CMD find "/run/sshd"/.local/share/dbus-1 \( -path "/sys" -o -path "/proc/sys/fs/binfmt_misc" -o -path "/root/uac-3.3.0" -o -path "/root/uac_output/uac-data.tmp" \) -prune -o -print 2> find: '/run/sshd/.local/share/dbus-1': No such file or directory
2026-09-15 15:55:55 +0100 INF Collecting data for user sync
2026-09-15 15:55:55 +0100 INF Skipping as home directory "/bin"/.local/share/dbus-1 has been collected already
2026-09-15 15:55:55 +0100 INF Collecting data for user sys
2026-09-15 15:55:55 +0100 CMD find "/dev"/.local/share/dbus-1 \( -path "/sys" -o -path "/proc/sys/fs/binfmt_misc" -o -path "/root/uac-3.3.0" -o -path "/root/uac_output/uac-data.tmp" \) -prune -o -print 2> find: '/dev/.local/share/dbus-1': No such file or directory
2026-09-15 15:55:55 +0100 INF Collecting data for user systemd-network
2026-09-15 15:55:55 +0100 CMD find "/"/.local/share/dbus-1 \( -path "/sys" -o -path "/proc/sys/fs/binfmt_misc" -o -path "/root/uac-3.3.0" -o -path "/root/uac_output/uac-data.tmp" \) -prune -o -print 2> find: '//.local/share/dbus-1': No such file or directory
2026-09-15 15:55:55 +0100 INF Collecting data for user systemd-timesync
2026-09-15 15:55:56 +0100 INF Skipping as home directory "/"/.local/share/dbus-1 has been collected already
2026-09-15 15:55:56 +0100 INF Collecting data for user uucp
2026-09-15 15:55:56 +0100 CMD find "/var/spool/uucp"/.local/share/dbus-1 \( -path "/sys" -o -path "/proc/sys/fs/binfmt_misc" -o -path "/root/uac-3.3.0" -o -path "/root/uac_output/uac-data.tmp" \) -prune -o -print 2> find: '/var/spool/uucp/.local/share/dbus-1': No such file or directory
2026-09-15 15:55:56 +0100 INF Collecting data for user www-data
2026-09-15 15:55:56 +0100 CMD find "/var/www"/.local/share/dbus-1 \( -path "/sys" -o -path "/proc/sys/fs/binfmt_misc" -o -path "/root/uac-3.3.0" -o -path "/root/uac_output/uac-data.tmp" \) -prune -o -print 2> find: '/var/www/.local/share/dbus-1': No such file or directory
2026-09-15 15:55:56 +0100 INF Parsing files/system/job_scheduler.yaml
2026-09-15 15:55:56 +0100 CMD find /var/cron /var/adm/cron /var/spool/cron \( -path "/sys" -o -path "/proc/sys/fs/binfmt_misc" -o -path "/root/uac-3.3.0" -o -path "/root/uac_output/uac-data.tmp" \) -prune -o -print 2> find: '/var/cron': No such file or directory/nfind: '/var/adm/cron': No such file or directory
2026-09-15 15:55:56 +0100 CMD find /var/spool/anacron \( -path "/sys" -o -path "/proc/sys/fs/binfmt_misc" -o -path "/root/uac-3.3.0" -o -path "/root/uac_output/uac-data.tmp" \) -prune -o -print 2> find: '/var/spool/anacron': No such file or directory
2026-09-15 15:55:56 +0100 CMD find /var/spool/at \( -path "/sys" -o -path "/proc/sys/fs/binfmt_misc" -o -path "/root/uac-3.3.0" -o -path "/root/uac_output/uac-data.tmp" \) -prune -o -print 2> find: '/var/spool/at': No such file or directory
2026-09-15 15:55:56 +0100 CMD find /var/at/tabs \( -path "/sys" -o -path "/proc/sys/fs/binfmt_misc" -o -path "/root/uac-3.3.0" -o -path "/root/uac_output/uac-data.tmp" \) -prune -o -print 2> find: '/var/at/tabs': No such file or directory
2026-09-15 15:55:56 +0100 INF Parsing files/system/kactivitymanagerd.yaml
2026-09-15 15:55:56 +0100 INF Collecting data for user Tom
2026-09-15 15:55:56 +0100 CMD find "/home/Tom"/.local/share/kactivitymanagerd/resources \( -path "/sys" -o -path "/proc/sys/fs/binfmt_misc" -o -path "/root/uac-3.3.0" -o -path "/root/uac_output/uac-data.tmp" \) -prune -o -print 2> find: '/home/Tom/.local/share/kactivitymanagerd/resources': No such file or directory
2026-09-15 15:55:56 +0100 INF Collecting data for user Tom
2026-09-15 15:55:56 +0100 CMD find "/root"/.local/share/kactivitymanagerd/resources \( -path "/sys" -o -path "/proc/sys/fs/binfmt_misc" -o -path "/root/uac-3.3.0" -o -path "/root/uac_output/uac-data.tmp" \) -prune -o -print 2> find: '/root/.local/share/kactivitymanagerd/resources': No such file or directory
2026-09-15 15:55:56 +0100 INF Collecting data for user root
2026-09-15 15:55:56 +0100 INF Skipping as home directory "/root"/.local/share/kactivitymanagerd/resources has been collected already
2026-09-15 15:55:56 +0100 INF Parsing files/system/var_spool.yaml
2026-09-15 15:55:56 +0100 CMD find /var/spool \( -path "/sys" -o -path "/proc/sys/fs/binfmt_misc" -o -path "/root/uac-3.3.0" -o -path "/root/uac_output/uac-data.tmp" \) -prune -o -print
2026-09-15 15:55:56 +0100 INF Parsing files/system/var_tmp.yaml
2026-09-15 15:55:56 +0100 CMD find /var/tmp \( -path "/sys" -o -path "/proc/sys/fs/binfmt_misc" -o -path "/root/uac-3.3.0" -o -path "/root/uac_output/uac-data.tmp" \) -prune -o \( -type f -o -type l \) -size -10485760c -print
2026-09-15 15:55:56 +0100 INF Parsing files/system/udev.yaml
2026-09-15 15:55:56 +0100 CMD find /etc/udev/rules.d /usr/lib/udev/rules.d /run/udev/rules.d \( -path "/sys" -o -path "/proc/sys/fs/binfmt_misc" -o -path "/root/uac-3.3.0" -o -path "/root/uac_output/uac-data.tmp" \) -prune -o -print 2> find: '/run/udev/rules.d': No such file or directory
2026-09-15 15:55:56 +0100 INF Parsing files/system/xsession_errors.yaml
2026-09-15 15:55:56 +0100 INF Collecting data for user Tom
2026-09-15 15:55:56 +0100 CMD find "/home/Tom"/.xsession-errors \( -path "/sys" -o -path "/proc/sys/fs/binfmt_misc" -o -path "/root/uac-3.3.0" -o -path "/root/uac_output/uac-data.tmp" \) -prune -o -print 2> find: '/home/Tom/.xsession-errors': No such file or directory
2026-09-15 15:55:56 +0100 INF Collecting data for user Tom
2026-09-15 15:55:56 +0100 CMD find "/root"/.xsession-errors \( -path "/sys" -o -path "/proc/sys/fs/binfmt_misc" -o -path "/root/uac-3.3.0" -o -path "/root/uac_output/uac-data.tmp" \) -prune -o -print 2> find: '/root/.xsession-errors': No such file or directory
2026-09-15 15:55:56 +0100 INF Collecting data for user root
2026-09-15 15:55:56 +0100 INF Skipping as home directory "/root"/.xsession-errors has been collected already
2026-09-15 15:55:56 +0100 INF Parsing files/system/azure_vm_agent.yaml
2026-09-15 15:55:56 +0100 CMD find /var/log/azure \( -path "/sys" -o -path "/proc/sys/fs/binfmt_misc" -o -path "/root/uac-3.3.0" -o -path "/root/uac_output/uac-data.tmp" \) -prune -o -print 2> find: '/var/log/azure': No such file or directory
2026-09-15 15:55:56 +0100 CMD find /var/log/waagent.log \( -path "/sys" -o -path "/proc/sys/fs/binfmt_misc" -o -path "/root/uac-3.3.0" -o -path "/root/uac_output/uac-data.tmp" \) -prune -o -print 2> find: '/var/log/waagent.log': No such file or directory
2026-09-15 15:55:56 +0100 CMD find /var/lib/waagent/run-command/download \( -path "/sys" -o -path "/proc/sys/fs/binfmt_misc" -o -path "/root/uac-3.3.0" -o -path "/root/uac_output/uac-data.tmp" \) -prune -o -print 2> find: '/var/lib/waagent/run-command/download': No such file or directory
2026-09-15 15:55:56 +0100 INF Parsing files/system/run_shm.yaml
2026-09-15 15:55:56 +0100 CMD find /run/shm \( -path "/sys" -o -path "/proc/sys/fs/binfmt_misc" -o -path "/root/uac-3.3.0" -o -path "/root/uac_output/uac-data.tmp" \) -prune -o \( -type f -o -type l \) -size -10485760c -print
2026-09-15 15:55:56 +0100 INF Parsing files/system/aws_ssm_agent.yaml
2026-09-15 15:55:56 +0100 CMD find /etc/amazon/ssm \( -path "/sys" -o -path "/proc/sys/fs/binfmt_misc" -o -path "/root/uac-3.3.0" -o -path "/root/uac_output/uac-data.tmp" \) -prune -o -print 2> find: '/etc/amazon/ssm': No such file or directory
2026-09-15 15:55:56 +0100 CMD find /var/log/amazon/ssm/*.log \( -path "/sys" -o -path "/proc/sys/fs/binfmt_misc" -o -path "/root/uac-3.3.0" -o -path "/root/uac_output/uac-data.tmp" \) -prune -o -print 2> find: '/var/log/amazon/ssm/*.log': No such file or directory
2026-09-15 15:55:56 +0100 INF Parsing files/system/networkmanager.yaml
2026-09-15 15:55:56 +0100 CMD find /var/lib/NetworkManager \( -path "/sys" -o -path "/proc/sys/fs/binfmt_misc" -o -path "/root/uac-3.3.0" -o -path "/root/uac_output/uac-data.tmp" \) -prune -o -print 2> find: '/var/lib/NetworkManager': No such file or directory
2026-09-15 15:55:56 +0100 INF Parsing files/system/upstart.yaml
2026-09-15 15:55:56 +0100 CMD find /etc/init /etc/xdg/upstart /usr/share/upstart/sessions \( -path "/sys" -o -path "/proc/sys/fs/binfmt_misc" -o -path "/root/uac-3.3.0" -o -path "/root/uac_output/uac-data.tmp" \) -prune -o -print 2> find: '/etc/init': No such file or directory/nfind: '/etc/xdg/upstart': No such file or directory/nfind: '/usr/share/upstart/sessions': No such file or directory
2026-09-15 15:55:56 +0100 INF Collecting data for user Tom
2026-09-15 15:55:57 +0100 CMD find "/home/Tom"/.config/upstart \( -path "/sys" -o -path "/proc/sys/fs/binfmt_misc" -o -path "/root/uac-3.3.0" -o -path "/root/uac_output/uac-data.tmp" \) -prune -o -print 2> find: '/home/Tom/.config/upstart': No such file or directory
2026-09-15 15:55:57 +0100 INF Collecting data for user Tom
2026-09-15 15:55:57 +0100 CMD find "/root"/.config/upstart \( -path "/sys" -o -path "/proc/sys/fs/binfmt_misc" -o -path "/root/uac-3.3.0" -o -path "/root/uac_output/uac-data.tmp" \) -prune -o -print 2> find: '/root/.config/upstart': No such file or directory
2026-09-15 15:55:57 +0100 INF Collecting data for user _apt
2026-09-15 15:55:57 +0100 CMD find "/nonexistent"/.config/upstart \( -path "/sys" -o -path "/proc/sys/fs/binfmt_misc" -o -path "/root/uac-3.3.0" -o -path "/root/uac_output/uac-data.tmp" \) -prune -o -print 2> find: '/nonexistent/.config/upstart': No such file or directory
2026-09-15 15:55:57 +0100 INF Collecting data for user backup
2026-09-15 15:55:57 +0100 CMD find "/var/backups"/.config/upstart \( -path "/sys" -o -path "/proc/sys/fs/binfmt_misc" -o -path "/root/uac-3.3.0" -o -path "/root/uac_output/uac-data.tmp" \) -prune -o -print 2> find: '/var/backups/.config/upstart': No such file or directory
2026-09-15 15:55:57 +0100 INF Collecting data for user bin
2026-09-15 15:55:57 +0100 CMD find "/bin"/.config/upstart \( -path "/sys" -o -path "/proc/sys/fs/binfmt_misc" -o -path "/root/uac-3.3.0" -o -path "/root/uac_output/uac-data.tmp" \) -prune -o -print 2> find: '/bin/.config/upstart': No such file or directory
2026-09-15 15:55:57 +0100 INF Collecting data for user daemon
2026-09-15 15:55:57 +0100 CMD find "/usr/sbin"/.config/upstart \( -path "/sys" -o -path "/proc/sys/fs/binfmt_misc" -o -path "/root/uac-3.3.0" -o -path "/root/uac_output/uac-data.tmp" \) -prune -o -print 2> find: '/usr/sbin/.config/upstart': No such file or directory
2026-09-15 15:55:57 +0100 INF Collecting data for user games
2026-09-15 15:55:57 +0100 CMD find "/usr/games"/.config/upstart \( -path "/sys" -o -path "/proc/sys/fs/binfmt_misc" -o -path "/root/uac-3.3.0" -o -path "/root/uac_output/uac-data.tmp" \) -prune -o -print 2> find: '/usr/games/.config/upstart': No such file or directory
2026-09-15 15:55:57 +0100 INF Collecting data for user irc
2026-09-15 15:55:57 +0100 CMD find "/run/ircd"/.config/upstart \( -path "/sys" -o -path "/proc/sys/fs/binfmt_misc" -o -path "/root/uac-3.3.0" -o -path "/root/uac_output/uac-data.tmp" \) -prune -o -print 2> find: '/run/ircd/.config/upstart': No such file or directory
2026-09-15 15:55:57 +0100 INF Collecting data for user list
2026-09-15 15:55:57 +0100 CMD find "/var/list"/.config/upstart \( -path "/sys" -o -path "/proc/sys/fs/binfmt_misc" -o -path "/root/uac-3.3.0" -o -path "/root/uac_output/uac-data.tmp" \) -prune -o -print 2> find: '/var/list/.config/upstart': No such file or directory
2026-09-15 15:55:57 +0100 INF Collecting data for user lp
2026-09-15 15:55:57 +0100 CMD find "/var/spool/lpd"/.config/upstart \( -path "/sys" -o -path "/proc/sys/fs/binfmt_misc" -o -path "/root/uac-3.3.0" -o -path "/root/uac_output/uac-data.tmp" \) -prune -o -print 2> find: '/var/spool/lpd/.config/upstart': No such file or directory
2026-09-15 15:55:57 +0100 INF Collecting data for user mail
2026-09-15 15:55:57 +0100 CMD find "/var/mail"/.config/upstart \( -path "/sys" -o -path "/proc/sys/fs/binfmt_misc" -o -path "/root/uac-3.3.0" -o -path "/root/uac_output/uac-data.tmp" \) -prune -o -print 2> find: '/var/mail/.config/upstart': No such file or directory
2026-09-15 15:55:57 +0100 INF Collecting data for user man
2026-09-15 15:55:57 +0100 CMD find "/var/cache/man"/.config/upstart \( -path "/sys" -o -path "/proc/sys/fs/binfmt_misc" -o -path "/root/uac-3.3.0" -o -path "/root/uac_output/uac-data.tmp" \) -prune -o -print 2> find: '/var/cache/man/.config/upstart': No such file or directory
2026-09-15 15:55:57 +0100 INF Collecting data for user messagebus
2026-09-15 15:55:57 +0100 INF Skipping as home directory "/nonexistent"/.config/upstart has been collected already
2026-09-15 15:55:57 +0100 INF Collecting data for user news
2026-09-15 15:55:57 +0100 CMD find "/var/spool/news"/.config/upstart \( -path "/sys" -o -path "/proc/sys/fs/binfmt_misc" -o -path "/root/uac-3.3.0" -o -path "/root/uac_output/uac-data.tmp" \) -prune -o -print 2> find: '/var/spool/news/.config/upstart': No such file or directory
2026-09-15 15:55:57 +0100 INF Collecting data for user nobody
2026-09-15 15:55:57 +0100 INF Skipping as home directory "/nonexistent"/.config/upstart has been collected already
2026-09-15 15:55:57 +0100 INF Collecting data for user proxy
2026-09-15 15:55:57 +0100 INF Skipping as home directory "/bin"/.config/upstart has been collected already
2026-09-15 15:55:57 +0100 INF Collecting data for user root
2026-09-15 15:55:57 +0100 INF Skipping as home directory "/root"/.config/upstart has been collected already
2026-09-15 15:55:57 +0100 INF Collecting data for user sshd
2026-09-15 15:55:57 +0100 CMD find "/run/sshd"/.config/upstart \( -path "/sys" -o -path "/proc/sys/fs/binfmt_misc" -o -path "/root/uac-3.3.0" -o -path "/root/uac_output/uac-data.tmp" \) -prune -o -print 2> find: '/run/sshd/.config/upstart': No such file or directory
2026-09-15 15:55:57 +0100 INF Collecting data for user sync
2026-09-15 15:55:57 +0100 INF Skipping as home directory "/bin"/.config/upstart has been collected already
2026-09-15 15:55:57 +0100 INF Collecting data for user sys
2026-09-15 15:55:57 +0100 CMD find "/dev"/.config/upstart \( -path "/sys" -o -path "/proc/sys/fs/binfmt_misc" -o -path "/root/uac-3.3.0" -o -path "/root/uac_output/uac-data.tmp" \) -prune -o -print 2> find: '/dev/.config/upstart': No such file or directory
2026-09-15 15:55:57 +0100 INF Collecting data for user systemd-network
2026-09-15 15:55:57 +0100 CMD find "/"/.config/upstart \( -path "/sys" -o -path "/proc/sys/fs/binfmt_misc" -o -path "/root/uac-3.3.0" -o -path "/root/uac_output/uac-data.tmp" \) -prune -o -print 2> find: '//.config/upstart': No such file or directory
2026-09-15 15:55:57 +0100 INF Collecting data for user systemd-timesync
2026-09-15 15:55:57 +0100 INF Skipping as home directory "/"/.config/upstart has been collected already
2026-09-15 15:55:57 +0100 INF Collecting data for user uucp
2026-09-15 15:55:57 +0100 CMD find "/var/spool/uucp"/.config/upstart \( -path "/sys" -o -path "/proc/sys/fs/binfmt_misc" -o -path "/root/uac-3.3.0" -o -path "/root/uac_output/uac-data.tmp" \) -prune -o -print 2> find: '/var/spool/uucp/.config/upstart': No such file or directory
2026-09-15 15:55:57 +0100 INF Collecting data for user www-data
2026-09-15 15:55:57 +0100 CMD find "/var/www"/.config/upstart \( -path "/sys" -o -path "/proc/sys/fs/binfmt_misc" -o -path "/root/uac-3.3.0" -o -path "/root/uac_output/uac-data.tmp" \) -prune -o -print 2> find: '/var/www/.config/upstart': No such file or directory
2026-09-15 15:55:57 +0100 INF Parsing files/system/linux_mru.yaml
2026-09-15 15:55:57 +0100 INF Collecting data for user Tom
2026-09-15 15:55:57 +0100 CMD find "/home/Tom" \( -path "/sys" -o -path "/proc/sys/fs/binfmt_misc" -o -path "/root/uac-3.3.0" -o -path "/root/uac_output/uac-data.tmp" \) -prune -o -name "recently-used.xbel" -print
2026-09-15 15:55:57 +0100 INF Collecting data for user Tom
2026-09-15 15:55:57 +0100 CMD find "/root" \( -path "/sys" -o -path "/proc/sys/fs/binfmt_misc" -o -path "/root/uac-3.3.0" -o -path "/root/uac_output/uac-data.tmp" \) -prune -o -name "recently-used.xbel" -print
2026-09-15 15:55:57 +0100 INF Collecting data for user root
2026-09-15 15:55:57 +0100 INF Skipping as home directory "/root" has been collected already
2026-09-15 15:55:57 +0100 INF Parsing files/system/tracker.yaml
2026-09-15 15:55:57 +0100 INF Collecting data for user Tom
2026-09-15 15:55:57 +0100 CMD find "/home/Tom"/.cache/tracker3/files \( -path "/sys" -o -path "/proc/sys/fs/binfmt_misc" -o -path "/root/uac-3.3.0" -o -path "/root/uac_output/uac-data.tmp" \) -prune -o \( -name "*Audio.db*" -o -name "*Documents.db*" -o -name "*FileSystem.db*" -o -name "*Pictures.db*" -o -name "*Software.db*" -o -name "*Video.db*" -o -name "meta.db*" \) -print 2> find: '/home/Tom/.cache/tracker3/files': No such file or directory
2026-09-15 15:55:57 +0100 INF Collecting data for user Tom
2026-09-15 15:55:57 +0100 CMD find "/root"/.cache/tracker3/files \( -path "/sys" -o -path "/proc/sys/fs/binfmt_misc" -o -path "/root/uac-3.3.0" -o -path "/root/uac_output/uac-data.tmp" \) -prune -o \( -name "*Audio.db*" -o -name "*Documents.db*" -o -name "*FileSystem.db*" -o -name "*Pictures.db*" -o -name "*Software.db*" -o -name "*Video.db*" -o -name "meta.db*" \) -print 2> find: '/root/.cache/tracker3/files': No such file or directory
2026-09-15 15:55:57 +0100 INF Collecting data for user root
2026-09-15 15:55:57 +0100 INF Skipping as home directory "/root"/.cache/tracker3/files has been collected already
2026-09-15 15:55:58 +0100 INF Parsing files/system/vyatta.yaml
2026-09-15 15:55:58 +0100 CMD find /opt/vyatta/etc/config \( -path "/sys" -o -path "/proc/sys/fs/binfmt_misc" -o -path "/root/uac-3.3.0" -o -path "/root/uac_output/uac-data.tmp" \) -prune -o -print 2> find: '/opt/vyatta/etc/config': No such file or directory
2026-09-15 15:55:58 +0100 INF Parsing files/system/rhosts.yaml
2026-09-15 15:55:58 +0100 INF Collecting data for user Tom
2026-09-15 15:55:58 +0100 CMD find "/home/Tom"/.rhosts \( -path "/sys" -o -path "/proc/sys/fs/binfmt_misc" -o -path "/root/uac-3.3.0" -o -path "/root/uac_output/uac-data.tmp" \) -prune -o -print 2> find: '/home/Tom/.rhosts': No such file or directory
2026-09-15 15:55:58 +0100 INF Collecting data for user Tom
2026-09-15 15:55:58 +0100 CMD find "/root"/.rhosts \( -path "/sys" -o -path "/proc/sys/fs/binfmt_misc" -o -path "/root/uac-3.3.0" -o -path "/root/uac_output/uac-data.tmp" \) -prune -o -print 2> find: '/root/.rhosts': No such file or directory
2026-09-15 15:55:58 +0100 INF Collecting data for user _apt
2026-09-15 15:55:58 +0100 CMD find "/nonexistent"/.rhosts \( -path "/sys" -o -path "/proc/sys/fs/binfmt_misc" -o -path "/root/uac-3.3.0" -o -path "/root/uac_output/uac-data.tmp" \) -prune -o -print 2> find: '/nonexistent/.rhosts': No such file or directory
2026-09-15 15:55:58 +0100 INF Collecting data for user backup
2026-09-15 15:55:58 +0100 CMD find "/var/backups"/.rhosts \( -path "/sys" -o -path "/proc/sys/fs/binfmt_misc" -o -path "/root/uac-3.3.0" -o -path "/root/uac_output/uac-data.tmp" \) -prune -o -print 2> find: '/var/backups/.rhosts': No such file or directory
2026-09-15 15:55:58 +0100 INF Collecting data for user bin
2026-09-15 15:55:58 +0100 CMD find "/bin"/.rhosts \( -path "/sys" -o -path "/proc/sys/fs/binfmt_misc" -o -path "/root/uac-3.3.0" -o -path "/root/uac_output/uac-data.tmp" \) -prune -o -print 2> find: '/bin/.rhosts': No such file or directory
2026-09-15 15:55:58 +0100 INF Collecting data for user daemon
2026-09-15 15:55:58 +0100 CMD find "/usr/sbin"/.rhosts \( -path "/sys" -o -path "/proc/sys/fs/binfmt_misc" -o -path "/root/uac-3.3.0" -o -path "/root/uac_output/uac-data.tmp" \) -prune -o -print 2> find: '/usr/sbin/.rhosts': No such file or directory
2026-09-15 15:55:58 +0100 INF Collecting data for user games
2026-09-15 15:55:58 +0100 CMD find "/usr/games"/.rhosts \( -path "/sys" -o -path "/proc/sys/fs/binfmt_misc" -o -path "/root/uac-3.3.0" -o -path "/root/uac_output/uac-data.tmp" \) -prune -o -print 2> find: '/usr/games/.rhosts': No such file or directory
2026-09-15 15:55:58 +0100 INF Collecting data for user irc
2026-09-15 15:55:58 +0100 CMD find "/run/ircd"/.rhosts \( -path "/sys" -o -path "/proc/sys/fs/binfmt_misc" -o -path "/root/uac-3.3.0" -o -path "/root/uac_output/uac-data.tmp" \) -prune -o -print 2> find: '/run/ircd/.rhosts': No such file or directory
2026-09-15 15:55:58 +0100 INF Collecting data for user list
2026-09-15 15:55:58 +0100 CMD find "/var/list"/.rhosts \( -path "/sys" -o -path "/proc/sys/fs/binfmt_misc" -o -path "/root/uac-3.3.0" -o -path "/root/uac_output/uac-data.tmp" \) -prune -o -print 2> find: '/var/list/.rhosts': No such file or directory
2026-09-15 15:55:58 +0100 INF Collecting data for user lp
2026-09-15 15:55:58 +0100 CMD find "/var/spool/lpd"/.rhosts \( -path "/sys" -o -path "/proc/sys/fs/binfmt_misc" -o -path "/root/uac-3.3.0" -o -path "/root/uac_output/uac-data.tmp" \) -prune -o -print 2> find: '/var/spool/lpd/.rhosts': No such file or directory
2026-09-15 15:55:58 +0100 INF Collecting data for user mail
2026-09-15 15:55:58 +0100 CMD find "/var/mail"/.rhosts \( -path "/sys" -o -path "/proc/sys/fs/binfmt_misc" -o -path "/root/uac-3.3.0" -o -path "/root/uac_output/uac-data.tmp" \) -prune -o -print 2> find: '/var/mail/.rhosts': No such file or directory
2026-09-15 15:55:58 +0100 INF Collecting data for user man
2026-09-15 15:55:58 +0100 CMD find "/var/cache/man"/.rhosts \( -path "/sys" -o -path "/proc/sys/fs/binfmt_misc" -o -path "/root/uac-3.3.0" -o -path "/root/uac_output/uac-data.tmp" \) -prune -o -print 2> find: '/var/cache/man/.rhosts': No such file or directory
2026-09-15 15:55:58 +0100 INF Collecting data for user messagebus
2026-09-15 15:55:58 +0100 INF Skipping as home directory "/nonexistent"/.rhosts has been collected already
2026-09-15 15:55:58 +0100 INF Collecting data for user news
2026-09-15 15:55:58 +0100 CMD find "/var/spool/news"/.rhosts \( -path "/sys" -o -path "/proc/sys/fs/binfmt_misc" -o -path "/root/uac-3.3.0" -o -path "/root/uac_output/uac-data.tmp" \) -prune -o -print 2> find: '/var/spool/news/.rhosts': No such file or directory
2026-09-15 15:55:58 +0100 INF Collecting data for user nobody
2026-09-15 15:55:58 +0100 INF Skipping as home directory "/nonexistent"/.rhosts has been collected already
2026-09-15 15:55:58 +0100 INF Collecting data for user proxy
2026-09-15 15:55:58 +0100 INF Skipping as home directory "/bin"/.rhosts has been collected already
2026-09-15 15:55:58 +0100 INF Collecting data for user root
2026-09-15 15:55:58 +0100 INF Skipping as home directory "/root"/.rhosts has been collected already
2026-09-15 15:55:58 +0100 INF Collecting data for user sshd
2026-09-15 15:55:58 +0100 CMD find "/run/sshd"/.rhosts \( -path "/sys" -o -path "/proc/sys/fs/binfmt_misc" -o -path "/root/uac-3.3.0" -o -path "/root/uac_output/uac-data.tmp" \) -prune -o -print 2> find: '/run/sshd/.rhosts': No such file or directory
2026-09-15 15:55:58 +0100 INF Collecting data for user sync
2026-09-15 15:55:58 +0100 INF Skipping as home directory "/bin"/.rhosts has been collected already
2026-09-15 15:55:58 +0100 INF Collecting data for user sys
2026-09-15 15:55:58 +0100 CMD find "/dev"/.rhosts \( -path "/sys" -o -path "/proc/sys/fs/binfmt_misc" -o -path "/root/uac-3.3.0" -o -path "/root/uac_output/uac-data.tmp" \) -prune -o -print 2> find: '/dev/.rhosts': No such file or directory
2026-09-15 15:55:58 +0100 INF Collecting data for user systemd-network
2026-09-15 15:55:58 +0100 CMD find "/"/.rhosts \( -path "/sys" -o -path "/proc/sys/fs/binfmt_misc" -o -path "/root/uac-3.3.0" -o -path "/root/uac_output/uac-data.tmp" \) -prune -o -print 2> find: '//.rhosts': No such file or directory
2026-09-15 15:55:58 +0100 INF Collecting data for user systemd-timesync
2026-09-15 15:55:58 +0100 INF Skipping as home directory "/"/.rhosts has been collected already
2026-09-15 15:55:58 +0100 INF Collecting data for user uucp
2026-09-15 15:55:58 +0100 CMD find "/var/spool/uucp"/.rhosts \( -path "/sys" -o -path "/proc/sys/fs/binfmt_misc" -o -path "/root/uac-3.3.0" -o -path "/root/uac_output/uac-data.tmp" \) -prune -o -print 2> find: '/var/spool/uucp/.rhosts': No such file or directory
2026-09-15 15:55:58 +0100 INF Collecting data for user www-data
2026-09-15 15:55:58 +0100 CMD find "/var/www"/.rhosts \( -path "/sys" -o -path "/proc/sys/fs/binfmt_misc" -o -path "/root/uac-3.3.0" -o -path "/root/uac_output/uac-data.tmp" \) -prune -o -print 2> find: '/var/www/.rhosts': No such file or directory
2026-09-15 15:55:58 +0100 INF Parsing files/system/trash_info.yaml
2026-09-15 15:55:58 +0100 INF Collecting data for user Tom
2026-09-15 15:55:58 +0100 CMD find "/home/Tom"/.local/share/Trash/info/*.trashinfo \( -path "/sys" -o -path "/proc/sys/fs/binfmt_misc" -o -path "/root/uac-3.3.0" -o -path "/root/uac_output/uac-data.tmp" \) -prune -o -print 2> find: '/home/Tom/.local/share/Trash/info/*.trashinfo': No such file or directory
2026-09-15 15:55:58 +0100 INF Collecting data for user Tom
2026-09-15 15:55:58 +0100 CMD find "/root"/.local/share/Trash/info/*.trashinfo \( -path "/sys" -o -path "/proc/sys/fs/binfmt_misc" -o -path "/root/uac-3.3.0" -o -path "/root/uac_output/uac-data.tmp" \) -prune -o -print 2> find: '/root/.local/share/Trash/info/*.trashinfo': No such file or directory
2026-09-15 15:55:58 +0100 INF Collecting data for user root
2026-09-15 15:55:58 +0100 CMD find "/root"/.local/share/Trash/info/*.trashinfo \( -path "/sys" -o -path "/proc/sys/fs/binfmt_misc" -o -path "/root/uac-3.3.0" -o -path "/root/uac_output/uac-data.tmp" \) -prune -o -print 2> find: '/root/.local/share/Trash/info/*.trashinfo': No such file or directory
2026-09-15 15:55:58 +0100 INF Parsing files/system/boot.yaml
2026-09-15 15:55:59 +0100 CMD find /boot/config* /boot/initramfs* /boot/initrd* /boot/symvers* /boot/System.map* \( -path "/sys" -o -path "/proc/sys/fs/binfmt_misc" -o -path "/root/uac-3.3.0" -o -path "/root/uac_output/uac-data.tmp" \) -prune -o -print 2> find: '/boot/initramfs*': No such file or directory/nfind: '/boot/symvers*': No such file or directory
2026-09-15 15:55:59 +0100 CMD find /boot \( -path "/sys" -o -path "/proc/sys/fs/binfmt_misc" -o -path "/root/uac-3.3.0" -o -path "/root/uac_output/uac-data.tmp" \) -prune -o -name "grub.cfg" -print
2026-09-15 15:55:59 +0100 CMD find /etc/default/grub /etc/default/grub.d /etc/grub.d \( -path "/sys" -o -path "/proc/sys/fs/binfmt_misc" -o -path "/root/uac-3.3.0" -o -path "/root/uac_output/uac-data.tmp" \) -prune -o -print
2026-09-15 15:55:59 +0100 INF Artifacts collection completed in 129 seconds
